,a_true,a_estimate,lambda_true,lambda_estimate,delta_true,delta_estimate,sigma_true,sigma_estimate,ndt_true,ndt_estimate
0,2.0979138415713794,2.1048132609835815,0.3789869839355628,0.361839395135907,1.6350820931486472,1.596990229237958,0.3825717996943157,0.3804378147850812,1.4640746619098448,1.458427894290884
1,2.4612756936678757,2.5533962609934053,0.6685259122302181,0.6761510990216412,0.1648076949580063,0.1300577351489661,0.1034387713682758,0.1030298874403445,0.3164738968528203,0.317545858085947
2,3.749015754954196,3.750451748424763,0.8315118281885941,0.900846986251744,2.1818166206574796,2.062413345303895,0.2552961702139913,0.2616022256441411,0.9188452377982648,0.9322779224103568
3,2.969688783771337,3.121309624362458,0.9377284299253272,1.0045891338017816,1.5374266586029863,1.5032511594893014,0.2971358777252596,0.2998142659931178,0.9577992799217984,0.951956874216608
4,1.8217263389731535,1.7539079842355458,0.4444698680667832,0.3718185922633516,1.849557822412756,1.863978836576114,0.1156929284583763,0.1163711016015684,0.3607289496948572,0.3715849037384438
5,2.653849256225614,2.785903273612218,1.2170050143720883,1.3653230741388067,2.3568094865778093,2.2018802419817582,0.1559486516245731,0.1562117507316354,0.6876872919226653,0.6789496798735908
6,1.7577613166585837,1.788286021266195,0.1594009387239237,0.1000037258699193,2.8472082771906178,2.962837002805598,0.0907670461713234,0.0888375796721004,0.3520407125372227,0.353008317163449
7,2.85631818793747,2.827667743640294,0.7585717407968152,0.7681183191860712,1.6076382245590586,1.5544989367252966,0.3190998734513796,0.3127451234000449,0.981219308738539,0.9883290844951842
8,2.7617824720678668,2.8100273017834376,0.1040675644671439,0.1049976198175131,0.6835323282286717,0.6953578185879552,0.1314164089737471,0.1301383934174256,0.549683275148658,0.5441322006529122
9,2.8893818177402535,2.90538918110801,0.2786489594821648,0.2725000582502577,0.68474686667886,0.7312483308832349,0.1285272219128696,0.1313248436220551,0.4873450810303091,0.4960289338036378
10,2.863807342161917,2.7994422560185277,1.158105622444512,1.1294420417707056,0.613171100727505,0.5915703671525417,0.2666764895132184,0.2569892119423706,1.1458042574316711,1.155622917464086
11,3.61696161657576,4.0,1.5331435518448693,1.5995676580813962,0.1774481076040052,0.1665581056186905,0.2965619126254045,0.3045402075313545,1.1551940156426672,1.1382052271544445
12,3.022249321420195,3.057707757728344,1.1066973340164503,1.1418245226800954,2.022520912962709,1.9948958957739815,0.3360347103131358,0.3334941025341308,1.4573000227540054,1.4603000208870256
13,2.7800877771098427,2.8589236997718146,1.9394149825357307,1.9409158790533425,0.2043011038027753,0.1288872224439934,0.2065641168481772,0.2091588455453776,0.6209723531155609,0.6216418291881814
14,3.363595582237382,3.3386397554196967,1.7678990783621606,1.781720048066442,0.3188381624513146,0.2798609488744922,0.2282597058250055,0.2305127459566907,0.935423384648867,0.9378609529034444
15,1.7287793305315644,1.742737542409903,1.420264241168266,1.4347243600887598,1.0909890455669684,1.0470371440648634,0.1452496637404774,0.149451372719655,0.7054111064397566,0.7068306419894047
16,3.57056070761484,3.777847577226124,0.3601260843574387,0.3958170069670039,2.222316275610344,2.245851604563789,0.0654566836459318,0.0662146114351572,0.2688190614635762,0.2677869233070217
17,2.1605817826707248,2.0464816155255865,1.493759999510566,1.3899967089627236,0.1468761980696664,0.1881096976586227,0.3134419362021796,0.3159717490685604,1.129272092972572,1.131272064659298
18,1.6648117462220622,1.6144860414932671,0.3000741221312899,0.2057728047987725,1.9215548165846723,1.9450436579842143,0.0735582314034952,0.0715340475369695,0.2756587707754417,0.2763265360772698
19,3.1123520776921514,3.1690634623871548,1.5418761486271677,1.5647825326763314,0.8183262218294463,0.8133690307282221,0.2038546418095807,0.2000603778152764,0.6136692242378563,0.6196691848949825
20,2.744798748119802,2.8105003328650433,0.3896901506072797,0.3840984397905146,1.5138689109209889,1.5480015698610723,0.2746029139889123,0.2709733248806829,1.0771354659039691,1.084136015766452
21,1.7320893329007112,1.791607796701907,0.8105694324758873,0.8067768166765876,2.1852876538068053,2.251859334607461,0.2178165165272585,0.2226815251176216,0.7923943469629284,0.7873943960971561
22,1.9044828978729993,1.8982479031654471,0.9044878506248883,0.8572048063532849,2.541795729920068,2.492148543771045,0.0685243878111304,0.0669641316131757,0.2934836546503496,0.2923806828950207
23,3.154171534048249,2.8585190400349183,1.5148535927891529,1.2261608265901132,2.754684533543421,3.0,0.3239630769285837,0.3233397268255,1.3723941775845945,1.388394174273647
24,2.4521845916771605,2.536739870625863,0.9827032375124622,1.0053715484982677,1.8186527161608597,1.918172808179617,0.0706324770883176,0.06995962171877,0.3519189857824995,0.3535678376103037
25,2.3720445746516052,2.384637940590875,0.954951417423756,0.9549254906817104,1.4479998752637755,1.3886443726514563,0.1747319935358585,0.1793269220886521,0.6115176072529692,0.6106171444840429
26,2.161967721726832,2.2562190925309893,1.2143151045228808,1.111685300355434,2.3663713336908296,2.506414919529331,0.0920829985333518,0.0945075396482111,0.4575017589317744,0.453367338117267
27,1.751278603730758,1.7052237277335358,0.1055935454480567,0.100016644721903,2.722761825616103,2.6368864208231466,0.0840022764667998,0.0836785963882845,0.3844967840437545,0.3875628151050488
28,2.344695797474809,2.377967898147639,1.1040501441440922,1.1175225458488998,2.416448644795456,2.389916912830779,0.135552411078342,0.1405254000384119,0.4309713370739103,0.4321051770092714
29,3.694803262792769,3.566948751800373,0.1652068372533834,0.1571113818276094,0.0317145172350286,0.0445161326638571,0.2099859593322688,0.2099054648219374,0.8764922520212226,0.8677650561335112
30,3.3750828183247723,3.589930688744132,1.9740630197652185,2.0,2.398020131738538,2.3461591781165025,0.3544635691035593,0.3487673211197829,1.212530637930507,1.2032383494958527
31,3.8156279621001983,3.6551843081007624,0.5678976079896815,0.4975170700600603,1.7086919488519887,1.7459725569900222,0.0856083703906135,0.084725822637457,0.307117167101671,0.3054044153536619
32,3.9721775976073306,3.917149400454406,1.6133528966143964,1.58000090628361,0.3600073948115391,0.3989319352709278,0.1920454230982359,0.1905266206726557,0.838904255232217,0.8464280405935356
33,2.183261834965571,2.0831101618255463,1.643751420849297,1.5770932842593688,2.08034982571707,2.181551532320122,0.2827676589036171,0.2842784570760087,0.995516242957865,1.0089659146490564
34,1.9623615503519052,1.897917359331308,0.6885623320233778,0.633696077995101,1.649431928224499,1.6882349944763315,0.1422619345280897,0.1393620030460975,0.431746428057254,0.4346542217590089
35,2.3295865224361463,2.29529494393243,0.1129729026174017,0.1051987695890573,0.0534672332782112,0.0508745902573821,0.1678269897197136,0.1688772946781114,0.5803150128484431,0.5892752451171043
36,3.0571695112938526,3.0097492817311178,0.1648960491216826,0.1603694747503975,0.4658839397379104,0.4251197496687886,0.1124129526430423,0.1093055774720857,0.5160486432877368,0.5136294378762821
37,1.892279981481256,1.88603026848758,0.8904153242048326,0.8649886840366917,0.0827551398110053,0.109965709000862,0.0988758154603735,0.1039109746333623,0.3439828593618893,0.3495136251634744
38,2.0971666093590984,2.165843093787057,0.2510066164908572,0.3106274797423305,1.97645654485927,1.869329851565366,0.2801595687166206,0.2743167327859961,1.1813225558719465,1.1757575529799305
39,3.35460705390716,3.2813332260306547,0.6081032591290144,0.5891543723703618,0.5036100236203243,0.5249939759244738,0.1769917709955293,0.1737688802218288,0.6617455660617795,0.6611982848550504
40,3.651360928364205,3.7211064188661935,0.6848256970624736,0.6891190876806257,0.3882621959049618,0.3466590968736018,0.3951068087632991,0.3973954162440518,1.482657009449332,1.488656242036004
41,2.9904965265766728,2.954441004176629,1.3599432183260884,1.3371972495277922,1.7000535542655375,1.7014825700022116,0.2136201115791779,0.2170415684079757,1.0226152369847163,1.0287989225998464
42,2.8782799352796493,2.9516141184758204,0.7237167008218738,0.6080782983673698,2.743402057071431,3.0,0.1408635626947279,0.1388494512822122,0.5861104693605647,0.5861104757207016
43,3.3919067280400506,3.2545423975498404,1.3738099036824745,1.222221773568157,2.2992197675941073,2.368236645244067,0.3230639173348221,0.324607549686027,1.0263732308770597,1.0213818371484156
44,2.4255787664342474,2.522163775556156,0.6012307845309868,0.6056840469340647,0.7762867240930174,0.7545469170957266,0.3309914185043517,0.3260609955640502,1.0653101970496963,1.0544788714577735
45,1.645478118322684,1.6989249494208245,0.8444712187316425,0.7869285221026187,1.8906653457051843,1.9392326858682976,0.2323502139167312,0.2319862620888656,0.8614052706923843,0.8534098735701218
46,1.8646030022296003,1.846378242051793,0.1336991982283993,0.1,2.2332245474543058,2.2784808434867956,0.0566551180808515,0.0545325945681227,0.2508546717334232,0.2517303845057941
47,2.6942318346245493,2.856552606438009,1.4242247442125966,1.457236891670595,1.945347518208244,1.9534232447757127,0.0388497825982426,0.039582973765512,0.1427868777566245,0.1416663799075435
48,1.6773741926646224,1.697333370767038,0.5343316065405366,0.5117193953865175,1.9570857545400608,1.9449986143296365,0.2301937172552843,0.2249593020977867,0.7852632952768843,0.7813458385395078
49,3.668071317412668,3.5814080825196677,0.8743849720742701,0.8508078585040322,1.4036749834119364,1.429089095526559,0.1750854650901617,0.1808189365107697,0.6255379140528273,0.6374840708738947
50,1.7851118417010796,1.866251633426208,1.7714582228988671,1.786977123658564,0.2529646988390001,0.2580925781236373,0.1465533781757732,0.145923219421591,0.5458498400928259,0.5380487897681916
51,3.449392738401262,3.339095794102298,1.737511617693833,1.7005267112567528,0.0231972467259983,5.718731463955961e-07,0.3280316630569018,0.3224396984313347,1.089610274942097,1.0986102116741303
52,3.2421460791382777,3.2656668030506397,1.6142790768043451,1.6262244388436025,2.4098094583808707,2.3884916375057306,0.0178433433989321,0.0179648277134602,0.0627184679899557,0.0636034348481448
53,3.6718777559100184,3.5972749694254507,0.8712157737970405,0.8335628193016544,0.6917111535985941,0.6947242123699716,0.1340298185415558,0.1353011509735275,0.4290655474656448,0.432004589316926
54,3.288111724474303,3.369541007073063,1.8294825564105073,1.79866437445629,0.0438027351277238,0.0714593423360728,0.1125978540610194,0.1147621996806713,0.5181531347219205,0.5148725670384852
55,1.8115862149745476,1.859494999479592,1.2224267108815083,1.11946963551315,2.6527083360172465,2.7896134780620025,0.2167466576500507,0.2144478401826695,0.959992503636768,0.9546911913415852
56,2.536466583669024,2.5542500940168003,1.92955992009884,1.954041239221836,1.493452142167044,1.4667462586000306,0.203039738177172,0.1995226060596447,1.006424312545155,1.008424349506719
57,2.3616013968042258,2.5535307731287835,0.4511088041146052,0.512745172969429,2.455231007320792,2.499528406813063,0.308044236942043,0.3034770843018123,0.9283625731740482,0.920972220117498
58,2.28304227691475,2.234874581174159,1.0521992257729194,0.914842310349027,2.3488732885177854,2.448882777493032,0.1750955843386505,0.1709132243395746,0.535631058647975,0.5369509002859919
59,3.5506681696336244,3.702103525800662,0.6535317560249112,0.6465877006981031,2.0699373513154793,2.137679402592332,0.0801052633057852,0.081374496675631,0.3770718626625082,0.3762154232168729
60,1.869437208884122,1.9182057319932808,0.6086238051695956,0.6614893529083233,2.1248709455566894,2.06106749938867,0.0646639131020107,0.0664636257686613,0.2766349133738796,0.2763967799682262
61,3.0854038230091048,2.9375980310760723,1.3542936365901637,0.9985227947465768,2.657425502912152,3.0,0.0479217945307406,0.0479933152140642,0.1735079934733133,0.1730423480883599
62,3.730123192487227,4.0,1.4022339581113563,1.535029498165401,2.5371926952884176,2.3249629688318687,0.3569678645962429,0.3581392384794171,1.4793421656144148,1.4618232535225313
63,2.7766162548713567,2.739828185198895,0.506403590575814,0.4900459135984596,0.0150961550310351,0.0048085890668803,0.135116718706449,0.1301684019637767,0.4810994652527252,0.4806299658530983
64,2.305177643560214,2.3909537113071786,1.0588315189091757,1.0529927895732891,0.6174742776162809,0.5804823641528549,0.1256859267389158,0.124260886542104,0.3840085804584406,0.3752822970064449
65,3.759275267810492,3.9767945241350895,1.3439397116110732,1.385073990841469,2.734769562160311,2.8724830705982307,0.0566106656142257,0.0573455985898528,0.2656829794355975,0.2648785964955541
66,3.0625257261692713,3.2276088302248764,1.081487543703689,1.1617269173275506,2.3975840542670666,2.376776066799186,0.0353926698759668,0.034862112886246,0.1262121553809881,0.1256254931654512
67,3.229566263610961,3.271288942402258,1.5217740800501245,1.3162176695094725,2.26306072192647,2.521543986887744,0.0289174578428208,0.0297337243818293,0.0963491647038107,0.0964871355297057
68,3.045146507602678,2.978695180162032,1.956765871549348,1.867785494796962,0.738992467978538,0.6939421322138928,0.1627047297095886,0.1594566653306588,0.6588569824152687,0.6558177128454696
69,2.251600834412069,2.1863199149439945,0.7785957519080663,0.7314683705190033,1.5828344145441766,1.545222272558863,0.2874207282943962,0.2843736257840384,1.100550562352088,1.0917734357235795
70,1.678636550269039,1.7524214595115797,1.332719347422724,1.3587954169822216,0.0400415840961677,0.1105466217274373,0.2692399217594901,0.261974450021092,1.1074245582015418,1.1060810711689677
71,3.98253518198954,3.74862734706598,0.6724824305696875,0.5569749435237715,2.357684850437819,2.475784349908302,0.1730986504103683,0.1724058735388542,0.526102476457951,0.5294923441251683
72,1.8101959446334224,1.856879905750335,0.9936043898027404,0.999529612406858,1.887162111245266,1.8750531649014712,0.2406011593548911,0.2419855463818132,0.9248168721432538,0.9218169728182014
73,2.0322377619335494,2.0376166704106455,1.546842749162891,1.5132247648520245,0.8673465028837178,0.8488369098688751,0.0339974673263078,0.0331884783601341,0.113071298553423,0.1127488406455357
74,3.5427769032715464,3.420238718400249,0.5572363816817123,0.5743701963311001,2.239065004893062,2.1068261942608437,0.2987403328879693,0.3092580659636063,0.9871799390228136,0.9960663182794004
75,3.4397288955294893,3.412703556215378,0.2203719632474122,0.1997154342885377,1.088106340641418,1.1483908160054273,0.0631050473322261,0.0630189709887076,0.3150359460173461,0.312680184290723
76,2.895712942402977,2.7601836605618395,1.0394722650275277,1.0027034037971596,0.7687698079611219,0.7804455365144523,0.2991151216412252,0.318148697826816,1.474185758597382,1.4917806761186283
77,3.412172229713744,3.3996850368313356,0.4611553087490873,0.4518824050731065,1.3493266062194058,1.3844343438997564,0.4101399759827716,0.4073744335492076,1.2595318760807863,1.2616380977822448
78,2.3150008216941775,2.452829119622177,0.7396403716333688,0.7800540462121807,2.0117652285918,2.033328661042603,0.2179617629176732,0.2137323500261218,1.0644736458196773,1.0660183896834383
79,2.1936603427327843,2.4610812783147833,0.9954617599334328,1.221026235226405,2.7591781733871033,2.778783850130684,0.1331187607954659,0.1288001317577579,0.4681154458117201,0.4687400436742897
80,1.9419452977142615,1.8440807106560688,0.6815056971022811,0.5845183835210814,1.9563472773549515,1.9847726044949157,0.1939489570561966,0.1910233810827147,0.8342100017057364,0.840895469385304
81,1.6727464998801271,1.642110705930932,0.2070233915716455,0.1689700220811459,1.0997884973207062,1.1421764271629085,0.2160149977747043,0.2209421192316504,0.9236418118878676,0.9396910716458052
82,2.8630313755279193,2.9449561170733594,1.3506353583645792,1.3289234181013343,0.8382458486661563,0.8233672225725677,0.4371932430630761,0.4260321388887872,1.4492612540800187,1.426261273672512
83,1.5688016171483354,1.5482720674175552,0.9817514034698176,0.9677369874738188,1.6447985173674144,1.612371708067292,0.1568582670685411,0.1633430274930183,0.5225205442302734,0.5293624454204069
84,1.5761495282759408,1.585463940903282,1.7065969133611685,1.6706558644325271,2.1388852423902263,2.135142461898851,0.0844514262262431,0.0856036027800051,0.407155787097298,0.4110023820116867
85,3.939763064171794,4.0,0.1796345772033515,0.120958459587314,1.2358463424525346,1.4639524899379144,0.4177383963913391,0.4215702409823085,1.3895028422535527,1.4030588690966463
86,3.331267107880735,3.2316302766586498,1.96576076849722,1.8947900943746665,0.1811112002579997,0.1689923265645792,0.0183349411876891,0.0182662767542261,0.0588841959420953,0.0590129703925322
87,2.0876349844836097,2.1177200422241182,0.1745049239547629,0.2031762907896758,1.2575102122864206,1.181723553065916,0.125902951424154,0.1241047583728036,0.5249398794044151,0.5190897587296501
88,1.5189549323251816,1.5526732863177095,0.7483687046483227,0.7198365483468533,0.4962342832773483,0.5764145563038586,0.2320073608876901,0.2394843407054389,1.1432656828239882,1.149294848432526
89,3.6560088645080895,3.705051863272904,1.0983387015656931,1.0805439787334694,2.369207269690307,2.4006956220036,0.1424101515443289,0.141992326186866,0.4554957945471679,0.4546290355647726
90,1.7501809223531737,1.8269504822911848,0.4003399813510805,0.4130102802271154,0.2187652054554603,0.2478053359568764,0.3130091109758381,0.3203530409205324,1.055320159793272,1.0672465315628152
91,1.8464724429657753,1.7980954704497776,1.8860863378572628,1.7373981523926276,0.8073431990215503,0.8324589903630049,0.0312180125646844,0.0309687725037202,0.0946533939457716,0.0961818777886717
92,2.8378648540613582,2.94032270620825,0.9514951257712668,0.9657934670715174,1.1234408777685123,1.129176839631839,0.3679573184151157,0.3787960299616164,1.1341833448822771,1.1223423337899625
93,2.5500520663381505,2.4127746578687868,0.2543165787245934,0.1756213711646216,1.7798612332817374,1.8532179906621389,0.3675743972249302,0.3655779783366686,1.331222997549607,1.3488582514838727
94,1.9847991418777144,2.0227363017827806,0.8719487692686395,0.8381092205156796,2.933844143115874,3.0,0.1089824236030688,0.1097608713227952,0.4353789653209111,0.438872967496785
95,2.4297968697361925,2.4838086087672115,0.9954873211135292,0.969703668578206,1.4167880362877117,1.4192238230138068,0.1881060484444292,0.1799050975556692,0.899586048653881,0.8915860398485524
96,3.782734335006676,4.0,0.680712095930655,0.7127007979952815,0.5898763871979307,0.5923842585727778,0.3606755986640204,0.359416161438824,1.4827993710432896,1.4923683745008118
97,1.7675453306098134,1.8245356659710388,0.5269072177606432,0.4726554648191526,1.406235243694148,1.501010136375628,0.0363742618796794,0.0355550178979867,0.1237347479734287,0.1227432226667601
98,1.503786104104708,1.5,0.7803379416214045,0.7948588937682622,1.3701763283214363,1.3262238635084216,0.3030203824505698,0.3095422501349232,0.983312946345648,0.9845133689375912
99,2.059176403514483,2.093458224054569,0.7384827433476419,0.8405269208186236,1.9938208942951556,1.934979152397574,0.2329715381504842,0.2395837522794875,0.6994067950901368,0.7085189824084234
100,2.276723319996322,2.2524480471936807,1.2612716796156624,1.2113779900026844,1.0611345401665626,1.0869835096596887,0.22106023640300265,0.21840761814103973,0.7005557303035621,0.70049339910779
101,3.4113611797525603,3.4944792518812906,0.22596202296006726,0.2314307862383884,0.22246119065852865,0.2116723598522439,0.21369439909348273,0.21861212929721777,0.9227891167862258,0.9231404889769341
102,3.982318251334092,3.844868554197461,1.0031283786549676,0.9430999304784514,1.8015864676625628,1.7753837388641152,0.01736789534658111,0.01740902963496437,0.08548111363007807,0.08534123841339732
103,1.8365246246361564,2.026513895213832,1.8248288324346909,2.0,2.0952898694116504,2.2233751352973017,0.11800902206708823,0.11464244591754782,0.5182282570057684,0.5124763696054702
104,1.9420204677172483,2.0244005566308787,0.43187704127683324,0.4366313680341199,0.29408455719681437,0.2479433663162873,0.28938030561164674,0.2917056452020217,0.8962841848744978,0.890958146156997
105,3.560180782606368,3.6874024445247864,1.7604134403821639,1.6928548632155076,2.090233146768097,2.1552884119644546,0.17249052832673462,0.17449004728065765,0.5355577695454472,0.5275935145830034
106,3.9140676184319516,3.6852852758153873,1.3208995410869462,1.2763976063870308,0.6029970443579754,0.5820698225426186,0.2780975527039058,0.27833304569015566,0.840876591265887,0.8564668227111658
107,3.9048939552778306,3.9865533422239143,0.10480604972689664,0.10316738222583421,0.46529502755119834,0.47495279828804937,0.3330848190797131,0.3257089746175068,1.171870858854961,1.1866952785864038
108,3.6696261364139726,3.84129126833747,0.7063720838290319,0.7313670993414414,1.4057277624582598,1.394627259742364,0.15714804315483982,0.1564852370469412,0.7584369077185067,0.7526429016653023
109,2.3006108353953696,2.240626786481154,1.0897465322179853,0.7214530350686599,2.6135401311797892,3.0,0.09019627621375054,0.08729403681724085,0.42100679565615234,0.4190856720609359
110,1.6835272026096222,1.8045129952467684,1.5035869243927573,1.4796278487911074,2.760754385282391,2.731794654297455,0.3550258948416528,0.3580625254890907,1.1759889477824614,1.1619889800297623
111,2.599503840056882,2.601109128257308,0.8886007733077725,0.8260787208760945,2.9580824431589696,2.9997571578682365,0.36498573552793545,0.3709102544060453,1.1456479108465323,1.1403135535861753
112,2.5350800143232983,2.6209128854269275,1.7137109738684426,1.7603801935456254,1.9082859272204895,1.926146694086358,0.08017281250795819,0.07943265392189015,0.29899504483195566,0.30036713121859665
113,2.281269889690092,2.365405667641712,0.5032619354084196,0.5238554971501418,1.3766699529846314,1.3506652626426339,0.2162465215491846,0.22085329022151953,0.9349761218802638,0.9351000340688452
114,3.8938138400664153,3.8820743514822493,1.0538850054147455,1.014077527808549,2.9706041534387433,2.965089344042555,0.05749208929679066,0.05950272584478704,0.17369304379448897,0.17511991318250617
115,3.553249669222347,3.6822281265265135,0.728128635411057,0.7469372438007789,0.3563260629431064,0.4025692370311905,0.21785863922792112,0.2169118094573913,0.8049851452938357,0.8192297044872328
116,2.06809759398202,2.092216544006483,0.35262506835701934,0.21606933073605436,2.105642603632318,2.33884119348201,0.2289757363626994,0.22197098630902862,0.7010500191186371,0.6981217792133887
117,3.226245902388941,3.0665294932743112,0.43596756267629444,0.4076412792781646,0.13929779929298736,0.1828222615928893,0.03999681607809988,0.039710323174529036,0.15991811814046264,0.1604656204184285
118,2.8529050225098436,3.016306255537007,1.4192129175572914,1.4846174502786704,0.033740265359689436,0.061908403413936414,0.35626620937477577,0.35822190787125974,1.108560088051542,1.1145600481886113
119,1.9158701126302669,1.8914403038467695,1.8685091393537057,1.7483560882606408,1.6485706008351273,1.5537056647797862,0.3111195210152678,0.3063577549919459,0.9767427633189137,0.9678893102664309
120,3.1815066839551127,3.128553248890823,1.8534352488811412,1.7415579899385865,1.2049777134402495,1.2123583825993758,0.26621060218498305,0.2667281387906335,0.9847438899934957,0.9743881285166145
121,2.143045751403304,2.0723648417644824,1.0650141208387272,0.9970172400195504,0.6113533876808661,0.5899097980698098,0.1958100302937342,0.18873142504568294,0.6950375137829081,0.6934803659460806
122,1.9042389344479183,1.8951967663224092,1.9834834628052609,1.9175233201068695,0.5680909891785124,0.5570036369147993,0.35802537162003534,0.34930488965136797,1.1574790892252256,1.1586460687368592
123,2.134384432379954,2.1030899574145714,1.9563872524224784,1.7987950710341831,2.719378553460108,2.783872959147827,0.05831893177420476,0.05849962270000979,0.25237195934126083,0.2511178426346735
124,1.7517833733403776,1.804020178410546,1.5128053834884887,1.5759580600251488,1.60724827977833,1.59751103794401,0.06459329597541581,0.06402400094782792,0.3069177004537803,0.30577257352510495
125,3.1153329484684416,3.1877399430327147,0.4597626157837651,0.42857293127736007,2.7751976170746486,2.8819202381366007,0.10769612681015782,0.10860019272122534,0.517575010857311,0.5197813775828862
126,3.973605692747188,3.863797298438252,0.8467419908987635,0.8248234207935228,0.3148917840594597,0.3116239242185092,0.33512813374590633,0.34391233007602245,1.3159708808019686,1.3189694894600401
127,3.4037705675038468,3.4420765975004697,1.4856712018063303,1.4656988886211324,1.91699510947669,1.8962842264660478,0.2463268913137109,0.24159103613054417,1.2289471512326577,1.2279468872846377
128,2.6889726588447904,2.7024759614772313,1.2637046801413812,1.2484096369392772,0.1560322779613006,0.11619998830779141,0.07179338098495086,0.06863051957532865,0.27517877674951946,0.27674764878578373
129,3.4937090177345307,3.2831043294097415,1.3725731863726611,1.2849463587204653,0.9580383501273795,0.9360458544863289,0.2105899358955613,0.21157477980544215,1.0409600746150254,1.045137811448938
130,3.7314832563956313,3.411006161372237,0.8422001060234676,0.7701006969606002,0.32280451894581763,0.324907931569028,0.17543123572213426,0.17417282775061194,0.5313545849793055,0.5374070236554229
131,3.7719032116665874,3.714466659238869,1.1709904118031473,1.1317888777013774,1.171444757951025,1.2571002483413194,0.3852597765899035,0.3854684377311073,1.2657723866732473,1.287772463469511
132,3.291610225393086,3.3788111270855787,0.9141752742524488,0.9453274835032774,1.5725873507383965,1.540824333325806,0.037602598027148146,0.035977929580429294,0.15923771727926422,0.15814468109308766
133,2.2695139071269024,2.2004416483540883,1.0794047576391084,1.0577019329911044,1.430963661108525,1.457027791945558,0.39909537268781853,0.40446481861693695,1.2620500781601334,1.2670500277074659
134,3.319884164684726,3.1944143779287075,0.6980272819639228,0.6551345872316469,0.024771546907876862,0.047798177770492944,0.27566217316541897,0.28604039145286847,1.1520517775967531,1.1546227761536425
135,3.467006821107585,3.189275333601569,1.4322955836586106,1.3115037305317243,1.0397518594277575,0.9532813276041272,0.14895156943097085,0.149558698345706,0.7249061494033759,0.7274468869590546
136,3.054435515001246,3.23518262114188,0.8844048802637209,0.923026929988096,0.35784260758708375,0.3620671094747753,0.2881786032608631,0.2891796799138122,0.9409105376235554,0.9428729362419184
137,3.462509319956353,3.5141937804369916,1.3884811003152335,1.3776905411277234,0.9430129708722993,0.9856638701978448,0.21294286320490266,0.21097288689895782,0.8302713287514301,0.8283292295067279
138,1.7455061620432493,1.7990047501480773,0.19149467411170917,0.19871083929921038,1.0976324420445398,1.0437335746529544,0.2940800560417112,0.2977066652751856,1.0326095301927596,1.0321338935793376
139,1.799230960680423,1.7036576836567203,1.7075606464243036,1.5741785327171534,0.5125071510282537,0.5163144732619679,0.358278986199146,0.3342450869414703,1.2904331030983143,1.290433145343276
140,3.017406983762854,3.3812440859792345,0.8115997559365581,1.1424376742898308,2.999494763656762,2.7217959417760422,0.01741257021251949,0.017843642343506404,0.0783214849925431,0.07880190968702205
141,2.092398843896119,2.056655156344514,1.9080429377879224,1.6858948520851094,2.9114591128335783,2.9501955618332656,0.05380194396575343,0.05324304509270988,0.18766605036844408,0.18813164329318607
142,1.8204337935453276,1.977519520827906,1.106007059538106,1.1639941022817348,2.613937527689717,2.693803276654187,0.36541984831103924,0.366358285113692,1.1787876814486942,1.168787824366769
143,2.785215359074168,2.760474062436514,1.1314950480098267,1.0958367764212353,1.2198086885230097,1.2489083695630987,0.2511143383411086,0.25073689293400403,1.1210126412072556,1.1120696740794034
144,3.929610654543462,4.0,0.841499408825124,0.8659452368336462,1.867861257527745,1.8370041190453732,0.1312454097819747,0.13015299740745534,0.4720038661165697,0.4673659976772674
145,1.691504479737746,1.6542217480076817,0.584943876643833,0.43923973929903937,2.703880353596303,2.7639750851903093,0.05761419542805233,0.05799100011125149,0.2665957074760646,0.26646285358784416
146,3.9387615786339296,3.984034220042685,1.8679657182965568,1.8584601804725083,2.7078061132354843,2.7350615493741293,0.1936177380676561,0.19528005227711748,0.634018459964955,0.6334849120320943
147,2.2906451459833885,2.320404737240051,1.3670824182113106,1.2648879342629666,2.2500213166479326,2.3346118431186964,0.1654063092471327,0.16619293947429364,0.548574411070976,0.5464994470688271
148,1.9756925895584405,1.8867446581187506,0.8751019883380277,0.8473192107196154,0.11703192290581022,0.13488558155350483,0.23809895264908615,0.24137981237074924,1.185799773225751,1.1921971597280252
149,3.310006626292138,3.169483855728798,1.9615731702900236,1.8892062454678589,0.8260634289822758,0.8546367117849097,0.1044243263094965,0.09893428574458595,0.3746897314111224,0.38078784296755613
150,2.5138866505764863,2.511702145988955,1.1184101112098297,1.1046526359942106,2.2869057798852315,2.3067661077379524,0.03707842740200018,0.03617810569674177,0.12135288930535047,0.12100538026108726
151,3.529532525402247,3.608662598369297,1.9732253453589352,1.9999999802722164,1.9713645185063946,1.8834955684084376,0.2278001324855369,0.2239209972279657,0.7110457720342325,0.7119567864025222
152,2.2770469277924725,2.2758898838465758,0.17163018651783396,0.1,2.7340949615547205,2.8187589712207837,0.27432495887767633,0.2783030136446818,1.1293576445062954,1.1262230653223817
153,3.827435773095918,3.6723385583971453,1.7934631852311238,1.7064520588709138,0.3334029516827185,0.3063618559469663,0.31113854361046345,0.30806488256890374,1.1059876617179032,1.11396216298633
154,3.2762185358690585,3.1160121258886098,1.1405459885678733,1.117670866596795,1.8141259741784035,1.6274571646929503,0.10590582364204208,0.10561633367948826,0.47459670264629417,0.4706813416400344
155,2.009430976835743,2.0205410575797202,1.0994703610180583,1.01045611793981,1.8032878317762182,1.8471099444083747,0.21340253376026755,0.2154494464830325,0.8429645692062014,0.8318670993951762
156,3.4420056247834774,3.1534641548906466,0.5609994190119234,0.4007899270035663,2.592134033606237,2.7532474844373858,0.31530231066928094,0.3020308258537168,1.1877722224586675,1.199772141910919
157,2.73788042311325,2.670388280374924,1.2943585289180406,1.2213356798392403,2.8850237194565005,2.9488403035217123,0.23787948241108736,0.23401988039944965,0.7948108008858877,0.7948101244878938
158,3.0175087308352655,2.96273687732709,0.8239587263455753,0.7993183345181368,0.47956463504214997,0.5140327151282199,0.09641719013835273,0.09812835108677546,0.36865667592466467,0.36765718256774027
159,3.246203651897127,3.0494339086434827,0.5036697208732742,0.251920907270496,2.695931151453766,2.9999998961084904,0.33281998310996697,0.33649703002620934,1.153245178205624,1.1518758239447626
160,1.6539889078960235,1.7714827437552625,1.3718133585398842,1.3079284033108547,2.491094251247734,2.6464148948879527,0.42738098574697936,0.4257682376071145,1.2825461644350564,1.2815462082240607
161,2.9434279648231683,2.868387354293409,0.9575383642366067,0.9305455585437922,0.7693735201778575,0.7544823915080094,0.22803857297764746,0.22135453117239728,0.7031570919704336,0.7081565492214364
162,3.0638941769944985,3.195671029164142,1.80124510597422,1.819673513516992,1.4124388332371418,1.378378824116699,0.1467893477850311,0.14398003400721082,0.531893775028161,0.5270741647869274
163,3.706878702680716,3.9999999885522572,1.4417951298760936,1.4615587027160557,2.430339398243554,2.590683011175794,0.22376870775180027,0.23424310140817545,0.963301392075226,0.9603013168075721
164,2.849820406254284,3.11732444327598,1.619916999153451,1.6457515568026302,0.4329138982292098,0.4941087857909387,0.3847637010615634,0.38039051761244286,1.4753343981488183,1.463519137302066
165,2.9446914872423675,2.8943900616747364,0.683591684193009,0.6695588153109261,0.07738048841707079,0.08818225993016088,0.27890636178224837,0.28396791018050993,1.1906544747794061,1.198102363736176
166,3.297216909786068,3.4432050837546075,0.9528709603938303,1.0759566522581663,2.3130530792587938,2.1636917750549465,0.04842746954144547,0.04828847635340741,0.18141908003235296,0.18353618023653878
167,1.945912638515025,1.9434750577727309,0.5908743459276276,0.5506911956592153,0.7540088984424698,0.8129392011638817,0.3123099960142844,0.3103080493620626,1.0533782207286098,1.0539023578277753
168,3.5444942504894605,3.525471026747404,0.32613870411970214,0.22302265959537088,2.2580987651725257,2.507351047349877,0.3649742823321923,0.36824553892581224,1.2970645901564164,1.2900646106424936
169,3.2349370074083805,3.3428146687478715,1.8014222284324226,1.818206830148672,2.0488073634012434,2.0922725450997977,0.05945005251740118,0.06062354458001294,0.26464885004077743,0.2651930031097023
170,1.7798614588447332,1.8281132141036176,0.36302098135401784,0.5893759413467325,2.7485497038428397,2.45918895612889,0.12577340799995143,0.12601961074031515,0.5872789533909374,0.5962562114070735
171,2.5293856469770306,2.5815600426286442,0.4443838879953309,0.4257262721137677,0.4858578605601489,0.4913136509438026,0.25003288922531725,0.25205753374744894,0.9240330627718563,0.9309753085323482
172,1.7849695075898249,1.91257702982053,1.307359518908195,1.3117627618364434,0.21770890131252507,0.17231373669122013,0.29566881196138356,0.30500576367222026,1.3758726868165645,1.3676873280014001
173,2.3023746653927866,2.3806027241492957,0.18215332459170563,0.19768987686364986,0.5276015978574892,0.5162272413281783,0.4355716307331537,0.44319477835270843,1.4253583717878229,1.427210392211389
174,3.9397082204961946,3.8020399002792704,1.8498941457845215,1.7510438857731083,1.950003377055343,2.0109856740190963,0.2534582447590818,0.26017031249709693,0.8615800622835915,0.8615799287487698
175,3.680684203930292,3.533258755910276,1.7395991600984673,1.6734867297520233,1.6036442498990695,1.5896968924874826,0.22698671856778943,0.22258675986216045,0.8395612573776825,0.8429780025439393
176,3.430011153308623,3.4669357355595127,0.1172656955138208,0.10214449117740333,0.9312828865902057,0.9834785258211874,0.2838647213162339,0.2872599685156879,1.1854434939984742,1.1896590492816188
177,2.4681086889604753,2.6924089850699415,1.4451032577542917,1.4294928139398122,2.0799586662858487,2.1264369760883834,0.3837667467844289,0.38455007195430835,1.3139413626544252,1.2949413132538687
178,3.9123397222984586,4.0,1.7124597401355537,1.6702538666552744,1.7804567443786237,1.7999237333010245,0.2195640777855957,0.21445765371618478,1.0442601702915568,1.0367264970611518
179,2.475702293528387,2.5577634964026146,0.6712344646276336,0.6794894997457714,2.9062976938418625,2.8760848355569886,0.3455313443321616,0.34890044303274714,1.1140596094367887,1.1053920824217132
180,2.4454140917540372,2.3559830033202895,1.1171239471394523,1.025241428486692,0.9755361295268871,1.0201774208372547,0.18621120141737416,0.183311350128657,0.7926801653154106,0.7943057216415979
181,3.0762753523361566,3.177408141794952,1.141742664907346,1.1189080823822304,0.955999873716048,0.9838982928089272,0.17838172930065552,0.17771290727383976,0.8834534470374408,0.8755593387361759
182,2.9599621306667716,2.991951406564559,0.32619399469175736,0.33887075051993876,1.5454051306234797,1.5663406716605577,0.28150022973600375,0.26339778056804436,0.8963964227666921,0.8983097068003447
183,1.5350170226353068,1.550792793961649,1.017366297221771,0.992223951261139,0.1360440945094784,0.13585006453382767,0.021792848307231334,0.02224914821403608,0.0848874428626484,0.08636598055052933
184,3.884628812913887,3.8981346822380623,0.4199319969716777,0.434633654202517,1.8536923618975276,1.793578065710478,0.16150909851318923,0.15947858587236285,0.66994805636389,0.6679569016396334
185,2.275736247724455,2.261754042186565,0.20121649501862449,0.19463849037756784,0.17971737100108875,0.1652776158214733,0.317811982628102,0.31690772368726,1.3923846384083447,1.381399394688124
186,2.4263770929941906,2.452354776185637,1.6847683154733273,1.6866865631106638,2.3251243090305445,2.3267951376254605,0.1599133346073352,0.16011701129105915,0.7108932422148381,0.7113957734006466
187,1.8375156574971214,1.9621390353858241,1.4721409860270553,1.5169989441508454,0.9164014115645569,0.972523379690453,0.18536215257146002,0.1828751372061042,0.6977154572191123,0.694369737914297
188,3.6637240538614697,3.6803177991222977,1.2335749324033833,1.165561766220113,1.970244048392142,2.111756900517788,0.20067982254380134,0.1970856448558272,0.6471881388092895,0.6386438717921638
189,3.5959563579805436,3.62100075500331,1.278792860381524,1.2434151822456485,2.7157094025319566,2.705897418418642,0.021827854205293557,0.02135688326638113,0.07202368311231944,0.07128714723163941
190,2.215808789091108,2.2567434784197595,0.6679066263856259,0.6036338498252332,2.2960364066515604,2.388463203912346,0.20038104258254855,0.20075390644284197,0.969838275389595,0.9652339708515266
191,2.0155287158823065,2.146420016835347,0.9245301847758345,0.9873451015861399,1.773473595439565,1.7341917193064065,0.40825234824594564,0.4073733070703835,1.3195164818222656,1.307516507027904
192,2.164895365877867,2.1510232522351185,0.871466557020064,0.8952059196956175,1.8747545941771353,1.8918855352208328,0.2538057582236199,0.2487118369965387,0.8951010209092877,0.901181506102769
193,3.990738582293233,3.67647915845748,1.0883312628679171,0.8300181222091728,2.325821511258677,2.5984864645783823,0.11648553412315991,0.1168076298278954,0.4138168429299888,0.4143036650906006
194,3.5008816926792155,3.628726592854745,0.6891991338910461,0.6960331900463589,2.0200136022113324,2.057582548502585,0.3078147409765,0.30209293312653535,1.0843825644209284,1.086592219321549
195,3.1827907994026106,3.0945725972649405,0.8823793390915747,0.8507153079790628,0.9095581133054073,0.9535099090501626,0.19263653508139583,0.19567346098240948,0.6885950014228561,0.6958492323273575
196,3.1532132830479362,3.1654539257409327,1.7255458587162202,1.7260339663816482,0.8545293290402579,0.8758488975676371,0.39030852547357237,0.38612488612302587,1.3218069249303934,1.3188063095489269
197,1.678035250981758,1.7639943046116149,0.2977377022529855,0.30146713410332343,0.7927425041824939,0.8676487747657459,0.1090764568439319,0.10683356770783757,0.54021873562692,0.5394498569414383
198,2.9441264466533035,3.1038045036467623,0.10263601805497542,0.1277340137061577,1.3772523713757328,1.401745155115128,0.02671756001705108,0.02592272950319305,0.10921708320007784,0.10906783194890511
199,1.5719426623973487,1.6237018734465383,0.7395449285952338,0.7539594339463611,1.7344351967352867,1.785897888887056,0.10216584655157562,0.10258546919820814,0.3168815019599502,0.314866760826071
200,3.8490985071656056,3.7550639299813957,1.8466194794976656,1.7850254855986165,1.175723449294709,1.1997448736342111,0.315957255736121,0.31895398828132904,1.3514925021519557,1.3570773285332862
201,1.7080086689444338,1.7741307233899493,1.090175612810977,1.1491952933099971,0.6368568226298119,0.6351444505479816,0.26629445749666114,0.2564987689615254,0.8353911543261784,0.8420414047309536
202,3.9669299021150914,3.9544964759785457,0.3085727869760323,0.30392880616770074,0.8432601892392141,0.8628204068060549,0.0786359621104814,0.07771825265046439,0.3581891764047532,0.35990978047686645
203,2.6065946102375372,2.4038066600163708,1.3297604250870219,1.2259638302507572,0.16583286832677435,0.20705130857179105,0.0673096583206414,0.06698810962935756,0.33255823924055633,0.33089714537377046
204,1.7707029172358457,1.8029023157728152,1.1424136719151663,1.1156205337939058,2.2656695415411003,2.2537257217609445,0.08613691520438974,0.086700631958034,0.3839487592525749,0.3843130906909379
205,1.694408669660326,1.6311696957215374,0.5567826802894049,0.23026777228647966,2.6704912168533883,2.9999256147755236,0.2494369622504181,0.25657842116565155,0.9363888585112806,0.9423886737402954
206,2.2214690555353,2.358830122218115,0.6183581428900534,0.6973192137989346,1.9724128734644641,1.9740116886400005,0.04589952249041844,0.04467157069889602,0.1468295157309715,0.1451423440677543
207,2.5874182752901986,2.5410259797304864,1.6724032212103042,1.6241677891177473,1.2093459792907733,1.1493589573511325,0.07940550530139176,0.07893316267982467,0.31354332736489554,0.31660905565476694
208,2.170201626728105,2.1644252403300537,0.18354173480277602,0.1,2.6490532405880396,2.883245717511045,0.30961791100096586,0.3057065010301875,1.1964486379890793,1.2084486348115817
209,3.1062419052612675,3.1812583895461284,1.2358428759565254,1.2154765933187563,0.5806813977539791,0.6397814522774624,0.23390436857438965,0.2349440143916248,0.8683517461807273,0.8721615159621569
210,3.223501202822382,3.3122970411837875,0.8559812066431945,0.8483511437549079,0.942773067956946,0.9538181341641885,0.12576035432394347,0.1291739426006373,0.5281980572126366,0.5334247978317538
211,2.3550010453337915,2.53241169185722,0.5981608643019295,0.635284907996617,0.6142896004172743,0.631354028077284,0.3979006849688689,0.39869059866119405,1.385321852606425,1.3593228848870436
212,1.8049387664077123,1.8543991828956756,0.25782096549901895,0.2564232624179034,0.03296477478518334,0.0,0.2846142453582398,0.2906240225458937,0.953831362187722,0.9444115711373247
213,2.4198825141275417,2.2691402462800383,1.879221400597495,1.704763562838549,0.7884309879036528,0.7760553076893004,0.2837275902902967,0.2816441578578638,1.3371659216193579,1.3391659497166732
214,1.9570572536059891,2.106835346575988,0.6923498436698661,0.7733488608495452,0.5756857908051874,0.5975060933040328,0.12080896704932775,0.1223687265307563,0.4035999847004426,0.4077392263276419
215,1.6538786703087194,1.6652795196897419,0.7508414375365332,0.734449797825006,2.184740090694226,2.2612324811003415,0.10943123622499824,0.10838764149302652,0.37024673491976745,0.37335548333302715
216,2.7125972222640637,2.6718984135505477,0.14869221746088554,0.14214939950347447,0.28731223907667713,0.29176270001467086,0.28296212743500304,0.28149877548185864,0.9869020879863422,0.9923874346101649
217,3.296993949558713,3.464093182864677,1.7651489296182687,1.787637691581355,1.5304154504652998,1.5657371839015166,0.012049855169749456,0.012245215955360711,0.055939275149981496,0.05585644356775866
218,3.4801944546621852,3.464449774416538,1.36039710137831,1.3344308725472582,0.6478240115792518,0.6237585842255793,0.07172092693998404,0.07015317893825804,0.256643819503103,0.2587034410416063
219,3.8689017097522633,3.8305844710240957,0.5348289345131231,0.4764269761038105,1.5675046803987267,1.6261789121416261,0.2130064586231401,0.21478322412364123,0.9033360209202902,0.8884196621742504
220,1.5282769315308684,1.5677278444401863,0.7359881266945251,0.7568965228798256,1.121697869474439,1.0856825624384718,0.11678294108791111,0.11487506173170439,0.5128942766294451,0.5136430712639068
221,2.499247462047963,2.5243014891122497,1.492361995227369,1.433745691784229,1.8357160341965,1.859559205607654,0.18506830267897503,0.18706897396271657,0.6937642632094061,0.6877643012256189
222,1.5699920730452575,1.6122991107157634,0.6302103717483098,0.49570102127381205,2.176295364026599,2.4036941205797304,0.23188237131814485,0.22689457309842176,0.707260244193244,0.7099583108724171
223,2.5098705502265997,2.775359538331074,1.9229949719041661,1.9999988293352946,2.2033707932284154,2.2503654743307804,0.3182310370892547,0.3352984537284567,0.979122014650526,0.975122106810085
224,3.8652649046122867,3.8031009900819353,0.6862476217721768,0.6348641721370736,1.0851615069765308,1.134547460280179,0.18819026139008302,0.18403005847888884,0.7755864674200175,0.7714140540428942
225,2.0626019595040916,1.9789103106914512,1.9671321828274182,1.7997180264403512,1.2490923720221545,1.2807481516159736,0.06314349413559742,0.0625463489589519,0.2092553258474344,0.20874326947913385
226,1.970954287920922,2.000986258816387,0.6083300886192563,0.6041126563758428,1.1756966305179866,1.2172457843458822,0.24621606644040311,0.24621025849043388,1.025444666322266,1.0250859486478423
227,1.749014038608654,1.83529889915632,1.7964207331766908,1.812164261948012,1.559946585039071,1.5992382145438788,0.2675834140318746,0.27593592849888854,1.0165763927750158,1.017576388161605
228,2.464891152495222,2.4513316273655072,1.4505518112482891,1.5037305048697036,2.1138046253276026,2.1309038327596226,0.26719454722547864,0.2696963489681992,1.2959277122101018,1.3084163872995611
229,1.592862580001294,1.568992150261921,0.9869238396852384,0.9689163879825344,2.352170307855376,2.3632554037974436,0.13994407811403126,0.14346300663067305,0.530849216842478,0.5378492134157338
230,3.118261290568981,3.0470451093276623,1.7485340510932583,1.5685737183738266,2.6132536689387034,2.6414568573632478,0.3792157559813243,0.38524649461215826,1.3351287019700424,1.328932027421197
231,2.2890301219774254,2.339081510027864,0.7327626788760677,0.7277837836794768,1.001358673996251,1.0074946808054637,0.18210609622428517,0.18108413045079552,0.8051930608549707,0.8039409483704302
232,2.2373090180053303,2.3538183127767387,0.830293513124715,0.860738169670813,2.881495943809532,3.0,0.058129854829035536,0.05842282861941129,0.22311195739378376,0.22261745816154918
233,3.999859504382042,4.0,1.4066053629794708,1.3915505826770544,0.331769505283631,0.35817520858304147,0.2903740313036446,0.29829970997774014,0.9011189591392622,0.9039131866532599
234,2.358623406873525,2.4258004496623764,0.6146267790537076,0.5789827590089399,1.950920715003277,2.0661340707384777,0.0966519344481569,0.096359630811051,0.4831363214890496,0.48480480640309975
235,3.4252539087492524,3.8657986818149968,1.4622152731489912,1.6516813554002523,2.3474202961662387,2.380016708613477,0.04400103534895478,0.04370876921417569,0.18334044372002595,0.18303294469467588
236,1.796065272605623,1.8277204869824613,1.1690706843765535,1.1509907152209395,0.36630494591540785,0.3856840533748437,0.23654902870169317,0.23973106687347343,1.040295123727767,1.0337864876180956
237,3.745322422993686,4.0,1.828598079408366,1.8736063350156067,2.288243481271913,2.368343387253033,0.1292521324506637,0.12444508585736341,0.4024726447694956,0.3998057517182442
238,1.8372077952992467,1.880055575942107,1.4015142795822675,1.4517336924024766,2.3979842010486667,2.3449542416210445,0.10593747814200094,0.10792319812806964,0.33165351060330006,0.32852382916046874
239,1.9547758983241583,2.045004149313302,0.5145122066158068,0.5388481032424115,0.07695557475155124,0.1679980677569434,0.17686727421105053,0.176117055227317,0.8363092452020364,0.8357685641246666
240,1.9763012936535824,1.9059709424342963,1.9782990298714436,1.8704880862191262,1.642743301242477,1.5483289421182054,0.2943947316320823,0.29625099193543875,0.9007945886194606,0.9069443685976313
241,3.7527936653518084,3.6754256436796457,1.716827093824664,1.615332454076807,1.3824483578227387,1.3696917685120527,0.292272865278275,0.28965165993172315,1.0954160107297088,1.0881444144278316
242,2.303636550472941,2.3694609001345155,0.14398972527293324,0.14995944635527195,0.43056311224479116,0.43439066720807723,0.10964866029071345,0.10854087097716886,0.36789380478590605,0.3672022748865519
243,2.1282283341924337,2.1506781513519293,1.6251943893268164,1.5641448434304062,1.932412623433429,1.921172030951,0.17049160206425548,0.17011984193952762,0.5492079568041658,0.5457973656697359
244,3.6201015943193826,3.490283623515009,1.8349193914304498,1.753011008280994,0.3256839491280126,0.3510877587962247,0.07191610303953093,0.07336096166861744,0.3052063495209731,0.30397372140407014
245,1.993216090472885,1.8603543489436962,0.7928994314587573,0.7258223404003277,0.8207701543409983,0.7367009835615175,0.16047161418652142,0.15729961838390966,0.7545500073131809,0.7605761835785558
246,3.1084097687112964,3.2295611677174025,1.68457091373858,1.6615779528916315,1.4512247137955359,1.4605873174351418,0.23209276918571803,0.23210014269705104,0.7874145401450947,0.7813382410065132
247,3.6041870407249568,3.500415191718896,1.65613349218252,1.5487402574243956,1.2625126335331138,1.2671087865952384,0.31427774582515694,0.31313887477725644,1.023661652500976,1.0150669048723038
248,3.5778500366065917,3.756703882443042,1.0850226163125167,1.1830058391755376,2.8079442865710265,2.7138267380676147,0.02896882636307206,0.029282573915174623,0.09290472479599968,0.09227425229359745
249,2.6159074449218798,2.5677911111539586,0.596979533015095,0.5760892651882908,1.130335619229386,1.1069295442507494,0.2052892528479064,0.20884409594235895,0.6391494185372293,0.634458402255746
250,3.8656619168283592,4.0,0.8241393060134805,0.8261514722011837,1.2486757984521912,1.269331868874956,0.3237090052344747,0.3265802979695453,1.4862956522818807,1.4808080115215316
251,3.0266980959514056,2.9902748363994767,0.3187655002625639,0.31404401211610533,0.46933337920086526,0.4607949807533264,0.13767990584692286,0.13677357451658306,0.5952147679404073,0.5979789059724038
252,3.1992790224211523,3.178748190299792,0.8426032290285729,0.8256135022858142,0.7579778763745785,0.7922089693838892,0.22330109898832048,0.22814564039749372,0.6793738766464625,0.6813738341706985
253,3.2665017439157746,3.250131002407233,1.8202000236451696,1.854381823765685,2.287747557649725,2.2636358449310623,0.02861902907520328,0.02801136334913684,0.08962961286218382,0.08980361095361215
254,3.1540539294236556,2.887312473560736,0.7408505930155362,0.6961001559107063,0.007670500344130415,0.0,0.3590438709139029,0.3574170328075058,1.3987511665824484,1.404751166036236
255,3.346388149616505,3.31969969865651,0.6639273235229011,0.6708288946556129,0.4533616323946942,0.4113635507973385,0.41625230725826745,0.4119353288137728,1.2826308836599452,1.2888329782604766
256,2.8300884158743984,3.1640220928280147,1.8053163067835363,1.999997993052384,2.4603454320846825,2.4415565921617564,0.37911800211095514,0.3705823786389923,1.2373405221877565,1.2273581654727972
257,3.025007399454575,3.165872310000831,1.6380243879658352,1.6568661046018847,0.9671828096530615,1.0015075241491513,0.010944091026199752,0.010796813492114272,0.054674685392258726,0.054477373886673855
258,3.9153612243474774,3.99985378006881,1.0677401429689464,1.0979814534000631,2.8877616575694436,2.999999796077036,0.42973279950772136,0.4380216287676628,1.2892806342053769,1.2948170478113035
259,1.6547929815911375,1.7296746348626904,1.7399712030479009,1.793957212151379,0.3654631932164847,0.40092081705917076,0.018767569798890424,0.01838050984322129,0.07846934129372413,0.07735751764661279
260,1.5282026146231382,1.5540439807698379,1.5401603307217877,1.470004000326674,0.03613342519061902,0.0,0.23757699420761622,0.23580015449458475,0.9582750791211804,0.950275056754573
261,3.956445342091231,3.9394029296712243,1.9333846053016472,1.8752453795153003,1.4254050670550802,1.439615626200148,0.3439714714606936,0.361675114348867,1.3854860383671028,1.387486066814997
262,3.5567298395493916,3.3025957663648278,1.0157391543628893,0.9332713557708464,1.810096135610629,1.8019753043958975,0.29164895916811046,0.2877267063097512,1.0212160770359142,1.0253751705258456
263,1.608864939039334,1.6213664774527399,1.010182176549003,1.008949863039842,1.2241455757395654,1.2441422643593723,0.1029592713483565,0.10070930945206345,0.3127661962480269,0.315200674220105
264,2.0572555803183272,1.8804515817596168,1.6159843412104793,1.4815125910543068,2.8264686785509263,2.8621195006249023,0.2630470963466726,0.25602189509858253,1.000475366630523,1.0164753497139598
265,1.7637182599083752,1.8412824265564736,1.7898090028537053,1.7700775063576866,1.9524779023211738,1.9989398850348463,0.05281148469457678,0.050828940754700486,0.1651401693791275,0.1633214545640948
266,2.919737559605621,2.7650847230956823,1.4445346075887568,1.338914337311093,1.4903391229744098,1.548485467556561,0.30020702763518275,0.2946830631473478,0.9555443901952057,0.9582409608310178
267,3.7182708675897396,3.474041563293679,1.0504246605672554,0.9786518835011292,0.5700073422020748,0.5691887870232567,0.3470906819883668,0.33900368169122547,1.4206061356964406,1.4350110893327126
268,2.3407707911548963,2.2578650626516574,1.3730012430976832,1.3217706047000601,0.02132000186374461,0.030421291510514276,0.1712003837293418,0.16164314569770463,0.5201001590225001,0.5191004310722435
269,2.361759034654348,2.319524097531898,0.8288374999227451,0.8688473489930957,1.711857824930286,1.6795299770235612,0.41426590964575305,0.39474096225629035,1.446929532299258,1.4567240682749074
270,2.2867929140636405,2.2244645485492724,1.2440049743462858,1.1807671723696533,1.0063437921439682,1.040185830584125,0.22222526105071255,0.22161517580517257,0.6927528191530999,0.6871271337013766
271,1.7821714073451709,1.7171926941563955,0.7557745314570864,0.8135856890021802,2.8002068340563753,2.7536777874742406,0.2755327872504488,0.27646046654272216,1.1703528002073937,1.181999958681643
272,2.4043820929006054,2.291778593727342,0.2602778200103528,0.1000079775883524,2.6338473984436668,2.7572537576033316,0.28035613441197793,0.2764183442288143,0.8505919754057605,0.8595874211289378
273,1.654592389355728,1.6103667076287214,1.3482466072997943,1.1467026404445313,2.8960487229335348,2.9547485995559364,0.10489826954136695,0.10634459602463832,0.3350454759603725,0.3343729942401251
274,3.4055163628214835,3.471509421565588,1.210675490436131,1.2214140005725151,1.4376766232625238,1.4903183569962515,0.24155438817993036,0.23631485839219052,0.9111628568087556,0.907583054819794
275,2.470168982543396,2.5626319652180176,1.7334713780262299,1.7309279206729673,0.5717444493322316,0.5235396012272993,0.12816227880090647,0.130049632564855,0.41186449454347523,0.409360223985291
276,1.8387398917520101,1.9105950619665204,0.777628744216445,0.7860812749934069,0.7153928686383639,0.6800674649073891,0.11226789686711469,0.11228496020663331,0.43682277315937024,0.4370651804493214
277,3.63136918515412,3.7548674106323485,0.8779627932285925,0.8888256882088144,0.9813187974573875,0.9657802215867337,0.3571968100578418,0.3562901052943775,1.4841288011966896,1.484774949857439
278,3.570670241818824,3.6432975535037673,0.5931259768659691,0.5945179280002761,0.5682543480308874,0.5650920602329648,0.2819597466190471,0.2833828431444141,1.1620881968130874,1.1537282725492521
279,2.020553857876294,1.8853312800061963,1.5277222070715384,1.45633765991316,2.9953832735576387,2.999999612585376,0.32487972553384137,0.31669321596910727,1.4065938287385988,1.4205942551623036
280,2.9632862182985815,3.108496075531659,1.0410674382469367,1.0211613293103214,2.692747562037831,2.708284653491487,0.20030733301785636,0.1976724180299385,0.6925951835545728,0.6881172736128647
281,3.1085948238129206,3.0006339110929443,0.21900518265088864,0.19090670649532676,0.5789118335525244,0.5797134650294894,0.020381703204690328,0.020743619991718067,0.09897452509795951,0.09885488973632668
282,2.114138251775738,2.0797798779854944,1.417274128679045,1.4033850248397588,2.4762280842837163,2.4684805040048636,0.21331655892123008,0.21440832241784072,0.9171604809578551,0.9200702994606043
283,2.7840129858597287,2.8146952140105217,0.10957004861304889,0.21462397644764228,2.3537840748705925,2.1226638506812483,0.21871650288270103,0.21429743454049294,0.7209585016742434,0.7193463671669852
284,2.257448483129732,2.3829565814829894,0.7698993334623156,0.936565140471197,2.7459755112170097,2.6807820130621325,0.3908713432906761,0.388050122549294,1.2809893612053662,1.2840888922610618
285,3.787093648952926,3.7225074393745476,1.6452539009744573,1.658502269687244,2.3055844538833976,2.2244457629972265,0.24483129068855258,0.2527534370331994,1.1107691504177706,1.1187691128062514
286,1.7298388586984492,1.7996914026126853,1.94250383055299,1.9606476564542832,2.5586694738088616,2.5095254969572975,0.06328827182732905,0.06340082357483509,0.23308370840376358,0.22962796804064456
287,2.290199870221022,2.5572880537335423,1.6353664934241026,1.6713891121481683,0.4951746811907136,0.5513230455838902,0.3091702611761301,0.3101791919263639,1.2936742544062547,1.2776741897502681
288,2.315941132576699,2.3484122104586302,0.1455881540213022,0.14706311262837993,0.4988862459216278,0.48120659149087897,0.3873836768401487,0.3887442692939453,1.3339016368578618,1.3197227900827102
289,2.3535716918506644,2.4546159828537366,1.4628724092781933,1.4778041073651467,0.7389642299097064,0.7463325654373105,0.04258612856495257,0.04138604798030204,0.1923158922619323,0.19176522682507804
290,1.8377365746313663,1.926234132326637,1.4067180079522732,1.4786263181821782,2.3325938299422218,2.3189606869952013,0.09112786089777429,0.08932030277281976,0.3142589565286029,0.31251334895604055
291,2.7469008514017066,2.765110674827614,1.112725494394967,1.080280637523213,0.14497601892527967,0.19106291966790237,0.1783080920449006,0.1751266652857011,0.6977163933273933,0.7016488170850738
292,2.4943254613406225,2.443642545235777,1.2406669270202513,1.1609165650563162,1.3282864653975492,1.3560539465994548,0.057843831005725564,0.05706365576176843,0.2322354940607544,0.23177680835365627
293,3.9038143618272247,3.7478215131806825,0.1749893909002953,0.1,2.003317684130997,2.137867723595575,0.06303863677566213,0.06411777836078193,0.2569031174292825,0.26065811910923964
294,1.5329981745317844,1.5396601550993951,1.508988286594671,1.4287054414598948,2.005177871312845,2.0554471604553406,0.01116897822041513,0.010990160667997698,0.05277198013976589,0.05322734532562036
295,1.7634112413691547,1.6643683957457875,0.5743786032042172,0.5022198980247532,2.155528623572459,2.1007244560390483,0.3710957931772083,0.35881187113066704,1.218825791927775,1.2336643238016003
296,3.1609806277767056,3.0270283624610355,1.0387450602902721,0.9404855053875885,1.9408397056877993,1.9525601371953567,0.054625500064207896,0.05474160478016604,0.22972854493094214,0.22994546219636508
297,3.019987484260229,3.062089919618035,0.13236609889547912,0.1256569019711126,0.6224160241748631,0.6362440476372248,0.17916198845916206,0.17398130066805267,0.7557392419539947,0.7424489351719278
298,3.5755852980257066,3.427758833572706,0.6398087206650633,0.4419783012463108,2.780375003320227,3.0,0.12028807556520721,0.12342137238674233,0.441881384447411,0.4415271558679899
299,3.7699191824367877,3.521045616165794,1.8793754844621278,1.7359891648382972,0.671134186290203,0.6892714243165324,0.09000165278211107,0.08748050764015039,0.35704619795472137,0.3551300662829975
300,3.2501209179494968,3.096144871663341,0.3471629034580552,0.1032548870678836,2.5475656143275396,3.0,0.16491746108667782,0.1601621238270586,0.5222816085848804,0.5271488787234981
301,2.937143025444221,3.0102695450731547,1.755732960638127,1.708941044741957,1.48042108013629,1.4516762922213993,0.4240493668335056,0.42326618911290514,1.3662633047489277,1.3656928946544429
302,3.351623050701516,3.241244631800554,1.9833142293182475,1.9082940932205419,0.42660784464026236,0.4530216714755897,0.03578051077132027,0.03435407332295609,0.11966102122892544,0.12006007339851482
303,2.0604681796438493,2.1087695901991523,1.3809851691080948,1.436102601704303,1.8352603041990994,1.8282716350630621,0.11878329276281047,0.12329731977506977,0.49260946676640277,0.4928426310059777
304,1.696669681441356,1.7281917766948616,0.924052711224886,0.8789638088403211,0.8575460573788376,0.9020887384691301,0.024225525006243226,0.024975455670909082,0.10717523476031351,0.10619112858338008
305,3.5533738395931493,3.68099172437738,0.35666875978511836,0.3655560665085175,0.21804711384082465,0.21931054083921486,0.21573624164801894,0.21673473033964613,0.6510064010452609,0.6483848816934098
306,1.655393025021108,1.7302341367341045,0.623717663050098,0.6826752657118882,2.5297691047776074,2.436345886841707,0.27162921898315473,0.2856222359060689,1.0194901549614699,1.0057578745592577
307,3.985053324051281,3.7602424457753436,0.4297781099997944,0.19681454096437626,2.090533634283801,2.5535481035961816,0.04001602292739007,0.04038677299614525,0.18763043453509182,0.1854810758227493
308,1.9275549646025925,2.0030515437313445,1.5022204792364966,1.4658931043453207,1.0099916918860168,0.9893656955662483,0.35346666122180065,0.35205473373790286,1.263301369144446,1.2513018951936306
309,2.2527823991522538,2.1851906953175524,1.3408779416187935,1.2970721129500407,0.38912532799789346,0.362120579953514,0.0906252342907154,0.08910799597772681,0.33519724759948044,0.3394088851793093
310,2.022064564805541,2.0435373723236703,0.3792373430073589,0.3791340143880679,1.2916707645503647,1.3523777376315798,0.268591179152453,0.2731223357324601,0.9678836079563987,0.9620867420553051
311,3.4598452197052687,3.375450734790152,0.7739176744532352,0.7340270788425931,0.6579910518905701,0.642613903400263,0.26485516301966927,0.2636327499123196,1.2011100298300323,1.2013896833782436
312,2.112788069984793,2.1833116278661238,0.16309655253821542,0.19711659382751584,1.136405816939647,1.0619093705018392,0.40927382669067286,0.4139010430647959,1.381657762960231,1.3751212912567639
313,2.662644747981951,2.728684577934943,0.37368397966164535,0.5097643732771463,1.9789232530381087,1.7879236347454261,0.41117517000872195,0.41021753227872254,1.4777532980387198,1.495408202411567
314,1.7139378737889983,1.8572195209396378,0.6066668144551934,0.6898094681114406,2.0451648476480617,2.0636415046988623,0.09028434788062553,0.09045635766547333,0.3208799351609095,0.31604916397936833
315,2.8450360641446766,2.8441145746047014,0.8046181882554526,0.7956370189768193,0.3804138701569074,0.3722642337056963,0.09359329099235107,0.08997180023600994,0.45034433164413995,0.45247392903457734
316,1.7220888524782745,1.7753473679222218,1.0101920561286826,1.1627518690355951,2.159934300160581,2.11599958788472,0.18427428710890567,0.18173211042109913,0.765867343255948,0.767059562770898
317,2.435336369380864,2.527076300029479,0.5807797123219441,0.584737080978975,1.7264060810416315,1.6784325225994425,0.3461538985805684,0.35705958368880997,1.119494391031172,1.1084826599794637
318,1.6068833889856085,1.6385021974361573,1.3915654922954224,1.3886357860456797,0.1903559021069865,0.22824337169410366,0.2068648282227079,0.20928019806910902,0.6693356902236418,0.6688082124482796
319,3.7405100003319953,3.4149677288766185,0.822770869920338,0.756176665622229,1.1990628455500407,1.203029229245909,0.32300807668476506,0.3308406941864137,0.9716806604201352,0.9938286178963964
320,1.8657628494350678,1.9231754923802582,0.5358493972718927,0.5217569137969504,1.1768146298732973,1.1456204733584718,0.17644998581591137,0.1737393520761213,0.8147589898434014,0.8102477109527743
321,2.2272660610800177,2.063239368248684,1.8715045433106703,1.5790120538794241,2.694536386473319,2.872836130674737,0.29752123674642883,0.2962991221432998,1.1237134932649024,1.129713474057037
322,2.1167668299852913,2.1269590735608914,0.1261588831412169,0.11935257984958852,0.4801658831596253,0.4903288381816902,0.01480413321528887,0.01453769802091654,0.05660416641725591,0.05671387579859391
323,2.0213339421696075,2.0935160279319622,0.1023991453772455,0.1,2.7589964924194454,2.8043157691425593,0.12131347044057993,0.12205356253292841,0.46622593055703215,0.46550121445235
324,1.9914740624043423,2.0574078849937947,1.5504959648954917,1.552792775549378,0.11656152363653083,0.06856418013908606,0.25024129873739565,0.24878499690043893,1.2509951272331088,1.2489951264055459
325,2.3992728661570637,2.3406071771278705,1.7135384496024133,1.6797335929764645,1.5173589504082874,1.4507475232436753,0.046674788387670654,0.04832172721365494,0.16849929672561997,0.1686717728938988
326,2.292904787148883,2.312682831659237,0.8948255726334653,0.8486849909803107,1.5910012886751765,1.5993628442893355,0.3954189258703683,0.4062423246409446,1.4078282951079595,1.4043508575184804
327,1.5236424266594875,1.6006919515437927,1.556131956880452,1.5677959828178243,0.33203180482462236,0.32627326665747797,0.13558903475908957,0.13370235184668697,0.5564693103453097,0.5526672903393676
328,1.9180505194836204,1.9029554378336444,1.2232306536427202,1.1414424828295764,0.21395303396449605,0.24989503374843378,0.11993319818316818,0.11937893179662029,0.3878139200851822,0.3865365203329206
329,2.160913074492418,2.1073465384031698,0.9302471805759277,0.8829810001519249,0.722531265114924,0.7494475289733175,0.21614649650261375,0.22236030245054594,0.7122797420694869,0.7101250441242941
330,2.3562892663803643,2.3502018518493584,0.4470545978697362,0.354897848354986,1.863157286843545,1.9472787597616381,0.2965454326405574,0.3056720841377941,1.4479580402222545,1.4449580357308176
331,1.7783185275667546,1.8132321905714495,0.38767132044676844,0.42136926645803496,2.2331843498072503,2.171556687006218,0.24209676160454277,0.23704083864594275,0.8840573304342818,0.881310907751505
332,2.810107002834755,2.8991963590839536,1.92689170558769,2.0,2.64163865794083,2.548199023793586,0.12919205234462605,0.12545567152680415,0.4084158580243237,0.40909532148657896
333,2.758380264224046,2.5579970113042654,1.5985812499804573,1.508216297176561,0.02120756855074646,0.058974757338613334,0.41499826947833574,0.409303293327701,1.294165976076643,1.3036435324684306
334,2.948578698180738,3.215765773818501,1.9185058225779144,1.958385063802498,1.5939779640073397,1.6753684064987453,0.1255247408284268,0.13142693345427586,0.599796959967958,0.5971488035153342
335,2.658992144734177,2.7237450998966444,1.7508934450049545,1.7649114245234845,2.601259954204268,2.5005013022299796,0.42543558840440354,0.42029900581685153,1.3423409609035093,1.3393409538978676
336,3.2981248287847427,3.751131046123483,1.6349954465377528,1.7077217783681755,2.7964985242171494,2.838643877134673,0.2953208822126611,0.2865513178569642,1.0530006037971584,1.0300005772755503
337,2.7504440135244574,2.5970455469526206,0.6753836949158952,0.6031909652078442,1.7739875259876086,1.789197335026901,0.07778431982891076,0.08168389744288543,0.3499915570461851,0.35191565209335524
338,3.2043179981461405,3.1631036561273884,0.792576588337716,0.766798911034354,1.2102091325766198,1.1659369476294703,0.1616237589312698,0.1584239131611779,0.5295807531135847,0.527100121497541
339,3.475262707584117,3.859050017234939,1.662454527136397,1.6925432189845575,1.9283866982404634,1.953878640500061,0.21289653562268196,0.21224310302679836,0.8459528420744633,0.8329528436016976
340,3.4997686490978244,3.6817083691183194,0.5286897911520162,0.5223904285476132,1.6368473962819032,1.7203178963435672,0.33230897768379764,0.3265373261985827,1.3690453474886273,1.3557956926466446
341,1.7501621808500376,1.770850138476392,1.1727028356772577,1.17566495964679,0.0077447557774182885,0.0,0.012424268535950012,0.012086480887549041,0.05746789066108725,0.058009537621094974
342,1.8478258636950269,1.9019400063703338,1.5081479415720491,1.4820570898287824,0.9887210788409997,1.0471645913906342,0.1727065685965281,0.1812962606033377,0.5199985860944893,0.5216364528217213
343,3.113096154478482,3.2087951787381384,0.7614645679923548,0.8314718155982979,1.8614665282157348,1.7975260978444858,0.15074808370057924,0.15242135274405294,0.4656913142396523,0.47232003660531074
344,3.446617497401948,3.371802507668309,1.3974933520764121,1.3708655402567165,0.2579197893184375,0.18319656526756262,0.15613532706097621,0.15640783036650951,0.5559728898741186,0.5503493195563021
345,2.521303565456262,2.483921760185048,0.36845952386957803,0.3691258979231774,0.41090505616453477,0.38833360177875414,0.14641499715378264,0.14050950338819956,0.5206962658113982,0.5215375695488497
346,2.313197235874445,2.362912414368272,0.9887833372057078,1.1087224672358267,2.6857351032630077,2.5725681695997085,0.06835040349408009,0.06735221113500088,0.32431773598305813,0.32335418081899997
347,2.612400324497753,2.5680270758840154,1.042009754138116,0.9660698525796451,2.588856811261224,2.647297070269508,0.15280238561435375,0.15546692187943617,0.6185113558679205,0.6215293052175891
348,3.933881584112508,3.7937343157706307,0.8787042793023422,0.8668531834376209,1.2036077062261166,1.1615623627212812,0.11381610641414533,0.1132435839567156,0.389526996714337,0.3918318342175177
349,3.0088297123809107,3.170891502313699,0.3691904064929953,0.3849918421563478,0.03776754166501073,0.05032687578006546,0.28790817132627605,0.2923109211932452,1.2512367355368657,1.2399868125065177
350,1.809021729876232,1.8801646988987102,1.134193233391439,1.1459176784522151,0.6120637479441899,0.6418752608034757,0.018207393370872706,0.01768069107203231,0.0546590272896787,0.054642882323429794
351,2.7664652339995377,2.7410995823790634,1.8444515911699804,1.7892644613219684,0.727482807207244,0.7116773748979408,0.036903555639567306,0.03731765394232276,0.12244649449423314,0.12168645332682657
352,3.2848973369100807,3.2931731022661737,1.354275248437557,1.3646416799241927,2.116985104090296,2.112430718098532,0.40735588371523257,0.4031210008133031,1.2475057530120792,1.2515057411513375
353,3.2141260685710957,3.2377052729475637,1.6202653416590358,1.5576670538252082,1.3573045547380838,1.353773131969736,0.30753288306108906,0.3224406664924883,1.2427413738253246,1.2250814121371594
354,1.7078863247295444,1.7720371597200728,0.11806561725817297,0.16419719060809074,1.7551661797458635,1.725635682800357,0.03551222694810966,0.03510346562176551,0.11923114299603674,0.1200400098500274
355,1.7000625279840398,1.746007144429775,1.387143111686438,1.4685393627844217,2.803232078106445,2.7637474403406195,0.19333289025321157,0.19517925343047296,0.7808640160017255,0.7855768567296029
356,1.79276405880978,1.7430455886391625,0.5076880133719267,0.528782636840763,2.1043905172574124,2.000629736494642,0.3816763255827747,0.36130693930877095,1.3731282604494004,1.3772430175359844
357,2.5310871877234256,2.494294900000112,0.7027343154555088,0.6983709049813672,0.9349299458210378,0.907227985804766,0.2589981956341331,0.26431000758161893,1.2489183715668046,1.2632332077830863
358,3.064501602841485,2.949633792632642,1.6794443447666756,1.621821254233802,2.6693495491758643,2.6389618098115277,0.12489855344357698,0.13510436501946607,0.4761825462217988,0.4777782149515849
359,3.818166178697021,3.772957400508577,0.9454394442426652,0.9233525398709859,1.693500640120995,1.6353344989440564,0.15503920107228122,0.15366116438483268,0.47469350675993427,0.4779158932870221
360,1.6876950354270726,1.5934547772221972,0.3041726665319646,0.2842771888525563,0.6976848007925052,0.6437729108901902,0.20042752638358663,0.20343771597145113,0.6080697789082524,0.6171651905677745
361,3.325929215700583,3.3535203505680053,0.43076522103537773,0.4435255491031077,1.3620376789819342,1.3118454402594872,0.19939439346593366,0.19566594547293234,0.8664108244127506,0.8599060631062168
362,3.4736596520438887,3.5025852652565894,0.15709132044291976,0.14626399305209797,0.6053539990889033,0.6557166789854044,0.0789139434137945,0.07866183683801203,0.38924240035501295,0.387269622002394
363,2.121988175197274,2.1942393599091914,0.15190759219013422,0.25341375937609667,2.8844245975008396,2.7674239602090998,0.2761436186051348,0.2855986661247457,1.1162105700190197,1.109811333806411
364,1.7474075229598123,1.7751013890070688,1.1833509189348854,1.161327313738669,0.7843560781123137,0.7382237094142837,0.30414250627074385,0.3057293235422939,1.123605822723509,1.1110171151452273
365,3.8743529201488163,3.725552141963415,0.8581217197675678,0.8204039930786431,0.627629837018134,0.640280408132389,0.26510913114162493,0.2648838602819129,0.8528520241194849,0.8625261877904458
366,3.7329243018267744,3.7788749935881083,0.7200840991160561,0.7209360080689582,0.5487649926523748,0.5538166371164767,0.1686065002278763,0.1751647539735098,0.7638272286013421,0.7625861575346137
367,3.978595467920772,4.0,0.9889227318770394,0.9852665548959498,1.0294358512055828,1.0069956625423606,0.10026678820111412,0.10036463699659265,0.3398074333426654,0.33759254149208184
368,3.0496000222972484,3.180130393320114,0.5910169302778722,0.5657187651532425,1.3936994552650614,1.4596056229735583,0.3027197851104887,0.29946939580679466,0.9529534090792222,0.9522442255882687
369,2.902178550564007,2.8459534543406244,0.7457162985479895,0.6944342727273543,1.685050928102891,1.6740481568674153,0.287291236415147,0.28749422612387326,0.9371358335918023,0.9371358336063155
370,3.5780878381744774,3.645127677945307,1.6499126993302284,1.6925135096297013,2.987660334648783,2.919360907542049,0.06747385685275888,0.0660228909851718,0.29380789358580844,0.2939689267197556
371,2.578213584465413,2.5399993597025525,0.425978876252055,0.4002219203765314,1.7340993106969997,1.7152305743445804,0.15268253800209866,0.15094303907201126,0.5108298988820746,0.5114234475933809
372,2.8880506363847442,3.0299248955997005,1.3011018649099868,1.3649758681028776,1.2509609661521401,1.1774805872455851,0.3806147716609525,0.36815534412894574,1.2556656978114609,1.254803215425432
373,2.3960878768790783,2.398185041755059,1.7775253626265555,1.678703567394337,1.551495375814584,1.5731602403136282,0.23835375664339814,0.23796315771420495,0.8220073340969187,0.8160073295730579
374,2.4011267794414497,2.387808798491603,1.0314060663623827,1.0138538643822343,0.961072261580203,0.9505379217525163,0.27891840954434877,0.2694300907130811,1.1530547371124016,1.159765824736441
375,2.366059188793936,2.4168385428964307,1.7206594243102382,1.6603496567385765,0.03178012063486979,0.04244284846798926,0.29082507605726116,0.2876516693560941,1.090183104866722,1.0874298810140732
376,1.6943305611462147,1.8309738869721341,1.9645317265102666,1.9593324591605583,2.690124760466859,2.802364301772395,0.2617308205893186,0.26591973149317505,1.2084351731478682,1.2034351193531554
377,3.460327082255197,3.448110758303422,1.292936286614792,1.151182320649551,2.248264296163047,2.377411002767843,0.03432155592295248,0.03597334740454423,0.12844295866787703,0.12812393911135686
378,3.1053549136667935,3.0846097001232176,1.004513135047367,0.9760449142638359,0.9099708317046766,0.8934827402482919,0.07499688970455377,0.07589823882067481,0.2467279097030251,0.2454665873678473
379,2.280566423133303,2.34768717661973,1.4524892328251617,1.5684521612489546,2.0865402227399823,2.04655328291794,0.11201040588998973,0.11281900445332993,0.5062898215528336,0.507775990266684
380,3.9477846970096246,3.9705262809726225,0.21975282643021204,0.21187836338572355,0.342740267878768,0.33690422918412033,0.3200609650636631,0.3149069288419182,1.4117970076772464,1.4082107412983036
381,2.1447999668087547,2.1013207122180892,0.5427828944233539,0.508797025035357,0.8161281827437241,0.78011275232134,0.17651727480781665,0.17663626464199955,0.874055460411114,0.8655501549900129
382,1.5189948430925688,1.5,1.7593915750970277,1.7582167502060335,2.7944404775476173,2.673764291167335,0.25817659115992503,0.25640312762671197,1.0235169831525874,1.0262165860533314
383,3.1537443111543464,3.110246643261,0.11467633746995472,0.1,2.054916260133311,2.121618336570585,0.13543852153793923,0.13428015351380468,0.6191339573700895,0.6223370910744228
384,3.465481935640504,3.8349275394993643,1.442988569493685,1.5679913298443091,1.577787688610786,1.5457964107044686,0.3401536952723207,0.3468480858120271,1.205651862560149,1.2046282263135115
385,3.597479245123027,3.909680260120153,1.6501142199902283,1.8005729670424626,2.967942155031332,2.86471558365075,0.09639398608502663,0.10180915543151205,0.3358748216557854,0.3317934528880432
386,2.7898815562466512,2.9926075615109964,1.4120979216506073,1.4951568954095773,2.5299093996108946,2.5078398658984,0.13625815683880294,0.13401443647755013,0.5847661378440107,0.5793974157714599
387,1.7087776720046683,1.7500519850615002,0.3032972582930356,0.43650022797561183,2.6813870815154432,2.532096161046634,0.0778448730964199,0.07893375890726569,0.25516567016648434,0.2544712972509626
388,1.938262175814543,2.0748923886212083,1.0080580188970292,1.1322534975666918,2.833868875240748,2.788985646070514,0.17229834782161021,0.16893710014322144,0.794013328070029,0.7870132886322223
389,2.357380461035679,2.277540708804466,1.3205943758572802,1.2388414422355343,2.975957036054224,2.9999415244117764,0.1262887179269997,0.12409019488492655,0.5354285357807229,0.5354286472509397
390,2.1673391117934497,2.214202862734082,0.4830290001775944,0.4724215760385727,0.44411799914357464,0.3920371270729868,0.21720780727857086,0.22245055801638614,0.656612619383075,0.6449582887293461
391,2.8334371550169806,2.860560099622473,0.5340483930507377,0.5423357304975032,1.1790335547856263,1.1823721450680182,0.21865167254039347,0.21560481660140168,0.862700408480712,0.8631229856445024
392,2.213493916664504,2.280503406182147,0.575073026146429,0.604057518353707,0.10265265355178466,0.12761486988443052,0.12515478878013578,0.12382696824513834,0.4154069553318649,0.41794214856625816
393,2.1734030475341832,2.23207253976706,1.721863861378526,1.7277160035972605,1.2823381368109708,1.2523616982453816,0.046707401588120076,0.04560518624470489,0.15880780341199585,0.15992938389071318
394,3.157580132451543,3.0181178931814423,1.9168038911682366,1.837837205747151,1.3207975612279403,1.3319031069944645,0.17602921323200996,0.176583204603035,0.868061909989076,0.8718972562460435
395,2.4948085450723267,2.5462424801882144,0.9308342539952036,0.9047278746018058,2.3253568833707594,2.36135974185542,0.07513495099321549,0.07635906773009601,0.3329583418502014,0.33093672059347035
396,2.164350635159857,2.1915397165964032,1.1095811834374723,1.1097692863343709,1.2736683916787088,1.2556969920672245,0.26502946786910747,0.26317564402359894,1.0038689214490901,0.9988700052093202
397,3.813798557434876,3.7375134724488617,0.3891048920461764,0.3552491295679528,0.943566355737516,0.9487056536660587,0.17556297797129594,0.16843008249447416,0.828313900501086,0.8174987403906662
398,2.1620095585324623,2.1451659587250504,1.8394508557698201,1.7927544747448632,2.139566581289133,2.0702195788129543,0.03058442893445117,0.030159329347888293,0.150729284815557,0.14967575445502138
399,2.675534619434841,2.5820940694966175,1.268401046794071,1.2336400734746193,0.2562772656585287,0.2589189416934767,0.3319626397255502,0.3529006658266587,1.1903822768735972,1.193382337361965
400,3.345185637445395,3.3628938962279897,0.6986460529370304,0.665800114555476,1.034697139543177,1.088820942267941,0.18286737501032868,0.1791542504651155,0.7408117735161348,0.7436256119313184
401,1.7677829861659022,1.7833888450101612,1.357104355114642,1.3460506777962333,0.8839918998099455,0.9051058267609811,0.06966852384974893,0.07131072546715478,0.31361164271915837,0.31376826667687796
402,1.5093229257902596,1.5012078926273147,1.4972406978253845,1.4227107260244416,1.3884246537898548,1.460154900609049,0.11158648647931267,0.11016468583075376,0.3610909225180548,0.36205214887148585
403,2.907371593169759,2.982459246632651,0.10135087121312175,0.10073757024381598,0.39496647977708543,0.4418614073886513,0.19224030537790018,0.18853510099520565,0.8455688513976954,0.8433522815019882
404,1.7886295154143679,1.7232188110682387,1.6014968971704044,1.5270804867061196,1.9804125415163867,2.002000404424513,0.3683699986487692,0.36144420612104344,1.2202701326757557,1.2319235625983094
405,3.2861944656068767,3.17337176655529,0.30135848712570174,0.29019738095959413,0.43641120171549475,0.4300018383422834,0.23760506508242418,0.23851447087645736,0.8584760261062634,0.8608665764552733
406,3.593042375574724,3.5880229275779683,0.8303627316793853,0.8803017078268562,1.8965573616308373,1.8038353290536309,0.13685472425940265,0.13926059397914406,0.5901415245543754,0.5965006794525423
407,2.662199938553122,2.6829358724846384,0.5167878880079684,0.4833231579684586,2.153738421129024,2.18572952837516,0.3938847384203188,0.4084695390078336,1.2608132636276894,1.2548133794795382
408,3.3443108229211527,3.3179837908094947,1.5864633118569411,1.487284576107041,1.6397801175385798,1.7183722779134785,0.18226509849273792,0.17903233919640027,0.6305468157062951,0.6431305826717366
409,2.6273687772375207,2.7055931396765374,1.9460576748585765,1.975952525372043,1.4587292789632964,1.4322785957310527,0.18493259080554883,0.18743939754675362,0.7477842750616502,0.7524272123430742
410,3.608476434368179,3.8766215563808326,0.6997395828160584,0.9908372921032514,2.8975417055757564,2.5294490818886377,0.26763430428697743,0.2638669147629097,1.1339111584211823,1.138791318823881
411,1.5782415839791666,1.6497223845788966,0.5009925506841564,0.5957339563621745,2.3065349751171302,2.220234037445847,0.34120929984169107,0.3572146518013447,1.0804047056933908,1.0744046962621974
412,1.9289263654580646,1.9967285629190141,1.4732866595918794,1.4557802189446767,0.3682044920895964,0.40265126287478925,0.16728572797470936,0.1603297665750323,0.6619919681036027,0.6541936193763708
413,2.001060612385988,2.007520378167512,1.7799087160013312,1.7899421820408286,0.02999599848889456,0.027145878934327954,0.035730917142404436,0.03720982098584483,0.12730749772389627,0.1281655506195908
414,1.8509213532126398,1.8126161216702008,0.5769359938430847,0.53785627271108,0.8552966566570629,0.822870876173863,0.3294217087672461,0.3219529346990184,1.1835143411070899,1.1908935228907507
415,2.4443358019264547,2.4514469383982407,0.6378265096566187,0.6348380137840584,0.19260164851745665,0.17504192619003678,0.33344891635059526,0.33145550770347326,1.2513203477880166,1.2506425606159737
416,1.6497666464938412,1.6411672081361823,1.1267061495821424,1.0900226784381817,0.36826219515543557,0.4297828905883186,0.19788320790953676,0.20251696410280184,0.7872283779122679,0.7949362625234241
417,3.4939085090851374,3.2455675824575816,0.12263870307453949,0.1,1.7085822371662158,1.6499153007868192,0.35350434452105245,0.3566471747671841,1.165293852890476,1.1832945601774667
418,3.369194338178478,3.357300717486888,0.44024505425014226,0.42083831703234953,1.6050144355906473,1.6300984771681992,0.12176346263313897,0.12155593274988459,0.5262179813027028,0.5249657904383765
419,2.210720211693875,2.131572163932262,1.244463234212596,1.1644069980032488,1.7181059184188805,1.6138458700766987,0.14389584517026616,0.14668456098737295,0.6388980872354586,0.6352374923346193
420,3.885660215965003,3.7942076150844244,1.2619705749297925,1.2339481551983122,1.1628533405313526,1.1128795801117861,0.3240123777673455,0.3232017133280939,1.3710464075084225,1.3689411857082117
421,3.1327568490986604,3.2139710412834464,0.21418251069028463,0.2641695327644724,2.238025158815719,2.158245650535098,0.12199946531295855,0.12287757075572772,0.45003488335127523,0.4438158030974341
422,3.3458272698252207,3.437616786472765,0.41321018407737886,0.5309644390744757,2.2262950035121576,2.0106039541259,0.2960969238594711,0.29770596082163864,0.8912936944432565,0.8968854006744255
423,3.662092521053696,4.0,1.5623159704818022,1.6381219247874677,0.5811596091959182,0.5986411350572494,0.019421287237104977,0.019747791847300945,0.06585080776376792,0.06641845585249657
424,3.184140904763507,3.1542436205743307,1.4985723731675613,1.4590341020856328,0.6842837332284741,0.6695600772802073,0.14596867343547426,0.13926590804994676,0.5579541302294667,0.5570708620386986
425,3.535157432619324,3.7590024032762503,0.6626553163139505,0.7635071599771847,1.9746467610351641,1.9005487304781294,0.0901798198358255,0.08933106557533269,0.28141852028741515,0.2809150541805095
426,2.5302171884474354,2.87797216703127,1.3660860682312244,1.4324563026371875,2.1068643526628645,2.1890916489544994,0.39538264039162413,0.39635773327780977,1.208176999121107,1.19417710625567
427,3.865779986688084,3.9296634507975248,0.25866451585757994,0.4845015549865753,2.6489040285689938,2.0824843540611826,0.0894825738475997,0.08703593568017001,0.305644295782871,0.30386687908156734
428,3.561063592990144,3.5235792104134895,0.9178352407955376,0.868526777073203,0.43822577371836524,0.45335954191792704,0.12509938990867975,0.12346826097852842,0.4834013044737816,0.49014349647957983
429,2.3055635846665727,2.318889964252894,0.601952311566758,0.6019316662223823,0.9123519078201433,0.9454223409697525,0.014618102312709722,0.014374899982636278,0.05468554774297238,0.05514496693885432
430,2.218663393238584,2.0737824185363,1.0400428653692966,0.9527624235037516,0.5618637726334005,0.5401685524606069,0.04289056362731082,0.04306973670638239,0.18300187497295295,0.18379894803524396
431,1.7538596328301048,1.823728912197556,1.2920491304212094,1.2576968399772102,2.089394783849797,2.086245938713259,0.18476265610648399,0.18447789465040831,0.7863793092948705,0.7803792322055981
432,2.1866737418595776,2.2914253384050864,0.3441582754224658,0.40853029983627415,2.1253951129762125,2.144422366024968,0.04530551055388396,0.047083265445068315,0.21462456633338228,0.2168996318265367
433,2.5596375033418584,2.690040564722807,0.41711550625090976,0.2890143299349145,2.7115325367974314,3.0,0.32123077541692624,0.31855689210894916,1.0449443868628845,1.0383768059774718
434,3.6240513489660193,3.7623594068827098,0.6325331357614287,0.6396588463985069,1.984534145147025,2.007669369490397,0.40177499007881373,0.39071447460300573,1.4179924466886256,1.4141230847460255
435,2.4948951518691818,2.449278130113482,0.714664240841055,0.5216915716372451,2.13344888610566,2.337438259949181,0.09275607637876397,0.09203146911492874,0.46119857767073263,0.459913462907053
436,3.153391716344541,3.2054769957763587,1.6652450637779,1.6229655875027496,0.30039359132483767,0.336350751541159,0.06798545600684813,0.0672015541581137,0.3381655256415334,0.3346056778519647
437,3.761933288369829,3.7563685536883087,1.3134121316212295,1.2980170824301964,2.262949753385052,2.1873013444895997,0.17848561248246553,0.1770669586727731,0.7224725617890952,0.7201861242430484
438,1.8109865106036436,1.7523596760956661,1.38888127116218,1.2289123499086663,1.8731977572819805,1.9973281982522169,0.3023773623319347,0.30356042533677885,1.1667137865032107,1.1697143050128318
439,3.5767824404912427,3.422930963366937,1.006000883236221,0.9782088000542314,0.19929723431828872,0.19251798434806675,0.07568948121480785,0.07515169076841885,0.37507496856812406,0.3794362527193524
440,1.7880359832082418,1.904023933711756,1.274035535109413,1.2850971420310628,0.8217496117051308,0.7879627921357346,0.4149206076395171,0.40736424228643664,1.3530017075424325,1.348001023198926
441,3.660381164318374,3.9229723538990378,1.6870359270761637,1.7229447075560618,0.5738260659566968,0.6695437233243815,0.10361665356343923,0.0990157261881193,0.40210846302325365,0.40086229567133047
442,2.122701808377556,1.8772146524129174,1.9698866915375703,1.6450480777802685,2.4971712461591244,2.63839302456583,0.330995300388553,0.33461704924601926,1.2661071038121352,1.2851070965828968
443,2.1821479458014874,2.340483769189788,0.38484153211735694,0.5594911763359096,2.4018767073530003,2.2369948092741785,0.2139245188937126,0.21034217462028665,0.7020923674549148,0.6997838219734396
444,2.65410212841877,2.654142264834636,1.3984930702060991,1.3602953198085659,0.8468948445580233,0.8859035239804749,0.13918940940039293,0.13692314203641556,0.6856784935884502,0.6915085354264773
445,3.885825956055771,3.932116994305834,1.7776781073192607,1.7017637678269832,2.114954744537203,2.1611351389340827,0.28562927000524935,0.28664096529787003,0.9043306991804021,0.898330715948302
446,3.3986448039896047,3.56721422837986,1.5607627565886324,1.5729298719535256,1.391372871600306,1.4006674295003416,0.1794696062472438,0.17894093341976203,0.558854655945992,0.5518239642244683
447,3.6713283362664697,3.5913192358892383,0.10332820251022456,0.10299022834175328,1.1198210404621816,1.07251171076544,0.03407974770361723,0.03385671423368914,0.1074313657168956,0.10610587293550987
448,3.9539021435258346,3.988730012275064,0.12118265854525044,0.1,2.3511656859731245,2.4524758505885726,0.04243054479737429,0.04338573087516245,0.1675444022045268,0.17019272727100737
449,3.0790062536860314,2.9141641639156934,0.6017481547685019,0.47459540836045455,2.8446070433848494,3.0,0.30690939671803075,0.30777403196865893,0.9398269415509932,0.9489288410635884
450,3.4595212246383444,3.4707340984731143,0.1303697320439554,0.1000002228436011,1.35612793542164,1.4156865222004278,0.4159867602791851,0.40074856779473733,1.337684476493533,1.3419807792196652
451,2.244977863012088,2.397725282310607,1.1136099728876234,1.1896908124133234,2.45871878019642,2.4820422945063743,0.1917786688873096,0.1947245002295184,0.7225120116071834,0.7166786442973007
452,3.331655177509286,2.8955042809312914,1.4056158313143132,1.1681691798130749,2.5530606089994903,2.774913979598094,0.4072639295683332,0.40033580715145833,1.4356999572320535,1.4686999395327776
453,3.5579540329209953,3.434891831131621,0.6336820449655585,0.5670324390099977,2.299979755851183,2.3205339070054216,0.31996225465401396,0.32148172763091526,1.0196621236651495,1.0218964522784546
454,1.9801940561696285,1.921279068085849,1.6498123576692965,1.5619169771247587,1.9017818066161993,1.9397242742353333,0.048243284302688205,0.047205984959715376,0.22945201673000226,0.23222797337503248
455,3.0370379655072495,3.0485859883800446,0.5148489324211134,0.5296142158026741,2.0660230200917895,1.9920697639818654,0.20706246472385786,0.20689237772358327,0.823152538463652,0.8220512553849536
456,2.010035828733516,2.12801275540488,0.6182901687937966,0.6819430318393015,1.3566354436136925,1.327155850348061,0.290701944399508,0.28391613081033223,1.0545950159448008,1.0572427150870864
457,2.1031525995602154,2.114250516086632,1.8408462924619156,1.8602872181807337,1.4419254829293808,1.3158985025470704,0.28335999300313086,0.2811984846026512,0.8620917905469047,0.8630912197853118
458,2.7593907297097644,2.6450970556048348,0.47963986257371627,0.22900931980770375,2.627075316971445,3.0,0.39581486870450433,0.3989978685354259,1.2326901712597986,1.2427307714535474
459,3.7031515342413726,3.6870305486915185,1.621664517723682,1.581573713904396,0.39704435819782247,0.43798084997866427,0.08261702530049614,0.08399605561365149,0.40040045215793074,0.4012979972443166
460,2.574653455308576,2.7363281294479678,0.6919480630392654,0.7505373550248053,1.1305593565762124,1.1330189494583756,0.2661213164073267,0.2651282466668011,1.2675730149930962,1.2807204898670397
461,3.985083128465803,3.771034480161082,1.0447338551854826,0.8945485467533238,1.898760144876678,2.0117478768536947,0.03600281657939469,0.03703354662846865,0.12147645850651045,0.12042013447218745
462,3.3038889214926446,3.2188156251489146,1.1839094060692061,1.1392329910003849,0.6033307752587326,0.6489078755796795,0.031184343054969952,0.030915380257386618,0.1425401197060537,0.1429842543187993
463,2.767242838462986,2.7695047429554447,0.5577565577206339,0.5495161383671006,0.2528344389451205,0.1940588204818169,0.16355895928794112,0.16422970513803445,0.6134375696272492,0.6268797261469372
464,3.186458634229324,2.8727159121002948,1.6903570380658193,1.480398319314496,2.482209632556718,2.570721826812879,0.17592390002488614,0.17703426029060138,0.6578021357087016,0.6686943486396866
465,2.747489297563656,2.6507011944913783,0.1606901893113517,0.1416727884563538,0.1681940061338677,0.1921043071678823,0.2690580828630319,0.26471371607141186,1.0991101696086336,1.0838053233514884
466,1.686147075366746,1.7404834702931287,1.6846118338141172,1.6551864339681657,2.2986773667267926,2.2851510692463624,0.10919712322902354,0.1097782398952645,0.3913236878256515,0.385323821324707
467,3.6604811481035773,3.3731121005075084,1.2950105136083792,1.2239186771955985,1.017081506606538,1.0360677057110015,0.3086463072166374,0.30329255324381976,1.118229171321641,1.1434277625258018
468,1.8670861278428983,1.9286105368803297,0.9756006511889969,0.9526605644091136,0.683615280625044,0.7230039342809553,0.28283007414897243,0.279701883235984,1.210747370570363,1.2062630392454499
469,3.9460564088298726,3.994553521457865,0.501483157321574,0.49730407733004167,1.1584424945034213,1.1616179283490555,0.18417560234758615,0.18621878640714823,0.6977682616903268,0.6963335669580603
470,2.7657947641984877,2.7335162823293873,1.2020839405584414,1.1437745466915494,0.3182787946157517,0.343230600528038,0.024380754673091885,0.025260485391944656,0.10638727968699252,0.10543432047054334
471,3.99376122784194,3.9999999738701355,0.3219471871706558,0.27884547169268115,2.5280310766820238,2.6312822992723732,0.1748778890569068,0.17626146938983653,0.5626435124178196,0.5626434598440535
472,3.2242484905212363,3.2701200257942493,0.9577189003179282,0.936944475339366,0.9517548939393002,0.9930691739415123,0.07147115464531867,0.07131205017475463,0.27969056604046527,0.27856148858856994
473,1.7670261767503805,1.8384363097225775,1.4797490312181982,1.426893099027222,2.286496716827261,2.3199936996674952,0.17751122204957656,0.18372770107420783,0.5914548965222554,0.5804549152833279
474,2.5149404949728407,2.553784631702628,0.4514913855425955,0.4214158026501069,2.333754613060072,2.3461546990752526,0.07345932670348451,0.07205422202700248,0.30275139116973027,0.30212449271772956
475,3.516534755984025,3.44186392553643,1.3151352762993838,1.273684131896099,0.5298899112538561,0.49736805242264315,0.17197569407705382,0.16859132712661618,0.5536639964935726,0.5645832097463164
476,3.0809519629115396,2.816582734455978,1.060943739908574,0.9631309145113939,1.7630248736327463,1.6879684074309578,0.36395455692420653,0.37123587272505787,1.3332954828602623,1.3302874331319812
477,2.148839614363427,2.0448468466286185,0.23601600654424562,0.1,2.4221824053139436,2.6642319217053174,0.3669921961952397,0.35168050495267755,1.4300682099535078,1.4562021393933207
478,2.992817927289452,3.0312590061221623,1.8895850306602453,1.8710004126573516,0.3347234123377023,0.3654634334492128,0.06368095082229439,0.06258102355522868,0.19448647671269415,0.1942807251514539
479,3.337415128399389,3.5917876406206357,0.6760477610094878,0.8415242723631009,2.02493776723258,1.8755094551833609,0.04950073916553908,0.04967988532330696,0.21234405549821267,0.2102715639561218
480,1.8223450703129114,1.757708872833682,1.372519167818223,1.345674484581612,1.4489522640466932,1.3397232371275578,0.34892188392292833,0.33573457637467163,1.1066575271049337,1.108657517438474
481,2.4763631701309294,2.3492130796650113,0.8068766615271443,0.47916220767950946,2.5341735929883322,2.8400242130933684,0.08674357765597257,0.08704485784894954,0.38350682247969686,0.38709649780766475
482,2.851296453302182,2.5958118197624698,1.3036692948136421,0.9291637358662558,2.673249609834952,3.0,0.12282936484979395,0.12322285100374956,0.523761415627034,0.5240107210927938
483,1.7181285320991715,1.725240813554801,1.9859345426988053,1.9303948185491226,0.09872653800484743,0.10959762780867734,0.07197430457704988,0.07222233014211543,0.3572263649712801,0.3648678420389774
484,2.337445908533458,2.2976035719790207,1.683403808540755,1.5557914859120592,2.4043054894496483,2.470053051772387,0.22014647706695867,0.21382823524017477,0.6722157201384408,0.677343828216953
485,2.1766527059390564,2.292375678492464,1.9401723448246164,1.945311643324839,0.09331794723331888,0.045274837785430455,0.11520213665462103,0.11407342479493507,0.4922973870452059,0.4880881986637698
486,2.415657509746027,2.376892941887842,0.5363230888407364,0.4110338259264089,2.8812719961900273,3.0,0.03359649926187535,0.03407218532574739,0.16486395186308006,0.16480606904998765
487,3.4943079510154993,3.3274215608203,1.5674609492845717,1.4809850960245645,0.34144448804494965,0.34622166049403663,0.24094411230723728,0.23720401468641938,0.8982786024204632,0.8934527173614557
488,2.232755978623492,2.246161377113867,1.4361925389572459,1.4817304778133282,2.0366689477321436,1.9952191057633817,0.2318153830684407,0.23663369288562935,1.1347255088997363,1.130738376950157
489,2.6831357018841526,2.6665892862975786,1.8897269044887566,1.859606159645999,0.1813251596929184,0.15456388003726895,0.16885117069769226,0.16802568777589366,0.828203713856403,0.8293726226176401
490,3.3543024533413703,3.177943267433518,0.5600119074642372,0.5332772741619356,0.26956151501823356,0.2518750712916691,0.08519926355250407,0.08518465161300934,0.4055989461066471,0.41219627987285207
491,3.3906002068438212,3.4537408176397286,0.828386544305171,0.7369107246178388,2.788679264656765,3.0,0.09346088248983041,0.09741452437842123,0.4381488010039277,0.4327964794792
492,3.1215152135086264,3.0798630757070624,1.3343009193225208,1.2671456856168275,1.6319732734265664,1.6177609116193208,0.106010799022459,0.10519264291773879,0.36738249590593325,0.36775872073090005
493,3.5254118295995256,3.6509119032276303,1.2068424408985028,1.2358068752278544,2.713532563936127,2.797537421295386,0.25948700273600883,0.2612086306472624,0.7982838274825031,0.801399937834148
494,1.9363071771772575,1.878164097996013,0.8603333514013416,0.9078963418612862,2.1252244323550027,2.0235831469555166,0.3083210923937636,0.29882323519225706,0.9692319796928323,0.9792324960505261
495,2.4028042896817037,2.5511988946981794,1.310414959326282,1.3305533456114536,0.38149564282610327,0.41836194758778494,0.29766126786354175,0.29489975783979255,1.4533287088889668,1.4453321666760575
496,3.9673759170663216,3.9990044757148038,1.4792605158347638,1.3978980186764784,0.8688592954233496,0.9511002862762685,0.2582714404433314,0.2620311766550215,1.0273910074070736,1.0120512598597569
497,3.410062800515769,3.234135077825658,0.8524838711733644,0.8396598835167981,1.7147362866308349,1.6397136786559696,0.20960275894846986,0.2098775256846446,0.7583826930758802,0.7611083832308883
498,1.6164286133393213,1.6010966681938101,0.8842280682141539,0.8634406020350871,2.477647059555604,2.504698372150934,0.1980752252087273,0.1911411777749314,0.864703271229397,0.869703262299498
499,2.836831832673518,3.059054303448211,0.6322143157045556,0.6640435477745996,1.126288012528998,1.1911909444921862,0.1717408539974065,0.17021918885581305,0.5156224818125401,0.5160257319199753
500,2.463653032541563,2.456837317335672,1.9343263412866143,1.8537114375516204,2.0762417185593964,2.1613016304136994,0.2695340959498302,0.2635189601093453,1.1485635737434332,1.1563838363354824
501,3.062388228281202,3.1828983032263003,1.3598778536249039,1.3813847113345519,1.3361381939676642,1.3671971670828946,0.20083935651121135,0.20861651463598468,0.6645757699886874,0.6648106962777811
502,2.344677597111073,2.3984396586848247,1.2508639699233444,1.260988497152061,0.2786309755264168,0.3198072428304979,0.18406110563820505,0.1780914257907761,0.8682498864678144,0.8659518558076099
503,3.1493485613398082,3.0019276234503343,1.8228368454798123,1.679783020936366,0.6403801603851854,0.6380451215721037,0.15203027289437204,0.1472274474869889,0.45890345150581613,0.45172576404989806
504,3.450258991885931,3.403624032910239,0.7758846138765018,0.7723860268345065,1.077508185187533,1.0551234850211235,0.18283830171086687,0.17481365028296925,0.5810081362793613,0.5696226174397919
505,3.2051191155606693,3.322347244008885,1.283990875440492,1.2834025161029068,0.6279460623151646,0.6249582166541287,0.30490982856595494,0.31250152334372816,1.2471683907063051,1.2460587983246787
506,3.3818090375605356,3.2398509114893828,0.8404828761697368,0.800981117390257,0.6274062395093724,0.6015117345496096,0.1010599037750702,0.10175783424639571,0.3923717191171228,0.39717093660035935
507,3.141183426820464,3.0869311547247924,0.31793607650018796,0.1,1.9594455978802723,2.5034664601605785,0.2869179324880817,0.28919033013314766,0.8905112566178999,0.8946563705810551
508,3.8318105284891284,3.574674487022893,0.4190349336027229,0.10000200495005514,2.172696478828163,2.895365400613147,0.08636670325587346,0.0871772879444723,0.28917181879110954,0.2912671328232358
509,3.8704220784968015,3.9341586339044903,1.5912444069500984,1.5711224296414774,1.0522031522004758,1.0876984790842115,0.24636137062984056,0.24824294544642173,1.0935223747808538,1.0926369113795933
510,3.1454106515982843,3.1474590931325404,0.7792175293364931,0.7770878887648426,1.1288744042504453,1.107395034979786,0.04323081978832359,0.04178874242495708,0.16183073531988412,0.16394727448279944
511,2.295616861719645,2.3267444228303886,0.132449361490859,0.13512969002651895,0.5800569550054986,0.6120200689978216,0.4446766332006415,0.45490030737462844,1.4777663844091684,1.4837545280950388
512,2.0362438201543025,2.0914822560438804,0.8857971719436266,0.9103758298432938,0.9203005559995363,0.9354961677216809,0.10564839981298556,0.10410803868420963,0.4994536974023754,0.4986058888364369
513,2.913038020429923,2.8829517863064478,0.26739859917308517,0.1673780474485677,2.7754406509902143,3.0,0.3010412899835151,0.2968842168238729,1.4853693876553478,1.4955494646113916
514,3.4938127054623322,3.6498827657659807,1.583436236964087,1.6128461846253537,0.17206282667877082,0.13994830269902472,0.13645103207571896,0.13294240747047253,0.538821490433591,0.5421712040892283
515,2.0416061085505275,2.089395678224138,1.853839378720049,1.9999998576214597,2.846085816060653,2.699639783837635,0.025855756107218943,0.02501345467732046,0.08884202986578253,0.09007010951325871
516,2.5801253587331954,2.480673860395919,0.7985455571384259,0.8694379069541989,2.700293808722577,2.652332941137934,0.3216286915791915,0.3176578266659834,1.1997086857230772,1.225708681075297
517,2.3306992594042923,2.3272230409495602,1.00111797667228,0.9366245461868645,1.5710667939374312,1.566870481498135,0.29112774146482584,0.29348721105491626,1.0476580589763063,1.058658076417171
518,2.2619499793503204,2.2208818223889844,0.8203095072587187,0.7171636940466428,2.074475789354948,2.0857303454391203,0.2497664213195155,0.24658240153731498,0.8911784697359717,0.8921783725376227
519,2.6147750716688076,2.691365065621306,0.16976832076682913,0.17698368683835952,0.11543487233098515,0.1264562738191433,0.2297102559548395,0.23265942511319387,0.9076327574100721,0.9094401620869329
520,2.374204565297104,2.4133152747791495,0.337630875605899,0.36456536188756344,1.5542859442783539,1.5144797798532745,0.337382715537803,0.343801213411832,1.0548330027569353,1.0519529253062725
521,3.6281953913520626,3.6599749708547593,0.25639172158277934,0.24758888495293865,0.9357225281743888,0.9571004346562517,0.0934747644672113,0.09347192054396201,0.40333008846133916,0.4050991454216051
522,2.391737931950697,2.4962907915968433,0.5236833689732134,0.6701000846602245,2.528985704157576,2.3675733450866803,0.25088444325861936,0.25470883017923396,0.8138712532144322,0.8148737564881441
523,3.980446760745914,3.898436582852291,1.451189746002583,1.4182607122419848,0.11556410863184408,0.11679655094763423,0.06828134971271868,0.06986629865544801,0.21541722334943514,0.2186708299578738
524,2.041792326678019,2.052175922804591,0.23398733642128466,0.21207490003878904,1.2574735525152672,1.3105875357496641,0.33308795373994116,0.32759114772876513,1.252651239223913,1.2614000384943607
525,3.652850441195978,3.52070494170526,1.6546952375751598,1.5810381892955472,1.1305952858321637,1.077465241503706,0.04032337323265651,0.04108653826270963,0.19972471842472916,0.19900858212567532
526,1.9300777971983563,1.7712052666774145,1.7280593082631335,1.5571611007194452,0.9008580015834026,0.869697202378531,0.2607954172488706,0.26141510226920706,1.1067945973219655,1.122183886287249
527,3.029774868190705,3.070021101560065,0.2552282740331524,0.12881521531079693,1.527083661270312,1.8664563321471714,0.05965524091275824,0.05713611657589597,0.20041861416611584,0.20059051433166092
528,3.031677241061643,2.9649048424381474,0.7030044375834676,0.662291230468433,1.1756617831573666,1.1912846211179173,0.2239206438432414,0.2327762474976451,0.6793498687914742,0.6827436962412704
529,3.5901587616291124,3.731493862193989,1.0442883549407116,1.0307143803845928,0.3328846217896362,0.3400306408423358,0.17594291776224985,0.17181948258647367,0.5329504259548655,0.5311995107041931
530,1.715056720938511,1.6155557562814458,0.35340695854602533,0.3089693519615257,1.2106756853009717,1.164198886566659,0.36712591275517065,0.3640474350204956,1.3705327276960384,1.3975324633285013
531,2.2300509288647414,2.1860798041255043,1.8945082509196896,1.8056410824653213,2.9264802971256456,3.0,0.09258104439499737,0.0918303702620241,0.4048014217221926,0.410727770804838
532,3.2050639873633986,3.337015025596824,1.690031284412412,1.6089192914462047,1.9842574247117355,2.0184956312524505,0.28320171113512516,0.28507452704101743,1.0996590291197879,1.0871122556797006
533,1.6159139933451117,1.6836693332176187,1.62365971532475,1.7173323398436942,2.207087446517405,2.1242137676172534,0.10431414920610148,0.10137006242110645,0.3611153655057685,0.3622457968211713
534,3.4387050365392993,3.55901194665127,1.7329388534994798,1.736466685242021,2.3405451833543536,2.269114245328362,0.29328453379081476,0.28581890017409234,1.196272383532992,1.1902727857171218
535,1.8186298755450065,1.745493019972954,1.756166423737003,1.5965825450436397,2.2891563444354386,2.3760603933609175,0.3969058114968055,0.3898688719545942,1.3885968301142473,1.3978123235312325
536,2.072956019839581,2.036131975079244,1.7616188350138637,1.6456782794942186,0.12947745089396434,0.21807773180481868,0.3357029183343678,0.3428276271886631,1.1989816491246816,1.1984236469155267
537,1.6814373991782414,1.6648700790138617,1.7014601337934676,1.6500297449426382,1.872347966790774,1.8481987609718904,0.12555265043276984,0.13161640600296137,0.39761053770980725,0.392718972774036
538,2.86243516236351,2.9465589255176354,1.4050884141740394,1.3755919232274076,0.666325450644159,0.6539761728422792,0.21957090905940901,0.21775645703736554,0.6821881634935663,0.6791881663578163
539,3.9363839208366045,3.8970356637324226,1.490210177249472,1.450218524312658,1.0311338348679029,1.0441187929519034,0.0680806342892562,0.06740737687003508,0.28008451096461107,0.2826184265399785
540,3.374238803059303,3.4100387509284054,0.6350702250382791,0.5454521455167102,2.795987983803989,3.0,0.15238149378793867,0.15890516552602374,0.73926424967073,0.7341925187914603
541,1.7172821863485104,1.6956046326326442,0.9835697706622206,1.0826665874878318,2.587764242591962,2.4468755486470424,0.09186065556413153,0.08841257849460592,0.3801838681791359,0.3806832015008131
542,3.7514026211991855,3.7841955228097035,0.4890463138760174,0.4893454452625042,0.19860957999139595,0.24850655650664374,0.19143042276497246,0.19578969151927617,0.7371392473627502,0.746256837179338
543,3.8594252298754492,3.5742645850887835,1.0976722282087235,0.9324250037793707,2.300493680481946,2.4219425823942613,0.25364424427339854,0.2567172785364187,0.8189173720951448,0.8305794420288606
544,2.194848358078438,2.21451157945595,1.6703423788048934,1.6856927702859203,1.244993449029676,1.254140115920753,0.1026848533192254,0.09978942843331211,0.49705500418565157,0.4960908289238912
545,2.8268537763583548,2.7575292819913675,0.8972916559516317,0.8212862235469828,1.8880273758670332,1.880966578088098,0.09271647127007336,0.09127004429185517,0.364096659760149,0.3600964454637749
546,2.566332870842918,2.5090276305878056,0.3156815263251346,0.30913602793316525,0.6126503682798091,0.6023426527795732,0.46152352951722675,0.45107294903104483,1.404693358072202,1.4070163679230034
547,2.129363715399798,2.1085344968343422,0.8505108822357546,0.8352238270415299,2.9529842995435054,2.9999628868251964,0.3193472451420122,0.31590585929582893,1.2786528615376314,1.282652747317272
548,3.4429685423013723,3.361311255495218,0.5252334444738149,0.4895626293864693,1.1927143296766767,1.2199209530603168,0.33966488592451505,0.34201109721243156,1.1373823633641642,1.1474244878097468
549,3.8856545216507334,3.8423285821990825,1.9435276902039342,1.9532472861251684,0.3183538592719233,0.27641416905031496,0.38755358779244686,0.37604490853834344,1.294909485385702,1.303909429322391
550,3.9571911768202415,4.0,1.0131417623721612,0.9940747326534666,0.8270738510774962,0.8431462379931084,0.06015950688991816,0.05902518014492188,0.27278021846762474,0.2711688596456532
551,2.07448613092499,2.1129784644971927,1.0625120103889543,1.0759989178639346,2.024911222063185,2.0674997188098123,0.03680561806990906,0.0362451479001645,0.1384205459282164,0.1384208824804161
552,3.2976053050450793,3.247239475229188,0.8211244127893662,0.8236927120145838,1.1135959501959136,1.0655536582290084,0.02755514855855826,0.02613382745987743,0.11406119339549253,0.11512939849001222
553,1.592769938113237,1.5,1.6500962761865279,1.5496817612142038,0.3822393977825862,0.37447395424412594,0.463496628115622,0.4628639374101721,1.4766920010019766,1.4930105473720008
554,2.3768582557327242,2.355954729512382,0.5115070617578602,0.4812837048691279,1.2296622888124298,1.2105158990219995,0.21364639551767656,0.2146118858128015,1.041837263102989,1.0487818604443329
555,1.8299180650446907,1.918566402597326,1.8570096784918833,1.8116516622522298,2.19017280383911,2.280201524959794,0.37364181040072036,0.3759258344291613,1.2532983945783838,1.2472983753452305
556,3.8420097406528706,3.800847144121282,0.3828696832460241,0.3691918552749861,1.00129339007523,1.0491199006360084,0.17808703531602832,0.18947683077436434,0.6049400461451049,0.6033897080149058
557,3.1534133348533846,3.1200965205135884,0.3021779856553173,0.2308520379871499,1.403848943752874,1.5560147549083698,0.0963859912440242,0.09360342758946329,0.3324504505332361,0.334043133309071
558,3.9245784673406217,3.844185253179182,0.554145099485258,0.5241342918963487,1.2438433804587574,1.2432801231083999,0.33016406368037005,0.34080478596541647,1.2029203498160108,1.2056393695713685
559,3.105054038644866,3.2598345347490003,0.4232470581188357,0.42481929167866245,1.3301213760499901,1.3746375843114265,0.11740863674377786,0.11502279285245905,0.4997497908351217,0.49959616632674686
560,1.9345642448542508,1.9184635793559446,1.1546394571493481,1.1374879724389775,1.168391468992217,1.1310016200536561,0.16468841582968696,0.15677851799376277,0.678124496180858,0.6780651425438311
561,1.8064982635265867,1.7935042454905603,1.1979118918882259,1.1184137962867484,0.5678253443463204,0.5895071871741078,0.2915136498415488,0.2902743238055827,1.06309759425996,1.061919244345557
562,3.177135931448619,3.1349395075822217,1.5798403322860115,1.5420228709896098,0.7649970604400855,0.7786522702932565,0.043362423179797105,0.042961149012309005,0.14048347731318928,0.1419432925263375
563,3.0210699772057934,3.05719050903457,1.1144888202888217,1.0566367056036459,2.1915099955244655,2.2917319947367885,0.23321367860423584,0.22167613044198667,1.138670278988776,1.1396703881300576
564,3.65211667049201,3.574640328887278,1.0253059296437315,0.9878184046841567,1.0201395644279474,1.0611883460556562,0.20499134923392057,0.1987967727141911,0.945030432320862,0.9519906074217668
565,2.2480573068900926,2.157193938304614,1.5576331289509742,1.4424344534407025,0.47342881909485235,0.47563549115182674,0.35786481756925886,0.36393406681281426,1.120210653821742,1.1237433432788764
566,3.008370131377143,3.229025963744958,1.2585575461776908,1.2181060192082815,2.94107682663879,3.0,0.3565716096177016,0.351613762171567,1.2931970766523313,1.277222570462955
567,2.9058589772837466,3.254625437866367,0.84702316931538,1.0062455589191803,2.639961119715225,2.5511524984723506,0.22905612056915575,0.22410618728462625,0.8065181255085672,0.7944268772078085
568,2.0884183481896255,2.118825504056334,0.598169939192571,0.6140068003352156,1.4285199398124027,1.5084541715098672,0.22732503759097628,0.2183554843626151,0.7670233920080727,0.7677789548419843
569,1.8235126934507937,1.856798337325868,0.5811895694221079,0.5974335085228103,0.36543019372666696,0.38868119239071725,0.13920070346391294,0.13688137775783607,0.4190820564208886,0.41816321997756806
570,2.7498166938546262,2.766432580731652,1.7755225225478262,1.8699923479543492,2.3220929496253824,2.2378436889023323,0.3232346999350741,0.3294377134574754,1.0138472554009297,1.0178481679603948
571,3.493545163143249,3.2664252818073867,1.0291736116173844,0.911576385203419,1.8747366581967317,1.8489317148227116,0.022427577885577265,0.021823828538340688,0.10650581177380009,0.10634288389877675
572,2.250042463217764,2.2918859826297364,1.3092037912795098,1.3038981441054611,1.2954073852349937,1.4253048562077502,0.1359652684284855,0.13606275131079115,0.44430169805620423,0.4463019166314083
573,2.4498114671414375,2.3657454561166613,1.3030908846932514,1.2702953749436696,0.7671353338034019,0.8070347907284364,0.19885711099768885,0.20353709426757252,0.7507760511615478,0.7537757516232165
574,3.0133447382216083,3.260665048351239,0.2653745562374854,0.48747165036300427,2.908340341138487,2.6124623310635946,0.21718388084148307,0.2184119679140194,0.6561325273028276,0.6606233732230414
575,2.890090386686004,3.0185699054421016,1.7797367733056262,1.9068717479320867,2.8098097003044598,2.70947658090566,0.014999736973778832,0.015236424533685742,0.05747930011374303,0.05708854993792276
576,3.7541744446209897,3.75930425072467,0.785135641547664,0.7877605077608424,0.9699158023546892,0.9997631253804744,0.2969012418835347,0.2968434834641911,1.299925937101761,1.304520196917498
577,2.97177403395594,3.011149092663736,0.5850637422790498,0.5955985625068794,1.2631685858274477,1.3075411765122673,0.01664126726893469,0.016685364181773108,0.06632676166666039,0.06703999849184573
578,3.877054685801517,3.9999999971852276,0.20078745473701287,0.2682225635666858,2.9225797832853027,2.807085364422302,0.031498010871719814,0.03099616552634463,0.1209079956324079,0.12149390987274511
579,2.435193419997936,2.3967059783613327,1.3540779888975671,1.225464859938334,2.969003074477873,3.0,0.022288034925974275,0.02332540734443999,0.06807689384103446,0.06785709977818424
580,1.742224857537419,1.7682494714441694,0.808882233460847,0.8748083958544679,2.372321734018506,2.3062087752302514,0.18198382659040827,0.1798218841588667,0.6949623394407514,0.6939623525547216
581,3.604426322474994,3.6489582770727234,0.12601535041509718,0.12979966599426054,0.9183596097562042,0.923501460357216,0.1564848615037893,0.15478657470296983,0.6576734609927491,0.6686881191311929
582,3.7136755190114297,3.5770442231768778,0.50224740589309,0.2851326577841296,2.158030767073085,2.5534832683638564,0.17248388910637527,0.16706622086688688,0.7796540406257632,0.7756540507199249
583,3.806439912386929,3.7144608337745484,1.8352436557142942,1.7268083240728838,1.181983871268091,1.1810062748333936,0.13015732610280178,0.1360224417497701,0.6231814565922633,0.6231852406938325
584,2.594720256818086,2.6035998128931315,1.6560688538167307,1.6142034776087342,2.3256673776343617,2.3324182522662245,0.3921648602765835,0.3970771150714153,1.2392837711450293,1.2382838316575318
585,2.6293021588179544,2.698238204040445,0.3125702207597693,0.2978438116436936,2.8422774929112093,3.0,0.21557896708081115,0.21624025817713755,0.7675191087470469,0.7749459267162537
586,1.8737702997892187,1.8244351422975587,1.0352699828975038,1.0328277999962503,0.7534608462270521,0.7636127897733698,0.23890518047342546,0.2296930744423572,0.9610750768049703,0.9761306693736109
587,1.7563811588707594,1.698533985637021,1.5000929920715318,1.4354981922016925,0.09789681863311395,0.05327551107317912,0.15841017188135548,0.1582784547057294,0.6864823495063312,0.6941217480744742
588,3.386174773142449,3.466369494830449,0.914697313488795,0.9192909335844193,0.59216428551204,0.6392334324462563,0.3934880784623276,0.3885293276147285,1.2460231294466064,1.2440841942646919
589,1.7352176426293644,1.8131307687603504,1.35721874565432,1.383186196676688,0.933532608139059,0.9467829848541491,0.11819420970442042,0.11635174425614817,0.5812971042516422,0.5744206097567865
590,2.4177335770621875,2.415188756136186,1.8920954335878906,1.8544652809688529,0.49499063633558693,0.44706071919662277,0.19234028151870652,0.18685653549582953,0.5933208361667545,0.5906699549646048
591,2.863635994592359,2.933392318911179,0.1223469283658391,0.2946762184810675,2.4863551883123356,2.126375817798408,0.14584416802329883,0.13596533823798213,0.44562446049408416,0.4506910918698915
592,2.5599916371818203,2.5346769529872555,1.734961016717189,1.696485443459868,0.4561073979561451,0.39724856622620414,0.24326210159728,0.25009773047441497,0.8909212816809978,0.891921357171806
593,3.8044379483805573,3.8441977489866765,0.12872381038800035,0.1300708881305022,0.0004612491696064369,0.0,0.09493882167466455,0.09763605306405121,0.3993196869542335,0.3983490590731407
594,2.942392046602649,2.8692862795206304,1.112516580071953,1.0752751227896948,1.595478991171321,1.5438133241111374,0.07699150693309866,0.07630830156936069,0.38436027604406614,0.38344496119588667
595,2.808478185769835,2.8082804594510433,1.7444566271458413,1.7281336855921856,0.46472666637048854,0.5211897824304995,0.41583710031924104,0.4152755335122791,1.3893922990562333,1.3858770158760625
596,3.812514311541477,3.8574597448557855,0.30678377332241047,0.3381199266348609,1.8213722592113024,1.764612766239027,0.12677257936863345,0.12522309608230023,0.39583816512385495,0.39365499400836873
597,3.017174651869366,3.2626503854405686,1.017133738622692,0.9609834496968427,2.0271076230213314,2.207802064961259,0.251409205944608,0.2588316243950516,1.0917359447428856,1.0827359444762479
598,2.6192491614146016,2.554279621882022,1.6049067357349285,1.6645863839734674,1.005639517656718,1.0125980891265227,0.34455444184438433,0.3464248516040671,1.2876290225183709,1.3036293692868286
599,3.4421436976899598,3.570121586884988,0.5088211953662223,0.6584623016018036,2.5632909595717854,2.4167040687088193,0.3798350948971352,0.38140639578836716,1.4026521886089154,1.4197422793352963
600,2.339880207330794,2.3240603911217455,1.4895004058096868,1.495901715126252,2.242926111433326,2.2765875145455112,0.07383665218534802,0.07423834947093308,0.2599980042389579,0.2611194126683898
601,3.260756911764375,3.3737780485538975,0.8268397985844512,0.8442743735216278,2.0246353227390372,2.057459438860973,0.060072007025828635,0.0610390457117725,0.186681581231527,0.18548583458643023
602,2.699426087755288,2.627164288329417,1.8004416285868865,1.7409645079585927,0.3097115225704197,0.30102827014492706,0.3312708537792726,0.3264658355199117,1.1346592888503049,1.1352737069661885
603,1.7209860177774357,1.760859248264795,1.2306359551006487,1.2154064908161706,1.12007126172023,1.080437758535668,0.2926133872491242,0.28909868725153437,0.8956225690399003,0.8950220475737165
604,3.5083342057768756,3.528253002834778,1.0658115137419353,1.061559780354003,2.306580654049164,2.2148772873227993,0.04542621071775478,0.045272258234261634,0.16258179818766927,0.16302545311067088
605,3.8188092395406086,3.757121756523783,1.9409047736259357,1.9897495673328849,2.71025826428104,2.6222814488004262,0.2664178825493327,0.2713688090074009,1.0324288967759412,1.038530908316003
606,3.6643949675211243,3.860246674820182,1.134895069141942,1.2122775780644717,1.9315576624693518,1.875411338443368,0.08531895119595727,0.08434430508034695,0.3307288094373864,0.3303861762454819
607,2.922883218147325,2.994571371296356,1.2901973894058065,1.2931245030133203,0.4193771952167953,0.38184153152105166,0.244744864176541,0.2391203858784616,0.8106684278952413,0.8004220447316469
608,3.6012097104919962,3.622007582744845,1.7702553114079775,1.7629232991892179,0.12699426898101362,0.10501727534982465,0.21875011687362378,0.21744144508978322,1.0301460401247249,1.0346693776425029
609,3.671763219675266,3.6637361081432664,1.619963381149516,1.5785414893912686,0.8652408511082801,0.8384058553397156,0.09809337142299143,0.10018082796103929,0.4801424915510296,0.47914248587833075
610,1.6089075009377853,1.6921942585182899,1.408597506456978,1.4695903544307767,1.6568135575950742,1.6219467779366663,0.14307634163164984,0.14317011785429745,0.5138811245133991,0.5138207503141208
611,3.5760093928509353,3.6118657527783924,0.5695323668358887,0.5781678034109103,1.8253837062740703,1.8455468911673827,0.34548753202019217,0.3481607420160072,1.4308810304872073,1.4398836966397903
612,3.555866626944612,3.7017128162389876,0.28776753897993984,0.27871134080597154,2.8849285618244664,3.0,0.01600906196235694,0.015866395205571846,0.055797206721791635,0.05517373188374656
613,1.7975832124333124,1.7559315442344388,1.9258301710020747,1.7998995461815077,1.3978921853299922,1.3365039534446435,0.10328516117845844,0.10319768229621631,0.3804091862710412,0.3789717480194262
614,2.7169379965455756,2.8754714966958743,1.705966865947568,1.6149574577000112,1.8558320333310667,1.888439036898132,0.2993085247272438,0.3041759346854357,1.310377438942286,1.294377379708961
615,1.753908250737478,1.7742857461545931,0.37420132347369317,0.4161565000123195,2.0219792076327217,1.9520373771995956,0.10805683909961936,0.11014193561307675,0.37954355106901044,0.3814546541981286
616,3.7380816298197805,3.5923454304628297,1.543512786444115,1.425927259038756,1.5185907329807442,1.5690632285009998,0.45482179183229016,0.45866856544064494,1.3671694594892545,1.3651693787458394
617,3.045488884262871,3.1360698985765674,1.6592895031300638,1.727372041156172,1.8526188068370666,1.8384714811378868,0.10744811354494979,0.10996615243355277,0.32628667340823153,0.3229938497263905
618,3.2398183529644666,3.467997633091189,1.420915851105786,1.5588977972830653,2.07455177621812,2.023802722122553,0.07326487206007111,0.07388994645157725,0.2590243338181515,0.25728601226898906
619,2.5541742178278604,2.5672925562237268,0.8204716840127505,0.8106633649023949,0.9250947972257839,0.9224671994665616,0.015274956804567828,0.015450084113976442,0.068458779713307,0.06983348457826785
620,2.966481844670445,2.895848785090335,0.7679251684997157,0.7873706330350498,2.373440415876045,2.3185743255941036,0.014623825546163295,0.014381978304229999,0.054934499482358096,0.05551929066012895
621,3.20860308229106,3.154577942882796,1.4591851113715961,1.434552638408249,0.45923419530422693,0.3908769340791193,0.27633747917726476,0.27217279510507425,1.1730379917724045,1.1761336644320302
622,3.1861638529526024,3.2570951407220345,1.2579373548579849,1.2095497651216174,0.2653623732153647,0.31665098217447163,0.26716810478533465,0.27588009933458735,1.001021964933823,0.9940735273588343
623,1.5276555520614976,1.6532798502501758,1.7463910615086413,1.8810632907303317,1.1848035389551757,1.1246195294623638,0.131047608519871,0.12590122895649594,0.49893722052389944,0.49786407465045635
624,3.0930450534856777,3.2640562411596776,0.12604329675079537,0.2801884494315296,2.317887585491516,1.9805196461010905,0.3801329757450673,0.37867354694217537,1.3997463276553526,1.3824927259800974
625,1.9001458857646345,1.9520078656083197,0.8037268473502076,0.8298789886590071,1.5897928866718547,1.5711253586172624,0.039621477394295126,0.04143439389580912,0.14452107797696745,0.14451917007746
626,2.992451613678277,2.8353825475066676,0.5319395150227648,0.28116752822966656,1.9500711807912952,2.296388847008876,0.07737749145828743,0.07509148659249353,0.37853310897041875,0.38116458857597696
627,2.6299211099666646,2.6970071353680636,0.7504815313196819,0.7342598111724563,0.2560996531333697,0.2077958081157969,0.38592212637772133,0.3763607091631969,1.4566079559889955,1.439568833854451
628,2.1410066758843738,2.170383536984077,0.21062035540516605,0.1,2.735713856992644,2.9812550038165253,0.064104061830999,0.0649028842832902,0.19863980939029224,0.19883257560962173
629,2.7812530555310895,2.5497696021551577,0.5705393333911497,0.30323965062179425,2.4804559632827954,2.7765348866439403,0.4336451830861543,0.43554511678141705,1.4788384157856533,1.4918384619585843
630,1.6684690508013782,1.6449415942518681,0.99802127074089,0.9354792319036613,1.1989336572788494,1.202743635609969,0.2465352503489334,0.24472631577313192,0.7868508794621586,0.7879416353822826
631,2.007144449021002,2.054661020150407,0.3304718760593061,0.3415755250608731,0.02327012581621768,0.009658589904818963,0.381406501449685,0.38416612808162,1.2927852357502363,1.311042227946123
632,2.523301512896358,2.6932824186622635,0.32560685751281854,0.3334994630417897,1.1521009091287828,1.2043922247502874,0.38161646202398847,0.3702765684549337,1.475655700084207,1.4617658669252918
633,3.730434718317429,3.8110686211692375,1.0324334802683681,1.0313126582905991,1.699808965410731,1.7039359501777527,0.3421544426031125,0.34208407680745123,1.153776688687586,1.1476838180654785
634,2.059966304219481,2.216776620236259,1.7726338583331485,1.7648345308773488,0.24942800609760085,0.2846309321207159,0.44784195220615575,0.43659603095046806,1.410153546695689,1.3842449018887102
635,2.2844142919607453,2.3345382355023356,0.39529520440983956,0.44033230854396327,1.6259632386460285,1.55823080234073,0.08441491582371148,0.08366229774428834,0.30337349714718215,0.30344986633337623
636,3.9268689233245953,3.8733891136271845,1.5135138151804517,1.5076327696603329,1.71758278520775,1.660950640982262,0.11064627560105497,0.11026108601554181,0.5107775714284185,0.5127772836696107
637,2.3965993372857803,2.3724469449175,1.4671586327753106,1.4227879904694167,0.46405482051009395,0.48783551048214124,0.1498728344047963,0.1436204499984515,0.6425695180707318,0.6475554915734177
638,1.5120938020853003,1.5217400516686685,0.11674932226591327,0.11585561908362356,0.6590949935209214,0.6351100069641253,0.14423209486948035,0.14088957234010158,0.5615599734561503,0.5627816518222614
639,3.6291288123270604,3.6573402098907386,0.7586341450254743,0.7173010895522388,1.585133612208907,1.7212750454336274,0.40686552637760187,0.4096900666066443,1.3315834284684718,1.3407281094569639
640,2.4860728416906905,2.4813753991268266,1.6584165550112504,1.6779424817757502,1.9395798524554002,1.9367531788210497,0.018131095516476545,0.01838368955639505,0.06287653957222812,0.06319805975124655
641,2.043734233571894,2.0563475193974936,1.2915885154733804,1.4169805543790992,2.673643000393794,2.5331004408599105,0.0787868891255402,0.08070392713996273,0.3793585300741465,0.3824909576994009
642,1.8046278133126215,1.8496578475600138,1.0986950672662446,1.1168604019396737,2.2173763527055677,2.1866711839654203,0.21217525668964224,0.2158675265290314,0.7702778629024758,0.7747997377013377
643,3.9857086649697298,3.9773239081856784,0.42431816785703413,0.4123659084349536,1.426371826923201,1.3989487552564337,0.014856312746709656,0.014470168267983575,0.0741861909526495,0.07346819612937654
644,3.3467270798824718,3.451023128779662,0.722081433170078,0.7306155927336545,0.7321933052745616,0.7770034332621568,0.07591966077811323,0.07224768300704422,0.32993099405980786,0.33049683946589836
645,2.837748039127041,2.567116631495372,1.7845971730492787,1.668271194249892,1.0010022093305553,1.0129637160686478,0.4544908721061859,0.46296090823687597,1.434015060405977,1.4580151781098598
646,2.7155699327050593,2.8245774486517745,1.4104009920510796,1.4122578176049523,2.1276962574937266,2.175582547613077,0.04432350409020663,0.04218724891703594,0.16875072299277824,0.1691944665373108
647,2.173016812854182,2.191767323093946,1.770484754194561,1.7441662220822096,1.4487832702256358,1.3428872431048418,0.21709538577718954,0.21711152206137843,0.8330960487594301,0.8300995886374493
648,1.8881212499217437,1.8527165993597747,0.19803714817821155,0.1,2.0176531376614446,2.220578485184203,0.4125691007505018,0.41473761931426745,1.2694189712454,1.2812436118858408
649,2.0569865013914335,2.0306307075269836,0.41307341078349635,0.4014793316011871,0.1009800563445371,0.05098877506316423,0.32744410578927324,0.340961084777147,1.1279934650676433,1.1328093630293883
650,3.407825363292968,3.327551946029626,1.1142980783642316,1.0524782294220763,1.0107083994400434,1.0926669567331693,0.330302044385384,0.3289422261742072,1.3961392727521829,1.4088268086524032
651,2.9493975035766615,3.0061213272157405,1.9212799721524072,1.764088862322569,2.46474701453912,2.5591988727792634,0.33937960308101633,0.33773314281843025,1.192489052422121,1.1844890385274707
652,2.298681212075172,2.2999062695574026,1.0716589242984629,1.223695718320415,2.9930198085978317,2.7817933270552877,0.2521140622544143,0.25674484679933374,1.1461648219616356,1.160164902932949
653,2.1903995516146515,2.2093858040673657,1.6502240245829474,1.6128169779094739,1.3282204108081728,1.3768292813716152,0.02605316165114828,0.025860750954315524,0.0936140492184517,0.09497303385465306
654,3.5072650086518338,3.334468999715222,1.1659809727580916,1.0832262022511965,1.2318974769120934,1.248257439297783,0.18035965513084587,0.1800305456312862,0.5728011636127849,0.5769582635361311
655,2.9424729329329455,2.8170096593430243,0.34099671688551303,0.322099271961744,0.5658775802772017,0.5673148487582281,0.13778320847761277,0.13804683095188003,0.47975246465172094,0.4801216583228692
656,2.4321577633881954,2.436860341111093,1.6349297914830883,1.5621551126488211,0.7821727183092576,0.7723944653729025,0.37411118157008266,0.3593852838983995,1.2654798911335594,1.2616323564057814
657,2.379583768633623,2.4581889856594823,0.20217413363309739,0.21355943467423497,0.6868375606116326,0.6973166465132906,0.16010487479597002,0.15936188229818024,0.6775465161790386,0.6822540843190448
658,3.5407939513944453,3.9037420975454156,0.6601371136888408,0.7748313104170568,2.632844895228243,2.5996371636116646,0.32917971790708844,0.32753002385346963,1.2285668783804715,1.2245668959027045
659,3.976246960135461,4.0,1.7228906200906144,1.6933390814310723,1.7397351424647118,1.7379202153598334,0.3390790894555811,0.3495253757834681,1.121340838438537,1.117076243836035
660,3.5561362202968416,3.6246365034178836,0.39690772673522334,0.4422370019395242,1.2929373156352555,1.2587789908013225,0.32492261391379773,0.3272013022010223,1.018566907665456,1.0206911249588237
661,2.2124882022188723,2.304312295047448,1.9417067227496503,1.96177963531768,2.237182082562049,2.1825165649743217,0.290523629787111,0.28779363396258073,1.0101408436074764,1.0091409438609344
662,3.5021931643616417,3.4563950763699927,1.2238254683064202,1.1350818186959102,2.8551039280463053,2.9998943372110323,0.300680873210982,0.2903869071192242,1.0383570109721678,1.0533570109320283
663,3.0873918228163983,2.9940942767303307,0.2163155462016754,0.20613317118009666,0.3649552583237822,0.3823859706509736,0.374619067407043,0.36876221976075474,1.148606676392026,1.1421068845226345
664,3.834317090265921,3.9999999570331166,0.17143583510468993,0.18801377218591114,2.1993321472506056,2.263941706560993,0.22392614533653452,0.22835893161180226,1.1133041448197436,1.1203284709571801
665,2.5003992515228015,2.5285915613211336,1.652871987279833,1.712680383056891,2.6489388101203732,2.6410859956457133,0.07938691813661423,0.0790160642205146,0.30980304378714474,0.31244255442837493
666,2.5032257231460173,2.6378228283542375,0.8049361150222347,0.6811112418346565,2.3788004170316,2.5963245579091208,0.24552415747020426,0.2489732542142513,0.8820245178790185,0.8740407192805332
667,1.8814627717539898,1.9714358734730897,1.8385259619538237,1.8383952724084127,2.9738241471795024,2.914060044277023,0.09310058406226603,0.09518458604400047,0.45449125105315563,0.45217290416417144
668,1.86144095913829,1.980020299297097,1.2190548718755307,1.326811476418985,1.701834571087676,1.6819122363357102,0.26344793686510337,0.2599625297256476,0.8747583088364949,0.8746368164080842
669,2.6138871307389366,2.8278575554426526,1.736191572429303,1.8071743956151847,1.457726473674263,1.5216358445995652,0.04800688229064113,0.04918959696225609,0.15767794474635116,0.1579914541781106
670,2.9169673661323636,2.707695697788972,0.8780921944815835,0.7257575089921049,2.585850099533533,2.648550748155665,0.2590558775433579,0.2659947992439868,0.912699669189269,0.9262903723311307
671,3.5307123121158663,3.6574768199631613,0.7379972109067444,0.7253762582216035,0.9683861442062226,0.9458059170788623,0.44984217737472537,0.4530374474251119,1.3649219715574763,1.337702696400864
672,2.470436778446939,2.3112062060369203,0.42873391979539677,0.34527436458063065,1.2169729318146154,1.2416063567048377,0.2605213022304566,0.25906121172691376,1.1350226370383498,1.1382554275987604
673,2.831072016264345,2.7812049520993085,0.29149089280329277,0.2690698349879535,0.7781952515218765,0.7806258488765592,0.2654063951693425,0.2604871595807632,0.9885002600185872,0.9938065814672132
674,3.7106661199667017,3.837130125613999,0.6187873671575265,0.6137811965551908,0.08946117333555459,0.11701279539482408,0.20661181244884136,0.21538184446495406,0.9545041248949013,0.9516729283650207
675,3.2094620009812944,3.421421623907152,1.1543751183911843,1.2026590893054907,0.4219714279923503,0.4159741008022692,0.27456518295744636,0.2947343308242154,1.0343962618637361,1.0375983646867528
676,2.3807688309304043,2.397564957156592,0.35351152398174834,0.3070889435982113,2.9107999236441913,3.0,0.19497269468146694,0.19278742552838418,0.6453425201330788,0.6413399672237937
677,3.147879434621617,3.1497694042164515,0.8115125899200242,0.803955624765642,1.9651995100493922,1.9805814055855435,0.05152786069868259,0.05224317994661081,0.21193184869789988,0.2119662858959808
678,1.8006007483246622,1.8717069195635263,0.9137863735275006,0.9624127624977953,1.410699643096142,1.371018862595717,0.38731057670483265,0.37423373812537086,1.4878107128085514,1.490425408511421
679,2.1669508646751265,2.199999187980011,0.3429657729155099,0.3289973127250318,2.332371323289976,2.4034350122636625,0.11005911859118783,0.11110220665280193,0.5355100534114964,0.5406341479300579
680,1.924591056653107,1.9153229393320257,1.1212720396507945,1.0615356768465731,1.7293902527344023,1.7380315088273106,0.13655079027679806,0.1373711132119812,0.6540704107348063,0.6553390974454546
681,3.8547009058955086,3.87184897019129,0.9121685773043406,0.9509564899947707,2.78222202668934,2.69184636085543,0.26845826154377433,0.2700995379364135,1.3040212111332679,1.3123265130197042
682,2.7268762156042614,2.649145944668813,0.41823221275748057,0.40670573395731935,0.1276100068314744,0.14519524043452392,0.24931628330922226,0.2517365917095327,1.1204025023946884,1.1200315983465208
683,2.4493231655201164,2.478577050926359,0.6034404470529904,0.5969828910122019,1.3118497231315684,1.312843493984055,0.1474212491904543,0.14858202486164596,0.48632310559527636,0.4749864452275575
684,1.9211758479000558,1.897004973319354,0.7252421683251524,0.6928921749271804,1.6950070911666764,1.634220408681172,0.4268671837896296,0.42950771551787714,1.4207020503275516,1.406966676202215
685,3.342036419459629,3.2342227132243506,1.3428047642665841,1.3120130155047016,1.099596608911372,1.1185685014113091,0.22666687428254914,0.21830996004572767,0.7262700242754341,0.7356571893155698
686,1.5383271632181634,1.5077631983482873,1.5108947233894798,1.4016286891266105,2.276369748433675,2.3899444879304355,0.1881093208107284,0.18687201280165464,0.5751470078427159,0.5791472294997584
687,2.3499387360954547,2.4614828133293947,1.7447976272535592,1.8026192617893961,2.423524105840721,2.398453063433656,0.36636594303936154,0.36007190098347575,1.3019167735031552,1.2947970502817083
688,2.1836348413843143,2.229925869303199,1.1843331963657102,1.1689719628936142,2.9539743169552257,2.995563308929742,0.43899124854289917,0.45046011512260453,1.3541343273397188,1.358134331405203
689,1.6281356661962119,1.6646394879507798,0.28414384440084195,0.24142643044356835,1.7888790062262077,1.9214727529213689,0.19736520631480703,0.19513797428089552,0.624136257069339,0.6291303129337962
690,2.865048261509658,2.846483494929784,1.9076918297672318,1.820877856713154,0.026286850827588193,0.0,0.2203627996084136,0.2229230758946759,0.7848511343992526,0.7834784809920071
691,1.5690437688667367,1.56919966188089,1.6460841354267657,1.5961167519107269,1.0972482635005858,1.0350845993369884,0.0410370852662916,0.041281635145697784,0.1257325671909181,0.12410972358835745
692,1.5206683149486133,1.6535734133417144,1.7815620607168525,1.8031442446744186,0.9355777460774065,0.8972234719473842,0.3966883595376871,0.39869736332953226,1.2151514730650443,1.2021514480750208
693,2.5556320110893256,2.5747524565946156,0.22321911362486252,0.352646805979791,2.709774713678284,2.406399779524349,0.150493375305926,0.1466070694929175,0.5430775305619315,0.5423839752161547
694,1.5216501256913153,1.5151805682171386,0.3417778167982751,0.5229799474999137,2.6467659344912846,2.522472635873966,0.3856384982699508,0.38329675017092124,1.1836619369812889,1.1943384966757424
695,3.8853798997040023,3.7353249168627345,0.23827567617124204,0.1000003801031462,2.5686068829070354,2.8772911444638365,0.35188232466916125,0.35357981062965166,1.175345053118269,1.1733456769522121
696,2.752827016368255,2.8565816729126285,0.43075770819980297,0.4447100284948664,0.592013994263179,0.5938744278934395,0.021122546352405704,0.020796696305236183,0.09291995877115289,0.0920460763639888
697,2.3357150603547305,2.371699379948936,0.11993846770937745,0.12207929070732579,0.21777061684096843,0.22582724942159793,0.18567138701974334,0.18861051760793346,0.7116536294583495,0.7032301380314279
698,2.639382934575233,2.5071422843795177,1.1344708104316295,1.070442587393023,0.7476495718185596,0.713144194601032,0.06320326961136402,0.06257410286072423,0.25579898668158557,0.255441674290496
699,3.217886511821284,3.336583331302903,1.1968303629266845,1.2971365391393863,2.795513553040175,2.646297438092831,0.059177477524496654,0.05983065075613554,0.2831343267312314,0.28374553588700774
700,2.5336731626902553,2.697785241003719,1.0835128916518904,1.0485456886719706,2.1168052917017635,2.1988476281897733,0.14786107007347427,0.1465380495356768,0.5827155297648664,0.5819426181465125
701,3.9236577287067975,4.0,0.5638950957988055,0.532674620772127,2.722470878321347,2.920517477270113,0.2586911561344277,0.2606671313211395,0.9968489547109737,1.003344389229754
702,3.7905816014512848,4.0,1.8537207107681952,1.829526704294847,0.8674572391898929,0.8155256983723833,0.1981912536328451,0.1934891966489376,0.6124548207767083,0.5930927068957299
703,3.025639430793352,3.058310915592165,1.1725585689002034,1.1094912943853894,1.7677163183071907,1.8317721285700685,0.07874426716630449,0.07665617184818503,0.2391200984685622,0.24194475039053734
704,1.6511310204959995,1.6968978407395106,1.2458940714445157,1.2747292088951605,2.1459830289845456,2.12604370424181,0.2465777399378233,0.2513107130093972,0.972709855817847,0.971709772089299
705,1.8956970482041289,1.9692200917074412,0.3281548891610227,0.399684076237988,1.935145441657538,1.8452200011587605,0.3012313337837128,0.2977720306916053,1.3174976046008442,1.3067473824503528
706,3.9514664639187664,3.985853580631338,1.8952398594411555,1.8365735209294698,1.699617394535498,1.7069660140440983,0.15085930014256999,0.15266029250757196,0.7173171077628446,0.7139080359435468
707,2.5131749086625526,2.6196390919420836,0.5158647260783417,0.5285024061247355,1.1244509211912277,1.1143072623429322,0.25310668720586743,0.2522783670736201,0.8939542299552367,0.8919587266928248
708,3.515146804949393,3.443648817260808,1.165791465781643,1.131019751116494,1.9878962138232574,2.0030321566128855,0.28421953635183195,0.2852008878155199,1.0378416386890787,1.0409188053016152
709,2.682886637790463,2.6197383867254054,1.713881856401301,1.6898327773623052,0.9514815471817504,0.9408000539311602,0.034674829819993216,0.035648826080199605,0.1256970046700283,0.12432234459928049
710,3.2979935020594358,3.402651568187952,0.8721849814837369,0.911264577961437,0.8489379768070109,0.8135662217413372,0.17173247980749407,0.17085901068836035,0.7843830667776945,0.7915175076057667
711,3.0760432780757894,3.0868670405989107,1.99980077648488,1.999999458546674,1.6672641011072002,1.6728445193859085,0.16262773758148397,0.15798483097998595,0.6179048199195585,0.6149050192134957
712,3.538643402273954,3.5650224922956864,0.5056531644969929,0.5913990751774031,1.855060818567691,1.6523019873450684,0.19997450541073258,0.19780833222387395,0.7276644274006973,0.7333854650965106
713,2.7118527970223605,2.6457337564250984,0.7657544089157825,0.7168210702831052,2.178379950441163,2.093420733531703,0.2909890774089596,0.29468496282159595,1.085854865751052,1.0798564544641054
714,3.789333908425691,3.8111860789685474,1.9706963489207958,1.9772040006061848,2.7190920703633936,2.7066195284362937,0.12814078830446254,0.13116514578363386,0.5889788160579628,0.5871008639161377
715,1.5147047875946944,1.5082904608773793,1.5163004817786228,1.4366489078296005,2.118277758178594,2.145703902035608,0.23172354554883773,0.22950363029889734,0.9164655066855742,0.9142751579550167
716,2.9834870783031135,3.0976190856341064,1.6489517093850241,1.6357034882944237,0.14503523770001425,0.18974269059523702,0.42050858927130297,0.41057335310745113,1.4363422659881402,1.4253422432643892
717,2.6961591355841,2.581981824893302,1.9237800865265047,1.8137548356210766,1.0193544085465491,1.030771535080776,0.2397084910982396,0.2407967416692514,1.1641947377683757,1.1692611808729734
718,3.7215842967952097,3.5485717572462536,0.671996691970105,0.6155396676995986,0.414210473965819,0.4708438007908198,0.2601490995916853,0.2560190469499139,1.2122181599193413,1.2083642723774208
719,3.930640533842738,3.7297031532740603,1.4849172145230078,1.4172279854761782,0.8043261425245408,0.8263726083407331,0.30811278382738394,0.30985979839898425,1.2555759098599966,1.2683532359699827
720,2.9581099367129924,2.9434217445950805,1.3697022675881065,1.4616418771793527,2.8710949863127873,2.7232491579857405,0.2913352917064427,0.28517408470569705,0.9879197511168512,0.993161621103986
721,2.3320781575716785,2.2951776437749523,1.5279520686507608,1.4540959496571637,0.8800794425284363,0.8945785023996065,0.05865559342621979,0.059074128308438376,0.2772955989780878,0.2775994096230133
722,1.9614870151716337,1.923309477445736,0.8500438753521293,0.7982546485334017,0.23658460355917998,0.2156203058594295,0.1390318050171095,0.1353302076463787,0.6675668983865074,0.6664205383135634
723,3.975903529284945,3.898827597436042,0.9963013153803202,0.954297787470822,0.8455151579711764,0.8537502512197835,0.20928527688132226,0.21485287866814357,0.7276464569903907,0.7245819629152513
724,3.6885975859907387,3.6746633056613325,1.3532117227993476,1.3531731436192833,1.3091900073323388,1.233261528157627,0.07190109638704341,0.0716106335245591,0.25582050067419665,0.2584028970040779
725,2.377742233039258,2.388470418913919,0.7328006352913923,0.6999813001242521,2.178501809567353,2.2436327136909293,0.05452397376653288,0.0554797383430486,0.26289698173211584,0.26680688757833565
726,3.781650296434311,3.7292948242742416,0.5752086658201022,0.4840722825861998,1.853468210085455,1.952263300936847,0.08065464336942677,0.0822055445494797,0.30140976798056,0.29878628001435387
727,3.5114006045951456,3.5896373540081385,1.4412593250461576,1.3857986358486016,1.9861528071462902,1.9061971210807078,0.29834159676562977,0.2988689901483589,1.032871003501379,1.0115584071778116
728,2.0239598646777726,2.074850212807932,0.6521026555162454,0.4975825091811245,2.4258609938296574,2.496469909468818,0.2266586024197636,0.22713528814183911,0.7031585520321236,0.6928860146461756
729,1.6445600322344112,1.6074917193257992,0.5420571318954595,0.4781667629504865,1.0623681065207289,1.1010262202333367,0.31771503554589714,0.3077004876472154,1.1238967049107318,1.1406044084311857
730,3.2047346949662154,3.2382405516924138,0.3686541181866049,0.46615648632239515,2.7309271244844187,2.5065947525627656,0.23855502918962285,0.23143970384086004,0.9818048740045996,0.9838049007518217
731,3.4367951024854477,3.345760084699319,0.14099593775655145,0.1,2.934558287576026,2.9718682888345516,0.025651151746286325,0.025322510566993618,0.12616256147659527,0.12495148844319362
732,3.3226469228494393,3.223193585226672,0.3163771175626904,0.30122667308400936,0.05507593268230149,0.026447801537696495,0.30871418157582586,0.30451413833034974,1.0203806516074367,1.0124808500836973
733,3.831648309906351,3.7472240871894913,0.5015211943350033,0.4524289906601539,2.9127962632833944,3.0,0.3039545965748358,0.3085838328002144,1.220446164915302,1.2305099759298719
734,1.9542155153898397,1.995695972889394,1.6093770454239478,1.5616070117798246,1.5919464679322854,1.4757780220700298,0.11332233120859614,0.1150096113893701,0.4147422021152382,0.4064936499501898
735,1.9877545810176986,2.052088979940978,0.4520901875192136,0.46999705455287555,0.08878270660901699,0.05969587987678035,0.029948266736037368,0.03012528839504908,0.1395674522166374,0.13752753043400817
736,1.835144592529095,1.7834338523597801,1.549049527582445,1.4216495197201018,1.1801886069352108,1.1882870165822734,0.17865869851037644,0.17835885348075284,0.6329851840441252,0.6284362150196661
737,2.6356216148018254,2.5725673014907757,0.27551709907366784,0.14894867823543093,2.848674097924808,2.9995217648222496,0.346193539321646,0.342772295263563,1.2022022651176736,1.2062771556667466
738,2.3973376622005005,2.4970668830064366,0.7317195454391002,0.7784268347893826,2.4872653304247074,2.5231097967169824,0.07771571827350998,0.07703957845318718,0.28694499193319334,0.28610999489806327
739,3.4315064815177436,3.4457704469548744,1.6686838890787334,1.728713692663826,2.173850357015356,2.1675444985801766,0.27291943427631654,0.27365360589008675,1.2074527600633727,1.2235083544305914
740,2.659177641781291,2.761824141955513,1.2728164341006651,1.2756875633739033,1.6135284987327652,1.6153435749918021,0.19412556692160507,0.19524523118340562,0.8250501293929026,0.8237043273402962
741,1.756113397306219,1.7447114780906672,1.1039080331054922,1.0734912899968356,0.6973943230826193,0.6316336371785076,0.09399330520079009,0.09374086055584141,0.4459579594397087,0.4469948246391302
742,2.87933430042097,2.9637718598027005,0.6374939383752513,0.6514142081226546,1.4282667505524453,1.3918956448633326,0.3139103587692792,0.317833743280389,1.017118466097684,1.0114906782839121
743,3.9350355832578687,3.8389456156228374,0.8699536139577292,0.8379712895290843,1.3631068115131209,1.383161563425063,0.16053859515638885,0.15198759237252885,0.5381663267882286,0.5467811851459624
744,3.0595965215289405,2.8706856758202526,1.6385191774791654,1.5378315606773512,0.35496527739786365,0.3764271773749366,0.28398825434669195,0.2754647871159911,1.0349940933556927,1.031782875924339
745,2.117373638263915,2.116941701413642,0.3769272098854758,0.39047811694387685,1.4615171529121715,1.406496052820813,0.15465788734623756,0.15282758552020043,0.7664900503155199,0.7634900420261449
746,3.1825683579546222,3.049854650850116,0.3264524143937054,0.11561038753023956,2.051867601969509,2.4613601343283045,0.4363695586231393,0.44454763016448745,1.392406823523807,1.395043780693867
747,2.5553985572241746,2.5929140541455764,0.36646069665854675,0.34113049304924337,2.8166729480922204,3.0,0.3466176840772196,0.3550956628415545,1.2612452661908438,1.2704654914976319
748,2.262706293861679,2.229028904598403,0.5670665652329527,0.5568249170257031,1.5081186420315495,1.4788648268752584,0.15849158553075954,0.15691490358733237,0.7801488885718241,0.7794299684055964
749,3.6914411724670213,3.496425221448732,0.22702155209583627,0.2025419621677769,0.016894240688638318,0.001522260691311676,0.12662015262328552,0.12590064916034666,0.4544877478303812,0.4573177325369759
750,2.805319485641692,2.6730583153255383,0.7377171306068288,0.7154618716042677,2.3083118902302058,2.19126160860724,0.17647344178502494,0.17590109209424556,0.5771545767260193,0.5794613479036602
751,2.746441287500282,2.829192414861585,1.247820746366224,1.2905422358105159,1.666357676194934,1.6434925831512315,0.17604113763086893,0.1758478484502619,0.6881602424408373,0.6901602220648586
752,2.8113888801925073,2.916519952135446,1.2284301854799737,1.2327743915209783,1.5727906177509272,1.577227435966242,0.026362343857130488,0.02545267392926231,0.10700616584391315,0.10788000997941993
753,3.201797404581964,3.147800595504248,1.9014997260312656,1.689950356129284,2.03487774304487,2.1915484324690024,0.08504176746768904,0.08781031375704716,0.35573048999098084,0.35322097135766417
754,3.463092348384329,3.3260092913895596,1.9824702859128314,1.8938275433897318,1.6649972860085205,1.7017617772823443,0.17945116018914697,0.17931334234010302,0.722202534186642,0.7232027643491605
755,3.2276154874582614,3.124200929306251,0.1523489315334654,0.14511507420316744,0.020967240892691863,0.04436384928149612,0.30729507114736465,0.30233081023661273,1.1764201601398405,1.1772257659974046
756,3.3157587262398773,3.2930478454524863,1.0802850139736737,1.0686622070742477,0.7945199958131943,0.7860263300558241,0.07503645385905378,0.07408039854990775,0.30455685705372926,0.29766636377977773
757,1.967545087017436,2.076828753880089,1.3463891000428951,1.415664669597812,0.9480190436345305,0.9258163025595875,0.08172270021379521,0.0836350286545748,0.3015879843473144,0.3008840870612349
758,3.9173795799369486,3.797508501916924,1.183838868625335,1.139537187597003,0.07032681269432406,0.07368686516991976,0.2771116242999392,0.28405411547299125,0.892902481476611,0.889865821834175
759,1.692935031521245,1.706301354723403,0.24003904091202372,0.21847308075321198,0.8346051517113192,0.8204664034262635,0.2562044218726684,0.25122619595956636,1.047132806929204,1.0358199345391639
760,1.8094672023852314,1.8282039631317304,1.8477199469717038,1.8088758698896912,0.4841605328895192,0.5137559214082674,0.11737355297216509,0.11681814288648303,0.3663194754561348,0.368668171835464
761,2.6822253455853415,2.659838573690188,0.5525193826643047,0.5491737429699991,0.7613047637199699,0.7780624361120925,0.10925710222781154,0.10560751685976258,0.49849743148465503,0.4954010608825547
762,3.4200241948600913,3.3557369243936916,0.3851815873635204,0.35821224801077034,2.2021668340438563,2.21352585356773,0.09357241697440728,0.09166091799033396,0.34415381342172013,0.3441538366294735
763,3.7984100632231486,4.0,0.1250912343237264,0.12587017528997202,0.1078472051751922,0.10506062664927804,0.04358667543256751,0.04469276362651918,0.152295694741,0.15094681411203018
764,3.5873364636571132,3.6382516924965302,0.38567941842367315,0.3358800903588716,1.6671753432924876,1.78187860444567,0.015167064446901815,0.015530265638765212,0.05497610925598292,0.055220476084252776
765,1.7955709851076413,1.6750970694309841,1.2370544879392393,0.7716721483616589,2.2342761114207437,2.6530688143920087,0.20334676796468393,0.20792044434271262,0.6650008307032577,0.6745906719616934
766,3.7356469134518258,3.9842458202791597,0.6693102260305613,0.6822340481771609,0.2821379091162284,0.3012780165631356,0.3401451783699811,0.3402795075475058,1.3469653574504683,1.329417763753027
767,3.0460549796688294,3.0933613494042898,0.13360895079671153,0.24362214253961378,2.704761096195357,2.4106558208851006,0.17660241094664392,0.177434534630214,0.6244239536202564,0.62683942014197
768,3.8876217884066255,3.962043044818275,1.2173477795749448,1.1742371844201849,0.8985685619458204,0.8813550734776006,0.1616283285587386,0.16270133671911394,0.48842196781478503,0.47925982801494466
769,2.460993696792279,2.759757632739312,0.1946171200542327,0.5611979176225694,2.8024151019292747,2.2622063406947475,0.19870647395005162,0.20499338420569918,0.6166375071820184,0.6034414226554294
770,1.58395540435157,1.6022002524244392,0.9811738669443255,0.9201660194928118,1.7823353154748784,1.8277400126579408,0.09361555867142007,0.09292359472356529,0.3975684072027644,0.4003413020821151
771,3.0006374404656135,2.850243539129913,0.4110414259808448,0.18799330195328276,2.7102056382008377,2.979333441437352,0.05479540357264706,0.05365810448066715,0.19071626626132981,0.19059678115649226
772,3.097282789429169,3.183472365503792,0.8218227102712655,0.8083813986254745,0.15475678756068145,0.14654833711671697,0.24570526026346395,0.2449414176085597,0.8008691792446315,0.7941227464101273
773,1.8717977065243538,1.7971311827981942,0.3158242591233208,0.28244758019633054,2.046764014729507,2.0585601380312166,0.07862482491612,0.07673213458532532,0.2777333844184167,0.2757666055037244
774,3.536915912328319,3.31654941193792,1.7186513197742885,1.6089986703694756,1.1945272178309247,1.1891810599015424,0.056508596876839096,0.054083348492401415,0.27949229877399784,0.27955690175341147
775,1.5947112263521654,1.559545728225931,0.9292243877832456,0.8530502282612609,1.4456265407859923,1.38842183127386,0.1939418589944949,0.1980654454690961,0.7955491348698377,0.7955491531127787
776,3.6075319117205753,3.888817561266424,1.5822578524886386,1.6454254638562944,1.8680008469707259,1.9461193972845767,0.045543215737360296,0.046718804305016126,0.1806933905300544,0.1793346303174838
777,1.6662046813342186,1.712828314665728,1.6875063462645694,1.904483489813951,2.682120928404663,2.546626045444828,0.20670695465111233,0.20788290395422745,0.8694220140544874,0.8725698087461845
778,2.575616655569207,2.6195793034907964,0.29945263216735996,0.1,2.469277207372537,2.8668361149259156,0.28964863039284416,0.2932697025690019,1.044067224033894,1.0277653076089528
779,3.2539087681361325,3.3320857062317137,0.1250980201222161,0.1,2.181830260593763,2.2777242094945516,0.21019073220652473,0.21244336619792245,0.9806617063776295,0.9787687204881124
780,2.0508364132287613,1.9962466023256895,0.9577232343591567,0.9105882183805442,0.07851946263019449,0.031253865100880796,0.2181503917034901,0.22139027351597398,0.6675511628381663,0.6677812996435007
781,2.0907719441023476,2.069525736723191,1.774182840033013,1.7033529023712508,1.9559990292685585,1.9758261365914325,0.050333500279292606,0.05061436288343385,0.18261597424909204,0.18422836087644157
782,1.9421814240900663,1.983320688041954,0.9969088691443975,0.9925030339718289,0.9965996506465523,1.0327889495776872,0.23573378092338085,0.23378726689391957,1.0323464226898587,1.0463464198229213
783,3.3370727612481415,3.4011286996973045,1.4478207225143747,1.462484193609909,2.0031475837258106,1.9738999652359146,0.015384162324584548,0.016005884998280588,0.05306059619071968,0.053674060297294504
784,1.907553219636281,1.9217392802244015,1.2630111382113578,1.234711770209524,0.6342497265158085,0.7237775098236287,0.22186262312117017,0.22740765288022616,0.7493157171697149,0.7525763584890581
785,2.67581735682412,2.53496428709139,1.5410384181823766,1.4387733679422174,1.0120490007669938,0.9693329096570935,0.22885482251591724,0.2287475168891543,1.0927470732624611,1.0980461110132624
786,3.7474287079454593,3.8452534736880963,0.974180524747705,0.988780415996664,2.9991547711241924,3.0,0.18155953382555817,0.1824937497508763,0.5642126777151806,0.5577576444132513
787,2.440597483535218,2.606944099922177,1.171919713882205,1.1782632292305422,2.908621323985206,3.0,0.19576468833145932,0.19342710602230995,0.6106072007329527,0.6092669930346514
788,3.929184482797847,4.0,1.7898942978011998,1.7746565567768542,1.9009569635711665,1.9688364524730304,0.176702186180331,0.16917141679592948,0.5366389990497453,0.5306390230382401
789,2.498017924994321,2.4320248416666903,0.5590681043295523,0.5231067118012884,0.7195916467392739,0.7088966347357414,0.2569478233087274,0.2568859724702048,1.0310075099533167,1.040724172509163
790,3.8229690190122203,3.80044942998918,0.6069242217902292,0.585210565654257,0.34758391793111076,0.3027965954413792,0.1619986451903599,0.1629990731694489,0.6205951676704197,0.6157333996301533
791,3.1651360283341194,2.9872758037450926,1.3319545044867491,1.155398806007391,1.982503338065584,2.0547990998579158,0.057012802052856304,0.05624512243533701,0.2175043701790964,0.21692317648938816
792,2.3759560410201845,2.396824949470586,0.23439449588698322,0.26639324874996373,1.9813838426277475,1.9555530359360946,0.10269194204013417,0.10344665814480908,0.4932542411583018,0.4912663957479765
793,3.8507405375647767,4.0,1.0249936387031313,0.9071401514976731,2.5896080843258638,2.8101616293395346,0.380619964006324,0.3901973061573547,1.2114594435468882,1.1944594349602982
794,2.67507135307722,2.6581279018895234,1.3129983045351612,1.2109205457007919,2.9215936579150616,3.0,0.10594160861779936,0.10281392147323126,0.49229455017420964,0.49409188085170147
795,2.101543772161975,2.2107020919530957,0.564014843404365,0.5666755966343254,1.66294736253746,1.7155752071554018,0.13681146298179322,0.1326503427582634,0.6196016934134996,0.6161500573340167
796,3.085101093880274,3.173117001842791,1.88950398541873,1.8845694401462274,0.4621951833203013,0.4777838317494028,0.07354178291763554,0.07351894871466548,0.2946912620901166,0.2946277535099887
797,2.7424775672327533,2.6823700297182542,1.274712410548976,1.1622331351048787,2.814129982392356,2.839169782584727,0.09565886624370559,0.0902062601800315,0.37956561201658967,0.3783448611809887
798,1.5749335526682473,1.5550171373568211,0.9833659045560045,0.9560196948927149,0.46509614646038433,0.4886410663405868,0.10620997180304328,0.10577920985443048,0.3352340141008176,0.3376852545676285
799,3.5960169659899934,3.467200597843759,0.31479025065243815,0.3276043049645123,2.1291208275250715,1.9989281115287536,0.20478410152191395,0.21076094132473897,0.9528843931754365,0.9545727179242715
800,3.6233888460604815,3.655033532115784,1.8511716501081288,1.8620871163051382,0.4071698768642307,0.4245290890266683,0.3008544219053618,0.29666420770841634,1.458309176373417,1.448310652836227
801,2.383718321144733,2.4079692090119194,0.9908158113764379,0.9065346075014986,1.826450872642795,1.991074913264946,0.05022749152861959,0.05011452594207937,0.1724454698696669,0.17000394411728537
802,3.2922018962149933,3.062748442124019,0.82374072535427,0.7396437659306254,0.7555020499475578,0.774536814605317,0.269537061223899,0.26037342597436125,1.3454173486367678,1.3403321055713588
803,2.8787476570896446,2.8014027545236626,0.9922828238218537,0.9565831565446296,0.1027469025322777,0.1329774899628545,0.03576241655055772,0.035876583275832014,0.10747581706617704,0.10843550757552631
804,3.534208041725474,3.5544090821895162,1.0426677885086209,0.9381141564251728,1.8795497137052652,1.9449048367032784,0.36830412324818185,0.3585953721029099,1.4574714562358662,1.444427516294261
805,3.8342086343412314,3.673099457320764,1.6663553329473448,1.6059693812146936,1.1298504465169708,1.2184416116202748,0.38687217719176026,0.3842962659300778,1.223963786873055,1.2329637039791297
806,2.2306410781994783,2.2651503980855274,0.24400818895389073,0.2431256112760082,0.6762127053997727,0.6858538031597807,0.05916626247916508,0.05451949881634409,0.29393080658902426,0.293051430909026
807,3.51149590105586,3.6937652534892758,0.7513102565428214,0.8195007191963662,2.5046516489552575,2.4983446070013406,0.237937925054011,0.24816516341056838,0.7172892367084911,0.7136500668368192
808,1.9868466555643003,1.9974287844107472,1.2930024142227792,1.2800557990372046,1.591371564104953,1.5523735898471902,0.3264731935504896,0.3229982797285373,1.4676134548794817,1.4770584719160977
809,2.043448967541912,2.082589557447192,1.377907071349999,1.5106550822316818,2.526010002232792,2.3879429787688897,0.20144088918240352,0.1961420343411604,0.6357546792178985,0.6367546784515002
810,2.8098990187391473,2.707602054912576,0.4117884207194966,0.39258445721912516,0.12141138263593709,0.1237438464252087,0.2668178507608228,0.27545721970805365,0.9401175554493355,0.9415957501946018
811,3.4893281011637525,3.496072514572831,0.32781720776692835,0.3423356429540441,1.4738071433244748,1.4246088507630628,0.23192520450882054,0.22006702838725206,0.931778952084004,0.9346893731712982
812,2.6364455748710474,2.6815505981241445,1.8122155661010435,1.7755866685999253,1.9953564276290081,1.9560406680726312,0.07425914521671512,0.07429444688273354,0.3393114078797616,0.3409876214762463
813,1.6986850870172618,1.7609979994414113,1.2364034202502205,1.264380165927812,1.263265210080878,1.2372650936494087,0.09861088311063045,0.09732078641559513,0.4501333322836854,0.4478280957618744
814,3.6208355161826415,3.7184671137532854,1.4762942107241672,1.640815588389862,2.3304021373668955,2.2051685901724354,0.230618826580117,0.22836552322504533,0.9432771745006904,0.9472771800956201
815,2.6287829228657307,2.6153551766604024,0.12168687897517615,0.11895930629547892,0.08551497083355175,0.10092080615187037,0.21687386385205654,0.21274407967523043,1.083166593979645,1.0710109151144185
816,3.656028384993552,3.5929663562916385,1.5251770307620647,1.4475056547394187,2.563543307079608,2.5370744871856217,0.1279643121885741,0.1305759459832865,0.5966891693647013,0.5902197872573388
817,3.036257584177692,3.165987141994045,0.7836505391758382,0.8687167959889955,2.7565175153899695,2.68571530257157,0.14661464555295994,0.14329000545628026,0.45720982568875856,0.4579063551396393
818,3.990922510683355,4.0,1.7991580860836425,1.774488289205818,0.2524861761639433,0.2210913314000507,0.14122755957100613,0.13852894938709717,0.6670860839717541,0.6652530513831026
819,3.34032959219436,3.3381214656655325,1.510348347121422,1.4648589546007589,1.8660294874459513,1.875968218429534,0.06578482368894953,0.0642299927707454,0.20803318937623005,0.21110566514009912
820,1.8294511983879103,1.9351515361023928,1.860419463590937,1.8766655567391695,0.35423810523414767,0.3235150415786996,0.19893823988568693,0.19032015683413422,0.6426533743644351,0.6412672346099516
821,3.766988776397635,3.6638573138114983,1.8631556833932317,1.8107051952609932,2.79269590873838,2.801551340556139,0.057096685076813564,0.057252318674059256,0.20684340047072108,0.2058367583078181
822,3.663317697264073,3.576425123600286,0.6050524849730582,0.5991482580361687,1.5956119632203376,1.543285157926913,0.33145521178877557,0.3299374395849411,1.2187456977403648,1.2180735348954772
823,3.574770978697798,3.625050029079806,0.4113316647408459,0.438135122433664,1.5992570701437336,1.528993496040334,0.06968643712809786,0.06849694948603188,0.26908364593255685,0.26691391043998797
824,3.963809516314867,4.0,1.4392963507918708,1.4158451833934074,1.2472468181166014,1.251385333720363,0.227055505079636,0.22896365708170596,1.0435870567972452,1.043751438139172
825,3.163699604283509,3.35172273390323,1.4704410948064837,1.567140749182559,0.7526111219739485,0.7829541723331305,0.14644979467761457,0.14885124552972318,0.4417131552582273,0.4434330602068236
826,1.556850678532521,1.552150893349739,0.34353913734880503,0.3607393383749597,1.2734807768535212,1.2791798644071697,0.1414409529987385,0.13796550272954405,0.5078580253501166,0.5092016241341116
827,2.237082137249682,2.4022718899570856,1.7918102115967534,1.9094810440658871,1.844175881310697,1.8291199036294836,0.3169100702298983,0.3165412972682018,1.4300007222366842,1.4311119180492236
828,2.356624454614107,2.3456250483068404,1.7116083473661055,1.578963117049005,2.5155819949306286,2.5013449355076647,0.02521547733082529,0.025032804227252983,0.09451808908828935,0.09436607328936816
829,3.8243578559697635,3.9999999940716786,1.717553320558621,1.7627328154391035,2.119087009288082,2.1173823506622473,0.3044324243068735,0.3114765051243943,1.3095653307236625,1.3125653203996224
830,2.9775171838200847,3.084225892294136,0.3692816086852051,0.3615945863027655,0.013272033382887738,0.018830004808984124,0.09741329298179849,0.09914877218348808,0.3926771491812822,0.38877166906637156
831,3.502960882741751,3.9512430007016217,1.226435355762245,1.3312451063600035,1.1339724491477488,1.1278965333517852,0.21146549160832237,0.21145164289945367,0.9079034933787336,0.8981056484217709
832,1.763170700428117,1.808476923934117,0.7148315051864019,0.7365792775837514,1.0460876986921366,1.0270637588114755,0.37541126522156965,0.3589847111058896,1.1805501387517383,1.1911706995267015
833,1.7395690544012872,1.9016147101648366,1.835596272954243,2.0,2.7213156326171104,2.719402359123863,0.29240849453027934,0.281458802321776,1.3326186809597225,1.325618950364639
834,3.4672659579893503,3.2698207536337813,1.1647983516993954,1.0263565802611005,2.8136850173543446,2.8099450976223617,0.071520078170097,0.07040392893420228,0.2636458105210496,0.2639440122969284
835,3.3387747309437112,3.184941698289366,0.22386146892721248,0.10406986185861532,1.8006261695899333,2.037046803239307,0.34873706061342213,0.3438460699776624,1.3792746463611494,1.406009050996283
836,2.7471857727625864,2.800552811589008,0.4052491806798616,0.4899375308594487,2.24956589668854,2.051372987673884,0.13071926067414366,0.12838974897068434,0.5888737867777604,0.5854293806552804
837,2.827502856880139,2.665111748195039,0.2293373803009346,0.20076349964421433,0.032705223822008356,0.022391132855004273,0.31566471463331747,0.3116098629787056,1.349898865964899,1.345019623546371
838,2.2040534289353895,2.16072546674119,0.4760059202134731,0.6060595248227048,2.7617086100258663,2.493261726403672,0.3868884575334763,0.37968097488939206,1.4766392500750238,1.4931631867667485
839,1.9869194134549542,1.999221008717923,1.665253674825744,1.7247498842005355,0.6953751563516908,0.7171316968205929,0.23448072281672944,0.23206468443760203,0.8223950341608244,0.8292421303769312
840,2.6618676803456798,2.645712079571449,1.7633134933180528,1.6468546623835918,0.87407975982249,0.899523262405702,0.33388405006425714,0.3311262482786236,1.3647185163089595,1.3555257880981089
841,2.3776933016672532,2.5582048611715837,1.6502609277907052,1.8367482592588797,2.93275077319503,2.907342807868603,0.14844988431110773,0.1477469783696937,0.6992470537285788,0.6971818286087564
842,2.0283594859367495,2.0006674139425287,1.89086346434248,1.7976221236885666,0.21219476796808123,0.276264831280727,0.05011749801922853,0.04934313834708247,0.15839545091768764,0.15843602019195308
843,1.6371470423268208,1.6379720956115877,0.7146699417256175,0.7062081329273847,0.06342079876430917,0.0902097956968964,0.34271458819976564,0.3409465207420563,1.1398499596944456,1.1516543426324723
844,2.248202633087547,2.328608977935243,1.9648865046617572,2.0,0.816351257333512,0.7884184498606642,0.08304186531454873,0.08422053017685091,0.333762051638707,0.33302928396905446
845,1.7143463939406374,1.7060179041822692,0.2984938307008811,0.283273320416352,0.6844235818405465,0.6514110676999757,0.12593255667653402,0.12547116233849404,0.38324552846121585,0.3838058438909972
846,3.8275669368910847,3.980083042972298,0.2566432229067276,0.2633966665875167,0.49021016644541815,0.517374486989284,0.06322296749519102,0.06401359337802345,0.31609472695806545,0.31703362889663
847,3.5759905091714197,3.4806437100404892,0.8649243558059609,0.8473856594721101,0.8086178203553106,0.7466738222052942,0.05488460302381,0.05462144402190127,0.1856260963282113,0.18547002324925155
848,1.9796986035163266,1.9659512711724505,1.2671542696537879,1.1464787503952487,1.9391993802534464,2.000645964768941,0.18215329247975043,0.18121717205352897,0.7042722868631472,0.703337330897387
849,3.7392663680326166,3.8636083771826124,1.717280541684809,1.690791624294949,1.2020022130644858,1.1966585128428153,0.029510728202964267,0.028617372329721162,0.11607822425250518,0.11692767330986084
850,2.5183429506027215,2.5646786167778934,1.9999380878464736,2.0,0.6133178179961459,0.6227309220178077,0.13181411622333197,0.12714793538877706,0.5026658282992095,0.5023784041244336
851,3.6338141207195753,3.7141297059198823,1.4355748647102944,1.3869633084845998,2.5279777526132037,2.5816754651547544,0.11895179531816479,0.12212141748378885,0.5557537355395948,0.5560128301215201
852,2.218298138738941,2.4084346698991346,1.190357024049938,1.2728097430754857,1.4428317645512387,1.4868747359853765,0.2983674921800257,0.2997622362013983,1.1025496055978683,1.0945495882170355
853,1.5106743467614678,1.5447064007977347,0.952928460701133,0.9100477374690726,1.0760111727090973,1.084413843385884,0.22524118383794642,0.21877555589118333,0.9732914073339033,0.9642914723940085
854,2.739503551258492,2.9138901341994754,0.5994191378674452,0.6389827573803633,1.2725975705394863,1.3003014355792823,0.027127696112718997,0.026889514427131143,0.11487522400975227,0.11355710351121935
855,1.7877428405636602,1.860528503930083,1.0223306858085845,1.032248301686904,1.306411864519149,1.233331602420719,0.22761577513394643,0.23161172042923464,0.7219879362982096,0.7128328828063808
856,3.4361000302974274,3.4710492758096803,0.47637164828104817,0.3548270743793644,1.8985903553886292,2.1942530585595255,0.06242983321711333,0.06142096321917778,0.2561018306337346,0.25383553417669225
857,1.9098439131010796,1.8447048052510087,1.0361138829200083,0.994775596176733,2.9965753749167217,3.0,0.3169279204417966,0.3274780217749894,1.21849564246184,1.227792250375718
858,1.6244831512556255,1.678518642145113,1.0016318281271208,1.009598163287422,0.8914164585104996,0.9606160003725035,0.13724056514577881,0.132077860286425,0.5346295050814303,0.5375136534944664
859,1.6975265630483056,1.7279264989702217,1.6766855533556855,1.6898994400515792,0.6087545745913053,0.6123250291104972,0.25079261517782275,0.2577459435432052,1.1553197468453653,1.1578416369353741
860,2.3426259811494585,2.477738255928462,1.3447777799290084,1.3476055066590624,2.532365339971225,2.5789561050664287,0.32292851717013804,0.32648642384583126,1.1509085836845405,1.1450555976448742
861,3.572220945686564,3.654400001045503,1.5017550414254477,1.5176150116028218,1.2028673358567614,1.1892793427715418,0.20216127567004827,0.20300537065403107,0.8745536950304823,0.8711803782734401
862,3.711846990110737,3.6325811619617987,1.5829614825866105,1.5487505147599085,1.622777895588238,1.6485072854028657,0.14887105612928567,0.15088007147550714,0.5438181641091737,0.5453241084181628
863,3.378700669386629,3.4402137225837413,0.9900463467220089,0.9543631352406077,0.7489167197590334,0.7188673857991649,0.21306515911852075,0.20431778497254965,0.7231949736139228,0.7100983506475537
864,3.076319783630268,3.0321358993075256,0.6515076237291048,0.6420902340683534,1.8471830746353852,1.7669989040006968,0.13304347163152502,0.12821262129095418,0.4022305527381046,0.39925062734016387
865,2.047047988555957,2.0807688885520235,1.6421516821169515,1.6507961408433183,1.3760532735384523,1.4014113865536986,0.12886299503741797,0.1342873373180646,0.5638980184947999,0.5628981055699229
866,1.6581093769902808,1.6560066508890194,1.4810476043025482,1.473005005573219,0.6431523774394188,0.6453251666544607,0.24032973593799323,0.23652721382645633,1.0228395722459334,1.0224498162470732
867,2.7791748286022346,2.9539614062271404,0.6197445292646871,0.6442160023268249,0.3384875478457966,0.33487613358878143,0.3258107731909198,0.3298817535052147,1.4995268738576246,1.4931169698223345
868,2.0385874956262997,2.0734816678193617,0.9435653046844497,0.9426451832126841,0.7010190742988418,0.70341925066784,0.06499375704894284,0.06405083251046105,0.23995638438254668,0.23690396889065812
869,1.9362157925282106,1.9687243804031374,1.7938166992864562,1.7057480058982135,0.762829595688347,0.8097964690053193,0.3493772291070582,0.34219634997483867,1.1887455018911963,1.1727966148014213
870,1.9022223214974145,1.9651439092111298,0.8944208300223812,0.854326529238475,0.9812653119833141,1.0765703210491777,0.05002284284495516,0.048450712355476565,0.23145987713296456,0.23311169687710884
871,3.291561751309859,3.18237841128103,1.0063172502664206,0.9436724443674732,1.91340974266554,1.9499652343961107,0.06143383516829399,0.05994430515782581,0.18600628869593022,0.18760067279669715
872,3.065655258297119,2.9541463834676938,0.38275048036158954,0.2808641569721543,1.7267571034049585,1.8074606934328385,0.3403753944552964,0.32563690959991387,1.371675328612191,1.3620888274741307
873,1.7464431705749353,1.8135703426978356,1.7244120051579828,1.7778792632958766,1.4161073432801627,1.4417936060081131,0.031185735606428643,0.030832459992179505,0.12043172720411821,0.1205638687818936
874,3.458060978074297,3.4137201564897133,0.46501321430791553,0.4696395991713527,2.5896036604981814,2.511066005919203,0.2611650418520767,0.24939958243994337,0.8336127408817668,0.8355646534361306
875,3.4969173514512515,3.648813342889001,0.2961998201864301,0.314861392445576,2.726510121640537,2.6950844103158187,0.30572836458508507,0.29597952595447224,1.0221351617165628,1.0091351656237522
876,2.63859521811323,2.8930644216699486,1.5852320546056404,1.7497686952355824,2.9744451190917625,2.9076245774342047,0.1352069050336384,0.13198745804228296,0.5469863307383913,0.5401275898153932
877,2.7860582234834275,2.775240431365905,1.343541056939566,1.2690052006495405,0.7866402061120114,0.839755462873064,0.40746433288819106,0.4101949150101114,1.2741216514043356,1.2632699763277633
878,2.6546925075321353,2.5193373206643477,0.6931832107364236,0.6518488614464149,1.2022247854709325,1.1805542611612627,0.29833299998964763,0.31007749964558334,0.9065953945117996,0.9219439554583518
879,2.8363829777116796,2.8787342689735365,0.7462044056984878,0.7853539950767104,2.799736590232351,2.7460298141527484,0.1741245932569488,0.1712030478049021,0.5414201069012107,0.5395248451802085
880,2.5687706215112867,2.527985369639863,1.975213333307795,1.8920846414924206,1.7866989675955494,1.807528473852925,0.09922167531156675,0.10008931309246445,0.4799272355533363,0.48391742800145754
881,1.6933164050135607,1.7490608918187802,0.9789873189465711,1.0126337233085394,2.1505199157657935,2.1264074606051424,0.11683627054899093,0.1157950229854872,0.38977250760821336,0.38539996939649157
882,2.5609211670725296,2.6894496623500324,1.3584189617402345,1.3558952780181175,0.4684301726330191,0.48196642649519905,0.08347397939488344,0.07886898865648899,0.2594895029887815,0.26098112790756856
883,2.3897544016355603,2.374043059982676,1.9929716766044527,2.0,1.8630330817112177,1.8860758461610128,0.30491633335652263,0.30553455363277543,1.2369119450762616,1.2429119305756524
884,1.9039295516109487,2.0170673412644264,1.3672902856718363,1.4092366331402522,2.437785163988703,2.429291580329629,0.27561482694051714,0.28220838922161096,1.1298823614781615,1.1168825160227707
885,2.542241260268386,2.589746129658886,0.6310196957816925,0.7191936895033817,2.532188195255897,2.4145748625888945,0.18665542893369877,0.18746658623024415,0.7417497484858564,0.7443294427147329
886,3.889684190318956,3.8125355016523903,1.4715726188194318,1.4570566739868431,1.8077375411236458,1.7710717413009247,0.2200484222577822,0.21893765560734854,1.0818773188583317,1.0838773281638492
887,3.440356999397551,3.467803986312495,0.20618207765508154,0.20715968479077634,0.6148753622376976,0.6421699012807612,0.0672399383363361,0.06639889556227778,0.27619199804294176,0.273740377117517
888,3.4071606617069286,3.3147336129934377,0.48694329883995113,0.4581692362755219,1.1467501835328218,1.1276821823555772,0.3444306115747702,0.3308220001784344,1.4532181622082994,1.4534313622337562
889,2.5961019784296857,2.5642797436147085,1.8710074828411436,1.7878017556946075,1.6275725703184585,1.5462405707612343,0.39475302400712153,0.38821387611226776,1.3752387716328864,1.3729962223081373
890,3.6232708192903265,3.6719263258375316,1.4177664468990112,1.3872543051808988,0.7956682032055932,0.8257965628527721,0.09350975328975647,0.08903694031970219,0.29343062019975047,0.29715706846260537
891,3.501840987233993,3.8554136740322873,1.3858463852416092,1.5202605893086745,2.4293658892705396,2.3589108477874756,0.40426608676741915,0.41182763637561903,1.4324965452074372,1.4227007813867747
892,3.7576001891920425,3.904160135712368,0.5579719199445738,0.6000439036090887,1.3396367745945559,1.3138066089908274,0.2545038166379132,0.24779750407765833,0.9316361899887365,0.9311405453894142
893,2.3460320872903515,2.301320508898778,1.712095128222339,1.6498546749176641,0.44605283143150476,0.4150786946424318,0.14708287545016283,0.1487865251258968,0.6811981796311036,0.6877696784171796
894,3.4025084518694815,3.5464955310577304,1.959439446899612,1.947921889813128,0.06784851480711385,0.13126600185260956,0.037435717464102146,0.03706922540134584,0.14781928211243767,0.1466645585884923
895,3.292281049886297,3.19472091082724,1.5639814489331638,1.4956331031844057,0.04053607780438184,0.06381190346100796,0.17111670017995245,0.16692655969565798,0.7391449501604861,0.7429041455597063
896,3.2964640954530475,3.1970192388270893,0.33662746627115314,0.3215840770738532,0.5467091550783918,0.5690823041305656,0.16375162312341543,0.15925452174176866,0.610870312348289,0.6068496297013167
897,3.954495203019132,4.0,1.6749218657492653,1.6668583548758584,1.2801847653326481,1.2925532061540714,0.021474146007781126,0.02208759224450724,0.07627907208727808,0.07564485499209149
898,3.083969524396653,2.9607970359210274,1.2693209311070324,1.2154212058459946,0.09100577544120758,0.09131961952787299,0.2122710390491283,0.2149011158855232,1.025433857866248,1.0314790366804836
899,1.9801920144145524,1.9399950373127153,0.15250202552438252,0.17404048503563577,1.9958015149919768,1.9831219544084429,0.41697854515200994,0.41822250846870457,1.420884104727037,1.4448840994859304
900,1.6059198033607083,1.550173356983119,0.17739894911900955,0.1153424449103695,1.3657383521205713,1.3518377111176418,0.10636886909565002,0.10505986799930456,0.34604980702876353,0.3484890210694991
901,1.9893367721275346,1.997026040989608,0.5209867298126468,0.5356471532282561,1.0648766929253908,1.0260580066151672,0.31790996882846184,0.31707267174537995,1.121458815340605,1.132366336709582
902,2.762291544127179,2.7774162968326754,1.645099062703925,1.6141799523892921,0.22849630798591503,0.28074165159425024,0.2567469051359916,0.2524622545350607,1.102100686466176,1.1069148140418812
903,2.2655920067536433,2.231914916456944,0.4537921437593506,0.4180516916878105,1.8047672159149777,1.849848283319234,0.3030754825844896,0.29303387981528994,1.1637170622706072,1.1637160056654783
904,2.8148715463527516,2.9035613030479586,1.0165595857423553,1.0703888332541232,1.4113173501780776,1.4549022707169228,0.19627546878032856,0.19388221015209176,0.8458223860477958,0.848371931776116
905,1.5612385623449714,1.6874329263725163,0.9743620381346209,1.2844994579649625,2.8415056702458594,2.7232913801353567,0.25603972379383294,0.26511927230394833,0.9878803495286919,0.9838127646028729
906,3.4173683296827595,3.3096032799928214,1.4778837888405305,1.3300131284573513,2.9025973231738686,2.9063630446938156,0.2401692725132837,0.2390884202956716,0.8963321056322076,0.8883453419721368
907,3.594507902187953,3.4461611638264342,1.213566762453169,1.1880336804954443,0.1615926174140716,0.1630294971882761,0.27880685994295723,0.28206464771807344,1.1200257629746415,1.130707438208413
908,2.6649601678849457,2.7449441818548586,0.694578659358329,0.6963733422578008,0.062299717963348766,0.06872738143450108,0.21646736721290655,0.21563383494912752,0.7474171561716445,0.7441790289237826
909,3.408858676964164,3.2446702946739947,1.8919073319333781,1.6477684664679142,2.556298782602367,2.685793775365755,0.3149924992442427,0.312105694608962,1.3163770933613974,1.314376958944064
910,3.7712480406558995,3.5838125821061135,1.9249713276838822,1.8431490157871695,1.2652300347911667,1.2636743290770198,0.2645126885095205,0.2521952552963358,0.8865809125211472,0.8955808946748876
911,3.1256836550679417,3.114461769287698,1.112605766578813,1.1741064391704454,2.7394645056696287,2.6351444566378524,0.3393733848028542,0.32980474462619913,1.3629979183863061,1.3679979423351574
912,2.1019280304054226,2.274932097484233,1.3741856681763167,1.5041912754732505,2.9788595221853154,3.0,0.31254867642915773,0.3149800991780226,1.0871476649098248,1.078147646281968
913,2.410940792255987,2.327628636278739,1.8513844983673406,1.7917908363937538,2.129181685145044,2.076929757843823,0.12402030591354421,0.12015124921217604,0.5967319215065093,0.5987769359111699
914,3.1989928439594753,3.1314771265653003,1.4596760074535369,1.4131593706607852,0.790737633215151,0.7818605848861547,0.09282588729705105,0.09038632794121144,0.4000100995523525,0.398572208441834
915,2.8522525184116456,2.8479189703650922,1.5377373419613403,1.6947443923159116,2.4120578655067995,2.256076641508419,0.16553964550005593,0.16109066969319843,0.6727775251455613,0.6814194652526805
916,1.9367310988624324,2.0191380960273504,0.4948451431146915,0.5091818613573033,0.39104635982874714,0.4061835826591065,0.4129740651762512,0.4105327230272814,1.318728622967142,1.3111628030097608
917,3.831887766284067,3.9606889394142684,0.2742157135784081,0.2754123119780436,0.35890401575531505,0.3694926731489122,0.3488141072199183,0.3481258808645927,1.4513703031443308,1.4596264563978603
918,2.5282054063736394,2.58606287321813,1.0059610967052492,1.0092545614259014,2.522597618338364,2.610586604585959,0.054687506143423825,0.05388534474801829,0.16724388612752195,0.16797812077369934
919,2.852760713540382,2.9740890185048823,1.8651381657043427,1.8387366252973842,1.9115828534858945,1.9614653238662303,0.14639402437081211,0.1460759145792737,0.46123775199641576,0.45982619014580023
920,3.519972795340577,3.6087133957711606,1.9164492137485685,1.9992200128209177,2.3109340407769605,2.225613932454889,0.06804247865108963,0.06722691320482418,0.21701481669631262,0.21328436612250679
921,3.531702841105283,3.696928965994914,1.2777567855565044,1.2813175312855152,0.8084612380326051,0.814681600435636,0.25164179384050467,0.26060041152659397,1.2069948094251248,1.2046155402503245
922,3.8360025256914896,3.8625381178677225,1.218344441400492,1.2263727319602615,1.2795858097652255,1.3031191244480338,0.3878323595741768,0.3848753330080521,1.4766301503478347,1.480630206071051
923,3.6347001399121805,3.6786836332396633,1.1851971037232985,1.1382083284699651,1.0337440533407731,1.0568458189076788,0.1383125403041424,0.1427940544244302,0.573932556423971,0.5750756052186026
924,1.5299544012141548,1.6178091561221104,0.9413032312709334,0.9841459879668388,1.0288393689775546,1.0839804472038248,0.14018722090274294,0.13735682826574272,0.45037633879457334,0.4413775437672653
925,1.9981882351439642,1.8992828021870949,0.577074501317718,0.5535686339811732,0.14275210377481162,0.14730196540004714,0.36865502692621,0.366257102731785,1.4052563791944472,1.4317017706772863
926,2.257982072493276,2.23782368755829,1.7387099896366316,1.7343219879606493,0.8356707119814468,0.8239470436377226,0.024558460646744367,0.024380248168804856,0.10791885690513346,0.10728046905794804
927,2.589435854933556,2.5973439823882094,1.3660453646261408,1.359733160781386,1.4839028523080395,1.5070887235709016,0.13227933236600367,0.134912459091282,0.6523680464001469,0.6539110707227466
928,2.077260835678697,1.983242938373454,0.9921446163448961,0.8958780880098622,2.7923593795658537,2.768560640961032,0.289081702040988,0.28316076977437804,1.034011242645635,1.044846316865491
929,1.666750004457149,1.6251890747609807,0.9082780388855517,0.8761658292530359,0.7450473989099305,0.6833131341354796,0.1300858307346746,0.13246012537091517,0.5027314378878271,0.5093137045460432
930,2.1824098914793195,2.0405613515518763,1.8943684676143935,1.7996342185867724,0.0302101715441353,0.0016818242192133898,0.3931300282720023,0.3992084503386612,1.479969771250514,1.4926246645557337
931,3.9124291080521223,3.964507967001735,0.383523172097866,0.3653172672991732,1.9395503716558207,1.937563506840615,0.12001384359834627,0.12051910378729873,0.3691027251039394,0.36607664017502406
932,2.5520780711154956,2.2132458299588396,1.9086324051500245,1.6928579503118062,1.6707208846621606,1.7519507517355053,0.24302724394762285,0.24642854268734282,1.1687196022893114,1.1873347719077925
933,2.6303283974388063,2.602674338079668,1.701978167272299,1.6842044643066105,1.8328708892078298,1.7967631936938362,0.05179113564227665,0.05030337689520364,0.16042197525734553,0.1631430967126632
934,2.2692426576576397,2.2530413925326713,1.2849114794993355,1.2410550639116926,2.936978702223888,2.9232217265476175,0.08862238973302167,0.08975114504235589,0.3863133399892289,0.38681969603111704
935,3.169037513863252,3.232538977331219,0.2209666107354057,0.2254566204915347,0.2413659258842321,0.2625935824292152,0.09009514902637553,0.08878929246601414,0.41633616490717534,0.4191508416156489
936,3.7877573814791057,3.7495157851823517,0.10888695846702674,0.10652024297918282,1.4819908476866588,1.4618683537514685,0.30408583732002814,0.302842415363225,1.0451924362327614,1.0365245886525314
937,2.348058780664167,2.30466908505688,1.6663143382083705,1.5877546198681685,0.8460712702153544,0.8639271762099499,0.17468933867757971,0.17662096655344467,0.7777756500985797,0.7781940447961516
938,3.582699183597072,3.4774926399668287,1.9116387152016407,1.8704273565926832,0.01565392378103836,0.0,0.24488215910390929,0.24558980484248635,1.066289689979096,1.0699040031338023
939,3.820289227418016,3.9828670715107064,1.6768508573029661,1.7423660287860339,1.758430335542454,1.729291950343866,0.12797833573464287,0.12618801867395282,0.628910705266239,0.6289106964622297
940,2.936885203969447,2.9438006968568433,0.41779952683365185,0.42376230815006266,0.7981927422192756,0.7743015961317729,0.14778625738043885,0.14959332471793335,0.5716344070486171,0.5770794174271838
941,3.6709828804529763,3.561189723344439,0.48927706407915017,0.4899850585037425,1.350400330001787,1.282726272297926,0.03524396617606891,0.03576258949431159,0.16827699186627715,0.16779726410398657
942,2.860752594558235,2.8321181367877006,1.6145192067768122,1.597237076610661,0.12710342363692795,0.09583407121093616,0.30842339205957864,0.30988556948441376,1.3680029200823511,1.3686331021005924
943,1.604683615033923,1.7409603261462592,1.7948086257312774,1.883887851755752,2.6379530100907855,2.712099206008677,0.2846575124999982,0.2690394114204493,0.98345610735507,0.980454844187101
944,1.7055195840679505,1.7103653731872352,0.32402439395954963,0.10014935714664139,2.3625214737495526,2.6566727860740187,0.08477422412575981,0.08654641387573608,0.26666717389570893,0.2660719221773401
945,2.587764051272129,2.6190924844090033,0.4688335916874339,0.4643213852331661,0.5913567573069275,0.6152667978690787,0.055751430818380084,0.0560420617056354,0.27042977783480904,0.26797651092858144
946,2.770715977737533,2.7690809539181593,1.986942251844223,1.92875978818583,1.3536847405145782,1.3959507167545453,0.4590070274193734,0.4513562175216842,1.453689280757083,1.4596892483065416
947,2.421086748804676,2.3933019063020957,1.0080708598927852,0.9635599552673321,1.4867980443682338,1.5004601338947159,0.0558973735589082,0.05450212040341752,0.18814064786757473,0.18752151256485766
948,2.01817529870804,1.8565120242238653,0.7828172990293109,0.5405187761667554,2.4533358203876685,2.5609786734241293,0.20007866484477801,0.2016850237463387,0.749124070737837,0.7657211214323327
949,3.918497088558946,4.0,0.318958163502599,0.31798793723838553,1.7326733002042065,1.7356919150172803,0.3808551467405923,0.38463914144840916,1.2254727264790137,1.206962468528768
950,3.4740992232214563,3.4565954332275792,0.1660767141540057,0.1,2.561358513498795,2.739704678580832,0.17010956188522502,0.17190430286863445,0.56376046455773,0.5620245064860494
951,3.2394533618922283,3.3364522487086052,1.5073225787209659,1.5390233866023963,0.8189191757264694,0.7891404733374239,0.08482694965186179,0.08472745523037375,0.3849730850614706,0.3844828078056468
952,2.8369800550252156,2.6433767021783336,0.3802891562745907,0.1,2.1274241514438588,2.5220883496660815,0.3384052654423553,0.3433506329578139,1.483405568651708,1.4923962217148345
953,3.1820277819212968,3.233014761219634,0.6650491817834051,0.6229754109325689,2.8242205703253704,2.957255540962905,0.3366372929276883,0.3323488420190729,1.402431483108476,1.4073716173675657
954,3.8037278339008704,3.9012135686033815,0.4851206995154671,0.6579396053768862,2.64751540194041,2.271620766378206,0.2009221356114217,0.21133875238257388,0.8537227857902909,0.8486687315383565
955,2.837266456958778,2.7430732970397678,0.9649093764238343,0.9253753652472757,0.32301351613751095,0.33732493003534525,0.23702788346241893,0.23451260852052688,0.8963744810744498,0.9104914993734469
956,2.1043020080723123,2.1084058117785305,0.30085979805465213,0.1,2.362942967682873,2.7938780233995617,0.26062630938262477,0.2631683160084434,0.8129848964497322,0.8189848782648446
957,2.4238972579910234,2.4470790038888985,1.4725481722058313,1.3485288436044374,1.6563477080797688,1.7152207306921639,0.30437425350117164,0.2985597172088174,1.1539308090664346,1.1364253926360095
958,3.7232606142719162,3.838122203841836,1.8718239975371964,1.857072445421749,0.1970696966440647,0.13057635522254646,0.45554823516063236,0.4680634199225623,1.4141890587444819,1.3991891064478612
959,1.9283245539837066,1.8665687273543308,0.41943780527148256,0.3797539887370816,0.7813731837338386,0.7670953931823485,0.2181141596264858,0.223853641176985,0.8224495080485028,0.8277792897286633
960,1.5337744595771174,1.537663016395705,1.4280095587441162,1.3021149403438304,2.2582797405768185,2.3937771084090835,0.29307653315382864,0.2831738220886962,1.1602740298560899,1.159273703269175
961,1.8138403218791617,1.8183930697024218,0.6487130261457366,0.6817619044369967,1.566023701336249,1.4604567250856335,0.1997811161988008,0.19357191256631648,0.9113345660570152,0.9108409288462596
962,2.436881147209786,2.4555129047623705,1.9117075574986242,1.8428362258567894,1.4337445258969967,1.4664643600847067,0.3719256489163222,0.3700281697696056,1.2309309042581873,1.2205307948071717
963,3.2444723707262435,3.253660293192654,1.9817999647182558,1.8795359100445264,2.715156960968178,2.8514909183011,0.15153602677332798,0.15510952521673355,0.7075656136158662,0.7066288053604162
964,2.237688861473665,2.4569829941337913,1.2769262537842836,1.3710545472808362,1.7229512296023866,1.8023526121056606,0.21905829099736762,0.215762820922235,0.8433128594372524,0.839852087887865
965,2.3418131168523324,2.279690409808499,0.6447882413520948,0.6210326155044616,1.4354301986363232,1.4242178198292015,0.17739713087994344,0.18491486370581017,0.8209002134423947,0.8288378087977132
966,2.846141015252194,3.1940023096644214,1.305961607692662,1.5293346399410526,2.106156180364634,2.0431041435657917,0.18047664570220046,0.17933127712923747,0.6364904059661073,0.6349750896703321
967,1.9572582811362278,2.0314804819083077,0.32675039947400686,0.34403242787644567,0.02449027543367177,0.003246132376496416,0.2578914080327182,0.24835680542443692,1.1641277444860971,1.1645067194469163
968,1.9032820332799867,2.016944530127478,1.5635689077799562,1.5131252602491552,2.9799335703334466,2.999999813533626,0.2821107420291611,0.28556747474938105,1.1895675888511028,1.1805674628448686
969,2.3803988855558464,2.39099817671833,0.11808994011683371,0.1,2.6167153222321637,2.6207786984145383,0.26517897661429446,0.2675977277591485,1.025768937856035,1.027321658943529
970,3.5437138735567184,3.6434682239548795,1.1621871314510122,1.2112891129977723,2.1798939395753223,2.2518733090565752,0.04900338660035491,0.04820319160957219,0.197631272467104,0.20163149797259888
971,2.989738691682459,3.2746193663545338,1.2233933379080941,1.2915424976331669,0.1597256247759039,0.20269105102123958,0.35738637808609064,0.3671029065584437,1.1825980861351304,1.1720612444201282
972,3.3078472201138416,3.3318032243153612,1.3679142742632964,1.3355895640895195,2.06091918988143,2.0864895504596825,0.1715833862365695,0.16924714628099524,0.6184859583724374,0.6145874775098698
973,2.8384631946827747,2.886874050966542,1.7490681983703171,1.7405063655086166,1.0305482967518524,1.0876483363612304,0.27170753272918174,0.25874417218289786,1.1460980738066457,1.1450979312256537
974,2.2870191602015244,2.248437285543334,1.9033917228298876,1.804136983640853,1.0493885474397366,1.0822968077686024,0.4160960928815927,0.4053687854481996,1.4455116221731499,1.4398441601110112
975,3.6951865535200117,3.416432308046356,0.5037836205415547,0.2168188168578844,2.090188978290046,2.564698646564918,0.32331811822949397,0.32023758562724886,0.9951480394145579,1.0021747276437742
976,1.8232401355951424,1.912863421861445,1.8201844751402125,1.8293874180525747,0.3643866592497993,0.4556109750086993,0.09360619822069934,0.09504834912776791,0.3993251811055834,0.3995922535772198
977,1.9086191411904152,1.9663993637346575,0.2890291637074498,0.3908598061285701,2.338927387691643,2.1838582303229086,0.04751297004140628,0.04732789344213212,0.20144689720777892,0.20253241832566143
978,1.7553932619254482,1.7109639119612132,1.8499072257962041,1.7638880048445122,0.40734708378886253,0.4315369377952631,0.26631255849888896,0.26641341083293635,0.887946531247565,0.8883305523872097
979,3.8192090684424955,3.867194294226345,0.6827595899823005,0.6715883901660927,0.8834072248646755,0.9248941016461285,0.2604651306101701,0.2608293635258687,1.1253600583853451,1.1314517895892924
980,2.365040205107037,2.363068175641481,1.234249764868072,1.2053229036155069,0.37503647493335535,0.38472657602674054,0.15141108929163855,0.1513853363549243,0.614404329954863,0.6196056337276848
981,3.678760065582399,3.829502772661539,0.36531479149689783,0.3392561933573307,2.7800527471682437,2.999999464685996,0.3048910453966088,0.30722945852865036,1.2049530931829042,1.2076695868805905
982,3.003575667104842,3.149327236612271,0.9154657488599934,0.9334896919646722,0.8258896895029125,0.8921249153232409,0.31950876378530946,0.3261087559521922,1.465631157678844,1.4646312053885537
983,2.6896952732433714,2.7177886721369138,1.9999929434618793,1.9829216876733529,1.6110892986377836,1.6952895282754028,0.3532449494196319,0.35492925406168474,1.3014046873029264,1.3071494333295468
984,2.2231572959726,2.218770354535619,1.2950263107532225,1.2228894480453827,0.13599588341595104,0.1778199780486005,0.044007355263257705,0.04423379697837623,0.1331627715391369,0.1328405770913431
985,2.616854948824911,2.630697037605485,0.30957136430836757,0.30168889264083515,0.6829361596356165,0.678592773925002,0.2076436404611312,0.20979402327646174,0.8066059878125652,0.7995613207076295
986,3.961265333011697,4.0,0.8879657263706829,0.9028498547309098,2.9175273387159173,2.8834675463528936,0.34749139348594427,0.3493421110881707,1.2526637048903626,1.2466637048543836
987,3.135819336739696,3.245505789692329,0.7646496263023554,0.7559610665500687,2.0882144963759774,2.119062716485825,0.3856541959212656,0.3898054768225469,1.3575336045295343,1.3505335079736207
988,3.566167565339746,3.3704062043317196,0.4354823428599557,0.4085558238067094,0.06625164640430026,0.08481033169794072,0.11281926017679002,0.11170609232343433,0.5361915646090823,0.5321248220505437
989,1.6772665906185213,1.6127720620411308,1.4474224722706355,1.3353383237765877,0.27826287738768085,0.23862338819512297,0.052540570527031774,0.05330486502578915,0.1803448869293694,0.1799656264124619
990,1.868504734873572,1.8558561310015405,0.47267873724748866,0.47869296887495344,1.1996761035027963,1.151093238297573,0.16355026111305965,0.16365616465776564,0.733760433990542,0.7306219322100456
991,2.0088208002968986,2.0470812158589644,0.7479136529364313,0.7281026328082832,1.1417381839663268,1.1789845788636435,0.1808176375874347,0.18300215062981148,0.5472275526996901,0.5476881872529283
992,2.5138438151021134,2.3872364079422117,1.8953313039827542,1.7937212659675847,0.30859934752560747,0.2405538749614694,0.28948775658644077,0.27469592861171954,1.0969602842164192,1.1029602771947922
993,1.8215809313707267,1.922062236751512,0.5393155550329343,0.5260820040935948,1.9449636653679092,2.0860737778145486,0.22143821977379294,0.21645183388802947,1.0077243250860666,1.0051678618648339
994,3.2918526133636274,3.282784769014717,1.5342821147709331,1.4715389529781249,1.4057227261711647,1.4658412413517983,0.0805763401419735,0.07936020110832746,0.3395391639632,0.33721970377134836
995,3.2962336903472576,3.2446638939933177,0.28723628974466975,0.34385387157962954,1.833597200903741,1.681621008247877,0.018639142933691476,0.018565858248502858,0.07156008014390156,0.07094795243718752
996,3.1270367454248236,2.9675659190181896,1.2955240441811402,1.1833022885769713,2.1820972822556453,2.2165189891734043,0.09024541841706545,0.09227080091500355,0.29467711870211344,0.2994214408230818
997,3.1479874638535876,2.9190873408847087,1.3997631792029415,1.3136470053384028,0.42129079871905406,0.4142926537000719,0.3916253502001744,0.4020451763772782,1.4846441160227695,1.5
998,2.2663819647802983,2.352489049297552,1.4360830306938765,1.4725681405949957,2.417342495313053,2.4140486680658233,0.17574835020574764,0.17828745446026542,0.5328707156309365,0.5258437699415729
999,2.21369117418414,2.1831087085750682,0.9861587949210681,0.8511752513651498,2.1363378796049672,2.320656204793632,0.23112573550126764,0.22818471264701634,0.9656091259244435,0.9739564078120219
