,a_true,a_estimate,lambda_true,lambda_estimate,delta_true,delta_estimate,sigma_true,sigma_estimate,ndt_true,ndt_estimate
0,2.651084228866262,2.3573332721366227,1.4487527447591646,1.3162448093478487,1.84722765551485,1.8068976204079057,0.0820448581988859,0.08100582558416,0.2964172965476744,0.3011021376382485
1,3.804095023478301,3.574001844046728,1.3729224607893589,1.1302060858037646,2.842809973686116,3.0,0.0383139827751871,0.0358963416606006,0.160939469672132,0.1562375568618829
2,2.0945542023488057,2.2045126162079822,1.6463931536526475,1.5806370431674823,0.8243139062081438,0.8925426885859535,0.3613446633814569,0.3685396222090946,1.36153368985414,1.3437962174856968
3,2.4498923612311794,2.2915457201237435,1.1607959741769012,0.718374700589133,2.599314623993515,3.0,0.0189065663234067,0.0195031934976051,0.0645443031823592,0.0634437825012924
4,2.747714074678382,2.73940211816389,0.17171436358242,0.2228704616435884,2.316004109527638,2.182637039383323,0.0403986827969536,0.0403047661646654,0.1793691350583369,0.1792624578461409
5,3.8741819101447574,3.919468347246981,0.879415092076675,0.9116673949508882,1.3159548666148877,1.3610776832415523,0.3505989383077521,0.3343622130741844,1.1485589109461949,1.174385239645056
6,2.4346403598132116,2.2869045432021182,1.5088884623526273,1.4476268687786906,1.1148647551831092,1.0539190819125208,0.1387453097958763,0.1321939491632581,0.618207748231362,0.6233241438057847
7,3.267918583957485,3.845711996388417,0.6015328754244978,1.0077980547376069,2.990900381091232,2.655373988271809,0.2460971333796936,0.2537555210779001,1.0578136987099769,1.0622518899383129
8,2.9841089862798995,2.807457562389984,1.02606358016601,0.9793852372779418,1.9509374012012863,1.9394606924864273,0.3670821969945163,0.3888612388495199,1.2482411482620115,1.2602415676804384
9,1.7531814636032583,1.701996133670277,1.5953186647330866,1.1556655899962345,2.4056853036911634,2.615603949886841,0.0681282345204388,0.0685465444322487,0.2541916573921203,0.2511525808917409
10,2.2692502171516846,2.5710074812843486,0.3093851239109679,0.4663841808185578,1.6552921232215954,1.6012295875789428,0.4714147232507431,0.5,1.4802176729093113,1.45227899774355
11,2.29807495693847,2.3353830073801323,0.1819489686655627,0.1698455077890881,0.0693695739787668,0.0257252606447143,0.2507944286926044,0.2594195402306722,0.9185750003142032,0.914732679589855
12,2.5622644147660187,2.8995915049973777,0.6747272328879568,0.7480161684864305,0.7593353315275846,0.8096073026158461,0.0295966903072703,0.027860388641845,0.1028519203392176,0.1059280580933179
13,1.8846891996334312,2.048881401220382,0.2686705491059573,0.3212479378364438,1.238464599113363,1.3111218385969017,0.3504110704343529,0.3206249396771813,1.278415146561575,1.2674266654406217
14,1.8154601762307163,1.6633418847054733,1.265145724075554,1.0737682517550744,0.0129664160206477,0.0832892313507662,0.1261109892260103,0.1291292039360194,0.404981793491621,0.409877852800434
15,3.779921137635008,4.0,1.5160430516978056,1.709350681559786,2.1980597810367577,2.0482364797124584,0.2068562117123218,0.2177623256442709,0.6412469375646045,0.651369154451134
16,2.4688522675674993,2.404639185217502,0.9736628939550094,0.8711549551657353,1.9563347704755103,2.019220540200852,0.1383039043550838,0.1357337012795439,0.5249735413716881,0.5277712659484025
17,3.5028883031013995,3.556572639434211,0.8952664309805811,1.000318465552467,2.185400458686016,2.0235255901631253,0.0999150990263834,0.1026717245964901,0.4540402045593087,0.4478894133369747
18,1.9265830689961296,2.3917718853957983,1.5122457607715418,1.8593839343202645,1.4745920953773677,1.49903454757406,0.0995102334949292,0.1021782964856108,0.298866594102564,0.2995887777615709
19,3.1914987230181544,3.43558765243614,0.3512240271896253,0.3706726919516123,0.4625761989943636,0.4401807979760561,0.026131079385004,0.0259318477318989,0.1021287900780942,0.1031252017799781
20,2.206528872438165,2.1362459075251232,1.0064011803920754,0.97914079665696,0.0556494256328367,0.116132944480931,0.0936140225018204,0.1010425252184189,0.3807945497929504,0.3793976864163354
21,3.2727129321839765,3.147102110379458,1.307380379704711,1.461035218363496,2.493518114763242,2.1795269205463956,0.3268932898031224,0.3568776022504728,0.994288721717074,1.011288720479129
22,3.3641698409740988,3.828911350734864,1.3405955402543357,1.489930731308587,1.8751768119577616,1.7502381860211602,0.3275961486161615,0.3263154255756031,1.2594616016897264,1.2534616788130883
23,1.7541257503435186,1.82846901205568,0.2565536751201969,0.3010478933137265,1.0333245145160577,1.1364815566365096,0.0844736364214252,0.0821974898894866,0.2872165015111919,0.2910789469348641
24,1.6463431516205165,1.904260350513222,1.184067842572535,1.3886456252004964,1.617368444028271,1.6180374463223732,0.1602475678132311,0.1545276015948164,0.7779449287564203,0.7715058812575425
25,1.9530672745333864,1.9908300262709768,0.1408152475897428,0.1,2.2796051177440684,2.4329001297391466,0.0908920120771009,0.085935144460818,0.2736328620061596,0.2752942937382645
26,2.2920573228975485,2.3458406449092655,1.723619408452238,1.7725042581789603,0.2716092483611296,0.2088982195875532,0.2317425413845107,0.2258312968050577,0.8120377943675221,0.8407528448536525
27,2.2054630121433454,2.572022336012128,1.7905991302097226,1.9998616115114471,1.607631073027462,1.62213862154104,0.1219861592574245,0.1311937298347223,0.3829986759087636,0.3773668351481719
28,2.411306108994704,2.582850320234887,0.5043405240001131,0.862311427514843,2.5162488705869923,1.9968802294196428,0.3440068077581337,0.3687444983304049,1.2204373750010262,1.2119233250186177
29,3.3649601280170445,3.320074387380126,0.9916821054681916,0.9535184976812474,1.393870403282551,1.4181005128379214,0.313083527336249,0.3277551279911185,1.024652168495359,1.023936030517631
30,3.4567164771772,3.155853584919636,1.798936290274838,1.623796560301711,1.939742185248175,1.8581502078452177,0.357008692277358,0.3326896638584252,1.134621570489221,1.1326215397348895
31,3.2296712400236216,3.892879863356819,1.4846819791871622,1.496723916894899,2.76292582754733,2.7743418018142907,0.4285087070167014,0.4157206436313286,1.4321617268455369,1.3831617247058154
32,3.1354365317501154,3.103358663902536,0.3066989681768512,0.3033897927741379,2.0630872025045135,1.9595765146019133,0.2777263604063611,0.2688864367955856,1.175486352767516,1.1614175288645483
33,3.3335751148598813,3.645151871842545,1.8282319114263463,1.968241656738937,2.0492986761097174,1.9971121475471547,0.0608195090070274,0.0637377284033903,0.2954825186432449,0.2884821681210679
34,3.551037716027651,3.699505834117758,1.0311025640279594,1.0638991404113425,0.4710364211127125,0.5924160978084204,0.2584197112222509,0.2587184046640046,0.9203687760547288,0.922676618162712
35,2.160429098403168,2.103750724516928,1.5633252930516897,1.688329276611599,2.45069021100682,2.288274574763588,0.2292874707569691,0.2129686423980079,0.7367160132662515,0.7469466625897844
36,3.740585904870888,3.3032054890438154,1.5451801571789847,1.4354320253668094,1.5255285607643514,1.4443827096807,0.3377383559218443,0.319644408053184,1.1228149305418509,1.1386555176633784
37,3.0913482336926235,3.208655886084163,0.4329066465051403,0.4329744969609871,1.6689854218352496,1.6075778130332257,0.163861114696942,0.1574424897181987,0.5864676059859028,0.5655146596036297
38,1.6942965069369929,1.624978733798309,1.1357244467979124,1.2215932744034677,0.8112699804642327,0.7108078037622957,0.4195252946357344,0.4137385612628968,1.4317152673421936,1.4371776054751235
39,3.941829718736392,3.9285612199856104,1.0403952440194184,0.9996351863179168,0.423738322767858,0.5168881582300295,0.2692601173126602,0.2799902637769913,1.2687268229555173,1.2726486058949815
40,3.47897924564948,3.560851715116385,0.9421583478341866,1.0349054177442911,1.5730358890683944,1.5079016688059788,0.1098425837439761,0.1088027725504049,0.3406390077732219,0.3449379421712437
41,3.574490355637164,4.0,1.1083107805856591,1.1898588422570002,0.4291270658678316,0.4523182002297232,0.1562021349847115,0.1570445283748757,0.5961012164018245,0.6035864620498859
42,1.5954069803212978,1.5963141095977218,0.387204732809176,0.4044470503404726,0.7207158981952672,0.7068291058890961,0.1778826470130522,0.16944876613149,0.796638389626284,0.8140890859473363
43,1.6564618639190427,1.6275255298239597,1.819359020530129,1.7635726093458524,1.769023251205107,1.8612675785234176,0.1762361679170579,0.1835374835532899,0.579737118040407,0.5787371928235121
44,2.2145455537132497,2.1398545014039727,1.5709133960226214,1.513721136107582,0.7373049073796164,0.8126189969834634,0.2274713138562683,0.2162503587624543,1.0005902473947488,1.0017366866492126
45,3.8130307569225415,3.73074539269055,1.931832916382434,1.944326584897757,0.64318649668615,0.5639975810695985,0.1649803895418132,0.1609441147051478,0.684367291992294,0.6733672914854406
46,1.7507199131678228,1.689337719755888,1.847089800570996,1.669861192478896,0.7386491446433571,0.894900717563842,0.1002128843378642,0.1047530231668461,0.3969762721188343,0.4030200681651432
47,3.960947259552171,4.0,1.4444080430255888,1.4627044128341482,0.3322773917732263,0.3720674613131737,0.3968506031034424,0.3850335937212611,1.4244579785670757,1.4194579759518329
48,2.230999217317266,2.2344395890971103,0.1033401810917597,0.1,1.8065122280522985,1.7251320759165183,0.0214903569520966,0.0195273985550069,0.1055107084513484,0.1069326452735759
49,3.1897393146409945,3.2009965980679023,1.0001805313887178,1.2385920202582628,2.4790011845903077,2.365252983823656,0.4208173800494712,0.4045896900161709,1.454361765496174,1.4883618824361111
50,1.639822747618799,1.5843952338213687,1.9580032789460455,1.9588367314349504,1.7740289773259388,1.587570075263136,0.2618069191042314,0.2467980053200922,1.0403480499629776,1.0383304186147602
51,3.950915575182773,4.0,1.353882124162745,1.3569820054173631,1.5675267625165727,1.5941949714685977,0.0647850320242862,0.0655217781070727,0.2867904879894925,0.2853061309715553
52,3.903245504841741,4.0,1.4785961145959603,1.4939333631709677,0.6897230858850866,0.7334718946461675,0.1348322013053341,0.132083630110198,0.5554468786868478,0.5634183345257455
53,3.1129515118498348,2.250745092319983,1.6307903948168334,1.2911342139537585,2.400560358601348,2.472879913266182,0.3475128546478105,0.3592442958885283,1.3945729027661462,1.4475728958165162
54,1.877440466307534,2.000707253864536,0.5642996163307967,0.6830230437394675,2.122888008881931,2.069019040937923,0.1968669538517237,0.2024359413725024,0.9358429860373054,0.9378433063198046
55,2.229445573032299,2.303474659923449,0.4708690583092656,0.47823425432894,0.894128808083727,1.0186779881762205,0.1628239817331859,0.1586321332215054,0.6684860031873219,0.6539353726313809
56,3.7574206647587745,3.762890899859069,0.5060391955640192,0.5041837811755127,0.5522080780320064,0.5710412279803473,0.1158608202398063,0.1136224966590845,0.4388262268257368,0.4446387328090179
57,2.0168833348187514,2.371556815672255,1.733517314346776,1.7561565140272213,2.407842127025238,2.453062661640761,0.3362721019125826,0.3498873483317967,1.0898666581277336,1.065866651266122
58,3.4466072678921114,3.696087043233306,1.2798601609536646,1.2236732847188536,1.6517602743053037,1.7729230693716458,0.046849620028802,0.0445404475977703,0.1529310066260779,0.1502539968538791
59,1.7302719861102291,1.6546794490860497,0.7381628896028086,0.695318427316951,0.0003876639592453,0.0,0.073726122590785,0.0736411545420742,0.3449643330186312,0.345206571342453
60,3.931454396357026,3.692066020197247,0.276961552271307,0.2553847485118865,0.5818846288209013,0.5541391543177857,0.3440483708892552,0.3545304279436231,1.0780433144762156,1.0951908888126196
61,2.560215494019447,2.5675196277457943,1.7886564680144037,1.6910470689629729,1.7298673247700451,1.6252060402968869,0.0288894840181378,0.0277102640420788,0.1264357914352485,0.1266559600739781
62,3.818151722037391,3.9576341078141457,0.5752295131740508,0.5811830985023415,0.8711173302570138,0.9032249006660776,0.2513820129472976,0.2768914408716614,0.916399764285224,0.9043997737759124
63,2.199766381758905,2.3430143515487316,0.4620493719159692,0.4872623084594858,0.6397716311931705,0.6155530597013138,0.2709869219825245,0.2577973399373823,1.1506593175466104,1.145559085965057
64,3.285774338457871,3.59859426298781,0.1886028836586916,0.1,2.045695204153056,2.2660933904428315,0.3466025592664268,0.3609338844273949,1.2999894674483965,1.242384543273396
65,3.9081193482405503,3.548557899966507,0.935657427717288,0.8394153850135422,1.294174308339455,1.3429240707463477,0.2092257149752379,0.2073822899437646,0.7872330175440049,0.7946130980843316
66,2.3731201291366117,2.4373519533765347,1.523325056340268,1.5234050380214084,0.2130344950548643,0.324752181262821,0.1579860398787198,0.1588486011963923,0.7106568988999743,0.712979279286148
67,2.1507369284295894,1.9316170092103708,1.0271069319885715,0.7343189543644435,2.9772717896366183,3.0,0.2913226017040624,0.2978592742441338,1.3304022332390764,1.3434038802333577
68,2.945261560738303,3.4863497293590213,1.2771590279563658,1.528078551493056,2.097326595987715,2.036096000408397,0.0230109321873948,0.0220364442145982,0.0721410234692512,0.0720175945319395
69,2.738811231084848,2.7040591725262395,1.5363550644888404,1.53668464253967,2.855106717325101,2.643289391375172,0.0573496996541512,0.0608631214245515,0.2213119826250904,0.2195112316495233
70,2.824481516256201,2.7924063285520853,1.1252420432368628,1.0831333481337226,0.5305838107311394,0.5172821480762236,0.1210491003124695,0.1196458081207752,0.529580388851079,0.5317998667758594
71,3.8257718489431873,3.619505832849141,0.3619562735516884,0.4351162731089655,2.2728842469442037,1.9525828690074851,0.2220231545554441,0.2457437514595599,0.9996830590986918,1.0108990867358312
72,1.815551821588009,1.862226013746023,1.4208686492198883,1.22097948933204,2.9541914864377423,3.0,0.0161295389169888,0.0166974370311327,0.0617613688351779,0.0621177216978839
73,2.691229445323549,2.349234674233484,1.91526369978642,1.7598935580515538,0.7215133085309354,0.6512316860397294,0.0236007176588753,0.0249048090165141,0.0896127687432279,0.0905278703063401
74,2.8986483701361663,2.935654916909532,1.686483264016111,1.7009666127540342,0.2365888431203208,0.2566457234090865,0.0623094862700489,0.0665274304647206,0.2878323745111036,0.2925523190869137
75,3.7371687311856823,3.847970753176678,0.2220072716641315,0.1295024089813525,1.720764154763544,2.0176342940751892,0.1266665548204884,0.1257382789852648,0.476806537558799,0.4783564498437135
76,3.2674928216931827,3.282036903117386,0.4285134198878729,0.3173390873369047,2.7859334136502873,3.0,0.3097212072875067,0.2898916564071797,1.2437781292912875,1.2361277112118485
77,1.8058565826582729,1.7098310948259108,1.471238593767179,1.3685659179580845,0.693948546809038,0.7268197375065285,0.1105495149271648,0.1138146764624414,0.5052729101376751,0.514687191409591
78,1.528737620356131,1.5326531103457042,1.5155003072821869,1.4218655300807657,1.2570873391204258,1.1858863168078502,0.119549417968645,0.1148945899462016,0.5290818334416447,0.5277660582209598
79,2.408835938917698,2.444159107592057,1.7557051899105345,1.7568309516171947,1.703332980393757,1.7128840156302585,0.0247866668582533,0.0235057227571756,0.1166405335269226,0.112909089849533
80,3.374861096356198,3.337781482361709,0.4929733069346518,0.4595482800997313,0.7951395575551455,0.9180124343933802,0.4938606354588645,0.4950308624082488,1.485178075431264,1.4869024339464494
81,1.7215934159795228,1.8071421100810725,1.2873148743358542,1.4082105960383065,1.3070598254351131,1.1853695308977392,0.2673752143607777,0.2790192056008915,1.1224533370127463,1.099453334129356
82,3.7186808972681393,4.0,1.033567878194878,1.1001304656343889,1.3497608600835826,1.358752880415079,0.2576895472116413,0.2435326083544937,1.1097450069426982,1.1007450033696011
83,3.7551215516034255,4.0,0.8837430932112864,0.905727085871023,1.334178817642497,1.2466780822711032,0.1117927338948956,0.1178290286846346,0.4455940857736433,0.443874326427967
84,3.480362866824063,3.133442795586973,0.5516001172579894,0.5301603197499125,0.8787441116942412,0.7664378711221989,0.1318249190746715,0.1275304314531264,0.4830679507319261,0.4782496579743782
85,2.3097721065340218,2.0929304457515725,0.4498419245010739,0.2969307011084443,1.7106462918605172,1.7498613956204216,0.1944794620508138,0.1973322033154444,0.6955303052905646,0.7102543938322678
86,2.9371145530748866,3.2432877242091465,1.7760857945125266,2.0,1.8396386002235705,1.818318123415035,0.0176565806732862,0.0186183908365262,0.0668407262067766,0.0691334870242506
87,2.119386727319497,1.911608031371077,1.415906004993276,1.2786351230638662,1.4239759880672576,1.2697360130673394,0.025211504075191,0.0248821599854468,0.0797639577630076,0.0799194539895044
88,2.475407047437338,2.4306177111875984,0.8402347648676992,0.8443300725631103,0.0403397780056852,0.1972348124902267,0.2508685573163184,0.2411233278187817,1.250375565567338,1.2651859251637254
89,3.084110787454229,3.023634885506254,1.2122806814471043,1.1930861064444522,0.1098383586101964,0.0597441674487515,0.2576723407430039,0.2691065990742275,0.9280277501525276,0.9357264511785388
90,2.2598684789886803,2.1724073247403615,0.7353968590048591,0.560246120337306,2.9237491620050164,2.9592858117077907,0.0353117515300391,0.0343671768695751,0.1516562646313241,0.1542724381010659
91,3.2438055225910936,3.292218138499496,0.1024337178132256,0.1438588049795457,1.2165534093508952,1.178450113085764,0.1816650473757016,0.180995108549553,0.8819696747636139,0.8906565630938508
92,3.948074147688259,3.289114103532099,1.43751413077349,0.6283212355937979,2.21669600953479,3.0,0.0901776684138011,0.0827087722489767,0.2796970380671792,0.2810907631672611
93,2.8960823755132186,3.2475212646149703,0.2533715236142931,0.2977568508272742,0.1341765163390973,0.0668237466317504,0.2541537675898606,0.2318427488513647,1.208858253466897,1.2172526141440208
94,3.8701000487363784,3.2106420108909264,0.4867421933276918,0.1848209376542888,2.238011618438574,2.4493951395534586,0.1900869316101072,0.1839301049578824,0.8213824824794389,0.8232641384052931
95,2.308264561693681,2.7368786363608644,1.7171509430101477,1.7063917671011086,1.1892845640922185,1.295020916624957,0.3213609109540584,0.3260331003227484,1.1365228580566953,1.1015227365327287
96,2.4815604780695404,2.3658420807300056,1.404844337706631,1.256922649822094,2.019556065530819,2.147495000387325,0.0421092498817513,0.0394363501139331,0.168878756478636,0.1692351227750816
97,2.977252516579889,3.09638881453666,1.0856996241423085,1.0336184370530002,2.7081711146965106,2.871110249428088,0.3084518041774402,0.2986811922608619,1.3583143521430197,1.348314312523844
98,3.155657964374643,3.486959408255695,1.871168921590607,1.8866001151929912,0.8152581075502103,0.8976115935598595,0.1761945202043665,0.1820619061663553,0.5318025164597959,0.5168510875062803
99,3.7604631208668167,3.810171532057378,0.9749833667261392,1.003270760029676,0.779786789623508,0.7359184904996986,0.0523288428733773,0.0524927954475181,0.2328513935042142,0.2306708084780758
100,3.581613532410214,3.399767423770105,1.8161993253388184,1.7717059234068844,0.9533536492331386,0.9521764303865565,0.24677484658974616,0.2467849046177793,0.9440140630873007,0.9550140259299043
101,1.918500015844352,1.9185134945163385,0.6200019957984837,0.6101200623681761,2.571207397689401,2.6283631144086828,0.23244269570444126,0.21853661903222996,0.9251986706730292,0.9320238454483568
102,1.9232606147457152,1.8957594963985618,0.9234538291996552,0.5948120338844124,2.515506036367561,3.0,0.1008100449816456,0.10354091926884086,0.3766689228741894,0.37882694472702133
103,3.3589708470352964,3.4719274200804695,0.917791567414379,0.8850179711624999,1.6044452134861857,1.705751923473831,0.3082501890250841,0.30684507177240805,1.2523046968803864,1.2453045865448429
104,2.574781430164609,2.3294308601589315,1.1936068232486126,1.0561566166446081,0.697437097490023,0.6741506050250573,0.019982187771365695,0.0194557112417537,0.06202675113760866,0.06157535547835702
105,2.445639800636444,2.350563092535621,1.8972374992512873,1.8895447597211843,2.71619326298308,2.518599869646624,0.21510791847959138,0.22364029505686345,0.6969706422237316,0.7009706378883287
106,2.505092150396705,2.0891664450174305,1.542816293434855,1.0797381621823932,2.688420456935205,2.950763097427569,0.28338756000670406,0.2844600541104594,1.2331611730162824,1.256161176326846
107,2.803865101506551,3.0668036421501377,0.3088051243483252,0.10000404739401424,1.7247486178312155,2.136423395262981,0.32156920651012055,0.33826868587852343,1.2600883743566715,1.2124495379834206
108,3.2374553612819543,2.918724964776271,0.5641543117409874,0.5484351336583176,1.3387829429322675,1.2761824636653754,0.4080379421101405,0.42251087498041046,1.415692260275576,1.4231920298355196
109,3.616943505004416,4.0,1.2513792890647502,1.424357329375358,2.344667886820868,2.3296556276016323,0.31605377636802934,0.314376062147722,1.379093211100532,1.3748129588447544
110,2.9713344441741594,3.218308790246141,0.5811344271221485,0.6799481509159666,1.3944657107718221,1.3768281221334613,0.2712005778666625,0.27249795112574027,0.9872079273088282,0.9972260732534193
111,2.4090686433813855,2.5830259001058957,1.954651348432742,1.9469290857607087,0.54073261425004,0.6313380879674729,0.22550474995310854,0.22583021596864747,0.8770788580983242,0.8705215308792833
112,2.342124362712105,2.655418730274547,0.771156886572802,0.8012894970027988,0.3608260213550756,0.37125110652993254,0.3256855788099698,0.3460038205946449,1.0994677007958849,1.0724615512764857
113,3.5546137707433556,4.0,1.7600010506921324,1.9935212202539654,2.593878246043362,2.5194239562543426,0.02978451777190207,0.03261929585110266,0.1247152018209437,0.12434794606401213
114,3.0089066615060314,2.74541178759941,1.9109259013926894,1.604965545986163,2.957376378073452,2.9999997367936597,0.3202641980387029,0.3053665581702852,1.3304084742987148,1.327408475490325
115,2.0321865276253357,1.9289677452393579,0.46509299628108836,0.39593242395100914,0.0825433914774667,0.012664604514273373,0.049071417410254954,0.04855051862243156,0.17212360624167464,0.1697103469522932
116,2.5726824111288966,2.5487559951550685,1.1903480747337338,1.191111352321663,2.134239946090814,2.121848957403106,0.1525330126172238,0.15299185410047303,0.5195521179874771,0.5235527388296268
117,3.8443827740173475,3.516809599250047,1.8561399258192663,1.817778498819451,0.7455502450021824,0.7574332042327434,0.2789512417051571,0.28455920725805284,0.9230657389372273,0.9220653498407426
118,2.5974225447927566,2.693574365859571,1.3483692022192222,1.4328032769756551,2.833128431954989,2.9998780494541526,0.17339591014232952,0.17723625279994953,0.6757824422230361,0.6827816468515725
119,2.3179672931173028,2.433163791437402,0.9003545691194638,0.8989970567105876,2.9719104048516325,2.999999324481832,0.4160083329036889,0.4304025925492139,1.2986935871570215,1.2926930224929722
120,3.5065335648473717,3.58069433016903,0.524979093618946,0.5843910864177744,1.2624411850167525,1.1959681741989172,0.26813425088833187,0.2790897343478403,1.332631771277296,1.345811608483059
121,2.472600940427885,2.565674849174318,0.23575898731444478,0.26616599937481045,0.4026352896781267,0.3691353867298082,0.026305534493217424,0.024587054237393328,0.08152359803918743,0.08129717749837923
122,2.228674854314293,2.209200635972469,1.600523100565599,1.6202902047996552,2.214702161306132,2.1468081084199184,0.08728636925094407,0.0832333705260186,0.35893661137222693,0.3669365719508001
123,3.0637678721152035,3.113019871466021,0.7559760317383215,0.7301768277367622,1.649295353156191,1.7131158129388588,0.12875923880754087,0.1252856895394953,0.5636443680764293,0.5601804524749253
124,3.8280212053248786,3.423347867283669,1.2885468588438675,1.0298182856262952,2.7577419371554304,3.0,0.2624744115525923,0.26719155665046107,0.9873115502054477,1.0086769146228438
125,2.992792074774465,3.0768683276520212,1.601364941111612,1.6793464257205604,1.984765141666418,1.8338513935269503,0.2103243116215882,0.21522210067714942,0.9929304121120421,0.9873630258925594
126,2.576281648814323,2.197411307070285,0.9702643479648742,0.8042677501730652,0.9499950304773985,0.9667831253738619,0.4603877379537636,0.45830130550355663,1.416319840797617,1.43732000844508
127,2.060392047437959,2.0216145064283486,1.9672126944170683,1.8576788194320397,2.288064141275582,2.2976251877385394,0.04152887293062684,0.039170968105741014,0.20658433819154182,0.202352619521027
128,2.1966324402921735,2.688822127651437,1.8233862629322501,1.9631235580941937,1.8876892314496951,1.9168629818276766,0.26975658297872046,0.26738247582279684,1.1275703889948498,1.1045704830403504
129,2.8242500010792853,2.824433107268923,0.49522623923198783,0.43002646730629557,0.8069194766176624,0.8212421464795864,0.07612449565423718,0.07922501596615719,0.23438492724335763,0.2367666815204376
130,1.531140767199498,1.7644467292527206,0.9768150751311169,1.4055589020176678,2.61931472276481,2.494208552381157,0.28678166688780654,0.32353340028928573,1.126500387725044,1.1115003828556285
131,1.6069879228630355,1.695605859069813,0.6436952368311329,0.6222389089606791,0.9161889304559953,1.0617228421631792,0.013359727446816032,0.012997884286646399,0.06350526651480498,0.06256785320231387
132,1.963026531372726,2.0435807986071564,1.3370882671862352,1.3460820583029152,1.589485760480103,1.4884445064073657,0.08992432669988941,0.09297130414821549,0.34546853629963575,0.33324691786903626
133,1.8486370921476056,1.6645059150618886,1.7005263459980913,1.481033574935571,0.6025317911470698,0.46058776514005106,0.05004937246153316,0.0458037016088931,0.16958417694434963,0.1691608478729605
134,2.8934316620374183,2.8009684049457677,0.7024301176988262,0.6360728966272674,1.038007012544219,1.01996500097249,0.14329820621525835,0.1338060161414736,0.5319517593447253,0.5337390415521058
135,1.7026622779434093,1.9912296487722905,0.9242816391783687,1.0647806041503445,1.3050843172566586,1.3468357124179775,0.172386131242125,0.16600868258657986,0.706256785973787,0.7065116834348772
136,3.328280695807025,3.1140652679658234,0.19703804448688533,0.1,2.6450445761753505,2.8305242071477488,0.1535508410456949,0.16006804909277433,0.4969845822799801,0.49546561596624933
137,3.523331160576941,3.812098337492763,0.9044743097911088,0.9317345417001568,0.05458388771869582,0.0858303759211563,0.2937059769628007,0.2996686843755655,1.0265106237970307,1.022106787057885
138,3.1003346347306566,3.1980774310763613,0.8077587727033507,0.8114242699147837,1.2916271976094742,1.4097128998217578,0.3518772063086516,0.32509802858937814,1.067433926804146,1.076934237703284
139,1.5466428614250267,1.5361017646864976,0.7713438970524823,0.7661485171683662,0.8554186408025772,0.9137691735741832,0.17318856680610945,0.16491768591934203,0.6189675256911764,0.6259675243289544
140,3.576011220406093,4.0,0.5723822638933426,0.6779969656917572,1.3462496491842622,1.263412694696011,0.021399149378691522,0.021786318498442325,0.0787245219633351,0.07639999566529333
141,2.4127039736151854,2.633685085778102,0.8968237218318302,0.9549656660945596,0.22563149640306812,0.2193889857019067,0.12990063508740915,0.12751771039863022,0.457427265869445,0.4517529484803227
142,2.8206191614259692,2.8750202829636207,0.4339646430941638,0.4209631066320597,2.1458010385917126,2.284211440937019,0.2940486198546718,0.2952687842636289,1.131855693999246,1.1528556898314086
143,1.800285783453492,1.6898908713953995,0.4277640660169342,0.285900486132524,1.335857744956035,1.5138291680843574,0.372482537471897,0.36146660186465407,1.3543587370111723,1.3783520134959346
144,3.8841538480048756,4.0,1.389396325029216,1.3847107287753178,2.9911826700115904,3.0,0.26845821729507446,0.26514008586824367,1.0516972216709886,1.0374929954512122
145,2.461964590068694,2.7347919475260642,0.5847949349073372,0.6172227264369401,0.2477340830893412,0.3469366896522115,0.43539773243071117,0.4369051046860983,1.4113066506988712,1.378636323376812
146,3.1307944718656726,3.060598090150272,0.12756872302895308,0.1,2.5948744037655698,2.7060126016834896,0.3255851602177059,0.3322994182395819,1.1950198370694591,1.216436363522031
147,2.130546465553083,2.3804191535126478,1.6586546090499577,1.8438689233798131,1.1059994719616761,1.0931244541552272,0.18613955444714145,0.16986672176323717,0.6754287369399343,0.6732093914735167
148,2.718965337970821,2.519451634194941,1.847827268698087,1.170505874754747,2.5772351977734913,3.0,0.2930119151442897,0.2721213554127976,1.0016255625168333,0.9898410066349426
149,3.587578436616443,3.7046174892425445,1.0891809579475975,1.1737339286159434,1.7776527088502507,1.6306616002557668,0.030092594956364505,0.03136953686064934,0.09170197168945327,0.08974228330393307
150,3.7823069791304356,4.0,0.45498215877921955,0.4983522582968872,2.909485737391263,3.0,0.17066269420249466,0.1784487130164421,0.6391943937228011,0.6431943911976266
151,2.5427904159192205,2.651330298813264,1.9543262718754395,1.9999999897476237,2.6893478191669873,2.757587968716947,0.18205355199011583,0.18004721995516848,0.5714460860199241,0.5750386570528392
152,1.6704004595758195,1.6578536219342517,0.8171704697035437,0.8107638041220777,1.0731204653431492,1.1541261830466767,0.12997492845101974,0.13247436173509836,0.4402605708063993,0.424791594000522
153,2.927767165314096,2.8032574545427495,1.6910800001894977,1.5504384213358926,2.4214817358203833,2.4545149794414045,0.24841684806671793,0.2627378394136377,1.09429740264531,1.0867028584145224
154,3.5790022192736077,3.305865486355635,0.8708918049126654,0.8997544066964891,1.5754691682184312,1.5602529366467857,0.025091219326288973,0.02572641586383664,0.07681456015672512,0.07757318725906762
155,2.120109327161716,1.994139861199204,1.4530299825314223,1.1831070579328211,2.4549983415798406,2.4113929089271586,0.2790794480887962,0.2842795429047943,1.0478735407875008,1.0428735351306961
156,2.1402088491977294,1.992806116003091,1.4107838837179971,0.8772729814742848,2.4939409366905925,2.999999554585898,0.3532322591793845,0.3429405922361371,1.3713757083340363,1.3853757201454115
157,1.5332454695396935,1.6771990239766628,0.5974268444474472,0.8374326933143535,1.4623986376084819,1.324172508672779,0.16519624292020435,0.16433778915368882,0.6903123859873636,0.7015601972467029
158,1.6907986539764097,1.9509756411483927,1.906148903972862,2.0,0.650007968656538,0.5385746712717262,0.17229279893870691,0.16469013118295628,0.7216296003782313,0.7113263579778565
159,1.7505671920899424,1.7032699750560014,1.899190502964729,1.798634346027778,2.695343921696891,2.6208015534753146,0.10484973055265001,0.1080867846511298,0.39849496613622015,0.394836056208846
160,2.922197431607795,3.194798305782718,1.8568565770834577,2.0,0.1042812904876258,0.13839036287103615,0.39032319340951116,0.37907342447419856,1.3483607176619608,1.3689217636276083
161,2.0487792753766945,1.9893895905672034,1.8748863332480865,1.644573866667872,2.3659465484694095,2.3860215501749362,0.19119794654337285,0.1895805195862072,0.6533886483711138,0.6543886260692515
162,2.0130757011082996,2.062287704553691,0.5330285824916574,0.5599568557950633,1.531813834760722,1.5667291019894776,0.2346092584044803,0.2471423229574786,1.1706398382176966,1.17993237498975
163,2.9851159210114817,3.40440458981392,1.0365695326498583,1.127046941630551,0.9286301126351021,0.9789883584260426,0.10171137306144311,0.10200042333598795,0.5004424827255395,0.49736660258299054
164,3.6407151288383903,4.0,0.3518135470914602,0.3373434657478986,1.9882292066904257,2.097765087768763,0.23100441944067307,0.2462147056162373,0.8815444505182656,0.8661831133710832
165,3.3372702004564108,2.8333921983097037,1.9004833747184624,1.7190363475904902,0.2845845477291421,0.1751277426272007,0.4225092747205307,0.42380579213544545,1.303679733184462,1.3196782938015252
166,2.819439017731398,2.549669380810829,0.9492116923108487,0.8072401879333742,1.0619441274757977,0.9813056024795093,0.26063811116310975,0.26868872461809246,0.866084862930593,0.8677416088944497
167,2.406097565767574,2.222469566923051,0.9637103633746168,0.8567829130455581,1.5912307847995253,1.529600817858701,0.19198043593767766,0.1773686934280115,0.7782231214955913,0.774055201219758
168,2.8123289091369044,2.493804373242565,0.7842588069949061,0.2911071434248518,2.303953468969525,3.0,0.30740982278482115,0.3514822405346021,0.9389989368707059,0.9649988563402729
169,2.345960834274405,2.1042327679373494,1.715332002715934,1.4654280958390278,1.3161645144308856,1.3845219483485893,0.1997218519719632,0.21014624467265586,0.7690075869621238,0.7698624756617973
170,3.9521412651894496,3.9733843845574843,1.2314581318849587,1.2181384472966361,1.4696867414767387,1.4755145788286606,0.13005834482819775,0.13365169706502256,0.5894846157084632,0.5881872836446614
171,2.8883144617160985,2.7760287192375523,1.0498307095196897,0.9519763563688991,0.6130434750203222,0.7428043734440426,0.14587349429701785,0.13974770581663784,0.48658789199535485,0.48553585574119906
172,2.833878186919067,2.9802793081670096,1.3046411150295292,1.2811429144325217,0.46906212017854976,0.4428157544406764,0.27881384673259435,0.2638305503988603,1.0384274687777242,1.0124274398688344
173,1.7022930674221648,1.6052435244448264,1.5630448015737068,1.4106202314048335,0.626893871137533,0.7869068921390063,0.15993027880415456,0.157915515041405,0.5947888919499735,0.6024397510988277
174,2.544894999335079,2.322444215262089,1.6166508832289277,1.4768078534575197,1.8629256431339813,1.9212517808735454,0.21401967922496434,0.21280953446365797,0.7616484047411801,0.7716483655539954
175,3.0086138518649825,3.166003584923236,0.7152162129391825,0.6844044509350508,1.1455214152940298,1.2375173396812473,0.26997722275695296,0.2758805706698462,0.8236919781368746,0.8236303701541553
176,1.5297819634166507,1.5264375553312126,1.275871306561356,1.4400043143289651,2.2055553477914636,2.1988512892377354,0.29895784563252187,0.296439589446462,1.2487872826845081,1.2647870258328084
177,3.991503104437945,4.0,1.4035682524212252,1.387671210307915,0.9506953806396353,0.8613195295977722,0.04039038652709409,0.03718688616435422,0.14277444092616748,0.1418628462955957
178,2.2868407735106158,2.1257373734325222,0.22014260900736776,0.2062157632955869,0.4169409581525796,0.3932901867300141,0.15180001932555098,0.15944007566753715,0.7549261405673534,0.7562934636611415
179,1.9763098294304182,2.228212955346767,1.5299316196431176,1.6830349641099702,0.37971737768463976,0.39573374758800683,0.1999243612734838,0.19743708494831558,0.7413528487529408,0.7404293212133466
180,3.8029582994063453,3.7457807899493756,1.8924647246057709,1.9433067943962314,0.9260743753788133,0.8030298291244566,0.1337242327845746,0.13802839312992599,0.6316009518735616,0.6298285295190599
181,2.9568729492311303,2.5681217050129623,1.3978085540200487,1.17921591463394,1.2235881880664907,1.2045043620335727,0.21538896194436888,0.21321887203106088,0.6788929067045552,0.678836263822924
182,3.3405358523961572,3.3161770005090436,0.4832443189590351,0.38099648117092527,2.844663162078593,3.0,0.06202496541179403,0.0616120950109852,0.23128789645795383,0.22904637753724755
183,3.605883904697985,4.0,0.484945304384542,0.5302924552546113,0.5255579369155549,0.542209455124035,0.32645567087757194,0.3505166348168462,1.0862646233032223,1.071177594470025
184,3.5232189686175475,3.710191341905408,1.5660564509595645,1.6481422177158336,1.5204154315635203,1.5688180803989504,0.09996704846521451,0.09688553221361572,0.3298262788567158,0.33094539727120814
185,1.5825845524058435,1.5827345141994615,0.4512408114186446,0.46638995817548223,1.467884117166078,1.450098067014183,0.36920595993820726,0.39385140866081414,1.2632357062378168,1.2892357088981128
186,3.636714540134486,4.0,0.3873508486549647,0.5104081910271354,2.2787518934715436,2.17192989226716,0.03153571957514069,0.030056090335894306,0.12973649753955477,0.1321057008190117
187,1.5380315329852035,1.5321006369961518,1.429093774941728,1.344954880889776,1.0049634795515816,0.8764522633542671,0.051064163615810974,0.05517512421582918,0.24770838502632153,0.2502433240128212
188,3.331723542465632,3.5443687042254433,1.6691610382183073,1.8519831155973925,1.9218092989509807,1.914285118515938,0.15490927991368786,0.15750138293820887,0.5306046326936888,0.5386071934542759
189,1.790534607612745,1.8430829200996814,1.538463134449573,1.482798347458322,0.33418803388640383,0.38606993697685393,0.3180866394922282,0.3224238557168466,1.157218954525471,1.1500259061895322
190,3.8668947348370257,3.390185023578741,1.7006298844590957,1.5829922150034268,0.7374176656178792,0.6392908468915556,0.18666807049323353,0.19033909510661057,0.9261681993915207,0.9230746990579975
191,3.202689336751094,2.974689695142707,1.6939999474928704,1.4735563543441863,2.3732012102326427,2.3061113770107795,0.09935600010968892,0.08910597280907566,0.34765515652080836,0.33665515537565716
192,3.7935696391864577,4.0,0.8223429951332594,0.8028640579311239,1.2600288726676276,1.3361530471838259,0.1730011897905909,0.17576982211901487,0.7096069926187988,0.7293291882528128
193,2.983635457390229,2.7572863286972407,1.473270666966956,1.3819938897099877,0.9465209791816832,0.9444198811185598,0.4190206811250421,0.41659123595321684,1.4067887410324909,1.4313517947147223
194,3.085249090798036,2.5955268203063238,1.6264178121124815,0.92185524832336,2.4534623068066344,3.0,0.0921022700721702,0.08957859554763807,0.3496502959100518,0.3587644477025576
195,3.4103794594445054,3.087856946803985,0.26883205181228936,0.10000000470914772,1.3423961161507867,1.6458888089797905,0.027270927391214693,0.027158177091951022,0.08907250767254643,0.09445579431285366
196,1.869345806500374,1.9369598629881561,1.281642333986671,1.3270317389694055,0.12934040226403676,0.018505438451447247,0.14116121541844795,0.138987821866541,0.49001527263889905,0.4916760013278251
197,2.324772784014514,2.1946407059702815,0.5839999129196131,0.4086704356297157,2.224596306916769,2.3871623199903027,0.13711354670634257,0.1292232946408459,0.5090027308516955,0.5100027621301131
198,2.838537814841452,2.8927682836021527,1.7598289726269292,1.7397251097069417,0.10687459430188795,0.06481086449134073,0.34071773496889657,0.3304356337084964,1.133547251611395,1.127547297487959
199,2.3851932462923884,2.477454207061915,0.8256234425396874,0.8099973837973804,0.1868129339994642,0.1589202413436055,0.03984034158358704,0.04412051710757161,0.18823727064012774,0.1842519167167434
200,1.6507699922848948,1.618262616416509,1.9783153864074157,1.9590587650229763,0.7521908171021976,0.7679924137088476,0.3592016850119095,0.39194044549852575,1.2577459615823363,1.264746002759805
201,3.024384723259492,2.9411246305900973,0.8939719611127256,0.8402217389974072,0.4726053119769016,0.5591145861506671,0.1864663693760596,0.1936140794045753,0.6824693862523954,0.6774563631762129
202,2.4456166626111697,2.31189044226153,0.6053721419014388,0.5289034655106422,1.563065864672279,1.5894822494096412,0.2051917624874722,0.2049260302720391,0.9768374116358379,0.9771378828287105
203,2.5809839556332212,2.6566774016667485,1.7458866695157338,1.6691415642165466,1.7835046346297434,1.7957147513084712,0.2898718102348665,0.28381436160740386,1.0957817647399903,1.0849889950682623
204,2.5613006132931324,2.609410153497458,0.41022731313574157,0.4291005216076941,0.028588143736209104,0.07251637788314796,0.22164330655786876,0.22464087875770328,0.8317041875206712,0.8293553542373405
205,3.8048059265977985,3.880371584406962,0.12127112352002112,0.13569637699934922,1.7453644389172551,1.824281201754341,0.256926011034201,0.259416839221458,1.2768517792397485,1.2755971373642603
206,2.6947860745575056,2.6682656485896783,1.558561387949446,1.579714862418969,1.7785308618865088,1.6184500091787877,0.03380794185161932,0.03318450663281766,0.16663946296795962,0.16807953303633466
207,1.6079287626234993,1.6809783135191085,0.6303402362040585,0.6526605294564769,0.022103022956657226,0.10119505537224915,0.23065669160406832,0.23239363317028183,0.7436629418831854,0.7532071881787825
208,3.562462916960703,3.5096484357565725,0.5883749154557112,0.5190028287416762,1.3583826745817815,1.5558600319881482,0.11190236253623341,0.11692927843533936,0.4201574896177483,0.428285577852058
209,1.63279137918879,1.5626541346386449,1.7141704221289862,1.4899879367166102,2.349537212215372,2.454331668491026,0.02140470201981766,0.021577743191309694,0.07000617139424291,0.07183946192002692
210,3.3060725558234423,3.208359680706531,0.2785281053748444,0.29309237559323964,2.0506009781845056,2.0676286213297725,0.2850273416766366,0.2865654731972238,1.1038609479863633,1.12959219373711
211,2.7943346489907666,2.736448997343526,0.5547652078725095,0.3165620283703439,2.4585122903298937,3.0,0.15149590510667446,0.15292989936059168,0.5211998023792576,0.5358111316978555
212,3.2878941007588462,3.9999999615525574,0.729120585742999,0.8582747201895897,1.4044879297933084,1.4201737899114688,0.3237979735870462,0.29257311974165423,1.4724099772068244,1.448710172787853
213,3.7464687372979517,4.0,1.654775362084126,1.8601677095354334,2.0577563948533015,1.9735616735589812,0.01159866240944012,0.011235116627524333,0.05409803788871168,0.054670678348280426
214,3.2979374208078496,2.783607811588588,1.7173142939085269,1.487304867307279,0.2832737091977705,0.26979728448586954,0.1718042231018799,0.16895621348359116,0.6772014495566167,0.6777912524918169
215,2.909245287409858,2.7748307938978813,1.201674058400319,1.0927793229383214,1.0207734502271615,1.1023372150969062,0.35644893462223687,0.3549690348470081,1.0856720502928452,1.0790647418696742
216,3.7724445630340098,3.7638947926407615,1.282047088371366,1.2750629371578366,0.8694906121907385,0.8441099984149965,0.3806297417689198,0.3831181498941867,1.2229119319916302,1.2263347156021494
217,1.7140492803123157,1.852138541760942,0.2796640423964274,0.3593944855915271,1.1738688472760823,1.0798998760933225,0.11619344653224714,0.11541887333047916,0.5133582675995394,0.5180090114435195
218,1.7141538124668838,1.9194766809311097,1.542263930556546,1.7619282683565913,1.24849726806432,1.2480784469077173,0.1468323046234581,0.13746873809800841,0.4943950966418376,0.5002725002479751
219,3.9928632824052155,4.0,0.9095870711763235,0.9299555226611331,1.5646246149061689,1.529454912691571,0.14906147646035092,0.1386923088384578,0.46208838800031643,0.4656122745589052
220,3.6650237514630053,3.560815317458026,1.888791523879398,1.829382132864989,2.3791960266578505,2.360220869171146,0.13226478918366358,0.1287467515966937,0.5002778016295312,0.5017197356567337
221,3.212724496160569,2.9973180776248074,1.9599903308677806,1.5957113693277676,2.742383533514098,2.875251283410555,0.05513613686857373,0.05478138309306282,0.23971632076040295,0.23387620359810812
222,2.9835014953614576,2.8427051627179307,0.49664264732089314,0.4390906786190981,0.7969325775720062,0.8504301474049909,0.37105332031255234,0.3668474598526512,1.2841770295250998,1.2830612788329028
223,2.9107821484290852,2.770601331199064,1.3694964202194018,1.2782471317306476,1.8887375671881852,1.9307546812746066,0.35474160038150593,0.3422527891304594,1.171681835222514,1.1777905790359866
224,2.8354468132604254,2.891146036364541,0.9693172173596337,0.9753810048504111,1.4157332740951674,1.3434712076034871,0.4082814035900258,0.3896162578240803,1.325873666936397,1.3113111213306554
225,3.607290656549824,3.101879191560688,0.5312664259271856,0.4347385077684591,1.5178645221391833,1.4783636448097082,0.3219570012309649,0.30328941007507093,1.0153047870206444,1.0461645613087338
226,2.9489931117158177,2.8099608917869032,1.7335370692541405,1.5204148774285176,1.4634813475552646,1.6280387637158706,0.05927176838004391,0.05661160805008045,0.27552017043104193,0.27379469726234346
227,2.648432198677787,2.811629685789096,0.3733276715201922,0.3720739579317901,0.8707036799690545,0.9072384225302461,0.09569085693069848,0.0963586115739199,0.3571497923699882,0.353946442167599
228,1.9487193412023789,1.769545807395183,1.4863146176962612,1.421204755693743,2.020006210473626,2.0549485834604204,0.32396451178561186,0.3246996099418399,1.3153278683520664,1.3308591788691158
229,1.726558454837238,1.7073369512239298,1.082369248635267,0.954006490365648,1.6473191739119084,1.7464946938216306,0.08767771238631733,0.08921343554604202,0.31131353346750357,0.31698730892815474
230,3.4502919914646286,2.9303390890428185,1.6422254227615558,1.4764168450906237,0.9833093648434197,0.9694002671523907,0.42362921115440966,0.4182364879878537,1.4554765224546518,1.461476898340564
231,3.947112089953235,3.99999523216139,1.4592506340483107,1.583983935823723,2.4234669751495264,2.413316100183975,0.3951327498650835,0.3922122962120937,1.246207796160334,1.2612080546263078
232,2.513544724126281,2.539357532736944,0.4665227953740202,0.46868877510720736,0.24388371087299887,0.370193800729741,0.05613173015633915,0.05596736638508345,0.22826113045165725,0.225223683756129
233,2.6243372353522694,2.7594386886703273,1.6479111409198042,1.677831975061605,1.0467763870219207,1.0353680274277213,0.21545567892238582,0.2072138537100541,0.715828991830682,0.716828987822132
234,1.7126549507932127,1.8137123961347825,1.9216626316489884,1.8305984757531661,1.7039687319126375,1.7260314497305123,0.46226079077443516,0.4521461049989491,1.4249539600781556,1.4119538319850153
235,3.494575504260612,3.702953579710366,0.1785540350819676,0.1,2.242394163409206,2.6975453640170786,0.2893307163589576,0.2814488083610362,0.9753200801116997,0.9809254847613412
236,2.234253818496489,2.1272121672694073,0.8577913193522675,0.7045966040640925,2.848786595678163,2.999999853891416,0.21398930904006347,0.21121613948284876,0.8610854399038689,0.8740855130869892
237,3.970083487758089,3.999842196385429,1.3185963041415263,1.2269254560725262,2.7373152760401753,2.934158410354862,0.1835640190670686,0.18476866461436148,0.7368134887114955,0.7338458691390943
238,2.620897100978691,2.6016115830022106,0.7165493031461246,0.7193823708268624,1.2094828007419784,1.0729169190809504,0.11409622523571825,0.11579367282905224,0.35518097853179886,0.3527113104854273
239,3.965870760374559,4.0,1.7984281495331003,1.5913488685049162,2.4476131394219562,2.6801173577511728,0.36313373924114933,0.36722409525473115,1.2278195525543045,1.2238195504657776
240,2.4654442354213755,2.3919047606306973,1.9985243123145557,1.9205050685206548,0.3471738823684536,0.38314249243270126,0.4070851367542112,0.40820953235728874,1.4435736280317375,1.4475737429440039
241,3.494136296923638,3.6568272477915307,1.04655063605882,1.1848958914071273,2.9434110851004927,3.0,0.2711344738063093,0.2569326163465142,1.2279800198581123,1.2335546013539924
242,3.3820123363620214,3.2164167616173054,1.97535261191388,1.8533409523777131,0.007974843296721934,0.0,0.017004750346947817,0.01683217007823471,0.0720988005927977,0.07111659862333636
243,3.5212321556186374,3.622808361820391,1.135575922425638,1.228716728172435,2.130599106312334,1.9612836371314915,0.16022472844152874,0.16769989353488152,0.7079184291701431,0.7066865403482537
244,3.115208713662097,3.0440267430298906,1.9800682755391759,1.9027188214162745,0.3046415528009079,0.3716468613091111,0.1224194362638204,0.12066161179118853,0.43107236600472676,0.4190723647565777
245,3.7453467535355847,3.8664882440362187,1.8662042870804887,1.7633137277411093,1.55482778327329,1.6433554174576523,0.24415395284680858,0.23531356856091656,0.9389315944704177,0.9217834485431614
246,2.7631855803633956,2.3846590590813004,0.8674575920337962,0.390389466219139,2.5592262098760896,2.999999762270961,0.3070784150903362,0.2737831532977032,0.9866308098572556,1.0056307621899943
247,3.4427967167061833,3.905113040289897,1.2594329286626715,1.5922897661114206,2.738080839721224,2.43717876315871,0.3935594507356197,0.37677211450431763,1.424677168422264,1.410677166458194
248,2.26008613962546,2.3832485771192697,0.33579189118826835,0.245547906407602,2.337596345314952,2.6396256360457304,0.20461610666603242,0.21655082507338905,0.7483200850856114,0.7314202064798132
249,3.9091496578217164,4.0,1.8324051111609712,1.9843836866209335,2.7618419381506367,2.4831516696779916,0.16558022736839503,0.16742629577370347,0.7201130233464317,0.7217014706849354
250,3.348033164435611,3.1112414917016005,1.5167476731039515,1.42900559458746,1.3629041041847927,1.3100134562162964,0.2299939195820646,0.2355037080937534,0.7411406755386731,0.7495812980034815
251,2.0613989802542014,2.201144160001429,1.0531261369205296,1.105532100235578,0.3892779635612107,0.34697038483265175,0.18982003218512258,0.19202713817405495,0.7009377825577044,0.6863602740810033
252,2.216696231727121,2.405721744251056,1.9381138716953843,2.0,2.865596477370289,2.8642003779245195,0.15548828117953709,0.15185805750668194,0.6884798644480976,0.6870931426094075
253,2.811879460010341,2.964142491577532,1.438988156915439,1.5041255369696949,0.059504360624055286,0.12416416289039482,0.26242809570237446,0.26406019985498347,1.013838526840827,1.0233786993362357
254,2.8557388331898603,2.582948485254562,0.7839937023777005,0.5494938843343024,2.9337905382609066,3.0,0.06836111870132729,0.07024769900473746,0.3097642041432576,0.31102314973464384
255,3.037032271637088,3.130126962158386,0.7840516212073582,0.7384484800479554,0.5104567877120738,0.5287085320475308,0.1228363664535265,0.12530208410400706,0.5584173746878529,0.5504755960155827
256,2.4361261212476566,2.430056265177537,0.5276306313765963,0.5277051619451656,1.2180109103624006,1.2440676688242576,0.16873733822976425,0.17475595312801076,0.6818993161803497,0.6784987404134821
257,3.8723935856748204,4.0,1.5245950600332319,1.5384337754497102,1.126525780937895,1.0523915493480895,0.41469792573865366,0.4139896971717877,1.287550499059865,1.2715505347343012
258,3.412174725630634,2.7709438878933375,1.8401868456392487,1.2969411179778867,2.641185992983035,2.9999998850322784,0.19037254850616794,0.20274649925099997,0.7438739717170468,0.7648739822665986
259,3.081131073465226,3.2352386370312374,0.26285392613019043,0.3630659936907932,2.143060415889985,1.9599217323938427,0.2831390792408621,0.28724426510078666,1.3048651027267244,1.3029934893163173
260,3.1846417261078797,3.3035502448074725,1.2002125429484998,1.2166872157435074,0.7264547760511528,0.7072631876361524,0.3215142171687937,0.34145080856150656,1.443602047082768,1.44052814301959
261,3.203323547679073,3.231456135500985,0.10280541139126109,0.1,2.155145726218291,2.1420304242761294,0.28966837815818247,0.2979722183062152,0.870874984431233,0.8877080143398939
262,2.5092564394847168,2.4781705144818638,1.1660211307907309,1.1547994832683384,0.014724763805687435,0.01571290786719129,0.3508614372417177,0.311748654146042,1.3413094997536312,1.3473092987768949
263,2.809799292392939,3.095916331759034,1.1280908075735316,1.1864582631199965,0.39471538650704463,0.5822775725427523,0.026686871274952395,0.02747112451787311,0.1071391896877106,0.10636604326686945
264,1.73864355188271,1.868910544589007,1.1722395285695348,1.233391318268026,1.2993810645363415,1.394653128655986,0.2359087085544186,0.23874093328969073,0.964739387427308,0.9617394011328457
265,3.747199426859901,4.0,0.2782347832018661,0.3266028678313705,1.7342200691947292,1.6582498333351974,0.2686699132615708,0.22437991047727554,0.9823962720777718,0.9572524380565438
266,3.5712789101453923,4.0,1.7817641891692222,1.7733000127445573,0.9715279802295206,1.0233447282153372,0.21470286654293586,0.20939938590902243,0.7600910877898908,0.7437264486102012
267,3.4935707319603875,3.54691336861002,0.5693587908963622,0.6331440142105429,1.134328377872242,1.044142911241327,0.37318163961528783,0.3479227405825263,1.4207223312722932,1.4212980459541762
268,3.3395552433935256,3.298065551187884,1.3772335764392707,1.3527448506338648,2.9948980102815352,2.867855465355082,0.0752621433142223,0.07222629743935692,0.31156940387605064,0.31414650629495267
269,3.6350401809509405,3.5519972639034387,0.285512097006977,0.2553298043337419,0.46161532825939355,0.4882993895043325,0.062395758554348035,0.06305718940479209,0.2793771975769333,0.2657747177321089
270,2.9986269904457705,3.058206280113091,0.25289218326796176,0.2369152695604759,0.463762048647793,0.4203384778631482,0.28629310447295625,0.2930222782158021,1.3038624657952216,1.3088180240934768
271,3.317252983219319,4.0,0.9294910485208547,1.2586447897621018,2.256639917974851,2.13025926755227,0.0479909311914804,0.04881401369025412,0.15298646153107637,0.14916551872706013
272,3.299184576632994,3.6769461729813333,0.8713572070784905,0.9527538201448242,2.1752419253890443,2.0115647929162397,0.17974467875869582,0.18736195951224466,0.5768014005353196,0.5508030834134747
273,3.3697686507280302,3.5382710427212785,1.1340225556811703,1.1502383449793165,1.904498611595459,2.132599468179152,0.016464042082998336,0.016281550879120272,0.07746570174175649,0.07850045571021269
274,3.5634177746189213,3.715678914795082,1.795153109747706,1.7731877076526705,1.3297244429365902,1.317210636059483,0.1586095700840017,0.16266570228259786,0.559587737227015,0.5565874591438857
275,3.9084032938854762,4.0,1.6226781194333897,1.7240801762746711,2.5946262631890344,2.54774920684523,0.022405147288311295,0.02221092318554992,0.09455022677254737,0.09527187921495998
276,3.2161426884951974,3.35449561580896,1.478825409596137,1.3973176259528606,1.8436346286177185,1.9750344866372416,0.05280365225458314,0.0578274731590476,0.26179820939740467,0.2567980223862424
277,2.5073694197980565,2.4768676529148674,1.4763861054246963,1.4242276799692892,0.09444316236216066,0.0628959733906437,0.2947235173428685,0.3108983403698512,1.467230900495012,1.4632309492678401
278,2.412758704732841,2.17208210718442,1.9098996528406513,1.6825674231294663,2.0216667345996338,1.9335396682013808,0.08069312392167742,0.07976745022819978,0.30354120685363956,0.304541295396075
279,3.705705124406581,3.7082272883814933,1.6734415129280762,1.6403027975015567,0.8559662250092085,0.8886688863576205,0.0948261413367074,0.09424282125413491,0.4603937259811442,0.46502248416106345
280,1.8434648683794665,1.9679335412913515,0.5239159302384361,0.5671817153306796,0.7684243725929918,0.6683112393015164,0.21961673656739994,0.21395142626868624,1.063197741279515,1.0367654962077233
281,2.730267495721328,2.6544831778524918,0.21544136449372087,0.1,1.9296053352901446,2.1631523871061007,0.2125172649778745,0.2256235818856458,0.9095753189339606,0.9102459517158864
282,1.907961115416151,2.1677926790214097,1.4311659933768255,1.4967626588756835,1.2109395111902392,1.258587000737243,0.3748960762911715,0.37159659844156756,1.4681234023395728,1.4551234018383268
283,1.5674799381090558,1.571504246345865,0.49561148852034265,0.46600095853830875,1.0938996219847124,1.0708421501358891,0.047272496232093876,0.047120584103262295,0.21176031716935356,0.21003819934643428
284,2.156369602728357,2.2109453519351483,0.9078645301064309,0.8635365869298393,0.8958017836128833,0.9584811318139382,0.1127313890002692,0.11380145379022141,0.38306024579366627,0.378719572592409
285,3.0239802414424775,2.9917430046173563,0.2063306293144983,0.1,2.76566545487508,2.8484657256055543,0.22709732146004158,0.23858377034106945,1.102905129988973,1.0867975845768443
286,3.218881717067557,2.9383790040249322,0.7002286243459435,0.615898972722096,1.1646149835345847,1.1480252045536778,0.18125008780672835,0.20143466532045992,0.608267077392615,0.6350461318601215
287,2.480040851367412,2.4431676244368914,0.5391178669805338,0.4669562205153934,2.855903313022332,2.999545610649893,0.2580574671664614,0.26276523498218596,1.2245633028296055,1.2375637645510977
288,2.7824733952978926,2.689789670874191,1.3853871450268747,1.09036779518952,2.1257815512851748,2.2842740024584405,0.27736508978042274,0.28700315222745776,1.2851009543695857,1.2816275708399971
289,2.3538357888286034,2.2457091238244433,0.4666930634214834,0.28854786986918035,2.3229572683747057,2.5082993623438785,0.36424948338652186,0.33720202141191025,1.3587666375799738,1.367542514026699
290,2.5052284334460544,2.4890637856928204,1.4960390228416032,1.4784856248348177,1.192221038423771,1.1409669782433791,0.025171749579447032,0.024631774725702705,0.08458051086165133,0.08324233094757387
291,2.5679951740041917,2.7308457705823077,0.837677825886389,0.7356286252832208,2.6271814365251966,3.0,0.21192399177119464,0.20513610237474073,1.0346735887222787,1.0382430280714294
292,2.0713575522014747,2.4568411883316443,1.2543547992835948,1.5277264468199907,1.7307348466824792,1.7291488648869022,0.13841398155411988,0.13297147673730364,0.5636992430103342,0.555818375858114
293,3.6271164506041362,3.401948622765988,0.4678993719953968,0.4382920196540333,1.1987462615244517,1.0699596066494903,0.23336739005587537,0.2434031423059615,0.9716507767383389,0.9712320573564729
294,1.8051961253534925,1.7506286675625686,1.1239584503095579,1.032124264595545,1.2982251696157068,1.3850909191756848,0.06590387992282128,0.06731833789676013,0.2612878199020977,0.27018900179596356
295,1.634155945046568,1.5571327174560035,1.9195909091961914,1.656605314376634,2.8529160776960083,2.7825152273157374,0.3879918422395974,0.39075675352938943,1.3356927901993514,1.3436927970506436
296,3.3662750702042468,3.2664831088455135,0.2903922580597028,0.19173956496295985,1.5175529591614185,1.606516935881674,0.1075838166904631,0.10981587805655932,0.3629110788777226,0.36321159353255467
297,3.075409306489367,3.6873764088316046,1.4209204171605367,1.5330701131883238,0.7629621032402926,0.7979437330804964,0.34206095083570065,0.3309223405949988,1.2096054482671594,1.1866054970939781
298,2.9069768116571977,3.1420929099468804,0.11958379775730187,0.10000071213000489,2.5296655762647915,2.7664541574871313,0.01171237602805927,0.011762724740980147,0.05323029413268147,0.05288251378099173
299,3.972905197032776,4.0,1.570965949501902,1.601161301088649,0.6313390302048955,0.5709664395473945,0.3595686326952191,0.37292535256102954,1.2771983894269563,1.2858980072903778
300,2.8875092008160452,2.508359687033667,1.570320264651527,1.300760500407733,1.4871671428636621,1.567630346372301,0.26350291107003465,0.2689515654628173,0.9656949455657944,0.980694993381944
301,2.920169900813833,2.854376584605092,1.4219693908118416,1.399193248279579,2.2484998380420897,2.357975682740191,0.09955546279174038,0.09813092005299179,0.31226912281581304,0.3156989869791639
302,2.411759874538486,2.551286873161896,1.2279099160462765,1.3409064031540865,2.304168296355859,2.4877112854308776,0.024149393360566294,0.02217326326374873,0.10367509281533585,0.10561867870649787
303,3.6375670427832554,3.8255888454533142,1.9748240602797653,1.9729673362904556,0.21896762797470615,0.20031007569528353,0.26221583161371376,0.2829544381341448,0.7957885866760487,0.781788611209628
304,2.664063169197199,2.728488097763001,0.974781278305679,1.2321430981268637,2.9053156568697354,2.5253218859435833,0.15646157012993941,0.15429349232602096,0.6851649997956828,0.6831650000309366
305,1.9467793022683073,1.9166906010833928,1.79163818437944,1.791785077394379,0.23282920386948203,0.2573501062136155,0.2210171276133522,0.21209089741577264,0.7005583528121345,0.6995584007120077
306,2.1501682180939072,2.091322251984857,1.2629664918511478,1.2013795162903276,0.28522165108100994,0.3029847851539982,0.10854103203710282,0.10550014329142643,0.37840219169236394,0.3696627258460436
307,2.057865411600458,1.7747028013000878,1.7821943920877772,1.7123871654189393,2.3923739251079073,2.4173005835846744,0.39618734621691076,0.38680853501140544,1.300274149992487,1.3342741483790328
308,3.76078751120934,3.999999984446572,1.2472625260899095,1.2252032620740807,2.0751163783869764,2.155306943111443,0.2271107569431539,0.22449452950225585,0.8777890814930832,0.8557889466894888
309,2.354184195907524,2.1389555969879424,1.1432812028974584,1.017121004095406,1.9550549115572706,1.9309414786313688,0.17254152272306328,0.1755880683703615,0.6980683125049129,0.6984059320043615
310,3.8362043219431494,3.7153850541750915,1.0149681427090873,1.0472456806708048,1.5649176389520545,1.5232070832228597,0.2524242586830509,0.26395827688680895,0.965370192797233,0.9913703820799417
311,2.441604650753184,2.324185015947748,0.9185890067395757,0.7099740617003507,1.8425278443442048,1.8282049142396009,0.12189040974397797,0.12175293059997033,0.45244711831593515,0.45048925847416066
312,2.917889797529603,3.1101488085193734,0.30902368774678335,0.3061856743592649,2.211231884341757,2.295307723816599,0.19986994988092247,0.18668193109121145,0.9066777595638307,0.8914324030122576
313,3.0270942529072062,3.096869289313229,1.2509004981470873,1.2688246511685781,1.8574989643350626,1.9975628683646127,0.027617613296790782,0.027742591809381895,0.09469566379200697,0.09444905991410588
314,2.829437142913433,2.583612151695001,1.891982534966906,1.6429213283104325,1.383741545632918,1.414807702321853,0.06312415299213299,0.05916207025410869,0.2546788697364245,0.26527250836379784
315,1.8428515182509786,1.7502141574213792,1.0163963785666257,1.0351090130482532,0.5134098633332116,0.526335731618872,0.3339841375086648,0.3396966105416172,1.0557785750245658,1.0793552090596619
316,3.9501035677365266,3.5882821941612333,1.0128553837234326,0.9284694123365845,1.0425362712030557,0.9676748803709919,0.04421381322197465,0.044994349195360196,0.15379054157190997,0.14837488853980468
317,1.7603907269207353,2.0021194997404406,1.3592687062908506,1.2615347219436903,2.7418809773068786,2.5814209196706694,0.24437119619136288,0.239070397505102,0.8096677466142195,0.7806677428443716
318,1.8052050932414705,1.8608504032728985,1.8974809023353305,1.9168161036761144,0.9892962753696715,0.7858975159452168,0.012022859366929532,0.012945678511793094,0.05719294449644261,0.05774255390787821
319,2.5988508402596127,2.91901730822489,0.7734329187188722,0.8856494646379443,0.8115000554437045,0.898504138533383,0.08985916984237986,0.08707821247942082,0.2906678253776936,0.304150860536712
320,1.9119000210876578,1.8347127091157187,0.5098172363795546,0.46460706064005786,0.8232691655801342,0.8281886427672425,0.23463423317274104,0.2453206375432993,0.8693471218170438,0.8763471168995721
321,2.2358162348904016,2.3443608482857172,1.5543050443983635,1.5790676645766561,0.26954874546146856,0.31171619816512786,0.2351456524754408,0.24512660788723173,1.1586370528466592,1.1696972157330885
322,1.8114637739296775,1.771051214101771,1.0557199399066928,0.9668224432592347,1.6805671788137335,1.7226901257466865,0.18058039868825018,0.17518316809568857,0.5626713490223128,0.5621611673195316
323,2.2124218233226074,2.379506090997092,0.6472965739484964,0.5647017669453402,2.958543205004868,2.9703095962956954,0.28223931554177967,0.2600132458200062,1.1681722621985013,1.1443964079290088
324,3.058111557854498,2.7853369657002593,1.8675226263259415,1.7458527630120397,1.7219214185464853,1.7962971602456344,0.25033648207410375,0.2568032032925576,1.1519518328883405,1.1729517418854807
325,1.8161811976345628,1.9494573704512224,1.0404784708950758,1.3706809701430065,2.484934376695141,2.4432603146728984,0.043525814782134756,0.04320410548849392,0.14631667128351292,0.14221107784720594
326,3.7907572585892795,3.73636848631837,1.93036504479004,1.829449943818149,1.7243518595548641,1.7645737009145401,0.23184573362733615,0.23211820555074109,1.1294446004266854,1.1184444707509027
327,3.4310312311431828,3.5227707874159258,0.38858100485802627,0.4288518780614921,1.1855396526518727,1.2003794893223452,0.22494139805812174,0.2302234002005889,1.0659088198006565,1.0719525160613737
328,3.493483875930676,3.5998456391153737,0.4229750718584675,0.45987880087796906,0.5736254421783202,0.5482382664471567,0.1659146398027742,0.16358018324102946,0.5300954944089412,0.5198755057447705
329,3.4555114307756587,3.455658698121058,0.8790094868354892,0.7548347283381568,2.5574650814791258,2.696063728377635,0.15940736925991977,0.16628123239260054,0.512015634277758,0.5039978759732628
330,1.59580633469654,1.5743291333125302,0.42601286797597104,0.4305730413421008,0.9240075099960166,0.9633735803329274,0.20828836043730306,0.2015208793269278,0.9081557265360389,0.9176114747819978
331,3.6711354146922974,4.0,1.5525501688150443,1.6869465768738043,2.210139925447671,2.1444624094271267,0.2992645483371639,0.29888709984775674,0.9979890958297302,1.0139890932065634
332,2.6954531117761853,2.5612780408901696,1.2593208497757595,1.169012500643741,2.0445657734406026,2.1407404926526867,0.4851148013818849,0.49999995691890714,1.4571028490770626,1.475102865155122
333,1.941004366153429,1.8726247439546142,0.48997503090559535,0.1,2.2075065068341044,2.6797293692378754,0.09055837388270144,0.08911543274727873,0.4138142316215483,0.4211261413795597
334,3.462201074085044,3.8957743031679155,1.4101500343729554,1.4229416986882941,0.17165058703620872,0.2661781270630416,0.1586888842755017,0.154679826230867,0.610727944219763,0.5919280685899266
335,3.293117180928136,3.888626090048907,0.3915763395958375,0.5228760051240451,1.3345115377021233,1.32726343513014,0.3213735206080783,0.34566433082506626,1.185976159072918,1.172353305502983
336,3.9296199092855724,3.4146372556585765,1.825121998753107,1.64638362563633,1.4797242186596358,1.347223506727872,0.21472477450454314,0.2047054581345204,0.8608764784398204,0.854227265802333
337,1.9549322599823011,1.9212671630470501,1.4862975728769618,1.4583202035058225,1.445957101243709,1.3366800925172988,0.07082447100518524,0.07313364241806175,0.3181316135666222,0.31112205167487084
338,2.1730519780860282,2.205707043913795,0.5812454934533346,0.5829373526501657,1.0551949304917005,0.9789636753278069,0.1409680385425785,0.13453936120153842,0.5032139738273897,0.4992070775980794
339,1.6937066635801017,1.87681276075929,0.26458162650228506,0.31782677190715536,2.9076212191364945,3.0,0.17910642154706513,0.1602811832261515,0.6510154191472022,0.6300791920460858
340,3.830224607914518,3.657292879645677,1.0546356802511234,0.8736703759444185,2.6942621881963515,3.0,0.2145576293313485,0.23108654972750223,0.8688128296319491,0.8715188129850031
341,3.7036322842112757,3.497253578895786,1.9446604491326291,1.8519956943698472,0.8662644557268687,0.8824585086172076,0.06833506282458143,0.07078239552736439,0.30738064258266984,0.3050255599342635
342,3.1734185917512905,3.259977735162934,0.2630456464785208,0.23486896521091916,2.879352117265215,2.9467491279009463,0.02762059557729022,0.028349027222077397,0.09232060451601193,0.0916223441054107
343,2.9694625660392457,2.930065823827049,0.4923989782586635,0.5743055082208606,2.67975460117679,2.3780624254694134,0.03587562198186083,0.038007119532870906,0.11075767405603866,0.10908638821608013
344,2.0370464885575563,2.086746654863041,0.22064809891960394,0.1,2.238056961069746,2.549572624585974,0.2549127017933075,0.251348293541906,1.2050585829450249,1.1755967475239808
345,1.9329962923203121,1.9106180838553164,0.32129224364041303,0.3398993783548237,1.3285711660783264,1.3109134488141672,0.09565727951728971,0.09560559509914976,0.3424113293788077,0.34670422287908403
346,1.950801071697232,1.9514027283912527,1.9941566495402618,2.0,1.7030110924828392,1.7829124207669285,0.36284146742418283,0.3685098453626624,1.2810832211094323,1.2850832181696579
347,1.7891934300992307,1.7271073089129694,1.7856090748909441,1.6820044367602116,0.5183468959379398,0.42468568455685224,0.026862447826777516,0.026283527385362434,0.09312781774645795,0.08999463125006428
348,3.6207561208450434,3.448202337009264,1.83821256469249,1.7842543171972447,1.7880703428419613,1.6702926517600396,0.08623735976813043,0.08552033608047893,0.3900003417405173,0.3931856396494985
349,1.6024181554318837,1.7576630310659955,1.190353353382262,1.1981476429049873,0.26057397185309683,0.3567473831547121,0.2271064099275471,0.22806212260919298,1.0347554594434487,1.0236721016739052
350,3.04571275738566,2.857545411217048,1.8442868861224193,1.7441357646518987,0.6102072270240599,0.4803237328193066,0.22518510269501257,0.23319949110412785,0.7867064123068731,0.7916056045805212
351,3.622458909840595,3.5884019425729714,0.6681237332207377,0.4666122288162735,1.650335187378436,1.9431159614152342,0.23162831290323033,0.2280458745874641,0.8582511354327943,0.8375689965482093
352,2.3743436686448502,2.269240725597035,1.676631201029699,1.6589985767482698,0.0024860886461198772,0.0,0.32557369462675095,0.29266585249267524,1.3660547989632958,1.382054593544681
353,3.3896824734588247,3.206984940910096,0.4329464113294734,0.1,1.741853895739899,2.3794548185425493,0.33082660681522336,0.32384872723893665,1.0255076219896069,1.0199663006850512
354,1.725529425892053,1.8761728267649118,1.7554735366644758,2.0,2.902785732218498,2.7056754073093376,0.04848000568962253,0.04962468961445414,0.2062352701431474,0.20185038029087135
355,2.9376778634155096,2.8958200852992353,0.19324825481651733,0.1828118802153665,0.7806055234431661,0.7738478760633282,0.20293118627718046,0.2017325108381555,0.6704371882362118,0.6466339193943424
356,3.326070287592295,3.9863307452445937,1.771359559369133,1.9164292418678053,0.16773347173523234,0.2184176279555221,0.35979959921308,0.35764457973656616,1.330377142191925,1.3073298555611776
357,1.9926143470873534,2.1622781751448734,1.4837641222829292,1.6183464659967384,2.330789142172605,2.2876548990024395,0.0818369837179008,0.08541279501173868,0.26497820794957566,0.257978212127765
358,1.590567612579247,1.513237604023697,0.32826592998554416,0.2834618325765938,0.29151346953421287,0.2054982358613121,0.14379161536030027,0.13718983974774623,0.6334900458068239,0.6226796696913349
359,3.440935258188463,3.282099563837992,1.5369036682859611,1.4085264316323247,0.034262442983260644,0.0,0.32285370190711615,0.34699442297704786,1.3271766353262597,1.324176768800823
360,2.244340180833391,2.089607617348171,0.26941572943865577,0.24108086073691426,1.1935266017775534,1.085503862405628,0.24722281787248127,0.2419694755664917,1.058785397614432,1.0785214064458686
361,1.9889550398993276,1.5,1.8882227423069162,1.1047136153959352,2.6907299346850246,3.0,0.4248691314119172,0.4287038248031479,1.2791378063644823,1.311303560506012
362,1.8951985822971644,1.6904210809609488,1.822094026702779,1.6795383687545575,0.38180086495416354,0.2703278191960428,0.234794270690455,0.2528502242022383,0.7860362580934009,0.8021740605653906
363,3.061943282567122,3.049851512394966,1.8205606382394994,1.8909443895486604,2.747263932653331,2.7438035403590995,0.28889968958676143,0.2979167637865845,0.8670838583183149,0.8690838554148671
364,3.2799030995226905,3.458596703476013,1.257671151966667,1.2952971513266907,1.632004463197966,1.5856186733354298,0.14044358829019588,0.13846936211838354,0.4272215444551068,0.41869298940615574
365,2.303348395726699,2.238462813649912,0.8986483181290128,0.8680877470587807,0.28331724745106013,0.3311796314017056,0.2779244188266812,0.29608547965812987,0.9074210499093663,0.9024270735679139
366,3.6243888509089155,3.752960671711129,0.2787641848000755,0.2851691902263876,0.2651766402477119,0.28522228400166694,0.14964145728057343,0.15266512246269195,0.7189813808120353,0.7154765932226119
367,1.9064341336070032,1.7625519381590418,1.6345202477660523,1.5229177473504016,1.6997323129873205,1.7553090630240047,0.16577674659083363,0.16939460617873756,0.6577833271276956,0.6634878925067387
368,1.9425219317991873,1.8310625771904907,1.0519566103956395,0.9373031859558788,2.2473632955168403,2.139827504637094,0.03545156787805356,0.03691911762028316,0.10996778264546972,0.11277163369080909
369,3.436483608275508,3.385201484606928,0.21595268027315515,0.22927703330839233,1.1325650161402776,1.079381927830368,0.043375188545531226,0.04355305595081258,0.21684297837290395,0.21796927084276924
370,3.266824792791646,3.3317927593309236,1.1551154964789072,1.1252343602957264,0.5488393911459682,0.4556144069657624,0.16226293055284347,0.1591681076474831,0.48822775937125956,0.4975749195249713
371,2.1712277864531098,2.1687634483455445,0.1263214855230889,0.1,2.7544019243846125,2.8655305945791567,0.32216890804149595,0.31742281346450973,1.2683332589911145,1.2983224924174994
372,1.944888513422177,1.885729081811903,0.6613820918675238,0.5911096899861881,0.9676649759563214,0.960258287155829,0.07493373647345992,0.07339838598888854,0.23630058494617068,0.23375324489629912
373,2.2126649166215278,2.3522422086629717,1.21170305258916,1.3987781464650446,1.8847580084557145,1.8240005300537472,0.17111906104901098,0.16306673912228803,0.690487117751771,0.6854870939876744
374,3.2520805055577986,3.5757706049868623,1.1893366811633843,1.2949130385532783,1.2249639696290042,1.2476439814262559,0.08758988680354883,0.0861205547788556,0.32788760747809764,0.31828088998107185
375,2.1605751257911763,2.094728475523861,1.6627924016037317,1.5814624966764772,1.032477542009988,1.0136170089407441,0.21938786889725453,0.215868927246176,0.7059704098276973,0.7179704091876487
376,1.836566528939327,1.7860726083632619,0.14920776786644416,0.1,2.516900342040922,2.482879325678336,0.029953711111558347,0.02871064625153384,0.14897728403743712,0.1511473969587852
377,3.440085213501354,3.2572812507849926,1.180577027335718,1.147747716463825,0.554229310947118,0.48670664765622007,0.04041666499089727,0.03880837043983742,0.19710800262329092,0.19940846736172832
378,2.261374242276096,2.0483061893196943,1.5684614756204376,1.3844372702652292,0.4207880430498433,0.3424041569936359,0.07167056478069345,0.07026851094587769,0.29437372830628467,0.29237475105775573
379,3.3002229917446657,3.461812589055038,0.8293753056883735,0.707022093146031,2.504533343709324,3.0,0.3506030021609325,0.3491121757385742,1.2220186416137009,1.251393974047742
380,2.8146533876574082,2.953866574776759,0.5088524741513876,0.5351429022008455,0.33448578474549395,0.26930109575473926,0.3077125354362761,0.3083407987884886,1.2362348286027232,1.2242014355262207
381,2.579212385564968,3.0495744030858907,1.5116912048518363,1.7130834473797283,1.693844009121162,1.7385115825770645,0.48489184777265726,0.4821127749967703,1.4618449201089356,1.4238450610185356
382,2.954589904986622,3.3844411407110315,0.33796927627066575,0.5610512237314157,2.565448566835436,2.3493102825908316,0.08873994756358988,0.08642289643561334,0.3166206547319758,0.31275702640821446
383,3.794248630376276,3.9999998545294435,1.143951018550968,1.374407172231804,2.991382902188143,2.8886619725945453,0.3453837729214332,0.31816592813108213,1.4733893247154326,1.477389308609092
384,2.65550251700736,3.081120542799235,1.1001057849681406,1.1669130261401972,1.1859905141438296,1.2700782726969482,0.2926511974598157,0.3082789953962369,1.037335507229195,0.999232176497873
385,2.2781532855849242,2.1799058414796786,0.5970440912304943,0.4549374234195154,1.246263489186939,1.2730492688784727,0.2674295197959956,0.25733451597141355,1.06524852737293,1.0642482041816632
386,3.4988572099414625,3.2265002445010684,1.1383737984408968,1.1061591966947537,2.0005637224745163,1.8617214387277532,0.1789165689325679,0.18590272463575064,0.5384169018122286,0.5406572759919903
387,2.268977524078758,2.296859847978168,1.1382352782263512,1.1895690602763334,2.694200932694561,2.433553779063414,0.06299648809606809,0.059859745708007284,0.28890304387285354,0.28727043267850555
388,1.6523641429108455,1.9262255702621667,0.737461818596397,0.8877633085260699,2.3618498056491677,2.216172757771808,0.2928063211915392,0.26924253861427505,1.1926763417055308,1.1616763071040606
389,2.23875092731421,2.4411352244191025,1.6936383224545892,1.7823398558290877,1.3558698522703831,1.2659802443461046,0.25479217458401276,0.2703237866341062,1.0223222777296412,1.0073221838532824
390,2.8117257916983363,3.006613754530008,0.20814470276633687,0.21199553906803015,0.7991636077265695,0.8825387228093191,0.12006543911139383,0.11191860042655236,0.4847878130177731,0.48709035482834107
391,1.9062604174687758,1.8096327498994154,0.8957863300973524,0.8342483837862155,1.6854147212991122,1.7623488859759069,0.14949983690190355,0.13534235726228072,0.6009229800497389,0.6103065419582624
392,2.8388437356439162,2.954517159192026,1.9919983451344407,1.9827874831589547,1.7485074196084123,1.863363004649928,0.2832888452558462,0.28654691642616326,1.289219945034606,1.2942197361980554
393,3.167511693461747,3.083686985909736,1.3109211622789914,1.3664511381762319,2.224364319044228,2.17301898400897,0.17959656387454365,0.17129206779397727,0.588455976362434,0.5922540744586456
394,2.3682519588305113,2.245372512300999,0.5013128261687926,0.3758525550126932,1.7044542488959735,1.7902300593643927,0.42014734157570544,0.4194279831702589,1.455258165510325,1.4527879477064976
395,2.6044293535282335,2.7013412505882917,1.82503708150401,1.7498478132993383,2.2004314631801747,2.209177889037801,0.037628090658766905,0.03414932204661818,0.11375680032518466,0.10960458482912361
396,3.9369978696604693,3.9999973866826126,1.3855660966626269,1.4498143410112598,1.863725290588675,1.881731106904944,0.3620654418467732,0.3601749983084135,1.0958283295784792,1.1018278447845105
397,3.180896407581539,3.004925743646897,0.9749157674335103,0.9342756382848094,2.0036181239611235,1.8614519739706565,0.14498365585444148,0.14758078458966387,0.5223513666988528,0.5288696216184545
398,2.1548962629611337,2.3474937430614995,1.6118699108189152,1.6493333095939706,0.33250993811192175,0.3513053933126594,0.1970295516144216,0.2022561129566908,0.8238714547508748,0.8227435310625758
399,3.371635791450689,3.249822512904196,0.36674777230556477,0.25054217211153385,1.517660618881878,1.7254189858520506,0.34582556134220693,0.3325398786783595,1.4700851663591892,1.4825629607936681
400,1.6755263923340011,1.8495397178392277,1.2906214242926308,1.5285690463733734,2.505406955372155,2.412911267520103,0.10676087613706865,0.10654582392259745,0.46124489166945926,0.46243464039013016
401,1.6527717402339661,1.64295451767113,1.77476747367087,1.551821248435508,2.875488689331191,2.9999697099355895,0.39793705312437366,0.4230575864759897,1.4387983958458772,1.4397983701681984
402,3.7833160050137433,4.0,1.735077337245716,1.9478568481756504,2.545100505480173,2.317301311933956,0.026777484927721088,0.027498481314376533,0.09808624256940346,0.10063828095133306
403,2.2103598566750957,2.0792533499987456,1.1174303662684604,1.026439620040792,0.5379393632599136,0.40206464585641083,0.038554542106477595,0.034643956114935245,0.12883501058205005,0.13103489727520143
404,3.0950993091569603,2.7615995638458264,0.7808349989748494,0.7182728001241367,1.4174878417911443,1.4520148472659047,0.35369753562319506,0.34787793229307973,1.3259078516155618,1.3509077902691273
405,3.6844855199281246,3.168436078498927,1.975482691080317,1.8212751651327879,1.5122311469901466,1.6298264636427913,0.23237987077484218,0.24113269514091065,1.0544266632837132,1.074426662867851
406,2.139493626240376,2.422709696735266,0.22176863489244225,0.38495449493104295,1.727389243337461,1.5519968299838705,0.13992727717294565,0.14138382625848667,0.5262269645321968,0.5162269813247926
407,1.7475795976912256,1.855261969074189,1.5095280265003224,1.7282472813815197,0.6725354670335719,0.7385889934953879,0.13284451654122292,0.13032856973034648,0.4510777146066649,0.4492255919653745
408,2.2242116554873888,2.3025333884088086,0.7409902386217617,0.5952522640568082,2.1377894320443898,2.2953261880343354,0.3056615855833505,0.2934575083564414,1.434410503514504,1.4144104869813598
409,2.4960431962038676,2.67883364152385,1.179310706532666,1.2869203020178068,1.2954877601750705,1.2823800441263487,0.24933500676683412,0.25262841786703366,1.1856995457469508,1.197721603204602
410,2.9173146060262205,3.0136760575096435,1.4069205514106526,1.2866726147004215,2.4076717552666826,2.5060670207074818,0.4094911201117557,0.3812224102056382,1.4403650855079473,1.426365087984852
411,2.316108057198967,2.5034271056531607,1.3582172839132196,1.56717159712413,2.367245932404398,2.3912990498318987,0.1887349429528905,0.19404526002540146,0.6332588825427438,0.6218663816626309
412,3.5019006025174324,3.6539702247974186,0.4029727354561782,0.45566275999105144,1.5861350771372034,1.577234980452367,0.20479839974937084,0.19913328872906674,0.6362853032863394,0.6500079337462527
413,3.760617207884689,3.9501469968429896,1.9464688369789191,1.917569509339023,0.4680178721047292,0.4392459264846559,0.2132229601358585,0.21078998248023362,0.861085751987941,0.8439983741263395
414,2.0286648846909316,2.291562482218004,1.1551641188475215,1.237275960538514,0.934392621375411,0.8740207805197328,0.11805704079623543,0.1147192711645709,0.586522794078802,0.5789183133839311
415,1.8989279612428462,1.8964127529700336,0.49635148872039336,0.4560625742526227,0.7225856022924052,0.8217536833211319,0.3284480358395645,0.33316883392379903,1.461971340358326,1.4809021292296434
416,2.7569004505605434,2.7109158337443753,1.6668697291051526,1.6068640271245878,0.11965162479267255,0.12176522880521191,0.11641846404592163,0.10910827599890645,0.3543749401206962,0.3673831037375939
417,3.4154479285537183,3.652654672037429,1.9747068571349806,2.0,1.1369812898145497,1.0188166626459034,0.4212494702812267,0.3978198236893673,1.2861254717252928,1.2671253606582316
418,3.6840990082336234,3.7287822020063364,0.8582338479419777,0.893400587849401,0.47638187232273654,0.4744209205178439,0.0976257230680671,0.09321829404320497,0.42518270238663936,0.43353680167274
419,2.2177332090311133,2.270093895511077,1.1614277054914715,1.1118739395275612,2.9247335323036965,3.0,0.04635016195389276,0.045829224377522716,0.14346171716126627,0.1447258853892373
420,3.2408490808390416,3.601082429966913,0.7312047505800066,1.0179129512963125,2.7702704789348958,2.367044649769901,0.17250087130151764,0.172149412798654,0.6114020791758716,0.6045584070560376
421,3.947181338467497,4.0,1.1508629276227433,1.1339310618522558,1.4999380670554903,1.4332485079907868,0.10443473382886888,0.11082493260074715,0.49200656039714147,0.486058950332487
422,1.6107538338813479,1.7819395278199446,1.0190133205714624,1.0996970591735962,0.989558650203219,1.012981698558422,0.14588494145290531,0.13974588283540584,0.6508648938452586,0.6431761167128632
423,2.1432713199601023,2.3761509545995656,0.21724851276709373,0.3088161768897728,1.5933111190640132,1.7136097246692257,0.23057339580383998,0.2128252063300673,1.0971646240193325,1.1072317625505121
424,2.5128970529594903,2.9138745183541817,1.8068004082773295,2.0,2.2241364560325465,2.2336802860177896,0.14074178570357135,0.14274010435347878,0.5190902572942999,0.5067974718213581
425,1.874863654219918,1.7226297651698608,0.5052826583374067,0.20098404795758737,2.6691325455107062,3.0,0.20686301297670318,0.21668790527900342,0.9864299670230148,0.9954853110917322
426,3.025877285871715,2.9800176852157696,1.750106343491786,1.7158700745304993,2.814183930518816,2.7853851938428975,0.09329167972280908,0.0947309191642208,0.34111647439872883,0.34700869472175355
427,3.739143492390846,3.9122874061132187,0.11850897612390442,0.35480389146783736,2.6169852428561624,2.016159764222784,0.14804130969827978,0.14765532666699074,0.47640049590293254,0.4688773049926274
428,2.941502110628759,3.1748003343636024,1.89445845763545,1.9876832693868307,0.3995397517747259,0.2818612958123327,0.038317773037806716,0.0375593502267024,0.14044956779103185,0.1435395248399679
429,1.9061605065971503,1.8472811049327564,0.3121132216623199,0.11809446497129436,2.7327617670841415,3.0,0.11243115452956527,0.11042855486853945,0.3516247711524874,0.3556022731441699
430,3.336098845710796,3.297834742274227,1.7638831474824943,1.8771432868713216,2.2534318575498387,2.092995674035251,0.017365373528785394,0.016595368308882016,0.05534232094625541,0.0539430227354932
431,3.97613771293048,3.8218063454579316,1.0544790574678853,1.0327795583137538,0.8066823227595606,0.82119303055873,0.11858705806773488,0.11787542743426688,0.46864723387427665,0.46727600626352794
432,3.7271488405912527,3.825919078312266,0.7317405067443613,0.7234764297967298,1.565029516961428,1.6698423683136756,0.13120891765496823,0.1391140820137928,0.4619019394783076,0.4581984060363195
433,3.549555451428219,4.0,0.655487559204699,0.7898577358116567,1.484864130537264,1.4148864991903123,0.25158740661016915,0.2546068437524803,0.9557364051627911,0.9504069226400937
434,2.954663309304655,2.5353116756913043,1.2887306348322412,0.9173053289306724,2.984603930447845,3.0,0.06726719180625879,0.06591018862575775,0.26794553201343363,0.2605601922399058
435,1.9582225717763542,2.1311802512436064,1.501203886195883,1.5355313010812361,0.48312818342011443,0.5276050527428847,0.011814508446010659,0.011282748802930629,0.05338618709442987,0.05346664076604412
436,3.354791235361584,3.323746250438143,0.4246700018609316,0.2685556217565797,2.69665133196164,3.0,0.04641257137367459,0.048600606868763725,0.14655297294616312,0.13842767593832292
437,3.307749874699619,3.2546638725886994,1.9142119379952507,1.7821035058244772,1.8674518242195615,1.8561764836316417,0.14547625406462436,0.14294135752905848,0.6355915450038438,0.6380757050061033
438,2.5783103160606835,2.571680404436105,0.3607651606804725,0.38842979372650516,0.982189614257968,0.936090908953108,0.36134785141861764,0.3322328511219764,1.479510863187222,1.5
439,3.7605569850565614,4.0,0.6847826529651941,0.672957953006994,0.44364842336704025,0.5430962490812479,0.2978806373594095,0.30277896916095787,1.2188215268568376,1.2055958797166817
440,3.724136993563123,3.6142794752838934,0.8073105861854891,0.7323928737601908,0.6752202976680473,0.7409903616504655,0.11110507084181814,0.10997906356759296,0.36374629810443143,0.3580325790322765
441,2.8904263935854333,3.055054635925683,1.8321213145216235,1.842417564164729,0.586873240500558,0.6887834338565262,0.2652962991118243,0.2712504791672795,1.287834330228446,1.2868342822955479
442,3.9476142406986465,3.216375432174301,1.9492742880787768,1.7364072305773668,0.006073089072585858,0.034425574631994554,0.15170820065729518,0.15395893592584614,0.719225847607462,0.7417988357535885
443,3.237549728714626,3.1830203162807047,1.8177588643338682,1.673878409396818,1.8284372654298755,1.926881508530112,0.43321476974969375,0.3913328017598407,1.4745613744500639,1.4815615002671019
444,2.1261213412691857,2.0746825895487824,0.6288164013535427,0.5691144588513677,0.5531199889367142,0.5949470997126118,0.3082524167617159,0.29182893113234626,1.275925892805541,1.2689252827208515
445,1.5866153911222443,1.5,1.1030009290069296,1.059822660253062,1.9324743831133577,1.9650513734732136,0.31345036312949726,0.3025303791360055,1.3235933770218244,1.3425933760936237
446,2.548518218555972,2.60127980686427,1.0074302732445655,0.9315057552284766,0.15943111307237823,0.24987250992663418,0.23653459240558183,0.24023552084311142,1.0543092590110499,1.0223117252035108
447,2.742330193029912,2.6828237452887786,0.24861373535772535,0.30136999190969266,2.235945160356942,2.1131169963887473,0.1669715144016842,0.1620991522674695,0.7025098385211276,0.715444524836716
448,3.3910248328350967,3.0016806771345275,1.2802053955674813,1.1136694214804712,0.9336695011616393,0.9122179398770343,0.17067981310744224,0.1757970380214135,0.5224915185706904,0.5299820703434681
449,2.9339182241743798,3.056928530125436,1.0376659657890437,1.0244253488468513,2.594395295275257,3.0,0.3220164886292348,0.3263584313889766,0.973187733537124,0.9841871780565428
450,2.1385008968397323,2.555722305311555,1.0003180256230655,1.237152461492097,1.2004932028268835,1.190720389324279,0.27405562921387794,0.2784308782673499,1.3443157670738426,1.3113168337079915
451,2.1873195702011623,2.0379879227355646,1.6558168823582757,1.659918985431736,1.679197175192531,1.533204508563891,0.3696279015136922,0.32419999931273535,1.113809923286084,1.1328095159482277
452,3.3317236769241996,3.1935589551417216,0.2378372556345208,0.22465867678141274,0.19305145386053302,0.144166465390618,0.09072573217757414,0.0895435468111566,0.3700386340382443,0.37002663023559446
453,3.0305015630028387,2.895081761615117,1.5639902401862276,1.3174323389995988,1.9045525925358784,2.0399197187167086,0.10000931990271886,0.09516940914359152,0.4453490004055668,0.4463474961907437
454,3.57504089385547,2.9338554786925726,1.6416100179826485,0.9323455275003729,2.2010767797480897,2.758821698940526,0.11494949088639281,0.11472895893508683,0.44762280059755694,0.4444554780595195
455,1.555882375360452,1.5395475175902766,0.5430232743628215,0.5465706793531028,0.35160151251132143,0.30773498082167444,0.457474270146636,0.4651811548462429,1.4717492558809244,1.480273795502576
456,2.609926379771827,2.4136955235122812,1.0429893810464532,0.9229062499619467,0.2217866510982912,0.2560598978209055,0.308050812543422,0.29727249326021804,1.1084974841363826,1.1230224622834513
457,2.1031106176157284,2.4023703649163926,0.36791228700945,0.47869527054082184,0.8510014683899652,0.7994353132046174,0.32542412139207716,0.31345710472208776,1.2008092366264096,1.1624892669714229
458,2.328476498608544,2.232505968308005,0.8944127875758441,0.8210078222887511,0.7924425207210428,0.8870716433013291,0.1261935593210782,0.12978308205495628,0.39879139679165526,0.4046036851358455
459,2.145792141101359,2.1314687823817917,0.15542698030220284,0.14372237962051593,0.6266416344520269,0.6394951958653268,0.2670274929736253,0.24983810548588997,0.8461597868683944,0.8752463661157839
460,1.6239575521154055,1.7428384271944937,1.888123948924114,1.7006237688873824,1.178179813041754,1.4097942757377577,0.24806415250402333,0.24695340334786875,0.9553985910866537,0.9533985891083162
461,2.48307348019995,2.4569688849372624,0.6104956243082101,0.591722845214481,0.3120196001136364,0.3819456101396081,0.15216475624531886,0.13830718104068446,0.568539154633773,0.5685159703940933
462,1.562326325311735,1.6521276281788055,1.648431267294174,1.5845739274735602,2.516694839385621,2.6412403848443526,0.05292038460204049,0.05348436460564573,0.1602602328834526,0.15389504114415203
463,3.6528118668603295,4.0,0.15567539340280817,0.1734495447496771,0.44123753752776085,0.4792562352644821,0.42722511576678,0.4099148093172118,1.3018623735771444,1.2664888999024169
464,3.5207429463350275,3.6363289203903255,0.99037886034078,1.0088587109697875,0.1281438152095874,0.02612594689089488,0.12512851396191924,0.12490581261033515,0.43487095466105213,0.4426365822629364
465,3.554660768028614,4.0,1.737543432077448,1.7999578464451294,2.1631785884418075,2.169486696066977,0.3284123897684774,0.3617668092403553,0.9903851332796446,0.9860730721002632
466,2.3210516703129613,2.310772076115393,0.9186118707043781,0.7407319993210035,1.8645471676539578,1.8954127303178738,0.12102171885154783,0.11031534207031463,0.47874461505854704,0.4716485557601009
467,3.4111594691736378,3.4710308008222572,0.2826572213783648,0.28366154796415605,0.7909949624518422,0.7879637076088415,0.20632286645947212,0.20746037844479007,0.8727309110583438,0.849031711415787
468,1.9365839283234862,1.7341795219154776,1.8733773094298012,1.7331097899761225,1.1160550533452391,1.1636184772676696,0.4010872912530604,0.4023264675377711,1.454329648001248,1.4843296190629736
469,3.1793012952848874,3.919466356736704,1.4516792779601198,1.8601835729115574,2.3839880365213437,2.383707240780501,0.10948514704307506,0.10828464279863403,0.5092829690367476,0.5087888408804664
470,3.0155966472687643,3.4414811354085533,1.3825945077980577,1.6043255799355212,2.734932906375423,2.801514706714732,0.2780907410073189,0.29348083744049674,1.2384872862542669,1.2376125595450296
471,1.9244165014548784,1.8159524791073294,0.39935543436547405,0.3228899334184294,1.0882528587160651,1.1231549906107647,0.12471456797581412,0.13144378727688913,0.42460035198675156,0.4248129146310732
472,2.4020642692652032,2.673468452132957,0.8047691909034187,0.8186174050383895,0.7045462308397844,0.6788883486695081,0.18297421347167303,0.1836730800865007,0.6606240378817129,0.6244703696923112
473,3.30274656346879,3.164553458538879,1.4586055290531161,1.4753516835033673,0.057749856415315826,0.021489356063510084,0.2903185087532849,0.2662872973923854,1.340332069848239,1.3431702158439824
474,3.7865097210429144,3.5685359770864533,0.750739845508226,0.7261715040933261,0.05933578583049637,0.0634406160340082,0.2451859921107458,0.24634718595856187,1.0880469599724625,1.1046850814824518
475,2.0598129321730503,2.0488767649558053,1.1639295883736962,1.1774791936894755,1.028405988588068,1.0066541235776643,0.2712640692903455,0.2439461288309778,1.1601274327928162,1.1551293302509085
476,3.4702916411077815,3.659724956777664,0.6048441605198671,0.5951914825323029,0.6445376202696724,0.6199376381617937,0.22864207389567243,0.2270159950531893,0.824190628133938,0.8404483498720098
477,2.2676060786751373,2.2394974759276183,1.79041381143208,1.6563528754941474,0.8999717189238305,0.8443952871866399,0.3030843182643239,0.29749215554615577,0.995409536315497,0.9848778803326386
478,3.589542011689671,3.7909097826745604,1.400611320513692,1.4308316038277422,1.2814642710395312,1.187865834924419,0.15467004504923298,0.15106511826932165,0.5314032931821187,0.5191189043142764
479,2.776445749484786,2.9466594776327115,0.9868887714908117,1.0043555080982125,1.8126769853382694,1.773039602579583,0.18183582868343273,0.19005124221567266,0.8571901058981387,0.8554879122504869
480,1.7840332706519901,1.8734905017434196,1.7519417113059716,1.6129942969221116,1.3326179315570181,1.208757946554222,0.2262043331081852,0.20014422544785027,0.7382353437092961,0.7335707278940025
481,2.631018262726503,2.721045486784283,1.4001321215502742,1.3083439494178468,1.9780241133489391,2.116891634849635,0.35797628564941286,0.3406271644259964,1.386261075623892,1.38867149682622
482,2.1868695443648862,2.199656898720527,1.0002214014452,1.021068754025883,2.039372737836282,2.1428024731886466,0.3722227803202002,0.397269745182713,1.2182518240989648,1.2202518656867056
483,1.6423687001368237,1.6009294301662769,0.8892832385863139,0.8609942883038026,1.439904572172679,1.3981396792520917,0.08111824507571905,0.08136644320692908,0.2475113828090802,0.24877391209011976
484,2.583771728380972,3.3547366497327644,0.4598621085822808,0.8003154708762188,2.7898566020304956,2.6429750683754296,0.29157247769528694,0.28223605438358945,1.30242680882807,1.2884268123447415
485,2.5229815805423024,2.495152570947234,0.7870059519797327,0.781016769546391,1.0833718444874592,1.0863836261195365,0.39656227738823324,0.4107133158148363,1.2929123976098917,1.3032053154441898
486,3.964831021072393,4.0,0.597785974222841,0.6469354705363317,2.0960982000891124,1.9709467959158273,0.04920533465047902,0.048929330126768325,0.2246270447300049,0.22398708277124715
487,1.7559307191165803,1.7804701271492254,0.517128113747229,0.4241453349125628,1.4240915787936068,1.4898269423842696,0.12143598573190614,0.11586987670545436,0.5634940957608467,0.5620752801782135
488,3.0482835220953954,3.217854119408871,0.28376515696065735,0.29714220387902746,0.7311061788600307,0.7037723740737,0.026993938702480822,0.026419416442070996,0.11464505862533966,0.11510262561492021
489,3.0456989781156065,2.933869408841841,0.4530612343469057,0.4106768234406048,0.062293462909581154,0.0,0.22667381879296006,0.21477093985716453,0.9225844174299098,0.9190914473381193
490,2.7734403880115606,2.844534772007869,1.8559629126925337,2.0,1.9790586584770922,1.9822190290365487,0.3673137757736579,0.3725850859956309,1.2631664582404523,1.2781664537193842
491,3.9053277306206384,4.0,1.8330153598775372,1.8504056170524315,2.168355640097764,2.4130898996136305,0.2451671781999708,0.22653032822431005,1.0230344482010716,1.039674562330888
492,3.6052974611093815,3.7368964649592815,1.791715899135253,1.57217131704517,2.7561565955454292,2.9999954540007643,0.19982134599041623,0.2044262529120341,0.6029597633150414,0.5976419412964319
493,3.5341796968456047,3.842244423584087,0.5438699308379795,0.5719619673849098,0.27850101650190595,0.17973002170021313,0.3409935532439115,0.30294242201551064,1.0386340185121163,1.064636972351323
494,3.1997933552261952,3.159254483169386,0.39479030830602213,0.39317043720447803,1.2504105158294447,1.232595209694036,0.3628625367148591,0.3631385856983538,1.3741735488627242,1.369772240282734
495,3.021005032573958,2.7342621697315463,1.9949563452585224,1.7636079166928023,1.8857117933204708,1.9238541230183939,0.21622412255767537,0.21359682633428817,0.7500598807946618,0.7570598867191956
496,2.248657783699615,2.014162202013563,0.8566361322957029,0.7929919348976349,0.9898930833978962,0.977597604655699,0.08204970912234923,0.08288883411254926,0.39886516411142686,0.4013041865350028
497,3.4787032888269698,3.417855967084619,0.3733268555143886,0.3681690664497205,1.8163612533099494,1.755185541363335,0.19254015265003804,0.19465455343542815,0.6885169970424181,0.6925686063530776
498,2.7136023266521367,2.9310920000552714,1.3735117614196783,1.5777306218254123,2.4288850942025437,2.3054951549519105,0.02783173844951525,0.02787207829386922,0.10702307156710325,0.10669500923295015
499,3.65013761892989,3.5242358956641473,1.4010698294067687,1.3354250387130864,2.925292478087984,2.9347166170060994,0.33356127670973057,0.3556622080824169,1.0332909931798957,1.02429099296667
500,3.857653425486222,4.0,1.3466699841613672,1.308285669379495,0.5455498302122667,0.5508585425602498,0.09285372482172605,0.09007870061971339,0.30791561797934713,0.2942365190242679
501,2.364783246232368,2.3102529045971694,0.13749829285786064,0.13267673895088614,1.0170152265212244,0.9577746004752229,0.1978793169705601,0.1920647786486427,0.6372726545813024,0.6405152076667746
502,3.632411291164963,3.412444554454357,0.33160594536173116,0.2849134529611257,1.230919576792217,1.2211063324438376,0.02431798121715911,0.025007273309921297,0.08462615673139484,0.08400928770840578
503,3.362442328733045,3.072106606497194,1.8334824462261545,1.7128550684062496,0.7429939039314029,0.7183339995720497,0.158466058526239,0.14603120977855222,0.7703854911607204,0.7801491507749317
504,3.8008950357181663,4.0,1.6551596432484665,1.6644944504361692,2.9244612040221702,3.0,0.14718623034149245,0.1489259420949857,0.5293935099947483,0.5225729901846137
505,1.9045807645733548,2.209067979705587,0.5587840401185181,1.0999186720127136,2.531468510935594,2.354642694594122,0.028294904740424107,0.028278265487666814,0.13479164148514894,0.13317828273078114
506,2.0361209989562923,2.0409610746807307,0.501356402156021,0.5784033005611785,2.020032260810054,1.8613649677757478,0.23991089512182243,0.24487437792543965,1.019950590124687,1.014950570393564
507,3.8716291286885354,4.0,0.5814216102006123,0.5505321915978216,0.8595411703393406,0.9182097743569164,0.405044328695365,0.42144785866459433,1.243706089937446,1.2498191073522842
508,3.626471480166604,3.330442176295071,0.8123728411328924,0.6041453613174472,2.8009778104347562,2.7755918344331465,0.2021003790524912,0.20588760531336278,0.8754249267770031,0.8834137578099122
509,3.8505857917182533,4.0,1.1989879777092267,1.1579218813634886,1.0002140278624552,1.0595016351646487,0.2143968008544807,0.22046959452889922,1.0370282048201889,1.0243044874675424
510,3.033505577031139,2.931250650699304,0.2770011120446568,0.1,2.0185161546358183,2.3937868030175458,0.1573314307462755,0.1685619965708353,0.5313305542919221,0.5329247245187922
511,1.8530061309426111,1.6356796735589063,1.384981564492935,1.1787701444192835,0.3674284377719348,0.3598989027968166,0.3316562537758927,0.3414326524467861,1.4424895212785769,1.4529061157313274
512,3.1808808675706937,3.845789595462425,0.9834767783077424,1.1187751297852921,0.2299566994511545,0.2683760390650556,0.0703837054401882,0.07521662713383213,0.3488687306376862,0.3461400615156634
513,2.3727526321425803,2.4708440807119296,0.5530156941403455,0.44420735559078406,2.6461918543280163,2.9999938950175653,0.32883662876747555,0.3350693744430549,1.186477609717394,1.1854776350983611
514,3.59425015576113,3.4751659660288405,0.6999435765938419,0.4343137566822521,2.6319084364410434,2.874724334086242,0.1908492138961464,0.20579329591193074,0.5924987692597877,0.5658921763691139
515,3.8727910584974254,3.573226106887048,0.5846516621053361,0.5680540229715969,2.399789855245964,2.423832144784247,0.2669207553237271,0.2640921941911894,1.0332017422045963,1.0637902384033535
516,2.814040361547722,2.765519221995738,0.4277900930083822,0.40784709049731843,1.465683333096687,1.3989771752579934,0.37025085875807745,0.3549496112951567,1.4395865610049412,1.4367776281006748
517,2.7300201344226256,2.6327007275034755,0.908190298453798,0.5495861531435681,2.522024954224445,2.9999998583552676,0.38572581311295623,0.3631604823766301,1.3637140419276441,1.3503727626446413
518,3.1601366003679634,3.4415927166699163,0.515682514919102,0.5357402313529211,0.6357966110365957,0.6548927013410796,0.03265684684242368,0.031971223757320893,0.1603015843497702,0.16116382892856781
519,3.654491830799355,2.875454548632887,1.935331531058591,1.8219147214046625,1.0737606022091644,0.8837759702403922,0.31543428540124163,0.29965656736567386,1.123038433669658,1.1570384333469392
520,2.0729796009217742,2.1540022984708047,1.9771392925119768,1.94638072912849,1.6561568280950192,1.758456825455294,0.26335475629440197,0.2609854369382338,0.8663891892241085,0.8593883757803705
521,2.162364911767418,2.2951883686291623,0.7655297288864819,0.8101415840731704,2.859009659436026,3.0,0.12167953910982868,0.12203201468235135,0.39760541032823393,0.39869990902129926
522,1.9260591484567355,1.8091546462076966,1.7047119871876346,1.6803516660147066,0.31439005537143605,0.39879335240911407,0.28864449941182047,0.2961962653321437,0.9240110814145093,0.9380108657515813
523,2.72161304245711,2.7903739418444156,0.3179979688476968,0.315694046486946,0.8808299392228994,0.9212193962974773,0.2823305596470165,0.2917449161459743,1.1960886872583851,1.2000886928830825
524,3.1328945071536527,3.8446527803579786,1.213238159641851,1.4663872355654668,1.8759672100261886,1.9166768503575176,0.3029048166911465,0.30075119708602427,0.9221349109995326,0.9188674198175821
525,3.021809780418976,3.1310726276023004,0.33225900765435584,0.3333482477738372,1.242550834511374,1.264779417433376,0.22442583997781085,0.217286397406495,1.0587353799905552,1.0458926171711815
526,2.6774574174059214,2.735506381621778,0.16232587416819358,0.26977324793721563,2.203193860288361,2.0071644936687223,0.1766296545603196,0.1627807155048633,0.7926439038760155,0.8017806442507254
527,3.49199000396324,3.059245912068511,0.6516271141221657,0.1,2.045500179095255,2.894694110849469,0.2609954585700431,0.23761754691725057,0.7878490493938516,0.7782551407766489
528,3.4592935750670026,3.3053284117118933,1.8322267432184807,1.817755802599887,2.019692911145265,1.9874654742394444,0.16467998236235867,0.16324567620013034,0.5663400314401636,0.5823398829325384
529,2.4376345484582194,2.5437859492903296,1.8546582078161933,1.8335343665861672,0.3557379274324768,0.38498151036161,0.13172924408044717,0.1418492320553387,0.4975815207929109,0.4944793960934115
530,3.546939181733433,3.28337045929241,1.8219026319351888,1.5102391785684381,1.696195879245594,1.75682880502579,0.25708786969319325,0.25381314525869564,0.8893078044623769,0.8723081414133038
531,2.757997681967178,2.7461932477738107,1.5748306793692122,1.5679840788999777,0.2375838940598819,0.2749755951538567,0.14288911159241885,0.1421517794449413,0.6201678839010939,0.6208668029544513
532,2.2231393246220748,2.2668466160521463,1.7013516244980456,1.632880249726315,0.2614680790451268,0.43395529535569655,0.024857413227820972,0.026042657085407383,0.10911080827814315,0.10791042054309913
533,3.3475892317448404,3.2894839162164815,0.8397291941479275,0.8469932631825305,2.045056884292621,2.0126609218423086,0.24639413217248177,0.25570021994796643,0.8011450473494439,0.8285233413431283
534,3.8072710228656486,3.866133472746642,1.2319490622705227,1.253402053941719,2.65890556734994,2.676590987294888,0.2175926395624921,0.20904080884306137,0.8276107943003193,0.8286026498446143
535,1.7819263504055827,1.744274444488419,1.861436707108268,1.8233318950912494,2.1290410091066905,2.070145135449641,0.042156874233819946,0.04117202872359606,0.18497292688382921,0.18714456631182802
536,3.01382077665815,2.8478427753770705,0.2907701477264969,0.2494718862064314,1.4567046897636675,1.4821662216943134,0.017812612481412853,0.018001715238419782,0.08358059775274251,0.08353293684361468
537,1.6709949264385024,1.5432869008562684,1.2351667203978103,1.1468948338378326,1.0791429514002389,1.0292524188422043,0.3315025701816591,0.31868300670425975,1.2309417819923216,1.261941781569531
538,2.3045260579817164,2.110796983876571,1.6687404909639916,1.5681390319036095,1.6847739185357375,1.8557903787512338,0.22776917290683601,0.22855244938858468,0.7696762028056028,0.7856762011764715
539,3.7951545486008,4.0,1.828127437859314,2.0,2.341292460664868,2.2075579457861405,0.17674649321693997,0.17253170024360776,0.6911438423653489,0.6864968221532449
540,3.7584636782318466,3.203280592096601,0.3606107885710569,0.17054066690012304,1.4416099828125226,1.6147514618374443,0.39138980290614345,0.34071401195897183,1.4476674332600297,1.4740662396197857
541,3.153984080449398,3.1414463692092953,0.6087388897385171,0.44801893789784475,2.3516204801507246,2.559327790404232,0.16977932582743355,0.1651403678500838,0.5988886231891716,0.6038885910797844
542,2.881713377418644,2.657921381777199,1.96948942438561,1.7686815127583377,1.7228108094211927,1.6607685718790115,0.15773531557601034,0.14738533375622698,0.6210090644612043,0.630628985941144
543,3.960506147990163,3.8718792572314316,0.27945273058997167,0.23749400779918503,0.8912748499458791,0.9518329789742085,0.12550696229629227,0.1280124558376769,0.3913023264329411,0.38734743378611075
544,3.7920042083521426,3.653676534605145,1.2397604414822476,1.1577803291602895,0.398733928903665,0.5431435292686477,0.23153875939402058,0.21630829231584273,0.9793828237939928,0.9756362440722705
545,3.0846130054781673,3.068585476093393,0.763017727285495,0.8277711657081225,1.4018589251259743,1.3734785340259852,0.07113784159585491,0.07331447682635446,0.3479543718490334,0.3488948730146921
546,2.7184686916187157,2.834576734530594,0.44789823880185975,0.3236114348436521,2.65256968932545,2.999984672404107,0.3974531727172322,0.37588295891241064,1.2590468990772554,1.2490468492003441
547,2.0018819862592743,2.2391224703371333,1.764812268899649,2.0,1.1894682350354195,1.215312418115453,0.0869102672127292,0.08671386861957878,0.3395277627048003,0.3283836215970012
548,2.1771614129330668,2.148400905164279,0.6634907879026852,0.5158324434966962,2.899781589236133,2.914661327993316,0.31420535858162246,0.34297115311065474,1.0252691575914687,1.018269158375503
549,2.1131954825865487,2.3032790620836603,1.2189805727758012,1.168919907714421,1.0607785675040537,0.9430343116052767,0.48591748196893114,0.4698702988254924,1.4821589173671388,1.4643228546270288
550,3.7184830209918123,4.0,0.8615024044211564,0.712660495419147,2.393901225082021,2.83050919782851,0.2961157183235655,0.2814387400460542,1.4296359699661365,1.4112134741425177
551,3.9323010400844742,4.0,0.8692856618759676,0.899430732446589,0.9001718397345073,0.9194804718598023,0.1002341428722961,0.10107925039903122,0.3794804153558889,0.38804710376078944
552,3.8143456359140973,3.761371850598257,0.43428169893769797,0.2006802160114634,2.483436800658495,2.999998951311192,0.3520624194590228,0.352671653915131,1.4277064193344922,1.4280815150012782
553,2.752207500307403,3.1651202311716187,0.2051411212689818,0.588737782266061,2.874271226595561,2.247967157400796,0.4025929006906884,0.4066038822282883,1.2753045760924697,1.2535739592762227
554,3.6259596392461795,4.0,1.6624621128034986,1.6595274115236998,0.282190627313066,0.233251123393728,0.3314409315857226,0.3040446357848714,1.303203470257379,1.2872027818165686
555,2.965133220398423,2.877730780338992,1.4543434959148107,1.328475664780949,0.01257692455539916,0.012467309977285308,0.29780833595836814,0.28555756365672774,1.4740623279534275,1.485062240037255
556,2.894126975698123,2.542534090638324,1.2881499478181688,1.103474468025022,0.22439070488650636,0.28441015997961516,0.24684761949381487,0.2418984983831042,0.8778137184016385,0.8829694838570445
557,2.041433089020559,2.015464040254394,1.0672629585877267,1.0880399971458514,0.5350520025465536,0.49144214188690877,0.07586386355791894,0.07688013268207997,0.3197974820756072,0.32252781790846574
558,2.5657719348641477,2.4580419213685474,1.6758475640524424,1.5746848613139115,0.5717835970468436,0.5674697437943308,0.1477413088815365,0.1404257146417229,0.6318622031435891,0.6385857190128146
559,3.987694926939493,3.8069570240308,1.990142851267363,1.950737480207482,1.8058452592479144,1.8440806012991988,0.05497932825546874,0.052112374204894146,0.2185004545316548,0.21919326996190358
560,2.085369855023774,1.994014078527666,1.0931528521151697,1.0078621208813943,0.2344619916189843,0.1670864879228541,0.23348894832225445,0.22246663953931956,1.048166276607369,1.0351662711165912
561,1.9770226434536273,2.2523585351409157,1.6901889045388416,1.941509996814832,2.112972454875023,2.1684072669483117,0.36426214917915245,0.34923447205101876,1.1693673289267534,1.1803672873565825
562,2.7670480535688307,2.5837511032853224,1.2299297320079112,1.0764027453083238,1.3168096976454384,1.3665967428621373,0.2177614889991298,0.20726201309572748,0.678849601092131,0.6818494210429511
563,2.7666033680875706,2.53877745266489,1.9329638934131526,1.7513569696847713,2.0669711905755177,2.124848121618884,0.14854000340292578,0.14352247310220093,0.6087873082614644,0.6172998216336275
564,2.3006524081754876,2.162101225514489,0.68112209364013,0.5625815975257286,1.958842430189173,1.9843023584632038,0.13798486238734653,0.13840131246689208,0.543430136251913,0.550430156622025
565,2.8980566148757423,2.768596413011192,0.732870025462851,0.4041362924224402,2.2043335653247667,2.6492122603456316,0.14211638576897853,0.13284661036856787,0.4796349808852982,0.4716349803380038
566,1.9628389738415546,2.2629059830184532,0.4040581400683515,0.4415425310995826,0.26877305642043525,0.30933880568632904,0.10693247002055242,0.10378128679679305,0.35679530747453864,0.3605006491235008
567,1.7335720318523942,1.823294029022041,0.525873007766219,0.5233560470941,0.259868852759751,0.25921685677526685,0.48102980411991547,0.48345492440330384,1.470822433682759,1.457298522381303
568,2.4422028830999505,2.3026556033151984,1.7920847691940442,1.6921454120401822,0.43345575425047933,0.3693374515852971,0.2428209490786684,0.2401461104744261,1.1438604882013863,1.1723409562336007
569,2.0266880335150823,2.1738168936398767,0.4229854410643453,0.4532059425764382,1.2836786581190278,1.411897330337736,0.23564182472593603,0.2176571142906121,0.9730151538529157,0.9741886234288599
570,3.587728240565963,3.264246465906035,0.5442139093625195,0.4679027430039631,0.05044886307977048,0.010523615746723412,0.11763691130490782,0.12033863042855088,0.5117454500519406,0.5016345668658012
571,3.35083878243777,3.3891401995343684,1.7950348200248958,1.718614872764646,1.3603487346342766,1.383130169843252,0.12470352052099688,0.12519120052117974,0.47162634559734923,0.4672781759911585
572,2.6860106978332023,2.373929192875572,1.6918848065932477,1.3303077339452405,2.0466670626280634,2.182625407693411,0.14162484537632763,0.15091354003324084,0.5259692344423867,0.5269693237569426
573,3.2986668785439237,3.4030651548312476,0.7990238868419824,0.8717242891820622,0.9721213943381612,0.9123125277840639,0.1709844837593739,0.17447218178088789,0.8170029132507858,0.8210975726296635
574,2.7226779103209946,2.7051340982492658,1.1603877129853948,0.7650765121007249,2.3167772564052176,2.767692750770701,0.19308906979138676,0.19722765188140592,0.8370373753659408,0.8368315249421714
575,3.216307503825448,3.1700760666089143,1.9607944304942475,1.9579795537699767,0.432067640027643,0.3507256869472323,0.05606820317470833,0.05130756548518563,0.26652969823882067,0.26257316120427926
576,1.7912834462665617,1.680215220264152,1.9523619341436589,1.9999985077263234,2.2040650721878414,2.169714782735495,0.2939158348346369,0.30273436701402257,1.4331530033238926,1.4421530669155498
577,1.6268449061546244,1.5,1.8929881452571036,1.8404427243358714,0.984939005197937,1.1334550877334373,0.2857178825942487,0.2982062698345018,1.276310994868342,1.303378862164277
578,3.657251296880764,2.933669379296746,1.9973075756504812,1.0200954111894176,2.2114873871982343,3.0,0.04806003391778246,0.04787734719460415,0.21781391965289987,0.21433594868174263
579,2.614123884391849,2.5835389935225535,0.36586241608136405,0.2745309573242725,1.3523828495154353,1.4881444016035772,0.3109676661453982,0.28108587709561345,0.9356682648470428,0.9566071546629116
580,3.6791101847878265,4.0,1.1453578915980878,1.3095304167446822,1.4770782898310801,1.500897918761369,0.13436492047893694,0.12954120382497414,0.4802581855555647,0.4822447530493646
581,3.500810644929202,3.567910927190314,0.7275906841095956,0.769933002357878,0.7857770222707015,0.7758208733643146,0.11304423260763871,0.11170324732909385,0.39909363870287135,0.4004262204011017
582,2.7375229993208823,2.5010006131812172,0.1679123121995611,0.14284942821899718,0.5277055589163214,0.5314039587681013,0.31382015653553835,0.3110138765366768,1.4296463627048104,1.43364315052378
583,3.401031366063314,3.6129585066232637,0.14604948256647504,0.2160121486586044,1.892957747323452,1.775038459428187,0.2066314206121953,0.21752473640138548,0.846290460352739,0.8304045916129938
584,3.6204570773963276,3.6115481418456246,0.9839606966742047,0.8871914929023664,2.1829767719538493,2.3200552323666734,0.21047297541477353,0.18171767816304116,0.7161420849525247,0.7221292889684423
585,2.6550827402548007,2.8147072896257197,1.4674178303732364,1.5372842870293681,1.3177693441947385,1.2601136185878852,0.1765623216018205,0.18461110034883876,0.6597695153360155,0.6517638535695292
586,3.908218374228303,3.3287858172281686,1.0186691450161218,0.8668598050444033,0.1008766677217281,0.026676050997729874,0.09831496668840482,0.09308365436424232,0.4168603402434773,0.4110292419355603
587,2.7617491487636503,2.673603911104113,1.8003501807868423,1.6177311529941925,2.0295687179196458,2.148410109485713,0.17300331112941528,0.17668863330398976,0.7406729675372165,0.7389068121992942
588,3.7015396979883253,3.9857906312428226,1.145198071590573,1.1590081280604,1.6947670561516646,1.7940458787746207,0.20431002686878005,0.20286608983402638,0.614654419165075,0.6129592300993947
589,3.4924628671784284,4.0,1.1088855469323906,1.1782543393119116,1.723260763102243,1.6950805992366291,0.40508920206312155,0.4120718555894481,1.2730422135475639,1.2400413578732576
590,1.942732164996239,2.072981657921318,0.2646951063581394,0.30135776759274135,0.9803001115216868,0.9645038423128061,0.36871738791802644,0.37897917823142924,1.455736409288576,1.4592002587319652
591,2.484252236746433,2.526591798025851,1.723399666208811,1.6158312645068191,0.6687346545296216,0.7966041674515693,0.12307978830809514,0.12172204577845,0.3870578615393309,0.38552307281785014
592,1.6683610085118183,1.8206163306651542,1.9108588053389068,2.0,0.14255745590269953,0.15518846374551737,0.3006698516093167,0.2759259083383794,1.297011240499941,1.2790112496259016
593,2.5283535426016766,2.595822010537588,0.38052581721457246,0.34395731927241646,2.428457904277237,2.5529612580486782,0.11435237931179308,0.11813958000729044,0.43923444068045586,0.43698235805488944
594,2.457047437514436,2.179289747121964,1.722904850713968,1.3281397080296096,2.920154522549557,3.0,0.043762403046963654,0.044412068936017235,0.20760567077737618,0.21253209764266864
595,1.8233627985572118,2.1202202398468613,1.3935879555826913,1.7140130943925502,2.6963700635297823,2.4727318303951877,0.3826969056538408,0.34397241321190974,1.3668790675899063,1.3498790728199297
596,3.973927891107945,3.9999999992591277,0.3595758683881366,0.33084027489745305,2.115666575784547,2.119886343364841,0.2519541841516593,0.24498893274553565,0.7894097626380628,0.7797458891279432
597,2.5846768407759546,2.718560243582964,0.9633412770022148,1.042282996075228,2.4409582104645224,2.5462337783618163,0.4133348750069542,0.3748105500941873,1.497123208716189,1.5
598,1.5932337598312272,1.614580652095029,0.2720492177747232,0.21309874599465742,2.8810171092287358,3.0,0.13954919826211465,0.13647718489505373,0.44902862019425027,0.44362500344866274
599,1.5686033177273848,1.5,1.8760163075983831,1.8093050082120612,2.655908353851618,2.747925502731724,0.19036946016053125,0.1812839840622246,0.6369124976260873,0.6498772599669538
600,2.8366259933882843,3.0685704889382333,0.5651119334641748,0.6109183591925668,0.5722311001152957,0.5172835018621099,0.12452825706270697,0.12499612949405262,0.5100208808691713,0.5072882936475067
601,1.8847018912653233,1.8793957870256293,1.8682455583727677,1.601576593244162,2.3385320971885832,2.5576963812381854,0.21459648213573154,0.21659315945998425,1.0163845977352726,1.0108213007038445
602,1.6341312806528143,1.7048707459320256,0.11684144475993952,0.2239612186737855,1.6002736303719152,1.4479470183772618,0.28567411610201005,0.29414584076937234,1.2430956737636816,1.249095083498907
603,2.3300936331795454,2.2156322282405667,0.4387702003308339,0.41331027781075697,1.1530056308799606,1.0639279818688645,0.2816734497424293,0.29497046978505925,0.9961558200734992,0.991465028555415
604,3.7559203282890987,3.7083217252628558,1.8801371554218116,1.8116424534894402,0.7262964319986369,0.7816112551298827,0.2282659468552719,0.23182122748702413,0.7492018283161674,0.7409014477485474
605,1.5879431657958154,1.54870419400126,0.9917792928414179,0.8979259600062679,1.9412319729806984,1.9539267694317803,0.012846886400223224,0.013318831064343548,0.05505468275609813,0.05553098398052095
606,3.7332225464240913,3.7675522119752536,0.5774877534600168,0.6123852129587293,2.648074516024436,2.6088400228446416,0.0283898865159391,0.028529003399903802,0.12874047353187157,0.12858246407478136
607,3.3301535811579948,3.0578081472383722,1.4710868004744626,1.3148818926960373,2.3205658815349874,2.2758301137051213,0.07611546932403258,0.07484097016056815,0.2641571103575439,0.26666446401177374
608,2.793353841968408,2.1382365260619496,1.9454262178696229,0.830751874858312,2.3102925728343804,2.9999948913774093,0.15524203941542608,0.15241207632053672,0.5081106581573981,0.5133323542652093
609,2.5429135842882635,2.5223361985090067,0.8524483278202823,0.8411154550760009,0.05779158664124928,0.04446214970659951,0.09500213418251158,0.10351509332448662,0.3853434582556662,0.38152669203874595
610,3.855978736984154,3.414315653014566,1.7939145029772612,1.5223830830657055,2.0069234709981343,2.090627011796007,0.18315588157156829,0.1780342179587731,0.5594671267477591,0.5555113094363776
611,1.5454695317927478,1.7130611097338786,1.1665094722329186,1.1919835631090805,0.18501556716810919,0.3887573852547534,0.2744675065886935,0.269877421873821,0.8250003670834346,0.8040003866013747
612,2.0187309015929236,1.9553957549754037,0.6513070459890175,0.40749043847732186,2.414092162486013,2.6906847717402114,0.0331783500983923,0.03269220647345637,0.16046030145266046,0.16187587895838562
613,3.9959089296765007,3.9308691278094763,1.032064422211001,0.968020391106767,2.844439927729317,2.9999998311404728,0.1571298460406034,0.16506647503694766,0.5870413387271851,0.5887223841314708
614,1.5374777011674408,1.5,1.5704106458926583,1.6004203171192826,1.7968239187921085,1.882272671048501,0.14297215956285836,0.14999669792421655,0.4610245288183481,0.47148517599432294
615,1.5585972768794172,1.5013303255888544,1.0808504460368764,0.6898794885693026,2.790243700889291,3.0,0.051478248748423085,0.05211252222218651,0.171357567791546,0.17145466594018846
616,2.153473782725146,2.2465466224552055,1.8492703791497043,1.7775103718497234,1.738186406940907,1.8826817404083982,0.26269383274525115,0.2661531223258681,1.0166606671800211,1.0161868724487424
617,1.77121277866995,1.9629521920763773,0.2504355350347965,0.3570599811713041,1.7128994174943901,1.7454198149740576,0.05988621950185803,0.05590407507009579,0.21240129848223732,0.20891612746531762
618,2.658252518273968,2.633063707642012,1.2698518416299556,1.0766110018467292,1.86440230284985,2.0673808453419174,0.30860227425250353,0.3074068198939307,1.4506075962703668,1.4556075955284324
619,2.1761827016266873,2.248982716967545,0.9953571370693225,1.0841530179211298,1.9063404695462185,1.9063561945055214,0.2718998799987656,0.27033054558747077,1.169549407313955,1.1707472099515714
620,3.370153782630353,2.8236216816942012,0.9106528277928655,0.7621899267848555,1.4446334851343534,1.503319004629855,0.458824453013829,0.4455274279318351,1.3932900755251685,1.4372928217326235
621,3.0232794042032283,3.4642008610138433,1.6057621013403887,1.8157059307087808,0.48161422343081006,0.5623780282099339,0.18147872322571285,0.17919064439426186,0.6732344044466411,0.6679121441648888
622,2.0622680219563945,2.075368024544697,0.6993146297567318,0.7034331238208438,0.6503045607673031,0.6551262899840904,0.2547152680340199,0.2550747458521235,1.201322763355933,1.2253215333706127
623,3.6627053931945053,3.0685571071781585,0.9480933786680109,0.17923521148530985,1.940016033708805,2.8931139597275815,0.11438053184336539,0.11798719552350369,0.4504841781902935,0.4350426782765706
624,3.6460742961589725,3.460753592387113,0.7302052908585732,0.47282001972886717,1.944637082002104,2.3268049968300426,0.1273659715592107,0.1258288468860211,0.4958931127465082,0.4981604166756776
625,2.135035437671937,2.2639098389668453,0.644376210377443,0.9081509185223665,2.4832006003440723,2.2554222335592353,0.05876814874205022,0.056423727287513284,0.2887875109738241,0.2925174790804457
626,3.376929508885726,3.305849495707851,0.7981936609607297,0.7700475550460817,1.2364625573169628,1.203946227034378,0.439308280209511,0.457320935018153,1.3994685447415471,1.3892282798567244
627,1.7028419583134085,1.5,1.5373556228233125,1.2349552461060178,2.8115681836516946,3.0,0.11636924634758937,0.1153157458903694,0.5269278434404986,0.5462163290586406
628,2.438551167941369,2.4936942238403423,1.164191053615966,1.0960616634353295,0.21320905027811343,0.23698383519330452,0.3347876076943429,0.32379821012213245,1.3277144177314804,1.3044126972966916
629,1.859880316075124,1.7233925796506453,1.016462526421748,0.9335691538654179,1.5760341940957443,1.5523892739930054,0.22716971371772227,0.21454636973735738,0.7661653965058778,0.7747971588361564
630,3.6879649590300296,3.729225954720329,1.6239857672648566,1.5816503314551429,0.05469404292559088,0.005944414888685062,0.04826395668104959,0.049655013102817544,0.17130687148032592,0.17091090382724602
631,1.6031066008514498,1.665109017105284,0.7632911534220128,0.8837310678496882,1.7431072807385046,1.6866172013131544,0.18091742181485607,0.18006591596971264,0.5923168384803981,0.5814047626801851
632,2.69674686360291,2.6190125141220606,0.66369492703238,0.6005614010139962,1.673775691361378,1.687158352766213,0.47321126000193914,0.4373709418923821,1.483090741418573,1.4817405873217924
633,1.850122818740143,1.9055618184319851,0.11355312461680422,0.1057220743134527,0.5976468711012117,0.5372561691557471,0.2988955233695376,0.3221926768859059,1.0641492779901893,1.0591493779344578
634,2.9701849236490405,2.9580941108933057,1.672589586726389,1.7746608919221225,1.2754122895231033,1.2152951196439703,0.126812280363048,0.13293643596998628,0.3951204281519474,0.3949711134783729
635,3.5781588205334987,3.5833478765112146,0.3584314369473208,0.3270684596617906,1.4297842215779024,1.3763636099084964,0.24554009977072314,0.23233151688018389,0.8465455000699033,0.8339121670709584
636,3.335723581912678,3.1494199958070292,1.6606511963436215,1.411722348373141,2.270889710148853,2.240139775385014,0.2252795776573802,0.20155907366761763,0.9671875428914504,0.9619415745752697
637,2.7401415850562345,2.625803700739269,1.857119062864401,1.7290305722289052,0.5433602998442376,0.574722901969707,0.18842510373658697,0.18484318473748876,0.7097700451564308,0.7172896333462748
638,3.517188208131809,3.474326001614332,1.2488822601329783,1.1713466895333917,0.6940567735309067,0.748716240412774,0.08916005564837202,0.09023575809228905,0.41178710658702816,0.4078676737888659
639,1.5256588904320663,1.663991069474372,0.579021075370322,0.5330367138230068,2.892695621669444,3.0,0.2075102409087128,0.19362391936962917,0.7933772107926684,0.7743162966196705
640,2.862406440050875,2.716666821786372,1.1354076120090832,1.0253297841505018,0.8632759490121282,0.951807563968832,0.0377043202886962,0.036947055547005996,0.1819390352788221,0.18303970855157684
641,3.1227504271533424,3.4743986624922187,1.542842420161368,1.6015024572186638,0.33515504342450275,0.24707970682977998,0.30039422527388954,0.30139037673185887,0.9526235197440155,0.9446244551280845
642,1.7981433428523004,1.7029233367779684,0.537496589607849,0.2554381605782829,2.7940453750166716,3.0,0.3865074376463158,0.3951921893843512,1.1759724113791827,1.1762363628115653
643,3.2518039607634943,3.86042879015056,1.09805125732478,1.132973017818154,0.20647237294777898,0.24039671731881934,0.33517766250360137,0.3089744107310874,1.028184050883631,0.9955153690153659
644,2.4533124802471438,2.3129133148216656,1.6980433421737346,1.5951340010434807,1.6044255883646295,1.5042850816624116,0.3102687643660709,0.3074943806126027,0.9699901460987712,0.968990473778342
645,1.629966635288932,1.863701166058418,0.9388715429934269,1.068114530865901,1.8244120245523838,1.8656391528193748,0.05125413439524763,0.05155062245900631,0.1636795447719461,0.169699320830136
646,2.2567961074849947,2.22919543356167,0.3532889716033979,0.36603815647896676,0.08602335637423253,0.01600241440033642,0.4704344163063091,0.43701655414732604,1.4884602583908018,1.5
647,3.9648346777953183,4.0,1.453688571304001,1.2861595265399037,2.734885094503985,3.0,0.15301929908605927,0.15238243297549958,0.546362078834276,0.538049076424085
648,3.88217720978143,3.815260188556456,1.7653261285589155,1.7818611256644261,2.708178187607123,2.440145127003272,0.03449019897531444,0.03316986847611847,0.16296952626125016,0.1655893020068552
649,3.5762821261165048,4.0,1.0986616947680619,1.0889983069577254,0.6549574380776629,0.6493448009440367,0.40083652649915963,0.39697057040457734,1.2670397240234381,1.224761176456323
650,1.6322809219411782,1.7543824271618484,1.7502588822067717,1.7835986967675697,0.40639697723516577,0.5262520967831703,0.1308471723615403,0.12413129001007157,0.5309705324972889,0.5239705324945244
651,1.6324391680231392,1.585034336521434,1.4783081446536124,1.3756772626249067,0.2786392892336318,0.1349415039917437,0.07113662835096882,0.07068912944693936,0.23997397895734301,0.2408257374901273
652,2.308218258203701,2.2869951180179338,0.29699278359749615,0.2903011480932971,0.43192265866733515,0.3867534171469964,0.20635177507266272,0.20556739170596994,0.7038861684637104,0.6971302112195769
653,2.814592490787037,2.7140548174377472,1.0935503354229577,1.0633129437244841,2.0072832620324297,1.9835222564079487,0.33350680104014385,0.3276255254616615,1.0838406366522293,1.0968407074389055
654,3.455767308440649,3.4889785744429402,1.8246302156821883,1.942645730503783,0.14732337652899963,0.12202871990396069,0.42347377191494817,0.409997048521252,1.451815078491914,1.4638150774209853
655,3.032582305033422,3.2180619747086308,0.7496744673090133,0.5040373495506865,2.0444195849449347,2.715795299647155,0.319270082677218,0.33388254731627554,1.189020878831399,1.1960208687880671
656,2.6796875099152335,2.6193506280269943,0.5538772274717367,0.4437469051166377,2.554734145074998,2.672272030589688,0.23791639179531981,0.2384265668125304,1.1484151010864176,1.1655753553506694
657,3.890810637258705,4.0,0.1997690510298456,0.18577241787905122,1.022578365172988,1.1477815149031412,0.38107538104996,0.38175971569197964,1.4134411394656599,1.421002705985677
658,2.6183846250486433,3.0915815849452226,0.3780783776086559,0.38351289222062984,1.1092171439861558,1.3373635200179284,0.14768600380673155,0.14238592636108924,0.6757310123628663,0.679046508880523
659,1.8091111291533082,2.1530048345827533,0.47087993199938805,0.49189828080157266,1.3463941860576454,1.548656324653888,0.16320852674091885,0.15107687744839068,0.7483716585061205,0.7388440280548069
660,1.5968006772404668,1.5,0.8727135551234176,0.7983288881266195,0.7789109383075892,0.6625481019179194,0.3433734060006811,0.31922200609230345,1.1631505414771504,1.1806148025412253
661,1.7560796078202578,1.84010273015509,0.8744260797136608,0.2444827543077664,2.1745879824478545,2.8527569656555407,0.3475423198310496,0.35893120407044565,1.3494065561796094,1.3164065664276732
662,3.861179928925869,4.0,1.3262407376025518,1.2796275451492054,0.3561655789032825,0.31092001171724903,0.1741069887788528,0.166953889919351,0.7070706453807952,0.7040545602794129
663,3.6690166324498916,4.0,1.6014078409076444,1.9166219918141358,1.9058126289887931,1.6889645827460165,0.054481285607598025,0.05448791287504449,0.24953193497144505,0.24969588814600416
664,3.907181983524054,3.679433076332356,0.9659098778578742,0.8855759285989352,0.1570693173273804,0.1311287732509111,0.14212643904990815,0.1464175527274258,0.6464133558874933,0.6362573407289792
665,3.7771152341476735,3.674227265654047,1.448357542198801,1.3765580855960353,0.5685582450595817,0.4723185764417223,0.10976349218155047,0.10891402772543146,0.5327184817420132,0.5259350157812357
666,2.6242032232785153,3.1338569485668337,1.0454001226255516,1.398829153173133,2.6901932357770333,2.671005080867495,0.156735626108827,0.14497137024045165,0.5437213521522652,0.5388983868063958
667,3.1390329035712137,3.0987536639147226,1.1111494010090965,0.9958792648653625,0.8593302111028837,0.9009296987321536,0.1745875938283733,0.16967494376515302,0.5558505386422672,0.5486321157006838
668,1.5138677108492407,1.5000143375229458,0.12049827239045709,0.10601795607949993,1.2957418593228667,1.2478048639320405,0.28265008915409556,0.28411378597628173,0.8783386332449624,0.8602270685359242
669,2.040095997967837,1.9093465182406177,1.4708699412684572,1.3966075208350028,0.1824766871810719,0.2446897484117745,0.20341805986616046,0.20511071466066388,0.687686015527469,0.6964822458583946
670,2.4893937163578554,2.9257045515361724,1.0011635209684584,1.1914241752940238,0.6595461113839325,0.706864561711566,0.12132846499217184,0.11602268966049095,0.5359313217030388,0.5245930447877228
671,1.9508681005599797,1.9978009771884822,0.765178683919962,0.7457402763659248,0.2661357202078809,0.3566945513185608,0.24355276302082532,0.2518295055281622,1.0531376517955355,1.0431376505589227
672,3.441042843055527,3.653433320208707,0.6574298308818886,0.7330204318484054,1.7392083969219934,1.8388894445244721,0.4116133728534457,0.3898720941982228,1.369663014439609,1.3860398251283268
673,2.5272885957509663,2.539651353011112,0.6571470385262591,0.7142688639920864,1.101621676704795,1.2370886971736574,0.18356504817197117,0.18242730801851448,0.5592330043755598,0.5598438927637013
674,2.983435908132946,3.0171643468868954,1.1517684790656337,1.1465483509285734,0.6918905191854949,0.6772830028948075,0.19947364230553924,0.18773473479134484,0.7345690996975759,0.7236488158963122
675,3.327011985468968,3.6600550569738246,1.7246652269961946,1.9602055614760892,2.6854541826132308,2.6323179197103914,0.1520203959002842,0.15279114238721075,0.5735057612355924,0.5735057629169626
676,3.5444771812137885,3.5245246026389183,0.21057331172080573,0.21544490222202123,0.4540749518239746,0.41908625915854814,0.13717140393481103,0.12712239195147726,0.5359598891450719,0.5386188661163899
677,2.1392344520210584,1.97800762747345,1.3344668221635094,1.1252338691112258,2.9311810221593633,2.9999999975302907,0.04294281619987046,0.04425335980058891,0.15365820411062864,0.15464587463899504
678,2.5068568639332534,2.860150404407371,0.5838550629812199,0.6480838164379009,0.22451703789560962,0.2774425074127558,0.15863743130430288,0.16778414753039542,0.7881541680158224,0.7854239649046996
679,2.4005567299636867,2.3018777741610417,1.4728514363555434,1.4378133487706937,0.24274362275227834,0.28102393331927883,0.07431219829635295,0.07495511571899295,0.3242808298321138,0.3208566083548851
680,1.5683961749249626,1.535468737901227,0.2852943250913894,0.1,2.405998119826724,2.7710793247347194,0.06523416596135702,0.06621366099123198,0.32143280400109775,0.32097152950987873
681,1.9230603648557656,1.7140092478360793,1.7866002112302501,1.6212267583489068,0.05804535587420834,0.21224003568467786,0.12116177209173258,0.1271352196645293,0.5414874879541028,0.5572363114299176
682,2.5489118677197915,2.7019012465331405,1.9730721620420835,1.9724385060655254,2.088582439417015,2.1769007869193038,0.2197485776473112,0.21896147771098962,0.8524654837639984,0.8374655105370087
683,1.820056631067083,1.9306883801185202,0.10851201336876418,0.1360206985896821,0.5313440442715064,0.570047823977304,0.3265266752258835,0.30937758878369964,0.9918232437515377,0.9637953831554492
684,1.5546461030707246,1.5,1.7507109679006718,1.8952068700807505,1.236538530015462,0.9597318089653367,0.19436180331411287,0.21272389151712204,0.8228834497700209,0.836327123395092
685,1.5493480001855353,1.5211805052660774,0.8577419401386732,0.7595607836705209,1.1417207162985386,1.1275818883110582,0.10050405935062286,0.09986849505853204,0.30241164321949365,0.30395220397964506
686,2.660594093071201,2.773485896352222,1.7440834135072885,1.7320655771496682,1.817914758152484,1.9686920600408373,0.265745436637477,0.26543844560904944,1.0608926677455264,1.0633982118985732
687,3.8125687058820588,3.6927298775856894,0.25219869522821436,0.23336935077360496,0.4650875276739158,0.47678808586546206,0.2587587963726518,0.2220476819278364,1.066483101014759,1.0650549367346724
688,2.4256218787064254,2.1904289293788937,1.883289775104058,1.6618611888920556,1.681191295439423,1.6722152299043127,0.24621631292085883,0.24744637566366837,0.8916815982957035,0.9047793100910906
689,3.431279583345635,3.2577498658062805,1.2143661973247777,1.1144972621438565,0.6818658395368057,0.5913458168231287,0.3881470350806266,0.3716172486925803,1.348167945920265,1.3474448634838738
690,1.7320010295949118,1.6895305779562326,0.8599064375504826,0.7868587961449787,0.54236135774089,0.5606351935468153,0.33407131417404906,0.3502695013404958,1.420608474276284,1.4531569198688805
691,1.6336368286825975,1.8432837417712873,0.3275422475073407,0.4487621034517643,1.9017132721955385,2.02422397424237,0.4322069030375515,0.41754404401785944,1.3073697122614447,1.3155464922473474
692,2.102359366941891,2.136099961750839,0.9561292426834392,0.1,1.8483388366251188,2.9784506486958,0.3063007458209471,0.2839398012269962,1.3865775159157623,1.3475337007072758
693,2.7052268455551385,2.8582128920565344,1.227161426276679,1.348565432774632,1.3558553120287944,1.318900387214339,0.2860518356839862,0.28673646334664193,1.3840277029068266,1.3730277201047527
694,3.2440907869174307,3.27101941897607,0.362023353326971,0.31949783849172925,0.9825119083996717,1.0336688228647726,0.09530204567036427,0.10035644630879208,0.29109299376900355,0.3032355411825401
695,3.6698499528789204,4.0,1.612536271260941,1.6433530564082215,1.6684963387808827,1.640974495091902,0.12932732236849262,0.12358593478943859,0.5912683357279678,0.5808374817579601
696,3.908966796379507,4.0,1.534075978040782,1.8115483291744632,2.987111726845024,2.6764572229304826,0.06030086861376932,0.06042377651805749,0.1870074126277254,0.18553271081937164
697,3.8295830067140995,3.9958004035960215,1.968795113016186,1.9999999641348434,2.988900663171345,3.0,0.18010559275517204,0.1778742695755601,0.7340597400990826,0.7326945999631088
698,1.7997358957225131,1.9931311736407529,1.3458912194313872,1.4271311463484382,1.149589232462459,1.0899241086809535,0.06880068921244048,0.07208111170030795,0.22466780754807486,0.2181848756243609
699,2.0484306262814824,2.098713894342424,1.1164124735108738,1.2127204978161554,1.7094541968853598,1.5694838389496555,0.20194507795614847,0.2126596008357592,0.7587800340654373,0.7587803276822878
700,2.64788412724097,2.8088386253858135,1.7210231034084738,1.7887261909951209,0.14349589320219902,0.1328735358674739,0.29879723428988086,0.2878977587151372,1.0290767684830155,1.0330753293152066
701,3.3447500578418525,2.84647764767837,1.1178690094254788,0.9365567795215631,2.8046028920234907,3.0,0.3321273584016377,0.3211993352064046,1.1452710377550293,1.1741921242706888
702,1.5065857049562648,1.687536347382467,1.0368721500033429,1.1413435884162322,0.3527848840419179,0.25838899103707536,0.33830780127277094,0.3439676120268144,1.1785068285287674,1.171507100277819
703,3.1736020975791956,3.004883325566437,0.7702186286222563,0.8061072889022965,0.22395665523427466,0.15170911138170334,0.45651290106467585,0.4526315626283908,1.4778572184868553,1.5
704,2.0640632500680516,2.2640666883478486,0.3885076241253804,0.4172650727726886,0.8844111968511704,0.8182484103623876,0.34763952652931435,0.3557995929186115,1.2549513483227404,1.2602117816697702
705,3.019067337819617,2.969827261715601,1.0490233463992529,1.0207867011775118,1.0403199486396426,1.012606879108794,0.29104487756042463,0.2907271512296516,1.1928903919250893,1.1898906285248745
706,1.5066806045952679,1.5325405165546722,1.3841144174499065,1.456125704320872,1.2524394145639577,1.1922898193718754,0.1632717994909325,0.16798439129778203,0.5891212038260839,0.5879673364540533
707,2.930960215128107,2.883620034241058,1.1884862803482479,1.0718321213088278,1.9104237345362318,1.9542476864551432,0.14338392570418634,0.14400823644452387,0.5542934246981517,0.5553931627117783
708,3.7563452877681156,3.672753064310064,0.6134492199855641,0.5845036391694144,0.6516806706599916,0.6118097712488424,0.08510892075697823,0.09092495149324929,0.3849547439521195,0.3839218964135732
709,1.9963886135907107,2.014692788293684,1.1556263454856497,1.134510253883423,2.240829038705717,2.2843844779358657,0.05708194641561381,0.057189969319247684,0.27564079311368117,0.2733366497295481
710,2.294151022437676,2.410943401109386,0.4266800898347868,0.44669909149918496,0.4009657837150298,0.4901431242191547,0.09870032057042817,0.09811308563678431,0.4732111007149621,0.48090184149021414
711,1.5049035375168471,1.5,1.5084047401382867,1.5403389785225128,2.698140035056973,2.9625821163695196,0.2099583227608483,0.22572169192262598,0.8658999541878835,0.8758999530953224
712,2.2035585979852437,1.8986063615646926,1.7530470714725028,1.6666246373465499,1.0555973977449105,0.9617568715032396,0.3089455023991877,0.2945903609075637,1.031604120609398,1.0570248287925448
713,3.5220538832773256,3.729292890725844,1.3827337892256069,1.402024631926702,1.455606998915854,1.3641309089802707,0.1312451262701616,0.13032265195578538,0.41783045841582167,0.4017177281843977
714,3.8353199450825066,3.8829159226894685,0.7611981877456522,0.7665973006111456,0.007941732504551213,0.0,0.22035408158435782,0.2041227890608518,0.8912934554774559,0.8855341234266716
715,3.7109713279250367,3.5546120802112973,1.8335785554343431,1.7427261173818454,0.6550949653975092,0.6812337325465352,0.3456099610753579,0.3616916460769261,1.374370736987551,1.3713707959011328
716,2.143329661251939,2.4082613542781286,0.7880815253668846,1.0441996929082147,2.122465966870958,2.052536131042846,0.2321191587522125,0.24170091217553194,0.9900996005913568,0.9896951608830337
717,2.0097203685267626,1.9883519986804783,1.7743102029297289,1.7849719575152045,0.4194190973328612,0.5040388806045351,0.18777739864029808,0.19290011061493956,0.7169259957080202,0.7329260161921826
718,2.0563671410978275,1.997015222779189,0.15867742063325307,0.1,2.597663981010837,2.7261427740429918,0.3128701989450905,0.3127287782731408,1.1466100305675326,1.1824983754758693
719,2.7903330871552026,2.9790130806278055,1.6672152967586098,1.417474637069459,2.464164225857991,2.608011156305829,0.30264088001190054,0.305057686413133,1.0777788337164682,1.0593299928208437
720,3.8144250446799544,3.7237127264803127,0.9976293652188273,0.9523537026378124,0.39085929547919396,0.35936673526366614,0.030118240595632634,0.03068380373364044,0.13158990347158225,0.13335384847871662
721,3.653665525671586,4.0,1.4465439986581408,1.6738831868663395,2.6306557518052833,2.4612916169026997,0.029280707129552348,0.029320291923150946,0.08867342753944317,0.08924211734275485
722,1.6500285828282453,1.7952445891867295,1.6878088180239632,1.7975878396395315,1.094301233794253,1.0182951467681933,0.27308629290051406,0.278265945983598,1.2303675791486133,1.2353676349026492
723,2.098916583384912,1.9254712225982262,0.746359547593584,0.5444356486833871,2.897137616505506,3.0,0.2679226430359334,0.26100513719791824,1.2663148933774888,1.3031899310452069
724,3.0446979427674794,2.4400441968635005,1.6486696841386614,1.3265217953904462,1.239660311261427,1.2161591853120317,0.16985211509780435,0.1669032807398305,0.712975617922165,0.7209009396069396
725,2.8991952456672596,3.3068288437623448,1.5661109103187927,1.6832163743103175,0.8445639145786156,1.0021889136240478,0.2141960401732251,0.21316594609118542,0.9180881027067664,0.9083037705792815
726,2.6894209886020106,2.71605416695746,1.0041746866491328,1.0185025585927605,1.0872965823190253,1.0284561938611243,0.26274281335302013,0.2589040699463965,0.9330484608904525,0.9196377093454566
727,3.449608039503217,3.077107198254442,1.8076832507140141,1.639146594070558,2.673490286850569,2.7457471001757807,0.10589520070284117,0.10427440310917215,0.34269630589672234,0.3468919686849079
728,2.3039714763201964,2.3666409227766305,0.9067237970659485,1.0971491172183196,2.5432732055772513,2.381390767196372,0.2369747044643403,0.24151687548885656,0.9375817426008236,0.9415817372103354
729,3.2378102029712053,3.244386173721824,0.6013001026460459,0.6202202697481031,0.23333134638873165,0.2573704968468676,0.08092222498269809,0.07876797726213487,0.2875979404818558,0.28751564032441956
730,1.785316303573508,1.7271676186479397,0.35258331264771403,0.2009496164612824,1.6837325446610136,1.909741933165027,0.2193303278413138,0.2101938174640059,0.6999436503871544,0.7299437020367896
731,2.8426732756594015,2.533159383117123,1.9681291359182225,1.691886739996859,1.7244773608722335,1.929185990794975,0.28842195222009354,0.2543470202198939,1.0117933318599255,1.0297148465361292
732,1.798352343671446,1.6910600347307703,1.5821231340425534,1.5639768723523717,1.574930774845937,1.4127949693975115,0.07860945471698248,0.08095448550094417,0.2396424064978,0.2399593934245575
733,1.56390178350835,1.7369098025836816,1.4236192636915685,1.48324664253368,1.3495421534862575,1.572706172675693,0.45924110024851034,0.45977585182600594,1.4367078027344333,1.4277071919828677
734,3.713403624800027,3.135834161372456,1.741808867524395,1.5685038236282045,0.4367131120306891,0.44899487880204086,0.2750889594992647,0.2934481160732151,1.0828120427270678,1.1219470325272183
735,3.3893579029394196,3.5230413022014826,0.2815669734568619,0.24868286511086496,1.7848978250001717,1.8498137220334205,0.16699669968498826,0.16762951051196565,0.6926185276119614,0.6962082408646283
736,3.5891560286392936,4.0,1.5855756145662498,1.8020032028760173,1.3966057406985366,1.3713854634799005,0.08768758924605119,0.09009847346577876,0.36768628317943775,0.36805919484623645
737,3.462400293255153,3.1154949233305715,0.5993247577193538,0.519430128579692,0.6442921864347252,0.6569983513564674,0.329590029206694,0.3114084920077936,1.3978795727485371,1.3879692274025812
738,3.3018200447193786,3.516286672340448,0.4267363577909856,0.4352989060626254,0.4984533940594419,0.560611781925543,0.4583410419976691,0.41622649830032243,1.4955919838724463,1.4851535403581921
739,3.817089740389128,3.3191016823597828,1.9709813651515231,1.7529788995858966,1.5624753723108697,1.4564303506219298,0.3081596929426283,0.2815357895044681,1.0527661184144173,1.0477628142578481
740,2.166900570710002,2.09667766357256,1.549351170446493,1.4194078683477978,1.7053487148846935,1.7802706743794796,0.233490185472276,0.21626597649087753,1.1627911415903212,1.1719447058541068
741,1.785890364426633,1.7703100719906417,1.2449557733293701,1.0845141637899578,2.6988719925851203,2.6956134522322075,0.19810132010176018,0.19453837574797597,0.6149582709004756,0.6155137864683764
742,2.0123443985352463,1.8589572104794156,0.1936480186150228,0.17633198194434935,0.5692842089920354,0.47298336177611056,0.34318964709075417,0.35239392885403126,1.064846171842084,1.0759378501602266
743,1.8334969570329926,1.9814161927191913,1.8936179955677308,1.9999999721246926,0.9646663000870674,0.8382589780844323,0.3140966942159028,0.3046406276838436,0.955274957753521,0.9522760376365276
744,3.8046808595389607,3.175060327420612,1.700780634852541,1.4768245718760662,0.07365796821860549,0.10963590419191516,0.07625259674213475,0.08181772623714834,0.3485649497481186,0.3543282419113497
745,2.4403653124202087,2.5729623159520227,1.9945857601370836,2.0,1.2408595496466468,1.1676782661983496,0.1281582103238467,0.12107734621118069,0.3918263378435601,0.3918263313452984
746,3.4602389657682586,3.424762643176274,0.9744638284997111,0.9604520205122594,0.22070891284631133,0.18600032306706035,0.13625233041541768,0.13504421507402745,0.616697527521689,0.6268048050524635
747,1.9568560967500457,1.9801045873226537,1.7199491763689885,1.6696011474466865,0.6948384976112036,0.6924406114597889,0.04703554672047262,0.043742733539088065,0.17927138288909855,0.18150941799140088
748,2.239111738789577,2.0249058895426306,1.2187248140605045,0.8059035000552892,2.714935552597288,2.9907029021854994,0.20051482622694475,0.20874899337806646,0.6792315043665011,0.6932315075284209
749,3.9645681282614964,3.8656996007075715,1.854163301306256,1.9516498603022776,2.2118051000397116,2.1698101115412203,0.30405309557110827,0.29126710570612535,1.2807267914718565,1.284956072504328
750,2.6164784742658016,2.8718101766363886,0.3934269999504396,0.505277269868457,2.814511727588395,2.8375253518705468,0.04544502341865235,0.04514233519772948,0.16432878504261034,0.16317619715114
751,1.9669205698978982,1.8245722808012816,0.3132575909455988,0.10000813809444951,2.4706486988830827,2.738424156198459,0.3604182817468766,0.37676270694333225,1.104842102614464,1.1268425180218498
752,2.338100813769973,2.2224523147425135,1.0692049316342198,1.0100542722962649,1.1538263533449906,1.0619884969277398,0.11741832151463277,0.10611825937071964,0.3630424107821279,0.3638810393522695
753,2.1010255958829704,1.8772267030543852,1.0660405936590356,0.7349173484179699,1.764508439555821,1.7326600988980196,0.12830635780257882,0.1315101987601987,0.561407915953428,0.5480059823656247
754,2.7344936796284602,2.530178387079988,0.9605051144790194,0.8986386339781695,0.2869484143207861,0.3297904899434475,0.020798437608308393,0.01898535486536908,0.06525869476381686,0.06539938871177112
755,2.5685903733928797,2.8246435178622393,1.6874925407020815,1.737064563234844,0.07588351764776158,0.021488370403303647,0.30990721723662745,0.3314156512237766,1.4466722943274608,1.438672286297744
756,2.283377072032403,2.200661375486789,0.48433797388824307,0.2696271023803824,2.278374302685495,2.4539900764131595,0.11249456991040857,0.1051910475505066,0.5592066020176132,0.5659626100429601
757,3.0269294376963027,2.8602944424352508,0.5923509273382519,0.36915099854324585,2.7278189320757584,3.0,0.20269230674332317,0.20777406112336422,0.8393797697236525,0.8459815187420948
758,1.8849013715999927,1.7325627761422076,0.8513660853980822,0.7578967756251551,0.7677563592980485,0.708862581194984,0.3158805752194457,0.3013942651935001,1.2554351062397715,1.258434548454332
759,2.245851330040342,2.0032138651929925,1.8778107873219314,1.722821174891842,0.29630811906004995,0.16451949741470778,0.3318410268337134,0.31555902018661236,1.0071409971540055,1.0125384991316428
760,3.6538933542325758,3.555486948896602,1.6842728155522835,1.4637952103754805,2.312162283994461,2.4333016539771704,0.013489231357606855,0.014773624927825359,0.06352787652274022,0.06270890193801301
761,1.8853132914263766,2.1319466155557967,1.6109195586270029,1.5505524409116844,0.41103870486668637,0.4574078578406109,0.3892112201312088,0.39610381361339403,1.3011888764248343,1.2761911614486037
762,3.253743748965798,3.2183446636946695,0.7741953447538273,0.7852555784116177,1.587133933690414,1.469867374217803,0.336292828883461,0.34056050842535474,1.1372358995283898,1.1411413578321632
763,3.6816640852429217,3.448639587246273,1.446832865811563,1.428756836732478,1.6435008150846442,1.515569576424203,0.2297477097648718,0.22602544395019958,0.6963776170724796,0.7083776006170954
764,3.5448603804341934,4.0,1.3018922702241316,1.449204120682774,1.135456309840937,1.2002769331827798,0.15514322773889158,0.15786137080444487,0.49828614171243163,0.5104091116820599
765,1.668010733967828,1.7328059690673445,0.5395556769114634,0.8488430118951746,2.7891226767170503,2.4659508947250375,0.3024934055918993,0.31223739060247013,1.1595437790945007,1.1615440814025575
766,1.5875390129829694,1.7896830546471232,0.2334508461286567,0.3240571931662962,0.6902547091579222,0.7807850787802252,0.17972658297430769,0.17465889761793665,0.7564591989393178,0.7474115969193942
767,1.8753220901862035,1.6801038015334147,1.9036548826449522,1.850930436806597,1.9109570834988334,1.9163969046184803,0.4404819212472031,0.46820722987015573,1.465094007516581,1.492093260520348
768,1.8633733297151203,1.8083770106470998,0.9262239145505988,0.827793168723817,1.5060788896807094,1.470131279700134,0.03609178242519336,0.03518199725728323,0.15928652101324864,0.1596861267597611
769,3.1601883695147825,3.2342076811252527,1.9076216931941097,1.9252090750164552,0.36617760758779183,0.46183405246028875,0.07508279821257792,0.07217799710850784,0.2550850146739869,0.2546745997919125
770,2.405630983022581,2.424224901316378,1.0488739271252334,1.0778872001423352,1.7332470475326014,1.7123487036514549,0.23470584786733298,0.24288387164866068,1.1610037537505096,1.1596221958991177
771,2.177224700344927,2.366525863746867,1.1481510961639816,1.6705282332324174,2.8967296057247074,2.6949854814640597,0.3858668514230368,0.3420812555145256,1.2342474433366448,1.2402473799144185
772,2.10666391566261,2.1600261417877538,1.090029520216649,1.2781272079096666,1.507111266208332,1.5122092040342596,0.1454916982259556,0.14210579256332262,0.5412129637327343,0.5377525690786789
773,2.2777966237097633,2.047304720889743,1.3926192996808222,1.2913857127806856,0.6451977018774143,0.5301464494998549,0.07055189774010781,0.06760137887792718,0.34386895488570907,0.3486837851940689
774,3.145084975154484,2.6924441565130115,0.8415177217525748,0.27612617146380736,2.464529297771997,2.9841825009038745,0.19789249921301058,0.1975531481924343,0.7492858453553881,0.7482857062881472
775,3.9506302132661286,3.7037532837231826,1.1187927098856913,0.9734112738133064,1.793811817216374,1.823771470062115,0.071777888967919,0.06930133226997458,0.31233416326656743,0.311896843067191
776,1.9148839731899292,1.748197949940876,1.2895582444471814,1.0959711982278992,1.8485245351417505,1.9571673176103832,0.2682378360413479,0.27444526295428423,1.017331149838472,1.0373311432419843
777,3.949038875194363,3.943416310243106,0.8160556762966441,0.7879492412369956,2.4704523581290343,2.434441158522967,0.18136212182296257,0.1962736290136133,0.7333690928280562,0.7203343066459841
778,3.2755536724111414,3.3317210137498066,0.16118999177337565,0.15241695212472492,0.21523365525891436,0.19273215187289183,0.11852518878480871,0.12523351991579013,0.3676104155201368,0.37040164865645087
779,2.622077762840825,2.5642729936842756,0.5777934162700817,0.5187469161915726,0.4628213869005675,0.4684910109344996,0.1777301520287246,0.18405352896534102,0.7520164600480417,0.7396207418159947
780,2.591720251629193,2.710229906850789,0.7559873552399256,0.760107113370759,0.878121971141939,0.8444297302748462,0.21425359057240634,0.20957508642486292,0.8953488385543611,0.892287767457255
781,2.514142365295557,2.4661770715663005,1.8785356500337267,1.8260492450704757,1.7516512155562425,1.6901363150204123,0.10295881931551426,0.10497632305592347,0.4750022756476934,0.4773886393786217
782,3.510432586739169,2.8889233848085265,1.6882223933582248,1.3779282033647782,2.2264670323241678,2.402557928474587,0.2467935836210588,0.2610979711202849,0.902458179492164,0.9324594032146245
783,2.4218640065082804,2.676018994886438,1.0222266035945398,0.9621900937231153,1.3042816429055772,1.553810977377379,0.15306385068574102,0.16600575972672807,0.6202760878716781,0.6142223742688625
784,3.1525239469736666,3.2536666950179907,0.7795989530448749,0.8367207467427932,1.484713026344859,1.447514208187309,0.15251014450187567,0.1603156478345353,0.679902233509195,0.670028874215145
785,2.923148994946171,2.9721714159466885,0.8206236625143231,0.573609148132381,2.3967646745953726,2.7974755199367776,0.06434566509095005,0.06656871632235493,0.22438911229958253,0.21638673420075993
786,1.5611223681744912,1.5,1.600094133340765,1.633922802193573,1.4790693474562207,1.5261443452734529,0.13790492774697471,0.13279402038585938,0.5934836208481236,0.6090981178343289
787,1.8847741848441122,1.8984429692169082,0.5367981551793863,0.4852641369553977,1.3631235575022593,1.383736587935331,0.09915666541634034,0.09640510419888906,0.4421750523248402,0.4389707169641183
788,3.644239622479585,3.419557361680539,1.7163909631190988,1.5765648080163632,1.8237373731961928,1.8498388413393656,0.03301825333434884,0.032975625981486,0.12309868404101323,0.12406602764310161
789,3.7165858870750736,3.4035661164906665,0.9526442237309564,1.056833434863926,2.405722379809406,2.1727410680190147,0.3207902721804775,0.3223436051175532,1.365140169410551,1.39014355014948
790,3.7974557706153784,3.7319404641818545,0.23649184184139843,0.12332925049244775,2.4845895893634036,2.7440107181788504,0.2441889560983335,0.24807667119634766,0.9682742210160931,0.9533842369864944
791,3.600124630871453,4.0,1.1199910131458617,1.0114498440660407,2.29272463864566,2.5991897927175205,0.1765809023303086,0.1876769846776985,0.7271022872831157,0.713314895601378
792,2.2917663775289214,2.510977576015579,0.9619982136083125,1.0335273410065071,0.34068659286847514,0.28536457742187765,0.24777440267297735,0.22905312788777676,0.786734535560162,0.80497871530071
793,2.2457715833243643,1.995888027659739,0.9850967212044627,0.7772790653538987,1.4608045058289738,1.62711316203606,0.3228347990522699,0.31167774957931077,1.2384946400817152,1.259311535637244
794,1.6822048802410539,1.7474437321430962,0.2684237275505281,0.1,2.195561712296805,2.445184871529118,0.3536993842607535,0.3609170883120153,1.3669282429684897,1.3706806915639398
795,3.8357189791107964,3.999999916069254,0.23393111932111657,0.1724794471920071,2.584681148495395,2.9139101404415015,0.22533198762628168,0.22597619419394332,0.8487514321304449,0.848751426885733
796,2.5997505678589476,2.4280123648205767,1.0996981874648384,0.6842534486788092,2.491567987953717,3.0,0.3574049802894253,0.3709593368483783,1.453105752227956,1.4631057495859852
797,3.6519456017232246,4.0,0.6488491096401894,0.6849988139476736,0.9686275710732044,0.9517138945431279,0.33656203913266414,0.33900477868316653,1.2547443887454386,1.2367443707179726
798,1.9647323730795638,2.204307270538465,1.680860622028379,1.4549782182749755,2.237412878553516,2.3628248614076686,0.39418217292090496,0.39850573012849044,1.2773856374034807,1.248421447891032
799,3.7601368302107048,3.8697339160003095,1.3557317179072341,1.41990332581793,1.9929053731092872,1.9661354264181443,0.21635476455708028,0.23317056247679355,0.674388558035579,0.6759503078107192
800,1.8101767070889174,1.8620120466488363,1.3502279469692484,1.3842616328174255,2.4496383421413683,2.4712410229371313,0.23646741501757368,0.23536287409122217,0.9086413225852165,0.902838378161731
801,3.6981213453683424,3.7375777036758997,0.2731619477612283,0.2770538438875802,0.6890524630890974,0.6612289452735803,0.1774291826056325,0.1836235518978726,0.7240341244796986,0.7142910649763192
802,2.8229153137808094,2.9302668115243606,1.113777635111936,1.1340334517831583,1.0038657102243072,1.131824922358267,0.06075793762184238,0.058602610266762806,0.23084427430829235,0.23276163175815945
803,2.053609876803396,1.9849769311504417,1.327412760224894,1.2734841758462503,0.063483610648575,0.13257476289652945,0.26258463355642303,0.24794541684541893,0.8339912997152129,0.8598497072092919
804,3.027559540760306,3.0197558318562643,1.3961405933316378,1.6148966453156608,2.425133069607008,2.205509032754682,0.3447397090835558,0.344000543143532,1.370669618134353,1.379669614679483
805,2.5709494370996824,2.873675473285516,1.6695186361505068,1.732782119260833,1.150734014295534,1.2151395862757828,0.3706677171266363,0.3612785965631254,1.2312266990065455,1.2122265033612682
806,3.243934705082011,3.2164941571010144,1.9333438114380648,2.0,2.537483233745328,2.476285594066082,0.07449528936457764,0.07310628719397583,0.2529620719427695,0.2541013651470872
807,3.677811160656759,3.3345524175062895,0.7975677961961686,0.721974059453519,0.6653963820374554,0.627795738789476,0.3347299186461581,0.30693008984071274,1.3229610035491743,1.338297973254126
808,2.087131625019868,2.237220705227963,1.2751990771660764,1.3205290470346007,0.6708581868823944,0.586350244694436,0.3033189844783181,0.3141478732402887,1.3600255321253822,1.3555823663361974
809,1.5774840482242998,1.5696841534710457,0.4649537668060725,0.4219539352786367,0.3186436096361205,0.33551907309999107,0.07060128890533565,0.06632970201991571,0.3503121965430882,0.34753651178279366
810,2.2297183662506153,2.2233758102978713,1.8192768373680308,1.2289099974604631,2.4410090752683273,2.9999998323491663,0.19075722951231597,0.18218355485704246,0.6875064205375,0.6879719913591527
811,3.635337256857395,3.4122741395026757,1.8006983294696608,1.6713002088235378,1.0273037325149907,1.0975375178140137,0.33022557849552137,0.33594843567771143,1.0351019174426925,1.065140924938666
812,2.8405611871950187,2.607364018453583,1.3600652796456985,1.3632664373142234,0.44192196529039285,0.471306012218477,0.37996894830726374,0.38206701573312135,1.3301301824770722,1.3801300616492855
813,3.4478346763344323,3.636821950936069,1.3378458119826857,1.341334612928249,1.2009195540274435,1.183276851098848,0.4530586112939185,0.4823088620577357,1.4641466605726998,1.4561469852603837
814,2.6632485259772367,2.5308958133269863,1.6054940568891105,1.6286668336676227,1.4313024650394297,1.2739163002973952,0.44461866153342816,0.45860614687859697,1.4889383783679049,1.5
815,2.2368340547261987,2.4762918415717587,1.9581859130691628,2.0,0.33887957249980527,0.39483982041025767,0.18268121937672263,0.18746432231008825,0.643868078773959,0.6305892151490595
816,2.627377006153405,2.682509668742307,0.5864798806273547,0.6000044398107811,1.4514415904720797,1.4187318913053286,0.2626994115395888,0.26719834907829837,0.9794270551512873,0.9717584366017861
817,3.4614847698155353,3.993061737111022,0.665278186217752,0.8767227515329725,1.3989153888505914,1.4289294749528354,0.20721589596838602,0.2096285917185987,0.6924119101329244,0.67541165887013
818,1.9557406262893529,1.9315907874054798,0.8575250990239432,0.7417863031417657,2.315603331364804,2.3819117414892164,0.2714329193613232,0.26093745203229324,0.8716910510114174,0.8676910580439778
819,3.3671460924054357,3.4956703375085763,0.22258505509246912,0.18889317089542132,0.6381937256269226,0.6781431383382389,0.33532307021919455,0.3367554021863498,1.0622058744980967,1.0160489209962291
820,3.379539523648447,3.7220756139410653,0.13797255581928125,0.22294595351500415,1.317034723710759,1.1936546728259574,0.3220879182041704,0.32196241107971163,1.4264861998773346,1.4138036610404665
821,3.254892646530686,3.7598656710013363,0.1517648303154459,0.4609862182972341,2.4583307135829715,1.9352038557863551,0.13339392943983736,0.13061445933204321,0.5116803089058864,0.5066978753696113
822,3.9536226839094994,4.0,1.0602684096120205,1.2236815624293247,2.8185056914426836,2.6496340728856307,0.3974154776843495,0.38835784226274145,1.2315672750560023,1.2475672749259474
823,2.6571783428581144,2.6129003282116128,1.9744433911621018,2.0,1.2239932921520982,1.1615682533028848,0.23652530952204015,0.23124590138542514,0.9509759956006067,0.9459759768524048
824,2.335767506634936,2.2688814497117162,0.8163747239213648,0.7186858742619447,0.902650535123585,1.109197276445765,0.3528207253098333,0.3686443771181179,1.335820559770672,1.365818466135652
825,3.4066457806985655,3.4339664055347265,0.41798032675152685,0.4240052276772781,0.8761432241472958,0.8956620747435711,0.23429100758745408,0.23457444947716177,1.014696605199273,1.0100287678047088
826,3.0572046083866415,3.424217749537494,0.4545505047535633,0.5361965384394028,0.7446373715420016,0.6594772595167357,0.3883420660299354,0.39573047140764916,1.2610455932778997,1.2551403105384442
827,2.7559109582793284,2.8791253486300286,0.4113137221450094,0.41022859284490215,1.1232777460215586,1.2540576720657541,0.08944480259520632,0.08931483046663273,0.3728164526821389,0.3629709756214087
828,3.5586418471905112,3.0603394511156323,1.8711251415663956,1.5252034454238204,2.998498859969977,3.0,0.12326413038769682,0.12587467007780517,0.6077280346891839,0.6081028870583005
829,2.932881735348351,2.688896488017105,1.6647218645531519,1.571579359922801,0.49033987591307915,0.3936546446123783,0.015189954846632544,0.01601404275494745,0.051187390183280154,0.05104592669656106
830,3.77780499746621,3.991178928431641,1.8310878312731198,1.91006356538924,1.5900169619588365,1.695820529534411,0.023895084412541324,0.025603429759390475,0.08886909399918935,0.09043985178152249
831,3.317446382590168,3.3777837105738864,1.0680966812564139,1.010042322988835,1.3065866456863844,1.4149959266343428,0.18839031152946256,0.18330622314028738,0.7656690608939668,0.7885569460824744
832,1.7142727165165157,1.9436201647822693,1.8022037589187985,1.834145642711953,0.30878647859967223,0.139856493018306,0.35697546193734636,0.3480924332062376,1.2093848538574061,1.2243828259778462
833,2.2820216969627873,2.3522465201816947,0.15481767983209746,0.145168691254525,0.12346498081169388,0.06701202390376397,0.12373816074386793,0.12589689553725653,0.5141012505400002,0.5165724871223921
834,2.550249344372989,2.5589553861772822,0.6576498861328304,0.6881065703278405,1.016060326718823,0.938055524043372,0.0839094635712359,0.08589724114451612,0.3817450193360579,0.37575346025079404
835,3.899951094711474,3.9257930439466384,1.1013539480027597,1.0684619145755185,2.9320691453744385,3.0,0.22517704939323197,0.2559393893499772,0.8070873556495964,0.810870704020206
836,1.9732968846469023,1.933565022831898,0.3894002576504887,0.37301442416214087,1.9404727853380104,1.834769841820398,0.037997873154599196,0.03652024954971469,0.1282974827331002,0.12812093719667833
837,2.489756168076769,2.5551621703656897,1.4544478539516656,1.4756847643275146,1.4656908817173149,1.4395653959418233,0.16075978953830214,0.16123373089821716,0.632380420623273,0.6372917564116767
838,3.1327259057629213,3.1182045396572042,0.7399695601368207,0.6810618477829422,2.1282325284018166,2.1022029934156365,0.08305197375806042,0.08564348826789175,0.34494546448282076,0.3426257335757367
839,1.8871939828061677,1.9467073638970271,1.5068660856235345,1.6816039875599254,2.602157088500927,2.485229863113041,0.026313066672293182,0.028420005139168186,0.09399644010171912,0.09593201342932443
840,1.5983327628824973,1.6712133136534042,0.5155115895960439,0.574991440649285,0.5117365034317203,0.4759349661630145,0.027688693657816035,0.026425163712885738,0.11933777646813006,0.11903618408071477
841,3.90332824681521,3.6757667317617413,1.968327941413539,1.9066399578069526,0.6888455677318772,0.6705681535310742,0.44251758056472434,0.43578960275070117,1.352728628225516,1.3677286123088572
842,3.4508904460634326,3.6675912166494693,0.16015919959845185,0.3857123061280048,2.8136727082421,2.337763076288132,0.2446433984223325,0.22497277458716397,0.8523837641967967,0.8363835722123443
843,3.547114054304459,3.270681882166412,1.7082917309933756,1.650918136675177,1.1476171184399955,1.1147393330834612,0.24624479358334417,0.2559199817946718,0.9765481678613596,0.9943791665094657
844,2.8939108014958497,2.538308775914184,1.474120124767678,1.3099832141721264,0.12636713403773503,0.11668780500049347,0.06407530152248153,0.06252079168760724,0.2592618096587074,0.2622815982546725
845,3.4482394082855987,3.3540222909201156,1.269562897768337,1.2453722736460169,2.0838123357581066,2.1038012733053817,0.1680294096353638,0.16556577093639244,0.733966228221164,0.7495120831725935
846,3.7969435894361387,3.7493330213042,0.6701321305903855,0.6454932115933836,0.38536251770513763,0.4120436613089727,0.19440324544577595,0.2015423924244928,0.951335016011656,0.9402888480508789
847,2.105233464436088,2.010277774089462,0.23614669124712345,0.21739310204626355,0.18140326825118436,0.16572652707865568,0.03392608083068228,0.03227349987524356,0.13046162980574683,0.1318738186677356
848,3.535952921748195,3.1626267652525057,0.8094981042619095,0.7216925236746635,0.2442919016402183,0.1475918876456488,0.23643285456336904,0.2345860100434932,1.1693336132994876,1.197959554361603
849,3.729722379526753,3.994273795639355,0.916261799907182,0.9277904792730967,0.6157458799550249,0.6101118606103683,0.4013635185258042,0.37746589497278005,1.4966893437927125,1.5
850,3.1914755568795234,3.286407782178714,0.29322526395963644,0.2749898777352342,0.4774671682073255,0.4579427340607929,0.24250791846347763,0.22696274131984584,1.0200133174256045,1.008841786400223
851,1.9949430895925553,2.051598598199233,1.7926760188563071,1.8869300991974784,1.5514120079530187,1.4588653259633906,0.12437947191899973,0.12407503767782178,0.5066739026552405,0.5107293541843234
852,3.1877253989145196,3.3466107813160737,1.0884223939917805,1.106181772370765,0.8322754949416947,0.9227490931253791,0.09765301482233904,0.10343640786571258,0.48785314526246115,0.47610525724686437
853,2.18553164242302,2.425527419553428,1.1488236389320217,1.2396723981450848,0.5817065222701292,0.6492930827279393,0.2984289939272491,0.30078831944439216,1.2347687322186067,1.2463512029462478
854,3.136545122509336,3.486538950853061,0.464688048378042,0.6309396985350798,2.4051712106105203,2.2981384841550194,0.22987976529448265,0.23938500154079487,0.9792426969000332,0.9639219826528037
855,3.9403274572586993,4.0,1.8499661902104796,1.7918364866226884,1.027432600683929,0.8661916493412288,0.19227898918876676,0.19318857175097767,0.7232847776551233,0.7102847728879037
856,3.533824420850618,3.3550520267623973,1.265922478579327,1.1830113560791629,0.20030052059854453,0.20220654368086038,0.03425365435831928,0.03546990023794343,0.11935367794938209,0.12180721944223825
857,2.4777981328478784,2.2114338745160973,1.9924301672357971,1.999999541579438,1.4421584517912895,1.3791075733302038,0.3956247226210152,0.37610933245059486,1.4651052892501837,1.4761042568473226
858,1.9483644576941768,1.8257039425884394,0.5020014433798937,0.1159138700843246,2.450419764388963,2.8391719854205317,0.3604151065171941,0.3557433726997008,1.2767181790464406,1.2827601728427351
859,2.50226073455368,2.562283280238802,0.1832803524773342,0.18445951831896232,0.435947339969633,0.38545420341123215,0.40274488681126,0.40165475408231877,1.4019525821625256,1.3989747879206331
860,3.0421032780469712,3.436863352146297,1.5357992802215759,1.7495232185955099,2.2588440294533045,2.2096274591867733,0.24970724982608417,0.25232458782762035,0.7623162616224994,0.7455397950440953
861,3.7656815560705104,3.7922899521887232,1.154494500897297,0.9998689743618143,2.8797653859898666,3.0,0.17462590969586372,0.17905333335357404,0.5876182905245998,0.5771882191004668
862,2.4832498406618333,2.6833041473472115,0.6688706968879522,0.7165229857940052,0.24640542081214334,0.18730031750331788,0.2862931324353768,0.27371088770607127,0.8942447660631363,0.8832154362314566
863,3.5739826926444134,3.394578062158759,1.0608555528673844,1.0607328660871629,1.5033686612150032,1.438189201405445,0.1049689406875379,0.10747112530819183,0.43978490587534114,0.4442060851260423
864,2.5859610909735986,2.2808768951952043,1.9266209575299387,1.6745142560899904,0.833988625473087,0.863248615502312,0.24018964328391035,0.21982409378015602,1.084656879498837,1.0906570596424183
865,3.129103970864233,2.984713488094183,0.6098954253721343,0.1,1.5752052463219033,2.488721416462166,0.205201412941685,0.19538014314114518,0.9827588820926326,0.9667588737882602
866,3.228798113407194,3.076202405568927,0.19725176732418268,0.15040289642707594,1.5821876396917107,1.6074405470767992,0.03061840147324741,0.02969295677397895,0.11316347137526979,0.11266385905350572
867,1.7029610869128198,1.7000124404193062,0.5209725919390082,0.4768536048918036,1.5397872208546355,1.5840701307125,0.09679209068753422,0.09945709244402007,0.3127655534270299,0.3145281719742837
868,2.884885956798979,3.1074506426596016,0.5317487303233682,0.5907721180249005,0.5609513099628763,0.6073370007088185,0.19355585877670312,0.18337153463616737,0.8143457176687809,0.8375402675632027
869,3.1220146120325323,3.4762350532546384,0.39905424449013926,0.4222599399785406,1.4322184152531996,1.5377600917807361,0.22250635024654428,0.2242554952364429,0.8092949322073729,0.7923513504708128
870,3.4066797471465016,3.6765426424900998,1.9131945908176506,1.777390953340567,2.652772849672083,2.941326226798107,0.4177623748927802,0.39265812067687034,1.2634818671264634,1.2514818816906705
871,3.8084182288172377,4.0,0.42956566203448676,0.538772721370558,1.8643622863887706,1.737773289004542,0.40616952759227976,0.41058976900300304,1.3540670808497275,1.369067079650551
872,1.6847641026664086,1.6457449669638828,1.2250517998967365,1.182344859057578,0.4337559402077482,0.45924674063675125,0.24095161730568382,0.24164373392728838,0.9515793541738842,0.9555954878415691
873,3.419800431519074,3.5671737567238684,1.4095764694739292,1.2480776081078875,1.9401427995723417,2.052874570878918,0.22689445960304924,0.22116398185448177,0.7762620089237174,0.7507869721289582
874,3.8430042544731884,3.2558346675976484,0.8353047597903935,0.48647244342617385,2.589648775343176,3.0,0.2002139415741405,0.20856500394332628,0.9429285899632329,0.966372595299673
875,3.0337717265805204,2.760854372875926,1.7234179271725887,1.6138059684768367,0.20781221240905412,0.263418523198084,0.185903710208122,0.18988183455927507,0.9216436155014239,0.9332023680647114
876,2.749673950014124,2.680352541552797,0.8273469193370613,0.8760226247751306,1.375486138501194,1.4091873773876111,0.12635318452307406,0.11965453634387009,0.4271123852945341,0.43605600954307194
877,1.9546966469961924,2.073880492290711,0.9934595799452356,0.8811656327438655,2.5253295456444738,2.8867201805268783,0.05604842808558563,0.05713772100741774,0.1793815780712999,0.17563914647800333
878,2.9547638694181058,3.25877543177931,1.38184080851028,1.4593460415007136,1.0630410654308582,1.0472721763733426,0.18452799092106575,0.18889517467497274,0.572313032716287,0.5788107818123603
879,2.9453231258014037,2.811355646306352,1.2974160412619646,1.2353795510526404,2.429361737057298,2.3270681282727117,0.09184511295407587,0.0832937721670732,0.38707882623083006,0.390598881142317
880,3.9522462261208005,4.0,0.12551114095479177,0.11130835890551423,0.6896603748050151,0.7459066262259988,0.2932999434705893,0.31264443627833577,1.3863389676811615,1.3823845931385244
881,3.660139409494655,3.7187155871393562,1.4901760530268329,1.3138528232105204,2.771656112372153,3.0,0.03923082311048571,0.040803307241936114,0.15240774518952172,0.15365432281697874
882,3.294047502958709,3.0027259776480437,0.8478697923547756,0.5855470555350959,2.5428658543567084,3.0,0.2778950328975798,0.2858271834614517,1.3175012726594166,1.3314130936038635
883,1.7872087913408359,1.9686989478269739,1.39136365282098,1.3058314867804393,2.391873254455767,2.6201975581295107,0.1958880289491589,0.1952474702027995,0.5960117613677738,0.5889737280535902
884,3.37116084160079,3.003778854168712,0.9468459608325746,0.7166771740937508,2.9788417213426,3.0,0.11570615910528231,0.10587211467468773,0.41871778576305707,0.41839825952815785
885,3.3108868268027036,3.200468433639684,1.3512771229032563,1.1505339984840073,1.8018229815811408,1.900557319310807,0.10924740894948756,0.10766196023731248,0.465905705394193,0.45625359394819515
886,3.184601413901439,3.2327148272501973,0.7628794470697572,0.9316656305397206,2.6819879028575997,2.43619110455198,0.051849688514392644,0.05250650338779217,0.16964258776663355,0.17062436979866002
887,2.3418353156069784,2.341820482895359,0.27686659040156686,0.12458308770194458,1.644806422434878,1.9610507563618227,0.0351981551955899,0.0371305884104653,0.12740482917397405,0.1287602025656932
888,2.4074397270688466,2.66824660791766,1.4114563078825222,1.44569499767039,0.6284147823835956,0.5276648885942896,0.3199415184461513,0.3200420032563845,1.083745145677236,1.06774306882655
889,3.177347016885898,2.897484616090679,0.6307119027468642,0.35023927546267564,1.816135413389031,2.0420803911981693,0.2315691403538454,0.23850085220642456,0.8359480737095681,0.8404391512200858
890,1.7103022381688207,1.805827294112421,1.110558000967969,1.1352303336906941,0.9392093470112528,1.0971012935480164,0.0372633567914089,0.03608605364939066,0.1767979142414966,0.1828973401999829
891,3.185197031026351,3.121701927835523,1.7256863072559152,1.3956417426709293,2.6251211195962636,3.0,0.252258667543805,0.248952775941265,1.100157370340104,1.1011573668201504
892,3.677065191699471,3.7297185023197237,1.8071532555581937,2.0,2.544191084417197,2.346382826514063,0.40258283817526186,0.3770717459081177,1.4845894263839166,1.5
893,2.3603391958934603,2.2794823361312635,1.9723746974297287,2.0,2.120101463741225,2.1049279052934353,0.2826057502364911,0.30769586565739726,1.402587705011986,1.408160448738762
894,1.686949575104963,1.9095147343735341,0.4488175948594295,0.49380257302600533,1.424616121516927,1.5373562748936693,0.08427897934886386,0.07674131464210987,0.4193744446731008,0.40850035125284107
895,1.6062452995998422,1.7524444605908278,0.6821513594123954,0.945982829974036,2.3424318846905647,2.324899196675728,0.09626326405182734,0.09732779449123552,0.4512126318027779,0.44379823197491486
896,2.8493021336728535,3.331341466049216,1.822603954959347,1.999998600794456,2.774978354461289,2.9372923842842757,0.30333708807060417,0.27165556750895,0.9838565940472712,0.9788565582486144
897,2.679532535252572,2.768791962285208,0.2803241133648349,0.2680891374494132,0.5161812563818102,0.5192010510555427,0.025660524852271157,0.02491715119435039,0.1212743546363943,0.11964573446539561
898,2.4648480604189564,2.441887361904287,0.4908642967277148,0.49439506695432395,1.9876605440179023,1.8963292105088818,0.16640196639129481,0.1694934721770551,0.6847670143282378,0.6863072769823718
899,2.739438632386763,3.186484018245421,1.0765085181741272,1.1354065337680639,0.7915928213651299,1.0296222619864548,0.043914442004091676,0.03911017192310903,0.15259069052652147,0.14949714605521142
900,1.771184671658572,1.5486055209587457,0.7917276072453701,0.49138339517799445,2.254402851550343,2.4048435525287726,0.11337857815819963,0.11236773488607368,0.4133232479163129,0.4256548156441197
901,3.0945823379851665,2.8246249308082225,0.4773575490649342,0.1,2.3877961641440573,2.8927291925407683,0.242706079900346,0.25700644857801597,1.0229367053013427,1.0309367509932212
902,3.427467579098079,3.40475571619612,0.84882863387693,0.8483645004019871,0.2995914212561154,0.2616902248341482,0.2333734473670517,0.2372466106718297,0.8763045401454916,0.8873381540465798
903,2.819575056117758,2.9834778984484447,0.3361574880819289,0.3520219496192551,0.38472413768167935,0.35475517454435074,0.14756193041462623,0.1438075490073832,0.49423908159718505,0.4888513747294998
904,3.7538096492014024,3.4251291763851643,0.8301074682295537,0.6814758080002505,2.0222338274381997,2.1721876725322042,0.1511005305826324,0.14928537223769894,0.5021401641556429,0.5123210740173899
905,3.2575401991210167,3.203643450982249,0.2524985998237729,0.28680234256338194,2.145438335221905,1.954029964689729,0.26891866119459623,0.2554284978170157,1.1448608303448842,1.1373803666598072
906,3.946040638212886,4.0,1.801824741287707,1.7474598166612556,0.02662390494063971,0.03208846552235127,0.2817038084448623,0.27593179608340856,1.143096669809565,1.1369472972150834
907,3.1916457554721123,3.370865544224519,0.7792558182673545,0.7949448826661438,1.2701867137068588,1.2324230990185578,0.353039412996215,0.35531510086801454,1.2322937660014472,1.2318417373357893
908,2.2519993846961053,2.2953581528621396,0.5804404887606395,0.6057292474662381,0.5460040539413251,0.5270229911696434,0.40001946535135385,0.38229134535390313,1.4477816370338439,1.4530896835551868
909,3.6971586806374006,3.5850437621377624,1.90417667588345,1.9993738769438274,2.3952745533258977,2.2159292832227226,0.21635865435224813,0.2184823061094727,0.8563312240844765,0.8712688508545048
910,3.1009510444226027,3.0934762829091698,0.4520460772871592,0.426724891614486,1.296585984740678,1.3564178525606732,0.1782537992371139,0.19671612262975788,0.7583074621920869,0.7499460179322965
911,2.4879660071715657,2.0583358421514686,0.4419006034141597,0.3820849264435346,0.5237440907486917,0.4714246744584417,0.3855461329150801,0.4357088313717078,1.3954674617600307,1.465553494167178
912,3.050250045213849,3.0879250706938732,1.1661038704328963,1.2040064088272309,1.1967383981763464,1.1783051535345535,0.30923909101628255,0.30295513053946443,1.2016128713839322,1.2076172200318263
913,1.7379757865756056,1.8085387544142852,1.758003789474636,1.8931279992032204,1.2912808099342725,1.4704895101560698,0.27122035347426554,0.28030525066927947,1.247080127517521,1.2630801204781794
914,3.099437846998734,3.0695227378477252,0.552122801533644,0.5646986658574507,2.415095202533637,2.3377399183656697,0.13576611879480896,0.13458070900665198,0.5484793319694159,0.5528653044671972
915,3.608064930231232,3.9986659743068413,1.3715856212073763,1.4356984344657637,1.8068768618550635,1.9863010362250753,0.2416811007989386,0.24663045546829263,1.198055965784436,1.2025740798232247
916,2.848695403333224,2.928783322373855,1.04742139767946,1.0405003962316672,0.25332489528300983,0.27009120263681236,0.014873917335171644,0.01420269689253239,0.059311064085144416,0.05893958827575273
917,1.7820339116625614,1.976048268039733,1.7376925965453611,2.0,2.810536494622105,2.8135196805725964,0.06703569121195896,0.06858333467670244,0.23305771484424193,0.23293701219382215
918,2.937683777567555,2.814591295488282,1.8116254620183831,1.8881499760511946,1.9001125868257005,1.7544387378175186,0.34951630301132997,0.33773305180122226,1.135721376414772,1.1437213181904968
919,2.215234029655892,2.9789507360022975,0.5251794461188598,0.9801373809377731,2.197961779748456,2.015367888448777,0.4372968500871182,0.4359267152314328,1.444160660572052,1.3961602425795543
920,2.990472809680635,3.0579310317195962,1.9186864835567883,1.876603626382093,0.8967172049133199,0.9413457383689756,0.3453013958625694,0.38166313569781907,1.441866904322587,1.432962858646385
921,3.2363693750741582,3.6404408374082995,0.8586883732542849,0.9346587097919345,0.1549704290660917,0.08213411222901215,0.3733082025046361,0.3807952694764943,1.385279789616788,1.363219167292233
922,2.262240238799828,2.2417724173302243,1.9500269487080975,1.6951704010233835,1.217280697837484,1.3325362448271094,0.290166509200852,0.31128672822470277,1.1165001483726493,1.1145016879066247
923,3.5164767327102706,4.0,0.8645954183125779,1.0090328861624258,1.6247205021151596,1.576749737689923,0.11315193347351478,0.113142230565578,0.4971364952482558,0.4954209833778487
924,2.482676446629147,2.5212904551259205,1.9448648760754816,1.9164768324486152,2.325675471298993,2.3384295778545887,0.1589223716711016,0.16558332620680388,0.7787099571907475,0.7772558575457463
925,3.308226665940233,2.9848831892260264,0.6183929650590982,0.562103372075001,0.10706433440225172,0.01769826049356239,0.020215775567831183,0.02053744624834509,0.0778146266882675,0.07549084711973884
926,1.6460540112700053,1.554471082261577,0.919723486559356,0.8112981916470573,2.0346037920094564,2.1243881791487773,0.2595088728338486,0.2557019388024206,1.2478018484732276,1.2518018464346812
927,3.309626824606329,3.2990960573878323,0.5288736678943126,0.4828889533086078,2.26042677240468,2.1705244057482473,0.2968192865607535,0.2874536188911422,1.2861894114087622,1.2849744786398123
928,3.904575559046042,3.9910897854305873,0.8245993286641476,0.8333749557115752,0.20654636015600203,0.14694296982526586,0.022984398716483636,0.02252529223064714,0.07656740283641947,0.07473963531747543
929,3.5616939587598866,3.318716304577829,0.3809099521612931,0.325353526483882,2.06242066186333,2.0180209995767258,0.10973707804096226,0.1071586844123352,0.4503076347210278,0.454128742151676
930,3.920053729342366,3.986349797752434,0.3743677082066591,0.36392564038401654,0.9253311873435327,0.9183629670156324,0.06659138746474758,0.07019516072619439,0.20092581445319746,0.19909302980474564
931,3.510258595195083,3.3202609177837883,1.5665490139191804,1.473865349702143,0.17841083416001646,0.23649069251556096,0.13850627331875592,0.13635157149931368,0.4871964519944799,0.4827901445836029
932,2.2837994250845663,2.408241180978766,1.382874139760973,1.4331384939588725,0.4566647640047714,0.5022918591807256,0.06579084180368067,0.0648898041977179,0.2434112503789701,0.24222177223755434
933,3.0513951180813965,2.773098495734397,1.8483243715816382,1.7048906477090247,0.4333834881018851,0.33529757235486474,0.16729060182037575,0.17413704157907486,0.581047861919966,0.5937193296225436
934,3.9815459618009648,4.0,1.0294567750563106,1.1608036745158734,2.449629470539761,2.317101099183224,0.21683082168450218,0.21074239600144637,0.9256583841716401,0.9488409182124696
935,2.746316244494537,2.8859361800732435,1.9529926817295142,2.0,0.8407111806391492,0.7942718085057391,0.09858159189106419,0.09078909107614319,0.3191235939742034,0.3247398494213307
936,2.1549827700667605,2.1224657230966244,1.9709079073209077,1.9347191347324095,0.14023246317256266,0.000204423877482461,0.08199667910305118,0.08044609840325773,0.4071923887571338,0.4033149591467597
937,1.7122025413864839,1.7520635902629307,1.4417908100673427,1.5605792142274382,1.2625438836349039,1.2012176692409644,0.061164007667852904,0.05876641371044235,0.300856505118549,0.3064321105396715
938,3.8835618461935018,4.0,1.7954451904428272,1.707070155855857,2.186029541863246,2.377095311526419,0.44830927340751625,0.41719584976653223,1.3698083003915282,1.3688082945737996
939,2.2826363155668385,1.6913529570766483,1.5252603676888763,1.1835650099464128,1.4407923166196885,1.4341631074801713,0.4243462989257364,0.41115057578989533,1.2861826206590576,1.346185025796003
940,3.2945474142523183,3.38143429477214,0.3454350144556737,0.573632824586735,2.591360433824984,2.1497540601445455,0.22132710859308807,0.21320920004296012,0.7690104695772804,0.7630123428979821
941,2.6269622537246238,2.9168467113703542,1.1131507826321356,1.391878554203071,2.334562570260299,2.2689948653799026,0.14685608037377912,0.15584633827244262,0.5194188317279191,0.5199450869483407
942,2.4180762940506306,2.519578972989736,1.4213952766981437,1.4907404045831227,1.688584680661554,1.6095016288678945,0.1523133949096947,0.15314658852447519,0.5767962160253824,0.5827962573618473
943,2.712744294257721,2.7878071280425623,0.12525465945893827,0.1,1.1179874596350987,1.1465705507722572,0.058080735392124785,0.057232320012570975,0.20615161530032894,0.20294181778621506
944,2.1933525527158375,2.2118845572879553,1.0683312729223682,1.098064617900787,2.2250640945204365,2.0935047314515702,0.40862015596799417,0.4239304547254065,1.4046993669827887,1.4174799225792465
945,2.99689611840618,3.316989809903467,0.6229857777659007,0.6853709328098899,0.8264981942071826,0.6901416825608075,0.012441636486547107,0.01302517500856357,0.05523475623220446,0.055587233233594234
946,2.495995032965779,2.5434989172872142,0.273149208787264,0.26215975150496973,0.41493636219712327,0.5038352699681048,0.3592797400287107,0.3666033231172737,1.3058508432090106,1.3083188975853912
947,2.638389727511659,2.547619548533542,1.9609678280266996,1.8299609621885253,0.19042511982245447,0.3056301093106184,0.2672269284004949,0.28205945764993234,0.9264422984232645,0.912075611320613
948,2.567184135748189,2.1701286128207795,0.5751287893826206,0.12582833656621242,1.7898488903965406,2.176815430936653,0.17755277434719766,0.18368871307243856,0.7895475297838556,0.8011267309319795
949,3.04903466217145,3.6791908303213052,1.5062363761873627,1.861648173084613,2.631694516940202,2.6207716615006262,0.32703843330505283,0.30734231837204984,1.4806964042612103,1.4793830646286064
950,1.9160678047167101,1.9691601074800287,1.954380300827461,1.8480006439610095,0.699721381419733,0.6385843857633335,0.22625219070752173,0.2214289640688558,1.108230616348778,1.0972297506478523
951,2.7408630867245107,3.0270285242987724,1.1586922652582734,1.1817323817329133,0.881959573569403,1.0198086234135775,0.2506142762483674,0.23933574510185318,1.0891111283333603,1.0673894831658695
952,1.6566135142761613,1.812519944068128,0.4616368850251813,0.5241170234354416,1.5345086682120601,1.4932753494829705,0.2348859584942563,0.24074452764096987,1.0720070521688212,1.058256912780535
953,3.412301957863602,3.184876807452267,1.7010796037530922,1.4542447644969998,1.3332283592890888,1.4299602489681194,0.3319772738177589,0.34348795875102023,1.4769611172111585,1.463961112926424
954,2.802499472040033,3.102567398197521,0.715815972438869,0.7941067954089005,0.9134325293996463,1.0175062860570883,0.03708218764625239,0.036542769164078795,0.11746206236583812,0.11656248510438252
955,3.47759676249128,3.480718225326256,0.8704623842307045,0.8664525492016737,0.37966384225744876,0.40066871625378314,0.2416114150046677,0.24439494016313443,1.0618936494622089,1.0751744869514697
956,1.5287064830780959,1.5,1.7969206734936969,1.735501846735859,1.9438966554663624,2.0222588912818686,0.19976980301483738,0.1833627069786864,0.947233456349082,0.9632181999445146
957,2.9628284842762773,3.0627539794979857,0.15544579783583004,0.1,2.667766230815931,2.839994179544572,0.20880350065819092,0.20163554552136084,0.8073401700978012,0.7993399536298769
958,2.6193022678322873,2.6236412973386622,0.7142595459643802,0.714823811068645,0.5100769251668239,0.4255457763730897,0.2834497570412851,0.2817954202959467,1.3324878200482684,1.3433858231824605
959,3.0469002700993912,2.836643720336718,0.4577617904536385,0.310502921894091,2.424916481542565,2.4593815255344267,0.03785934945582562,0.04035597463976202,0.14050323787665697,0.13824013051496573
960,3.7700637320096955,4.0,0.2998543323604267,0.25303681209697854,2.676813565753903,3.0,0.2905981968733888,0.2744241332973929,1.3667157117137168,1.3541685812842925
961,3.7105290296169433,3.9208644202161236,0.8434987253160905,0.8731135169166445,1.8331431496147959,1.785688880834484,0.4588070130579324,0.47496722313773354,1.3952584398925023,1.367258483904739
962,2.7578602911360792,2.7080816902755798,0.8057128402017774,0.9343401858937392,2.2734890696649583,2.0881588893232914,0.12903053971014355,0.12119489445544164,0.39093683539896984,0.3889368683080039
963,3.0216840165010095,2.6535064671749833,1.7709738315807257,1.6553430780563303,1.2309011256299736,1.23774203366336,0.3038794958463216,0.2896570488181116,1.2779542525840102,1.2929529135505096
964,2.692306710367898,2.9285706668080804,0.6705489376103131,0.8376939577879675,2.2255044305105156,1.9898624902636495,0.21645017885479895,0.22664575921647181,0.676149608485153,0.6589417972896784
965,2.3344566055480596,2.2974533665355867,0.5729076971748597,0.5336968645868281,1.8353861070405622,2.008847347087482,0.4134926346032112,0.4486472399779368,1.4573556604138038,1.4878801152540626
966,3.9353429472782215,4.0,0.4409293526902325,0.43150906747055695,2.5327316061210583,2.575293077207432,0.0886890155907455,0.09162447104881409,0.3465264244633899,0.3436676372924924
967,3.6513823081481904,3.429444380702998,1.7974641284831123,1.7201655489317318,0.3416960362716388,0.3409014662420165,0.10963742562509993,0.11243716730170457,0.529275283834931,0.5402745061926667
968,3.861673695549121,3.6812377329023755,1.2538035502524765,1.1084904117761198,2.185925953449909,2.157119034214312,0.05583511531028946,0.04962429994080153,0.22833630029257773,0.22834621560724894
969,3.00268103679827,3.0722615120746446,0.1143588304310391,0.11773537849073744,0.13729520283695273,0.13341247394684677,0.21941642750667112,0.19957290064234973,0.8242587179207702,0.822021983723747
970,3.3782997472530054,3.4538819437815733,0.4750291115345797,0.475116631110077,0.7219432397601135,0.6504884970524273,0.47244515368053897,0.4865469409955753,1.4385957384577295,1.368065108302804
971,3.3214772590126658,3.642470356124921,1.9598131709267792,2.0,2.193917183274388,2.242559930965172,0.08236482522558206,0.07666375266195546,0.26191599475654775,0.2583194612935735
972,3.2263532864311517,3.29858122765741,1.6900314834371692,1.7420740857125105,1.9235608569349836,1.828337246747337,0.2381466785416336,0.22721504582947433,0.8234896600044088,0.8284919334343834
973,1.682033810636497,1.5615302376062394,0.6879324545183023,0.5234697460678831,1.9133210188802892,2.0106176656013277,0.16514867384672163,0.17082977781933442,0.6743978544441229,0.6652119002809863
974,3.40075232537862,3.3824393047916796,1.4367162006101357,1.3651468954861101,0.02178795077606699,0.09613130571037731,0.08662628712218079,0.08946746692005542,0.3760837206241239,0.3894700224823126
975,2.5966455210221384,2.6670206859430428,1.0143795767786408,0.993819861274773,1.181244080056394,1.3279198300930295,0.08412836582099564,0.08588032627530809,0.41094140711546157,0.4075878492998923
976,1.9827309782561808,1.8760949814754606,1.792331832621242,1.7691924928628513,1.456986160587572,1.4946494735506337,0.3005467896420486,0.29086056846091074,1.2564677690179222,1.2584679673940247
977,2.218144080274221,2.583638534801527,1.7831757381948738,2.0,1.4978376492574585,1.4499148695853226,0.08937451505362388,0.07753377827387069,0.38686177767208635,0.38697950312820006
978,1.6401138762078948,1.7628113109847885,0.18754453552710826,0.22871657794886946,2.738124572700407,2.8135921758509603,0.10087942358049476,0.10188706982665835,0.31957479288488466,0.31757479153232293
979,3.1517924450003494,3.349396844378806,1.1935790385686194,1.3180528983461424,2.3808788264093854,2.169442892795006,0.13842010583647874,0.13776740316601965,0.5738880108841805,0.5538881124995161
980,2.4849462634621053,2.4631476642328227,1.4870590351222244,1.3676725244996994,0.06608751344636399,0.0,0.18570349941646352,0.18330246463864364,0.7915093366433241,0.774690953325908
981,3.4106571685057463,3.5479264631139538,1.9873222000521094,1.8998242939225407,1.3828392390192328,1.4390893217518046,0.32578376097586426,0.31296167075020215,1.0418345445922974,1.0338344256736516
982,1.6555558288207952,1.578920298075786,1.8513327323647364,1.801820223423158,0.5779046970938329,0.5533995107638773,0.21319353870456756,0.21192761504192476,0.7679705425013633,0.7709677826322376
983,2.041487689576877,2.283078630315928,1.659047512460016,1.7798311530928572,2.0403951230794277,2.0186756924526956,0.3808747326613666,0.3576683015507,1.4079262668405228,1.3975320225364058
984,1.7245631477658185,1.7502757690889457,1.0862587309229397,1.0811623770417527,0.829733027591398,0.6928685304601446,0.21619616029123698,0.22937991827592555,1.0733323294070998,1.0729144526244618
985,3.0595811763189324,2.988085574807601,1.0489894528678736,1.0505923879161854,1.872952843702373,1.7941324511762395,0.31404474343953426,0.3124983050614155,1.2197946799589006,1.2317945984695347
986,2.1711062393585756,2.3996425173794753,1.6207514203650406,1.7790075280798843,2.9167280648812604,2.999996921067642,0.2360892806374807,0.21353266847497648,0.9217151493603517,0.92771526235025
987,3.3601746171160216,3.2840466548422826,0.7708077886139153,0.7584554613596707,0.40687922434799473,0.32999444375663434,0.3033401948328479,0.2913863567506214,1.0531843401452363,1.0719480456815669
988,3.5450010779353414,3.325252295985691,1.4982826724496086,1.3845155603180024,1.9576603285302703,2.043064742828197,0.1969786073586576,0.2160825181314429,0.9403442476216713,0.947959438913095
989,2.7948624498780283,2.8545948485359105,1.2996558220983503,1.2956507516575837,1.3551708034411707,1.3211468309676535,0.03676566710808973,0.034919203673914115,0.15927742405518677,0.15669919722781442
990,2.916178750617329,3.0975064571310735,1.6246595057313524,1.9184889195858554,2.7105890823842196,2.521957028864524,0.17218403012312927,0.18269048969242277,0.8568308961305574,0.8498303884660129
991,3.145880185157646,3.21684110763728,0.17393921416268762,0.16322425736137725,0.7840897915345063,0.7832395197362704,0.14673042050065677,0.14409038203942895,0.6275719906969246,0.6269246736007552
992,1.60149481364904,1.6378600376200745,1.578628578783161,1.5972971120423445,0.6438972294071772,0.5594436793860067,0.08072500282890173,0.08489099420467049,0.26136368560581646,0.26625287008426096
993,3.546053093812081,3.737276722160953,1.0529355985921793,1.1185915555953232,1.7248522796862176,1.8216596891950536,0.31681515197661236,0.29978187258162614,1.324267539042117,1.351395653040444
994,3.733983271069552,4.0,1.535039863691303,1.5257014559494448,1.124765712542926,1.1217129557443581,0.21255722931935248,0.2101309074170074,0.8676450327893772,0.8606568640364352
995,2.5957546513676863,2.485016883491984,1.276295187099142,1.2227650363251497,0.05307758082287606,0.11380700646109179,0.06387015272080969,0.06320010963900372,0.23967456463370684,0.24448568980654958
996,2.5796227107721226,2.4850463866510237,0.3567085888816627,0.24454366608879866,2.87630644217706,3.0,0.27781216668042485,0.2859068149828054,1.3848730069163728,1.3910023328364176
997,3.3249562573654767,3.326458327981097,1.8068643652924046,1.7777978472578733,1.4544344285677624,1.3908066465049118,0.09811257852169879,0.09953117773876549,0.36025618853562447,0.36325641632248573
998,1.9554579207284082,2.243290048591528,1.1505283860310573,1.272681067455259,0.9706972869416234,0.8958287295206864,0.4540909019841386,0.4238971323345555,1.4486895847186605,1.4352288015558412
999,2.144174730093378,2.188799373025615,0.7002969305876848,0.43761031633554104,2.6046792923087994,3.0,0.26810688550707856,0.26043969517074494,1.285428868515228,1.2665398130392789
