,a_true,a_estimate,lambda_true,lambda_estimate,delta_true,delta_estimate,sigma_true,sigma_estimate,ndt_true,ndt_estimate
0,3.9605302353315768,3.9356401744204774,1.9353963297399244,1.6825824987128373,2.6946282283955907,2.999996242224811,0.3884000250284575,0.3796080851705713,1.325488530377865,1.3464883795080431
1,2.9399943884021744,3.144076346027525,1.6459317853736886,1.352626286074046,2.73929995739513,3.0,0.3302736867674188,0.3479969685223339,1.09276187144688,1.070478924278346
2,2.5379182559663382,2.891723115499078,0.4151911246619792,0.5235967002155885,0.7318600036856092,0.643748607342739,0.2363476701836989,0.2335709702887221,1.1096821612429153,1.139474567763967
3,2.7717707292483937,2.796773451823023,0.3690733594196795,0.3996922078684213,0.5015823472695763,0.57456395357663,0.1867204200185633,0.1883230720543878,0.6186956551025399,0.6319228571909937
4,2.2079866717004175,1.8900904897365565,1.2525503283834307,0.7740141991954126,2.8431404998946537,3.0,0.284823319482577,0.289710245147557,1.402202085041618,1.4004940778163264
5,2.984175736591489,3.1948041457460663,0.7902224894097092,0.8703413770182522,0.4703023796128652,0.3230920918106633,0.4088609816414296,0.3797635364772879,1.268337747708622,1.264060731093691
6,3.9539298759502066,3.965303961380748,0.6974609476799094,0.6576797749044577,0.0317633635189918,0.0681009256931768,0.3486562614436738,0.3474882023862327,1.146323776650962,1.1316523299203525
7,3.5506308265802495,3.808960024678571,0.6111276205838835,0.5713554249554833,1.401567185541256,1.684373662975301,0.1893877232146414,0.1899928589546584,0.7108579249345013,0.7150433152291125
8,2.98736111139265,3.086511235678482,0.3288210001604547,0.6444881758847891,2.719696457993354,2.280032840266444,0.0938423825215544,0.0977477332391696,0.3798833825670362,0.3835851069749353
9,2.317327058813052,3.384743891646748,1.276269391059934,1.5060767786073894,0.7803921352202549,0.7093029457130435,0.4079566950988614,0.3934041396027393,1.3808546871312417,1.3028525461454707
10,3.0272966021060386,3.6413219368718424,0.2964206158103838,0.3552116767590609,2.8526384338855846,3.0,0.4870229102080843,0.4852116038191743,1.4853816413714085,1.421365443557759
11,2.0935210010638965,2.269746939970667,1.7291227456438143,1.949974897311705,2.4458000495345127,2.4945211476684985,0.4402894459764766,0.4600276657005114,1.4452664338885304,1.4642664451607716
12,2.847501926452362,2.629684952429331,1.0969003482355066,0.9674564074271896,0.8635792332227703,0.8710766288928449,0.2476244006797145,0.2455865421980123,0.988900854156828,0.9879008476247606
13,2.2947602297636283,2.035644734440726,0.8878615500731416,0.7968130435948279,2.488048148531459,2.570240127183488,0.2987910090122014,0.3173603706558522,1.1566728242733753,1.169672815858523
14,3.1547425720403757,3.2281737145495835,1.3546729858236934,1.4190341062432787,0.045426457809736,0.0036197468221279,0.028765401414934,0.0318837415362758,0.1088854304510464,0.1077148616410832
15,3.66951576978558,3.880504074486548,0.6477518980600296,0.6062869379903294,2.353453529797131,2.5042148043890435,0.1326465405866447,0.1325411580122061,0.6431755681292948,0.6413208319135786
16,1.5028533602016734,1.696686049001611,0.2198897052004432,0.2172558997911073,0.8462340664069311,1.1127473410035331,0.1389433290679664,0.1371241732197885,0.4802828097584641,0.4976187526391644
17,2.942273413350093,2.5333686178942036,0.8842509636804121,0.8215204232029522,1.2098054657738009,0.9889959848661688,0.1320057009732791,0.1211462509466253,0.4624497986679072,0.4938819073205948
18,2.6580311419088893,2.372430283231204,0.2048166019034036,0.1,1.7997595351400275,1.692051335051407,0.1465467028162692,0.1484946390176277,0.6232391591225638,0.6248294541191023
19,2.707015983412264,2.997927095963261,0.3458450109578522,0.2641565974495291,1.3820916357308255,1.7158395213790798,0.3639831436602005,0.3472203981122513,1.1405522419665557,1.1055521302426776
20,2.452964228217043,3.025385879895868,0.5082530858721829,0.8157555452125336,1.5911479286295778,1.4696320234806266,0.3179414602017885,0.3120438727423997,1.30099396117357,1.2823981165217804
21,2.188144028626384,2.1947086656937858,1.754245653611429,1.7391464749734162,1.681420926899013,1.6145569249624143,0.1795754307571696,0.1881195954801898,0.6722284856331809,0.6583865685432776
22,2.0787836088716967,1.804721527388471,1.1498169670304583,0.9823266690184448,2.8170144764743443,2.999888133278973,0.2103081330014383,0.2181112980519901,0.8965805680394924,0.9215805591342888
23,3.9491717130225026,3.2097715170297714,1.3225962344637705,0.6934877484247448,2.3273776892528675,3.0,0.4176948591727821,0.4173958754270298,1.391846023676628,1.4422748022654426
24,1.504692450789538,1.6071054050548856,1.4501928819316678,0.9131095714459048,2.5219097541587794,2.9999991544847515,0.2771348115965724,0.2526763939542537,0.9612675393753392,0.959267580096976
25,3.872188229511488,3.6789019851527223,0.803981111208222,0.5301410138265369,1.929661325505954,2.1133131604565305,0.1383980641391818,0.1396935433865916,0.4936389592717665,0.4827870567136714
26,2.921267462683538,4.0,1.8154087092908229,1.817478587252897,2.481705480598167,3.0,0.1988855436941344,0.1698209307275658,0.994199891620842,0.9631999019299128
27,3.1669383719853457,3.539539315780706,0.9794594347800876,0.9511991315985666,2.8792571156285023,3.0,0.3910795118704392,0.3449803391687577,1.3733461640642513,1.3353461463243963
28,3.3026272675813892,2.6584042334240694,1.5338310346712805,1.2334667406899424,1.379434398777415,1.3142182113110146,0.1004468816213806,0.0921507529163751,0.3592981720809609,0.3729103853283636
29,3.3627264364295213,3.92733485799602,1.042001567437353,1.222188740459195,1.5455749515327,1.4296055089639417,0.0217787913733892,0.0234775147475151,0.0912572381837863,0.0904832160433128
30,3.9121994833764697,4.0,1.5065995382881454,1.3918354378677658,0.9938566646628676,0.980755408300582,0.3113795125284116,0.3303918216082274,1.182870772069725,1.159870096394426
31,2.677084878642387,3.7284844439088776,0.6658994673357757,1.231534035167203,2.7221023846347334,2.304920097599881,0.2421987843973303,0.2207153382930922,0.9288051152565654,0.8820747442649415
32,1.9432182756278615,1.7581411908764135,1.347060895805371,1.054271789814167,0.7025273106157904,0.8249690329881602,0.3805583373197513,0.4013293124986252,1.2064888960224989,1.1956634203321657
33,3.182604701715518,3.073503586113445,0.5029489111772238,0.1679326132830569,2.4317649146490457,3.0,0.101613965968872,0.101739099164152,0.4431425024870769,0.4425983019572845
34,1.5664795135451066,1.8594477872381736,1.9894682819137908,2.0,2.978184001937773,2.7985253120117606,0.2396997136985101,0.2498537672691725,0.8019645219802872,0.7812775251549577
35,3.2945286569705785,3.4167060736387325,1.766221873687519,1.7503745118281675,0.3156047428937872,0.4050360706771879,0.1878362770616468,0.1991393461182604,0.7651052763823594,0.7703735356797299
36,3.615930034967197,3.6738973741082126,0.3471004086709567,0.3314980340386881,0.3135201741844214,0.4636981109580466,0.2787263177690035,0.2853151835475202,0.8823075907124487,0.908724656555637
37,1.7027586423828007,2.0617312019305305,0.4459676538893907,0.597402665494648,1.220169768060392,1.2930632252222527,0.2366726452919572,0.2505206443499784,1.1567542522944396,1.1452899549335305
38,3.9718902391097073,4.0,0.9969311080463804,1.0280177424143215,0.8911655462137058,0.9213424015944786,0.3716702867651061,0.4329110808804846,1.3431085535992608,1.374461105154093
39,1.6051982306889525,1.826341787039796,0.1056219076398935,0.1386052837243196,0.2815318194710646,0.3673277521505819,0.3305999207276165,0.2922990114414463,1.2870404074608182,1.2583883144645922
40,3.849532145918183,3.30678673298335,1.542400195579866,1.4211683087607214,1.333738832874224,1.1910862032910423,0.0748836343105638,0.076373691946113,0.3377566632764346,0.3420238515807868
41,3.216708618835262,3.0601737568156646,0.4369237849069715,0.2766268850117144,2.670532742402308,2.9300689946437233,0.2027946651965661,0.1990140120293556,0.826876078925053,0.8442157787391205
42,3.3711572616076775,3.828955683045516,0.908632722010593,1.002157958027357,0.0010175834311163,0.0,0.2536071275824247,0.2213025878335595,0.8486140897510887,0.8372652511372127
43,3.720403807984544,3.471690035918229,0.1808424132079296,0.1699747525578953,0.7891095730062617,0.8086252892491793,0.1632206294318748,0.168728045929833,0.5199867221206095,0.5328860422729961
44,2.662650912047656,2.792537532912196,1.1570356066801817,1.3027084077080178,2.4750459438472965,2.0048804156759945,0.4002688043608057,0.3603272375353162,1.4201408003524485,1.3751407981823502
45,2.6100650398797773,2.5107526779895992,1.2644929430521887,1.1972319402023148,1.5457318050709845,1.6259388791969973,0.215714988594963,0.2254770777060968,0.7330407430938863,0.7540407372725059
46,3.989480117869408,4.0,0.4354066342267046,0.4546750778104794,2.9481011842013785,3.0,0.2088430718410667,0.2110443974138787,0.8970356200577223,0.9074391126463754
47,3.240482624080939,2.866790831323756,1.435915416277103,1.3965523697269258,0.6109714709728696,0.5916895865521521,0.1999631393834176,0.2041959576025765,0.6621385928853595,0.6869943305835737
48,2.960378200383414,2.951028102235552,1.2022867709177865,1.206447545714026,0.1723556608385016,0.3252251130864342,0.3136765616130775,0.3189841212443699,1.0263379308788096,1.0549238657419802
49,2.5596018705217913,2.593252470430063,0.3001644660964346,0.5230416510590581,2.719356224727095,2.2635460111155794,0.3968761632220196,0.3885982094438364,1.4012574385206134,1.4012573548973375
50,2.0621811383355944,2.246959003303896,1.7378034424861908,1.83026435963926,1.792549699356444,1.6026843117654446,0.1946936415665706,0.1934193418248241,0.7372297599839153,0.7212300133106309
51,2.3485197458451172,2.003345013419462,1.5694995315667828,1.3710927959194312,0.6544497272017465,0.583953818010371,0.2151033055990163,0.2170834029925194,0.7866351916894421,0.8096251817660672
52,1.5284902644090086,1.5000001611973688,0.6738092183597815,0.5325190338649537,1.0116552713448494,1.3062970876909643,0.0742711137342832,0.0782588700249516,0.3709388148160655,0.3726193039817866
53,2.555612771408207,2.29118737661688,1.1298308574874258,0.7089162428747082,2.456197853756482,2.9063095811690975,0.376866192613383,0.4253227614354458,1.3855828923205749,1.3915829229051444
54,1.7021009556641689,1.5684895989537346,0.7900701080465896,0.7098228786179135,2.9905103262796073,3.0,0.0740601146190241,0.0737792734256332,0.2810474910889551,0.2930475290665467
55,1.6154875344223805,1.5,0.7688344232333578,0.5332411839788455,1.6830737682655603,1.6991315045357354,0.2208647101589922,0.2309569731587581,0.8506509647592798,0.8441266446589644
56,2.9580376795382204,2.6327369727479,1.8093237826303024,1.675634519840928,0.3138066269331113,0.2950425159336137,0.160407325703104,0.1542246119004187,0.566204995532486,0.5688878016839508
57,2.765439601034753,2.416735113780894,1.26029529627498,1.2433805363857162,1.5359511431414758,1.548382916762347,0.4004507789613513,0.4119221226279572,1.233607932808094,1.258607960203058
58,2.845225656383872,2.684529048852874,1.6831502304410162,1.0384491148679478,2.4033328660815583,2.921120123169374,0.210835503920648,0.2105257771704997,0.7843598636503085,0.7867929942400285
59,3.771429778446059,3.560199053773687,0.9787851676762797,0.5841979928224591,1.8065942327595004,2.3609097917006774,0.3243621172162214,0.3534044732965634,1.1826001593997706,1.1801503515134637
60,3.3121794972086733,3.327365864216569,1.9426033305649864,2.0,1.4998602135124108,1.2730674670226585,0.1761848234242878,0.1841920806777629,0.7920886469645284,0.8014765061667373
61,2.369553825609071,2.4251107726065855,0.5348896692810349,0.5221243330950864,0.891869610746616,0.8874858415563209,0.3000542596429681,0.3276301802179419,1.4918013385995328,1.5
62,1.803440414220515,2.4124236202704963,0.546406092469996,0.754193213814701,2.3752157190139367,2.4600993128914093,0.3761848423450419,0.3549425673232748,1.1704152795646257,1.1244151349003586
63,2.0459946642027407,1.9925322195946615,1.1975028252292594,1.2832280652896362,1.6791131426439545,1.859464541838987,0.2932107509108982,0.2880366468222928,1.3771110560369133,1.446785372532612
64,2.2475913353974426,2.6273346913674565,1.1491227381679392,1.1230153113783037,1.8616132210016876,2.1431352650407876,0.2464956451069149,0.2421537987345182,0.7725968851581041,0.7504486534105442
65,3.045750089644355,3.1493979547338395,0.2745272107029615,0.1,1.4848406273718542,1.963266874112281,0.0453893282049444,0.043839909736937,0.203094661542208,0.2002857883635468
66,3.081725475649045,2.5550803091326157,0.9805394283766132,0.3090121710456896,2.181499274237069,3.0,0.1126052971525621,0.1079229312517714,0.5199463627698034,0.5170940082302214
67,3.5466717330519706,3.812322266680857,0.1858457648765341,0.1,1.901242225090887,2.2727288640346632,0.1404245342997233,0.1396012094144777,0.618708140314752,0.6200640082797284
68,3.813477481506063,3.3598864031610174,0.2333322512579705,0.1835702098310531,0.1389381736358543,0.1812082418209685,0.348200548636274,0.3209560858876589,1.238633741004683,1.3238848831743617
69,3.7387307843351048,3.8289411221512375,1.283451545991359,1.2772751599233725,0.126344504817475,0.1312623499801903,0.0938497949492855,0.0887248297553633,0.3536734966134824,0.3561388579598143
70,2.297952796241673,2.243555089703777,1.9610534572033125,2.0,1.2571788116834588,0.9191611270722996,0.0773707357994803,0.0839205197594036,0.3768278576825898,0.3750138984911666
71,3.820204809680468,3.92747560155481,0.1456004633184854,0.3431643572646257,2.165392272655172,1.68654072031627,0.2278202455655713,0.2054779064099057,0.6932716421676774,0.7062255052632879
72,1.7098868999170376,1.6555934863875612,1.0258135272809603,1.0349421497275852,2.407018751583163,2.3452496589164795,0.2018797448852412,0.1872082048497315,0.6147756555271261,0.6177754752275836
73,3.73557521015223,4.0,1.6626036723006414,1.8105535165089868,0.0846350507402998,0.0211153223701773,0.0669228405700556,0.0665510065286508,0.2105928858192488,0.2094002947963642
74,3.983170454991872,3.9507077737207887,0.4261281316089081,0.4692729662317879,0.1743046216668543,0.091400315801417,0.1822178855660796,0.1879227968112218,0.6909575538181005,0.7192480499820321
75,3.173556107988008,2.7330393276273637,0.4886542337298784,0.2776234685028962,1.7654554975182908,1.8628076314818356,0.1458105006938074,0.1392018699577396,0.6456308692749803,0.6498944642745086
76,2.5619344336734704,2.461610568412633,1.875696459964915,1.704309086420034,2.1011500493548763,2.214624429380288,0.109337709744764,0.105846394778516,0.4899772433948021,0.4981958931335707
77,1.5274752416274606,1.5,1.1114336362007995,1.2340897624881118,2.985896938024065,2.999996772273515,0.3621916390512592,0.3657114649078292,1.465830223305684,1.468830225596577
78,3.609866443263876,3.784337988749608,1.6047910074543688,1.7042100897544912,2.5869690709003867,2.242693840820848,0.12060997069873,0.1265902224692108,0.3953343954094835,0.3863340885480817
79,1.661790345659416,1.6946427446776948,0.548007779849464,0.4171630165121019,0.9937409559204128,1.180197089708754,0.2271419337381298,0.2313738350216066,1.1029437965486844,1.081787696576178
80,1.61132963877791,1.5,1.4014501293269843,1.6472123928364049,2.3253217452671144,2.0439894476529017,0.2827495537330555,0.2711404328288764,0.968388581806518,0.9875515316506956
81,3.433483758042985,3.064068944884606,1.4299758880736808,1.254626822141173,2.4326297298150066,2.7601747395685345,0.2092600731882704,0.2053462396274245,0.6893931678261664,0.7090133088639373
82,2.412766379944091,2.3655495364815153,0.4705811212908772,0.1,2.3105054748905554,2.930522995581305,0.0456926648253865,0.0413813666425857,0.1685939360631703,0.1683331910394472
83,1.9880552129958529,1.990877787491045,1.2280146744801557,1.4107733304780403,2.9882835953722644,2.708637950216493,0.1685161778253549,0.1796021949126034,0.720129733401631,0.716129702460617
84,1.776484893655096,1.709906205827049,0.7455535749845665,0.582871123599596,1.1278899418663868,1.373676655586297,0.2079286802601828,0.1848748725192666,0.6442460170661569,0.6446046240464605
85,2.4482785121793156,2.4569026192697128,0.4343086997055144,0.1000000371717095,1.6471518144289743,2.2477663439648525,0.4052962145786084,0.4113897881331007,1.2359026457970352,1.2178997807911718
86,1.8715939285948784,1.8009931085871205,1.4365113021609552,1.679443849347777,2.8857601852813155,2.313938446675659,0.1704210168890204,0.1685144314851709,0.6178520842460147,0.6073120466475964
87,2.7282454882222913,2.157054727803794,1.6376475018200958,1.373599798838428,2.5210710564262566,2.491229037738055,0.251105877554906,0.2279303753070642,0.8734186909987552,0.9104186844016584
88,3.710670017547403,3.8737249971918946,1.3773324622657122,1.3037423683540237,1.338012519994611,1.6668372269769705,0.1329637184972392,0.1365412459671659,0.5564660286330627,0.5568068088566379
89,3.3229943302993608,3.14044131011258,1.7989394411420865,1.0206464520971008,2.194826353730875,3.0,0.0238820886194401,0.0231968682860861,0.0838497135271285,0.0848993475398825
90,3.422053818405807,3.667104091899805,0.3786867039683141,0.1000003715509619,1.9393357560037607,2.9540708249888485,0.0786377909783149,0.0693171776642768,0.3897467796721082,0.3876193147205025
91,3.9434017040057294,3.947326664157079,0.129154808517616,0.1,1.394924988886565,1.348214598193728,0.0499471246189732,0.0457276104400374,0.2415736036707158,0.239808341116026
92,3.571771096453898,3.3174334099040292,0.9619955159435694,0.8784687856406369,0.1869165068026138,0.178583867692893,0.301672236315752,0.2765610093567218,1.0489568877644389,1.0716303190594942
93,3.1469799448072484,3.2337471812325633,1.3815877756377786,1.3616483402448645,1.5288891729671212,1.498164147422686,0.0929790207511228,0.0885742857996407,0.2792346585360852,0.2718522930868308
94,3.446564210373949,3.215867248837182,0.5779030237205203,0.4221917119791761,1.436631566067478,1.471716048439897,0.0724072042318901,0.0687346465288535,0.2641007073825178,0.267307191779341
95,1.5229691720241012,1.5,1.4904874295564283,1.5717412036694518,0.1045778685070135,5.006207496800298e-09,0.3029540540599191,0.3068857604272166,1.364165580725179,1.345165719011166
96,3.367269839930022,2.6533682267350645,1.6431508704492874,0.8002176498111238,2.6069575485115974,3.0,0.1100728942723483,0.1221433456351054,0.3524882324451261,0.3509809461356606
97,3.464940799132231,4.0,1.5930152458167863,1.7630105013320765,1.3382448299129828,1.2358779716894903,0.2246262071306834,0.2216699002991638,0.688571221441999,0.6912792371775852
98,2.16089381775988,2.401286239922209,0.2478218951509486,0.2858220557198048,0.8379884903193001,0.963662646022086,0.1260640733233012,0.1371157699278239,0.5155325337926892,0.50792697371773
99,3.6206755316624855,3.999999707628953,1.657145123790795,1.464799993073677,1.7479142590327563,1.9641110046810184,0.3424728355011999,0.3461570226609782,1.313916082697257,1.2939160899979143
100,2.125131800298046,2.2326204276053683,0.48070204000273586,0.5751976333413585,1.383379225190056,1.3107023152959472,0.22581547947891584,0.23361391902155976,1.0565049985350632,1.0613631323898491
101,2.3529529378544716,2.6752672332233782,1.1333194274290475,1.136883681386136,0.011164268490244766,0.0,0.015103661998028262,0.01600780603617409,0.060638204518557094,0.05976248515428572
102,3.6501200439876262,3.1660527554566675,1.7685953808624868,1.3296972010720214,2.9871767660357595,3.0,0.2042734279114704,0.19423935968199052,0.6837611046491668,0.6907610123605714
103,3.3435361877115737,3.5449077277279897,0.6345684223585669,0.7020768874259176,1.114486608635585,1.085189942300626,0.03818984638472208,0.039740078231762774,0.18482138367548734,0.18826758670099591
104,2.1745983127424973,1.9760341140940991,1.6814523246064992,1.415801591814568,1.091878234392975,1.2401471620358095,0.09855962740740426,0.0915406566960769,0.4046736874793421,0.40810222236061927
105,1.792644655792535,1.8802623456579002,1.4026110903935807,1.6859079113984876,2.6528611340857804,2.457126334020953,0.19529926830423738,0.19781407254876104,0.9483703339611786,0.9448980437194278
106,2.643133785684757,3.2599737212728988,1.0420730561061455,1.7497321315613985,2.4124100081023894,2.031572366972128,0.21241007759361746,0.1967657100254011,0.900437650242945,0.9094892544632263
107,2.3725235907871864,2.3836861774356253,1.5951826562903964,1.538577638591323,1.4334341686432892,1.0999342815162931,0.07744083167927927,0.06886563998419838,0.3580299449932281,0.3641083564877349
108,1.7904700801043827,1.5318104972252602,0.7701237479739182,0.12707161049897706,2.3847770782553352,3.0,0.2858072719588198,0.3066941271711602,1.267599383285506,1.2770383447083384
109,2.4634808674874504,2.3962837384633073,1.3171674697710603,1.1850007161045466,2.6793431007047377,2.6344857820890204,0.0652047357640371,0.07505058239634134,0.312356211139042,0.31370410544072214
110,2.4491690624354883,1.935242659840184,1.4728166779629117,1.2214287765978746,1.2354007466082917,1.2351417526293325,0.27722823495590476,0.270508960797822,1.0446628053718552,1.1073303023091983
111,2.1530034795844424,2.142951085820034,0.21858570961236468,0.23551932453537253,1.3529508605131366,1.359500991367671,0.2056935717271401,0.2096011895252819,0.9216285842682744,0.9235342391349639
112,2.9062912078340486,2.750775918521929,0.19294676947544018,0.16205528741269565,0.7983944899545105,0.7587703869774376,0.10786208114723747,0.09991296961771497,0.4724282992053987,0.47459824753088603
113,2.337047445030979,2.0946867187255838,1.4488323900521662,1.498369564254089,1.498512559248091,1.3510427458521321,0.22777955341765432,0.19989281264176084,0.7394065994611231,0.7824066692308672
114,2.292423471099644,2.0072011947042334,1.8427744552279683,1.6910655846106408,1.3491854856917307,1.344044525597731,0.25337053945857996,0.24564595745210402,1.0779402956260997,1.0755023543370053
115,2.5755434580976835,2.3685586709537496,0.11210439722502574,0.100003102185484,2.5173275029947213,2.4477987710285856,0.3153282476971826,0.298807640016833,0.9756583762804053,0.9935777560968739
116,2.3819392486161295,2.20674723809752,1.9648691759452,2.0,1.6591264917056896,1.4981574014007024,0.20405055883562176,0.22198974759833315,0.8054393488546536,0.8163975113768516
117,2.5888616010598398,2.2213993336148197,1.36562981159095,1.1510276169166829,1.3600312771065002,1.2250459653748136,0.11771504363455002,0.11777338991448104,0.47888990762838185,0.47647083105649074
118,2.983550713133452,4.0,1.5093519523496601,1.7301844464338416,0.8340202867200083,0.8654194249092266,0.19098270301708742,0.1760657915446243,0.640375531644013,0.6204881857824763
119,3.672549764995451,3.052660392204861,0.6564534680537667,0.2803641728043823,2.4976345015295247,2.653943880500229,0.2879398009973555,0.2896827043726141,1.1109493288455126,1.1029493292394914
120,1.7328757016754914,1.8573913388864627,0.9782795231493902,0.9329357751912246,0.18759044989656293,0.22446669025599073,0.10546603310894878,0.09795347887949812,0.48075278891771,0.47599790358686445
121,2.673096570041257,3.51496736039303,0.9742255876252699,1.133446571848162,0.6844769734806972,0.6458982274671139,0.21129401360254518,0.22154966244703528,0.8928228522109061,0.8684957145168541
122,3.3601669943221637,2.563290252774714,0.8889202797989559,0.5638042615810548,1.46163468990771,1.5438517957392486,0.29596648430269745,0.2591482721496715,1.1619828924809426,1.1850884651582319
123,2.5436398452126556,2.651190652244768,0.5167355377194812,0.6596953931461799,2.9202070269805978,2.692825486938375,0.08508119585665538,0.08303070148414594,0.36885464986723704,0.3660317637544086
124,2.466265484580158,2.294140579076177,1.7488459687493887,1.504453327349881,0.1975056769137653,0.29862675472619604,0.22833684551965988,0.2400840432625878,0.9797088300467753,0.9706967026373766
125,2.84496138954857,3.0300463562436395,0.26114185442753074,0.24780221140738046,0.12834481611096715,0.12251544356186954,0.25962054406115986,0.2535281528598333,0.8362951476595265,0.8247293244386881
126,1.756250950085,1.7421111626103862,0.9742713486297092,1.176065216315879,1.671935412219948,1.7299186391531918,0.42850582342625854,0.40067383351248514,1.4442564602915624,1.4401357739646425
127,2.5851948540563874,1.9893991351325078,1.4935569915293159,1.3932992993027862,1.0231699066870883,1.1995932940816858,0.44996090423361745,0.38290811654240436,1.4296629207074196,1.5
128,1.8135864533437351,2.389856111379774,1.807652694797846,1.9750245708478373,0.9008958767743271,0.9119128806911607,0.32450669079268557,0.33893394425235024,1.3408772439242675,1.2882573749560664
129,2.498769752990291,3.045491832464242,1.84708141931376,1.8207291670717625,1.8093693329969442,1.9228844393802664,0.3186396466434614,0.31275225143816465,0.9587199504483027,0.9290526222479957
130,1.8139783544430064,1.8505658216824374,0.844860460811251,0.8889885253776292,0.32626659323050267,0.33297432173801916,0.3506004403737685,0.3660794114858766,1.1924648682705266,1.200457541590468
131,1.9081824883970966,1.792704614444139,1.0320632625295523,0.7595730435616858,1.756418563546547,2.0155170919703895,0.2155711874693253,0.20681011998997562,1.0550023345949242,1.0658046310571256
132,3.6790423459445023,3.891409593893478,1.09707787681279,1.1852092260645974,2.910258124900752,2.81060649270233,0.28265805212306955,0.2712018703495832,1.3763181611349702,1.3653181368423326
133,1.8499087715003382,2.027784809058766,1.0692322924462114,1.0865936187299443,1.81705165598592,1.800997604330845,0.1713840411837014,0.18173285783008192,0.5253492986212688,0.5424414935298315
134,3.810366275744329,3.6268664071727925,1.2433608267225322,1.1914261660689471,0.8539924505056109,0.7911709171826874,0.13399708292163523,0.12207091329616274,0.5608164619730439,0.562239620077595
135,3.673039123690045,3.425974318643987,1.234106600451127,1.138791461240388,0.9762695825938466,0.9241524606190601,0.2786984358957035,0.29508834607676143,1.3754642159845953,1.3720512160827676
136,1.7895454379726383,1.6135483308957734,0.15167022930545074,0.1,0.4184330667133097,0.46914495609584717,0.3848139671630709,0.4197287842330204,1.2930900547271915,1.3023386111874415
137,3.531152500285584,3.546354441513735,1.447723935959119,1.6901033534644103,2.6393212481475983,2.3446397361615356,0.2384146711948975,0.24679959795354106,0.885888886928736,0.8858888854278786
138,2.951581088990078,2.894408296045533,0.7229544171652491,0.6397345326151838,0.9109363567109807,0.977105284151506,0.26559855888978434,0.25704581338104054,1.035702296723044,1.0492912042928237
139,1.9237859709409073,1.8413470354509132,0.1208695791066999,0.1,2.5990716701463943,2.6815239810268676,0.1003185047072393,0.08703431361420055,0.43656246943641813,0.4450312304068116
140,2.8705201061975836,2.8172364543039174,1.1172190608797945,1.1004234225430973,0.08741799990350574,0.1133710673372618,0.33169529999862335,0.3475111931026906,1.110051618543727,1.1038106987893173
141,2.9002471779767873,2.7728064080619,1.9498136386433347,1.7836418831818666,0.2348880227502328,0.30371261357106316,0.20928078087411137,0.2162943406054243,0.7650736912180686,0.7578100832338999
142,3.606126321358965,3.3702677942205908,1.3813155594439501,1.2965660297836923,0.1918926067105482,0.17848428762887603,0.09815139161014473,0.09393060702473985,0.48178185333730206,0.47632855485604725
143,2.2630139069054525,2.5138571199617354,0.44525052467727455,0.5087197768210963,1.3918410972627309,1.3839840604508493,0.3518542945304408,0.3440787766300889,1.498540083675519,1.5
144,3.0172306319322297,2.663281600839058,0.845831894421449,0.7532846348542876,0.10124996420527332,0.13012804679619022,0.18165684865807094,0.1751194500812568,0.8675437664004841,0.8726058275620311
145,3.3281537137107726,3.2154715596859798,0.23774324598500646,0.20804515948667632,1.3552987956660514,1.1503886119935414,0.33977957028404515,0.31806876624086916,1.3245626299047442,1.2868473781845153
146,3.9043662242627253,4.0,0.23183734278854468,0.248557430205572,0.336015402183821,0.25936102563597396,0.1748424239332884,0.15026635547882314,0.6158254958263812,0.5904678445206276
147,3.0914435411633407,3.7451086060050813,0.17233951522888916,0.19188423641189256,0.17523827308132156,0.11156236554144783,0.24421766229235303,0.2701503185287498,1.004391736874391,1.0005126539964793
148,3.7608890566607927,4.0,1.005050440643455,1.121353049953144,1.1208411615666856,1.0749707895570297,0.10471883192626588,0.10854802387954716,0.4511005588436986,0.4408346847737729
149,2.387972317256136,2.454957295234209,0.7047678706480588,0.46691571326711,1.951936764789456,2.6287868695879157,0.10570192416336627,0.11347775648703659,0.5011578229478352,0.5060480439990113
150,2.743517200531393,2.7337437640777518,0.743586055998041,0.5692139044622747,2.46660093276594,3.0,0.19388650096447715,0.20144852775427874,0.9428423679922883,0.9579327877270466
151,3.5217912082473313,3.72617758380111,1.254558743437857,1.1882498656096738,0.9220180369639761,1.046613414406416,0.2574609148832741,0.2643560904824093,1.0459620769211695,1.0198851280761936
152,2.4739680774819104,2.520705974234668,0.37836188624721845,0.24479916424998024,2.6465845532755847,3.0,0.151143815272447,0.14630354238006463,0.7367956948266755,0.7559954421419076
153,2.5851544316043062,2.8473844686482788,1.0357752868306935,1.1673701231115599,0.5823547021352826,0.6881013726142743,0.1785939461374084,0.1539540294212389,0.5898938584853067,0.5931449533030014
154,3.2454647940980017,3.1263524684063158,0.34092976774031253,0.6187715807193807,2.8008529783695253,2.253729603197554,0.3149606225585062,0.33338641490110743,1.4175639715735098,1.4765639637438754
155,1.9694294062946593,2.1072663221485355,0.36183061579025877,0.5813260947034504,2.0806731731438854,1.7750672402127292,0.08195861902418321,0.07268785017975343,0.2962110419798064,0.30533542961065585
156,3.549755072436001,3.2802360680755855,0.5643074061522204,0.6347104994537982,1.5767513495752339,1.523630833333252,0.2602428149986474,0.2638140215898471,1.0617553313132466,1.1027537954835105
157,3.667278703663292,3.5630984417850025,0.9262118351562866,1.019208184245484,2.937377799861844,2.9800050148169004,0.24667366664848617,0.20443415462366132,0.7802347084210771,0.806234675354242
158,1.7049956908906483,1.6492421853853676,1.1722819163078617,1.0695001689561743,0.5065045004018663,0.5045708813528049,0.042899492112366225,0.04213626558578135,0.1424050357404889,0.1382980499758415
159,2.319555259980288,2.5838094678956667,1.7682783444626726,1.7115122440307027,0.5659196044040548,0.5616386851891882,0.3171844506638304,0.29192852430671556,1.4723832951669844,1.434394363741109
160,3.3480045957854325,4.0,1.861783046185533,1.9604239539985262,2.0076130193282964,2.0810698571786563,0.2791513614212521,0.2773613346325587,1.0127054538711833,0.982076613684023
161,3.0269419305138117,2.5233632693325685,1.8690773539220191,1.1335339345858728,2.5719534570687967,3.0,0.050708272092169424,0.04773837624537538,0.24227756995558902,0.24876918257718408
162,2.072469779658887,2.1678633201756017,1.5835446143842606,1.6953587252830462,1.8663758739913148,2.06029674811881,0.3930146400154857,0.39611760898050996,1.418131907391774,1.4151319059926075
163,3.384074072127078,3.563662535016243,0.36598179897999095,0.49167821526233285,1.401785284424431,1.159208883836291,0.09727049373372719,0.10754478738017924,0.36624973531594096,0.3650466649416151
164,3.385114174235032,3.008791691644388,1.8730237769016678,1.685783113461298,0.41759285684165515,0.3000730622413903,0.39250135627175725,0.3734159572350235,1.2169106686126159,1.2279107520525823
165,3.8785024113882107,4.0,0.2299682934945744,0.1,1.7076435331560167,2.1195819825091733,0.17578774088161742,0.19960226471672107,0.539975707766263,0.5518448507564835
166,2.657761565678849,2.3729013249008295,1.8795218405608742,1.626669179379619,1.0316744395291342,0.9926837920610423,0.13843158715443815,0.11118822585860955,0.5642135868041682,0.5816634628814392
167,3.480128585272632,3.818109373540298,1.006728365431486,0.9754645216384332,2.79340578084025,3.0,0.18998360039058335,0.19756718001111098,0.9497531150271095,0.9134414830207102
168,1.847157871532556,1.8396557408871403,0.9051188615758424,0.7376660773413368,1.9242249085400984,2.0445558271754534,0.3880834099167238,0.37786109548149094,1.2528524296791048,1.2438521940772738
169,2.299073348231291,2.183109048222049,0.9347709997712301,0.6584746350662002,2.8935887915680722,3.0,0.12895513936276443,0.14975457157931285,0.44118214046652926,0.44818212737846647
170,2.4288497874234736,2.5721174681233316,1.4087497600627081,1.2860155033017118,2.8608945684334155,3.0,0.07729417552461998,0.06968531471518091,0.2370263060728891,0.23433494689543333
171,3.629240619149561,4.0,1.7793820948989232,1.2938947584371714,2.431063501537205,3.0,0.3168660458821981,0.2777967509976634,1.4718752268058664,1.4208751687582035
172,2.9586858446913165,2.9228507341160137,0.10773020104689497,0.1274867592834711,0.6098930231555656,0.6333295769256102,0.3223311652370034,0.32339328281237667,1.184727843774035,1.296572665201232
173,1.6162328467026976,1.507898899962896,0.3245623732366001,0.2726222091377032,0.4212067144800289,0.3322355434581058,0.4121733581316462,0.4440210140808294,1.3090143405827246,1.3437622857312068
174,2.118424260010269,1.8381858521158323,1.3200228985970253,0.20320398741046297,1.984977071597159,3.0,0.08185895801566222,0.06722618375505124,0.39491227523748196,0.3978423440004679
175,1.7517124663624968,2.1090935085638187,1.7188760936119696,1.9798180650158932,2.4140988975986537,2.0368593880702424,0.16584752864351526,0.15234147382591232,0.7971309513721939,0.7854936856854419
176,2.362634188555666,2.237257020436901,0.36751337696110453,0.34381900936898313,0.05342516462404634,0.0,0.21263037300478133,0.1915814515502387,1.0142973473834311,1.025511577715516
177,3.690134382749864,3.8417408260510912,0.30144160259795655,0.26693210031176823,0.890492118984845,1.0591976441537831,0.046724374892947194,0.04678454505851142,0.2007947804600418,0.19989113770055614
178,2.420487055623723,2.0915573109041534,1.9491360464361431,1.7243386500190423,0.43358544923715625,0.46189849539917116,0.12435537975116313,0.12604719983701568,0.47276717384373795,0.4807671428469579
179,2.224622019798367,2.317458719440429,0.4341244567441256,0.459488398352004,0.2792730916769681,0.06156174156980327,0.21041688432790495,0.22867549158851325,0.8424849310798426,0.8602075624581045
180,2.750514106581031,2.9856775164840603,0.2028858017635023,0.25151368774186,0.20474107820028808,0.0804708428551183,0.4756434261348229,0.4808201676254987,1.4324016991931916,1.4201795047368462
181,2.051100410662551,2.0476450322049655,0.1670852786630424,0.1,2.3390181665360945,2.347482427727664,0.10376929410028247,0.09576691805890941,0.3617356363121809,0.34408061495835435
182,3.3869344573028775,3.18159340079757,0.912439821966396,0.8291950141303183,2.0277254423354534,2.18121077870028,0.08918824993813716,0.08843271781680893,0.27690180940245257,0.29755534136087863
183,2.345339525635368,2.9809928432748016,1.3910710337208323,1.6372804876469362,0.20507744397733907,0.0849293798333613,0.05177836351323368,0.05129683740614035,0.2557179639034394,0.24793639232130305
184,3.3535825542507816,3.749373228354703,1.0004018004944848,1.0543200638586527,2.5301180493101305,2.787585823727941,0.08937300298848194,0.08365202461851994,0.3022059304375718,0.29599536000333754
185,2.9854374898566958,3.2283714818207945,0.26958160245902474,0.1,2.0488613533692783,2.7908962921379312,0.07642404436571305,0.06440638849134721,0.26912470678414746,0.260805660034175
186,1.832678066446085,1.904651253868546,1.9281084335915812,2.0,2.1372530948459207,1.9622097092982225,0.38965387289964876,0.3886850290586674,1.3661448769226645,1.363144927070116
187,1.68433348657365,1.712479689267767,1.6958442114960075,1.6541952108483413,0.9272134099819727,1.0085333341549452,0.03613570769249923,0.04168512134151818,0.16147166320485978,0.17012638397075583
188,1.88553693335161,1.7762423197342248,1.8007936920604406,1.746367671512314,2.1507791605352367,2.2595948448298593,0.15377777220835048,0.16509530427673969,0.5795061558576282,0.5925061939108216
189,1.9283885417974422,1.742515879630681,0.207490519238767,0.18254895544847413,1.1626172392972154,0.9897350223177496,0.4766328970913828,0.47904875165178884,1.4829978753469943,1.4930025139050986
190,1.7752667332423242,1.9124580350914164,0.700887050760384,0.6587793918789517,2.957621834651826,2.9999999625174736,0.2292515553613445,0.24145609832109666,0.8187965010422551,0.7909372105338077
191,2.10040635240112,2.2338323125357564,1.0915423674990494,1.1974522463731914,1.8566200045851162,1.8970188021290404,0.15692535902783492,0.1522770636349946,0.7436975238635546,0.745212065950257
192,2.679275398754383,3.0604914803059424,1.6718265866678395,1.7476437121065993,0.2324485973963225,0.2363574432817318,0.07957210707068298,0.08260458518147863,0.34623832801910526,0.34498754008737303
193,2.135595787424255,2.0492379586319784,0.5978340834184263,0.5513814451022003,0.31184304036488475,0.3798965766543026,0.3938923350182567,0.3915507315395058,1.2388099903910188,1.2881336425111147
194,3.6012738169129057,4.0,1.1392202015406978,1.1240923670501588,0.6200277355997152,0.7043627051450295,0.26188387364042137,0.2535264607581723,1.3018906475227332,1.284774822005172
195,3.000533928643401,3.0586929202351194,0.538078689728028,0.5201818167283735,0.5068048898013426,0.4159064220195403,0.2622855673619792,0.274533897517304,1.0995138697038758,1.0950903326376968
196,3.1781695620385904,3.254048466129822,0.8959985819047332,0.8734012586564153,0.18968196423225447,0.15877973957706795,0.3970208566180253,0.35291302012776754,1.3092743085525742,1.3093383638307914
197,3.4463600735126034,3.6407860041263858,1.6621662557532917,1.7620686810395576,1.950141835902853,2.0146297387931775,0.0349054869039302,0.03115673236433187,0.1668744449879603,0.17234843221150303
198,2.4874488851333925,2.320725035925089,0.4017110511445888,0.39469463240036107,0.11346903320937674,0.08417164467232843,0.400317195667512,0.3982992112180226,1.209445730469554,1.218139921951624
199,2.2788605763486185,2.3007684722761157,1.3673168047892554,1.4063511056096498,1.2149728295093567,1.1128488529754899,0.25198517576406365,0.2762964116779138,1.1307298598475535,1.1429279492134532
200,1.5978264639441138,1.5082230879794158,0.8406599201744773,0.673414845212356,1.1209340381800765,1.166713555866277,0.29889797062187007,0.30002980174871285,1.0680538375794706,1.0526348850275928
201,2.612447108354311,3.356958321066287,1.3847048318683604,1.7785510229044448,2.8471413378581727,2.9999849126941394,0.11966921087006677,0.11314073273238809,0.5465261521691047,0.5387761113299502
202,3.3509408799392655,2.968024421762506,1.4723252661873785,1.044997504672828,2.717894347531997,2.999999981018046,0.10315983896879968,0.0989594599744639,0.45725671823630026,0.4630470703647792
203,2.924042182968554,3.0460101043211845,0.5575214910567495,0.5047947412582416,2.0535173927845225,2.2423164103253006,0.12561824879352368,0.1261681321394607,0.49816345656496125,0.4898630813940213
204,3.443275474900182,3.2524202078523543,1.2081724400733758,1.1215974743933748,1.5349636927818824,1.554659246691794,0.2283233892177641,0.23086827234553556,1.0753153147526955,1.0818235070565247
205,2.5983085507747132,2.4316921668825455,0.9777815850280883,0.8620144280274795,0.35919778626854026,0.21139150067318396,0.4517970951705206,0.43620792031892347,1.4294684251211787,1.4364702513653946
206,3.147368052227611,3.058221504617371,0.29901904599641477,0.1,2.1590084200513333,2.645112043903318,0.22522370936709385,0.21997044850575326,0.6871299509910195,0.7060859318478332
207,2.8960885374278584,2.8109285873976098,0.5373896507670239,0.3541799679035756,2.8920307299421766,3.0,0.1502876443566189,0.1450593801353819,0.46766728259721746,0.4613596985256745
208,1.8170814906730521,1.989120140961784,0.39799590604663604,0.39695810463107517,0.3054439391290742,0.3292190933578334,0.21694783040435878,0.19173310170156393,1.0335626391899975,1.039771669946667
209,3.5824399361104122,2.8773812419794593,1.7607897155682226,1.3480305793302616,2.5203555192516593,2.7582014250815106,0.44167576858357177,0.47989967788757415,1.4502600080788137,1.496259986812026
210,3.4536822602398916,3.488470709276701,0.800238478797197,0.7459057427899735,0.10602341705891993,0.026734550327661102,0.44222885599644596,0.4244398438791238,1.4434315353597027,1.4179874843359328
211,2.3987940568414254,2.6402854484341836,1.6989692689241311,1.5838234719421367,2.1181284918877026,2.5268426308704752,0.2023491172094041,0.1850963218195762,0.8576359054766232,0.8459774129714831
212,2.605951890957186,2.7965299959882612,0.7474264354676343,0.7530977786998441,1.6308161197329598,1.6726455504684277,0.0699423589358256,0.07526770280946418,0.2141385756323717,0.22193004938843375
213,3.8601601768480776,4.0,1.0224128219101394,1.0789387360064457,0.18293040939501393,0.12172879079209592,0.2063720573821579,0.21371172904255356,0.7747135917204803,0.7977136823356136
214,2.4006113032848577,3.155927474407822,0.3366880455476223,0.464296417340372,0.5019828112414595,0.44068310356425605,0.10124284052374466,0.09317370711058647,0.42673381112202174,0.4399977019068769
215,2.6394110033382048,2.1554034988344193,0.8096396807754944,0.5959981370016627,0.6518060241642986,0.7620658320388151,0.35080644734564664,0.3234707053628246,1.1431979055172166,1.1978914503588307
216,3.3055790633383473,3.4136530221133734,1.5575454658504413,1.6048679054655857,0.26667265978455235,0.18814411844817655,0.2738581787285367,0.2888525495181066,1.1750575642722585,1.1764596770718223
217,3.9652473882883026,3.6640369191811253,1.9667543889517385,1.9985822618441909,0.09965362888979301,0.0,0.35162853343494604,0.35135093896696323,1.1470032607087113,1.1560032607109527
218,1.726377576584226,1.7611271881012702,0.3059281760675252,0.3575146447734266,1.810806515135721,1.7680817033436684,0.3437296110510917,0.3389945882440032,1.2648216779965982,1.2728215708096742
219,3.5199641113314764,3.329669013950675,0.9312560540044948,0.6540429597481685,2.5472917317652928,2.6916141840572045,0.15660437251005016,0.15495935046274034,0.5535756032745579,0.5265755948229801
220,1.965681843779304,1.9300989635405763,0.4942230760037797,0.5022975128542334,0.8615501538999172,0.8295539403518964,0.10412767322399454,0.1036787336629503,0.4240261603869757,0.4250085998028293
221,3.8419117601058104,3.5665089948450364,1.3828333619193687,1.216193467145864,1.2528287678928078,1.1982531895693787,0.07405944040214328,0.08429976898351128,0.3529440138546861,0.3556815894567762
222,2.080840839930688,2.4077971884100005,1.2159391834259463,1.415194558159566,0.04530881942491005,0.0,0.23432439433851948,0.21717006385075313,1.1052357699016886,1.0653410101817775
223,1.517921035952499,1.849311370078052,0.8522197818207228,1.2039872209986489,2.6097336801040214,2.9999999693783677,0.21220594346658697,0.20101694126642392,0.6737347166520566,0.6737347222328975
224,2.5143614231939244,3.2649110745878027,0.7883638522176553,1.497808539294807,2.81043447684954,2.311691684778847,0.20340703760900772,0.20504592842417074,0.940406559016077,0.9215181205189829
225,1.9277279210831582,2.028248038268902,1.7285747955555877,1.9999999297977067,2.1861643765425507,2.0257049493121064,0.04261187556084232,0.04132680665132852,0.20086001721748387,0.19667283087143866
226,2.273820763188926,2.2051610538123882,0.40164811015609625,0.1,2.4229441541976238,2.8396767125522917,0.19991002457049298,0.2103512464520711,0.9580093133523616,0.9505004041414554
227,3.073658822903559,2.7003875829087467,1.8853620384132628,1.8459881049338573,2.8731760856067945,2.9999999975110683,0.309269554612053,0.30030971160244,1.0898355473969654,1.1338355553958661
228,2.2138099083184875,2.151460452753958,1.3119187405540538,1.0756286712897152,1.8316161825952282,2.171602461153807,0.12653842272210417,0.12447989122815555,0.628228245969629,0.6386087190615348
229,2.235117916479161,2.6252530425408094,1.8508198959393274,1.9999956261424594,1.8336987180255302,1.953644029568835,0.3173692753305948,0.31201324940538916,1.0005114745083912,1.002511572774875
230,2.2073441802944074,2.263292086813027,1.2553123601824803,1.7531656820288908,2.303022091885605,2.2237962580567907,0.3569370968210014,0.3519574416503871,1.1477766479100535,1.2037766477893355
231,2.3105916170955374,2.203210126955505,1.5602962701083285,1.8300449710503308,2.764219423502781,2.365124442115828,0.08641457038891481,0.07535898318583945,0.276318332626748,0.2774545863155323
232,2.1315035397307955,1.7614414503430282,1.626852518983387,1.525371838823877,2.946585983864555,3.0,0.38718524235784724,0.4292455959981496,1.4369587606939698,1.4779587429945151
233,2.651968351643729,2.888693224499439,1.877715113953362,1.8228796767354878,1.276082451419059,1.1893287016343173,0.19555310116217148,0.1968351433836005,0.8859073584593826,0.8788575928588521
234,3.324335186912638,3.0048413170320347,1.1130778745332663,0.48329564286293536,2.044199318502924,3.0,0.03794633872333513,0.03666149791444749,0.15267518786290268,0.14851325905349497
235,2.697086666167076,2.8541874170506887,1.5329038780998974,1.4701211540588226,0.6916459991669006,0.7729067690693047,0.11681906473400289,0.11749596641749828,0.3925997365299335,0.3811593765476227
236,2.6722813305261623,3.1054511905453444,1.5924242546750627,1.9447611559153897,1.5404053595583904,1.9295500131855938,0.34401937954296624,0.3545197886849413,1.0741806127760605,1.0791806070408463
237,1.6819393966282994,1.6133089581569688,0.24198922217384686,0.17749864558206369,0.8274944396597376,0.7821629858166627,0.13045291770491463,0.13188808107642372,0.45883479438763614,0.4582806982768227
238,2.4151613690984313,2.740653121641263,0.9651201574496497,1.0122444262114452,1.2895708260473508,1.1169858952119782,0.20658150028776684,0.21098772333093482,0.6788714242063516,0.6490666181420284
239,2.7870685884114956,2.4880310945238557,1.2627625615593927,1.1572045433236566,0.6438525140509704,0.6656834456445074,0.16467489384795167,0.16322046192719547,0.7617229113224601,0.7723020082653042
240,2.7692206358499245,2.6908085100946875,1.8351776066076286,1.5806750881112046,1.633611678982863,1.6520503701036442,0.05631358420808397,0.052142690898228386,0.1858397692053232,0.18614048912697584
241,2.187129877963425,2.296231555763228,1.8309473862454175,1.845607815926746,2.579603965763506,3.0,0.31969969069198173,0.32340741059397626,1.3947964712418288,1.4057963359150674
242,1.5928341323017976,1.729877397465001,1.0950366717573203,1.2286095048988095,1.6154737107171866,1.58193414177618,0.23595890253372132,0.2640388478338134,0.7334568901841853,0.7219392099764429
243,2.3710185055796527,2.1512382897706406,0.5129871470582124,0.4944945076796276,1.024797656657693,0.9402512371531649,0.21798990705434274,0.23366541080252276,0.7841569980445511,0.7942122815320766
244,1.6546148082259342,1.6262456579083155,0.112324908119346,0.1,0.22816421219119976,0.1295381676845472,0.039990535380941536,0.03984201760981886,0.13252293191265296,0.13232928590630005
245,2.613140627331749,3.0237106813227554,1.710158999896508,1.886904430644165,0.35561387176921444,0.3292704269114787,0.23383979474357464,0.22619058655027027,0.8005886237683576,0.7767612317665346
246,2.73414505938855,2.765719415897945,0.38792741072130943,0.47914146067409435,2.4731944537781088,2.1737716350635754,0.16926226271591704,0.14527583121108073,0.7397795562539963,0.7582372282170916
247,3.4115284445336775,3.1227885978633707,1.0906222499150489,0.9365462893893554,0.47065139630783315,0.4990494108178719,0.2789169061420438,0.30049508722350154,0.9980435288785504,0.9768517229287235
248,3.739245179363104,3.3127465545036556,1.7749028521480568,2.0,2.4369539184071325,2.297892953099792,0.25679258265251365,0.26299066047130054,0.7877355525118256,0.8149300009302143
249,1.8282515270293977,1.9740709195079,0.5816260495853873,0.6650423786741264,1.7986057883513675,1.4871366524008554,0.2609404370756285,0.2863554607089404,1.113697866536859,1.0555566699135834
250,3.3567612447030206,3.1307589898128607,0.2591913554254708,0.23220692148818767,1.2660249846817155,1.2344075710191253,0.2408423284733423,0.2600341525082149,0.826537323650251,0.8365939572599996
251,3.7074257510663857,4.0,0.8301080918703903,0.8257585087765373,0.3934429275751895,0.3049978550572899,0.35161884010497624,0.3583023732754058,1.4599016299282885,1.4462989146111536
252,2.799934494396532,4.0,1.355162027800876,1.5359749121546162,0.8636265274690702,1.4450753831424787,0.05964320828293315,0.05872815767766805,0.2660172109730269,0.2568510238889017
253,2.1043174056861766,2.178481501869131,0.8642117767949703,0.841708305992529,0.44009820240299524,0.40659783740324373,0.1371830051750177,0.13127700596971595,0.5792708660848038,0.586018360051875
254,3.940515404594194,3.9999997253593067,0.8870816427005248,0.9532831520105214,1.5646173698473687,1.4549967943311048,0.02529743352877058,0.02728602234071973,0.07807609306323303,0.08016920298564202
255,1.9983598909034375,2.2817471037427284,1.7403309633011101,1.8636673461844466,0.9233621963608278,1.0407309419991588,0.2907897895585499,0.29723972569595947,0.9486803506924462,0.96900768785402
256,2.20798628662022,1.9665716431406552,0.43913321285259566,0.3975999652875423,2.9269306058478537,2.833169693411009,0.44670905160299684,0.5,1.457277144635839,1.5
257,3.7324360284249725,3.9059976899387308,1.5722275355540698,0.8789856360055273,1.9271479056911556,3.0,0.30200998149814484,0.2843572025615682,1.0197157610758532,0.9957157448195767
258,1.5423191942535346,1.7622309941153342,1.3824393324386892,1.639928482727718,2.364351736129307,2.365820248015835,0.10839588293953459,0.10523117992540724,0.3738842541013828,0.3580500371259154
259,3.863239920243151,3.7266813170815154,0.11727634290646917,0.1,1.8834858345420247,1.7864594009903547,0.18469286051439215,0.18897315848648383,0.7207354232336513,0.7237081882962494
260,1.7681211135806074,1.912013578393416,0.6356598826649323,0.6446579197142281,0.26475215972961863,0.3161440515584621,0.3339593152876899,0.3259161309784952,1.4385922741057529,1.4460977484679118
261,1.8513586465274108,1.5507002877747091,1.392540812657753,1.0287847166065998,0.8240258441771992,0.529755914575358,0.2628328176626572,0.2511963674666282,1.2808118987941992,1.2608115501372605
262,2.0048394961406655,1.9259471012954128,1.0039929624372896,0.9764261515042175,0.6192627113609079,0.4825142826757435,0.19241928805315406,0.20536129975718495,0.6543750503567138,0.6502284410984517
263,1.577993204084159,1.5,1.0299631850872868,0.828668491064239,1.6629120228672818,1.5823399081953746,0.2586466847194233,0.24983249596690968,1.043960905754538,1.0307060430658446
264,3.5632247911438335,4.0,1.147595554082044,1.2663636980318496,0.25298758476436756,0.22183238053520676,0.4248060089623614,0.46201680374182197,1.2960884692286172,1.336866049555487
265,2.7375011694176137,2.8008623224267133,0.27088636990102627,0.37447615168379644,2.02803406125768,1.892365961097601,0.27695279175153853,0.25622990143384894,1.3419306364599255,1.388930600097702
266,3.7123082255324475,3.502225932858431,0.8753756434102948,0.8007305073309857,1.591403746039324,1.577844160616958,0.28004974987018705,0.270822976943757,1.0965857275109037,1.0666713269665398
267,2.020497118013095,2.122666322749483,0.17704935330010835,0.24981438207973902,0.4401067830485327,0.4567449697325419,0.03433286070043829,0.03486570637196903,0.15634529071201614,0.15409229566865054
268,3.868331823304439,3.9572725900656347,0.9309880324989662,0.9812671424474484,1.5354003459443806,1.4399947128972046,0.07933336724436194,0.08002130512974817,0.2959576964189246,0.2968132583954305
269,1.8333378066156645,1.96010963905179,1.1403057931846414,1.3391459400439998,1.8882106157563516,1.8375097265796854,0.30326692862003,0.2981471008281296,0.9152464919373021,0.9057317580850955
270,3.530948301216038,3.3244071831381774,0.5168835028513422,0.10001476586160495,1.850753363718299,2.754683596018763,0.02348702722697901,0.024007421920667377,0.0871149850879464,0.08881972993034416
271,3.8666201130183526,3.8532071477483734,0.7027286575414697,0.49777786559055276,1.50354764913577,1.8218653394159647,0.23358244440778148,0.20441465448253124,0.9917543400399492,0.981797778474833
272,2.9332078402864914,3.099240884670034,0.7064664168834466,0.7521270332992094,1.3115445897955649,1.6367105630166985,0.1334004987739295,0.1196222034104203,0.512547486668622,0.5414900824300958
273,3.466479041773394,3.9580114022062935,0.31054639515269716,0.5686537840219118,2.3052512916942653,1.9517953572391833,0.06280252700682942,0.06307866022029512,0.27660386352881067,0.26114655793717706
274,3.1020025979369343,2.9672553684499414,1.3582194550639033,0.7777271814594697,2.3171118457147313,3.0,0.02166585990982557,0.02039937497735478,0.07303323651279091,0.0749055170861877
275,2.0575906892973626,2.214163436586438,1.638419745655255,1.753205612177068,1.0834560904144017,0.9582683123696697,0.3230560291128879,0.3594397115192571,1.1803178328976969,1.1943177438114003
276,3.732290506011414,4.0,0.24296393108321043,0.12699869372725148,1.37212654204672,1.6678047918399497,0.11332688002204239,0.11050891663440185,0.39604768525444006,0.3742921739176292
277,3.2850880485308362,3.312286728922017,1.860944352507429,2.0,2.9994488760325275,2.6193438376634295,0.07965356410670404,0.08810005596601407,0.35684313470277546,0.34171740151019153
278,2.234222716370917,2.240493645934076,1.4009384218550083,1.404731999399346,0.6702336483107955,0.5143642756053566,0.16089497951039397,0.1664714915320507,0.5463803344201412,0.5425811098104287
279,2.5534283537997413,2.478691614936399,1.8194436991336829,1.9999999396686203,1.475569905759916,1.3788430031311223,0.21669242556429696,0.20768147874220064,0.6663880576960671,0.6853880496526445
280,3.813575161052957,3.9999997728635686,1.4587749635877751,1.4188518913110353,1.0161413135856723,0.9593112580531151,0.29730295627932996,0.2744253549526839,1.4144682156807067,1.3896966781668247
281,3.078671690239119,3.0528953179366227,0.8526489430867797,0.6632895714629445,2.9264872640572928,3.0,0.10440389270397701,0.09132492689717953,0.32979460057586363,0.3046183243117891
282,3.5024189238998815,3.51337364089421,0.8814610460966993,0.9031338315420945,0.818931719692063,0.8730379428562207,0.06912954148035527,0.07073394776289355,0.28498367983185546,0.28627127280425035
283,2.9587114937123293,2.864528949518393,0.8981663349862907,0.8082312004963876,0.7097720974184645,0.5376954534009759,0.20253637548772147,0.21663681791367081,0.8357777198031732,0.8089950584667318
284,2.100833541559652,2.3816673719470796,1.2136084177173274,0.939177263102496,2.525243637519174,2.962395889396406,0.20161872079494983,0.18752241788020116,0.6884353374356514,0.6914353567757021
285,1.7937329667717525,2.0203667281721156,0.4278032723650731,0.4902226735848205,0.10404975222511825,0.2607960038764458,0.13009960920509167,0.132469260400441,0.6347023308918026,0.6257453016854178
286,2.173441672678126,2.137297073119119,0.27692910693597483,0.25544454574353154,0.6399824560118732,0.6216635785754501,0.22231063620359098,0.22920468004544559,0.8381612248364758,0.8207330178601592
287,2.4161201502647414,2.336667066347884,1.37480118011052,1.3496327997419035,0.13665940990229264,0.1600226256737704,0.2795764466272973,0.2893078497838871,0.9755796716413119,0.9842900045879954
288,2.786064686052944,2.190324046333721,1.0915986705256915,0.833578452485924,0.32119493384725795,0.27265328233063246,0.2218571331637405,0.2051742597267477,1.063071794401051,1.0829357335935939
289,2.2052031056539008,2.1379963771798116,1.8552417309270905,1.5648286854937383,0.9730803642474395,0.978377339961807,0.12652873686278532,0.1298035231725543,0.5520057621683462,0.5604925006165314
290,2.5276878772258953,2.5662593668618263,0.6629528157970572,0.11984466685508054,2.29834681030441,3.0,0.24686088058405864,0.25832312417675996,0.824887432392203,0.7885869592931417
291,2.9406221373393446,3.2862895516789425,0.6878182949435553,0.6780262541790243,0.3856958468474363,0.24933925281073183,0.3756517580635565,0.368312539999421,1.3883353623763823,1.375807427372671
292,1.7700082347293158,1.961368411259781,0.6147482212768268,0.6740843760307947,0.054560609210509425,0.0,0.11892544211261283,0.12116770072933497,0.3586744586028116,0.354785177025037
293,2.4132215815445366,2.1765527594257694,1.9876905105053064,2.0,2.656260366227145,2.1664867272596857,0.48344950438567047,0.4475947244163349,1.4910239197802155,1.5
294,2.591199236104319,2.528851505521751,1.7333257522226537,1.683688352496277,0.09438210734800623,0.08455179102346846,0.0841559707210798,0.07589283190304985,0.27872324454233716,0.2847481774300159
295,2.102912515975958,1.8834084718367798,0.1013844806725745,0.1,1.6020347162364152,1.338281501453606,0.16487357048361484,0.1531324906836728,0.7328276929208605,0.7244042537155229
296,2.695579115539277,2.6568510352772905,1.4787329023985067,1.4734801581980392,1.519400938420697,1.260065215549003,0.21052633672383214,0.22048903257427904,0.8994268887822826,0.8828711437247789
297,2.0641727357800095,1.8745135080762112,0.6607640243999228,0.562073179518398,0.4240221768268555,0.4156978885491601,0.16067810220943277,0.15434499303023513,0.7320966347471526,0.7197379560354781
298,3.045559191933548,2.8356029301572048,1.0210244813047062,0.9648426830717772,2.6141519470683896,2.6287426371855886,0.04627969496239312,0.04713035387052821,0.18492145995882459,0.18736230095365272
299,2.212259924863031,2.300854407638903,0.3160509618556172,0.33306778911112006,1.578335169369877,1.4784743074236404,0.022095642486715198,0.022515962534746393,0.08879948134140911,0.0878716613439748
300,3.0919094405944865,3.323975965348121,1.4365905382416773,1.7594183059887187,2.6069257298415813,2.2969603166809978,0.37845546727507606,0.37572594739503595,1.3957094331953186,1.3917094276056443
301,2.08239694275744,2.020556614446842,1.947575816217851,2.0,1.6217191166855052,1.531389539611301,0.1807764894726696,0.1840350340005016,0.7529812772904283,0.7632744785776765
302,3.4902720223100574,4.0,0.11569229923612637,0.1,0.7835205573128623,0.933730014749664,0.1749625617247384,0.20403305158403776,0.7297226886143862,0.703134039662558
303,1.6321774930440889,1.5931969861092352,0.6367443209140511,0.7000598548257086,1.7528545737687904,1.9150166456470958,0.4057940772940022,0.3599936514467376,1.422059366899725,1.4580596387858455
304,2.5515825855291285,2.6824325188191334,1.3129153546009067,1.4078742869990204,0.8782346723563406,0.9515761310506736,0.12067227375646575,0.12359057603075738,0.42712219201795404,0.428685321823297
305,2.3878405624148056,2.965217084173318,0.650340848633065,0.8455799490398189,1.5363004964314826,1.3015839729754808,0.30968403323665933,0.34619791321719534,1.4779927038814478,1.4244336363130357
306,1.984584679938302,2.427110656499403,1.2287199572725533,1.6237502728799726,1.950548017942956,1.866233442853581,0.08517034063128502,0.09181631878086552,0.294203611190033,0.2759167492437473
307,3.6118307866673685,3.5017801479877755,1.9899989718460331,2.0,1.6968766981317034,1.5732069453584716,0.13187225859920496,0.12452182968545508,0.6156387603342311,0.6271842564236202
308,1.9600484290399671,2.2016753515875354,1.0578381028829786,1.1493699320921178,1.8054768892713322,1.8125465611088492,0.2537787624087761,0.2300629797313633,0.8825876711135215,0.8905876678279264
309,3.8508796859778593,3.674050682780132,1.2184857445824582,1.1662071680345938,2.6144069194215973,2.731383793659676,0.3344769778456904,0.29960038392453947,1.0545125585910833,1.0830248865629137
310,2.7183651606764494,2.7805359583553844,1.0546183032077294,1.151096637957528,1.5133036946521141,1.424731373590984,0.10387358918247822,0.10804178511154017,0.4181827807691754,0.41858744476687354
311,1.8678483421819152,1.743514951198412,0.6819853661758559,0.5225424807083244,0.8161254052634517,0.9158492072627445,0.38581135866100896,0.3728453934041035,1.4444954845108433,1.477499804278816
312,3.911215047865002,3.877435777766012,0.5333069014499512,0.48122649972452036,1.3986654037640252,1.347958535735481,0.1361435969237329,0.13893510863348987,0.512103678447543,0.5096507897388013
313,2.9534489845842486,2.3695551716343264,1.9804140471096667,1.5930744732971305,0.8092653249123616,1.101731796266829,0.20116362994019613,0.1976903544711538,0.8562804116672459,0.8669824304132668
314,3.7683953398492456,3.896708556128668,1.4710156142427824,1.6211809880417096,0.9737852620997625,0.7858014008880967,0.028293494050480244,0.02659674004689434,0.1231532060595865,0.12452835913428906
315,2.2068083430849903,2.2460405691686307,1.863360455189737,1.3391249223576112,2.5046981171574654,3.0,0.25070165339581924,0.2642611538099972,1.1137164744177817,1.1047164674829086
316,3.5100617711160123,2.781398457867657,0.6569536283750874,0.49715972708865486,0.9581644050575335,1.065500074481101,0.48114861818612603,0.4900730450486711,1.4666570182872674,1.5
317,3.1088302560078893,2.908514921779428,1.8676173706990957,1.8025891119195334,0.7252613276628618,0.7672553124717716,0.18908603276732133,0.17992986370688585,0.770470737653857,0.8144705027187087
318,1.9463410941941548,1.8816829803199069,1.8396916682122924,1.9042127041007,2.584836860299987,2.431479527926799,0.058302291388973915,0.052402103323608965,0.18891132807173966,0.18873076108479026
319,3.587146369125588,3.13893677316765,0.5986396332482938,0.4736513271791715,1.5181243789086376,1.346394070833496,0.1464143495928527,0.14112850911799985,0.5580460749145848,0.5267581861078955
320,2.447779436556914,2.2906453587854774,0.8731270496407877,0.8306373113837251,2.682012071571014,2.693794171310162,0.08696192426811174,0.07278568351970308,0.3687458964722685,0.39098762098962503
321,1.928612752700321,2.030860339837202,0.22231283149375933,0.26810829489327215,1.0901469030461386,1.1161223307235009,0.036801736010314154,0.03984334269074353,0.12616801631957672,0.12344740085116714
322,2.5728025762760094,2.5777933222345304,1.914165249358217,1.736260701204387,1.7526372098893805,1.8384961054893219,0.04032424013882305,0.0424757931366703,0.190128212087169,0.18553058735917177
323,2.6844310099646727,2.659870048564568,0.4629286470938875,0.23673508739028887,2.667006002390454,3.0,0.054706490974756314,0.05718859488882497,0.22500439457327687,0.22738759034045844
324,1.814108202411977,1.6311603848008056,0.5297045364910937,0.4278560173144109,0.39215504322848926,0.278604393877405,0.49050279441476213,0.4576066172815022,1.4871305890098754,1.4960753120638395
325,2.29255473321746,2.161013035864512,0.31421257340559117,0.25983158046014115,2.9244504337153425,2.673811783081529,0.0517879765350821,0.05044018939065601,0.18024460484090682,0.17798677337442537
326,2.71965855303518,2.6670693775168064,1.6985459456574317,1.9039028549904284,1.6525764303926287,1.6106255551027653,0.1722737181218784,0.19250084212396668,0.7299910001759502,0.7479909955834443
327,1.7557915525796708,1.5127771534524577,1.101749992946065,0.679461118297491,2.1418422877705723,2.429182061592121,0.278358848640039,0.22355174010899725,1.1707589873120847,1.1737586982747348
328,3.634523843080596,2.6407648136923823,1.3771073751692262,0.8003420388385472,2.501043418339343,3.0,0.28118900159048926,0.2842054655475911,1.0167576838394268,1.0797576808096079
329,2.199976774813595,1.923940831873533,1.2069461948200746,1.0504870593622084,1.606188477759031,1.3904680484194676,0.12578900684519095,0.1217072440314759,0.45988188246545625,0.4739671398488948
330,3.5171394174925057,3.567765139322194,0.6224156505930707,0.5830564204636587,0.012276137656071162,0.1277413072503566,0.22171134740899506,0.2362855407391042,1.0295043500455272,1.0289249802825677
331,2.7488191863228812,2.6880414555132495,0.542421424354641,0.5317148718344431,0.40156520173947496,0.37642253318672825,0.01996377005992971,0.01854278951902975,0.06918002404880644,0.06670445319988448
332,2.2909612033585023,3.101357494854142,1.6531202070968671,1.9391335938757908,1.3331113070777518,1.3753798225532163,0.3369736179722475,0.31145630689951664,1.0610781919118566,1.0225589030360989
333,3.6786869729869682,4.0,0.6334364332933566,0.7460424385938683,1.7856812723478241,1.5509673948643565,0.12221914293515737,0.11633294040002279,0.5720165874599239,0.5503077414077969
334,2.696604032849589,2.3900382114271226,1.200154002936536,0.7402755031801255,2.173398909865344,2.6345800254831104,0.11245899471617038,0.11531759007822942,0.4143315083928058,0.4389816375712471
335,2.7123235875743212,3.07305178768761,1.299151559164946,1.059688619114111,1.58039487657582,1.8674303442197342,0.29564821084725595,0.3132171844630395,1.3062922784937863,1.2612797273250562
336,2.435496693016091,2.806156579794091,0.15248378126935114,0.1,1.253075963743758,1.5569637891488968,0.34869102271535196,0.31003968046909813,1.1225796192273636,1.0897921555379797
337,2.3787709240450665,3.2065546414194595,1.5499282755850827,1.5423736074607872,1.7576400076838934,1.7566484163754235,0.35284957750418056,0.38265242651325054,1.193485711419636,1.1154856905239452
338,2.1613188217591714,1.897352629190748,1.2371628160689765,1.0394502959140153,0.35155754088727487,0.4343510179810615,0.18684562871189953,0.18687960898035802,0.6987068468252107,0.7213198069168294
339,1.9264323746381473,1.8748561040868006,1.3655275709052632,1.325926870990143,0.9317898686679833,0.8714718892034532,0.3085446186096683,0.30890571272063666,0.9320383590657557,0.9260383577512523
340,3.7629582945908915,3.583304191604972,0.23608110608453606,0.19843169019094872,0.6271502390968212,0.748729517647786,0.17350565509440996,0.16853280858764064,0.6414935843667924,0.6247389730353822
341,3.917920343909919,3.594691616209314,0.952534137014828,0.5037195503750042,1.5962137806303522,2.3412687835288293,0.08092029693299334,0.07617648327268553,0.36206277197777464,0.3559076684740062
342,3.0651815287419666,2.7814438216371777,1.4037958837668494,1.325126862669915,0.8697074532513526,0.7554277361853461,0.07951256899206888,0.07635732554790636,0.3032783522485888,0.3007310919239028
343,3.0068555539512927,3.931997058418993,1.5859774156356239,1.9886291935644387,1.3400806036800188,1.3211291305691295,0.17816265838791664,0.19038655622616438,0.6716868635545684,0.6400369102420604
344,3.8003101987197976,3.205827412003053,1.7228920124533371,1.5488885924341431,1.224123728939722,1.1143491480527747,0.2510620817771161,0.2618601790452205,0.9853537329183167,0.9582599346668996
345,2.7369348979688684,2.5958048684658177,1.7634432722194693,1.3361212722742837,2.7594853159675834,3.0,0.26713874509475666,0.2535779816871991,0.9420257937602817,0.9582379433652853
346,2.5844930273284854,2.610791820054399,1.7700733812165517,1.7323422418231682,0.9030771111240149,0.8551739230810708,0.05283308493160785,0.0507704683445309,0.20579472885123706,0.20235215973734563
347,2.8456544520773175,2.7076377351325256,0.30284452870143297,0.1,2.2479061125633835,2.5931473434772925,0.03726267166636791,0.03442558085743635,0.1398777622630336,0.13981664633568908
348,2.186350496033995,2.257943502874086,1.2058655509841811,1.095090428412506,2.1525676259157844,2.147732676802421,0.309636606477213,0.28671907630085197,0.9790090926597845,0.9620090877499817
349,2.646873207442953,2.5587801653673203,1.5530025707172104,0.8531512382178538,2.325608788683186,3.0,0.1110776877441629,0.1105872673786988,0.36761583544258125,0.34152117479313493
350,2.9650319950895856,3.4362478944751365,1.9518103078594662,1.9999990911941703,1.6270507185646799,1.6645659370310268,0.4055059771450792,0.4078923077673996,1.2873608639072507,1.2743609370425595
351,1.6489881623516194,1.5600233699182555,0.4373112385124147,0.31452652363650063,0.7482543830464646,0.7992244014322063,0.04831325986280183,0.04737700974186242,0.22424942488423494,0.22262498980954012
352,2.067280252404785,1.6571106138898106,0.8755242702773686,0.6096568745088945,1.6523226436902063,1.6212842398287408,0.3543236013289915,0.3643342792725008,1.443283179163518,1.495282942985347
353,3.7832197455105,4.0,1.8387996868292746,1.857733159893806,1.563402278077389,1.4802841690025064,0.22834659306438215,0.20856864281188867,0.843576357406752,0.8165045860933051
354,2.464931939315273,2.205143059720298,0.4126545697933691,0.3529548189802358,0.33425007793574635,0.41851793243124435,0.054977185594734024,0.058615101654829777,0.1655382848111221,0.1691908083860255
355,3.226448250982041,3.9334852326033376,1.3732047342046152,1.4329018907995428,2.646607644206938,2.671481163934847,0.22608253507674278,0.19861656743488784,0.8208963670930404,0.783652188612826
356,1.7351990327299758,1.794034627512603,0.9730862909246848,0.9239430620584599,1.7219321368562812,1.6679226104886387,0.10615516615246615,0.11179672932469614,0.3718403087564324,0.3731115154304175
357,2.152347863087952,1.9762317875925064,1.8301494847621866,1.25210148046075,2.6883009882152127,3.0,0.07813012728084429,0.07424671966307606,0.30640425654842623,0.31350053847241677
358,1.5967125854559643,1.5,1.4111499006089054,1.3224310548267835,0.7878898989495547,0.7078609385119801,0.24647353655758442,0.28187909677667816,1.0635322343571698,1.0805312147436648
359,3.267709932736374,3.0467874988340315,0.6621933970454933,0.6143946327526888,0.2864154728929983,0.24935418855648034,0.035912998485969766,0.037420395755976055,0.16485346596368866,0.16482215663388303
360,1.973662442971625,2.1129247257210517,0.2547584973621147,0.2700556958055426,1.042121614892742,1.3244435839479287,0.21110246925329762,0.2076333312233264,0.6633961769799396,0.6771175905814955
361,3.1620279246458,3.3203562718086084,0.422584509148075,0.11295803858326971,2.2763692319901407,3.0,0.4383274920001482,0.4105278745137211,1.468714488373136,1.456714877971279
362,1.5474967472530807,1.6153832408284803,1.79693096399224,1.6814288975468625,1.4189759136333282,1.3911296364592916,0.1032961928144909,0.1111109026818396,0.33455579246164246,0.3313814046345149
363,2.707207221281111,2.4266983003009495,1.6558962070265701,1.2794621000687625,1.886329744027517,1.72561475120555,0.20829392468039157,0.203359056648005,0.971537271258372,0.9893404369183063
364,3.7059610692394007,3.5580725558845967,0.40767078586797567,0.1,2.2307739906517456,2.7556618847884162,0.2976184047447931,0.27306811202205566,0.917686100858475,0.8864101470975766
365,3.13184854511667,2.228053617451385,0.9523594503104094,0.23454132393740873,1.8414340370410516,2.551840588729636,0.3282976836444375,0.3126759280391677,1.0377287907285946,1.1046287595877693
366,3.049700266452637,2.3697574471765583,1.3497733086751948,0.681902582167329,2.68635593318779,3.0,0.10213695001423767,0.09026045947265822,0.36001425810897403,0.36366694831834373
367,3.664261475781659,3.992241111710894,1.7702350764284043,1.7142374379908984,0.5710912025404502,0.7370158065738099,0.3866121821441963,0.387058945624582,1.4310536942929333,1.4010536294039557
368,2.3882450204044847,2.2711887664563712,1.3931306132055654,1.5096698102299435,0.9134238277387551,1.0113498445419131,0.11750801541802311,0.12342034723926698,0.577940115975364,0.5954923312296515
369,1.71461581692135,1.9809390458208056,0.15197037042175487,0.1,1.457412539615596,1.558211929032406,0.28232140999936567,0.3024689674491647,1.017843925696677,0.9807391184830568
370,1.695700116559695,1.7703178577481182,1.7189191593540094,1.4131468498571036,2.008587493521671,2.239596474214323,0.25985796026926244,0.2686163267050262,1.2121245938585337,1.2111246390539052
371,2.441198390066229,2.512349299656692,1.8421170248337448,1.869286037239391,1.1403592853961486,1.1419387948142043,0.20005545984640208,0.21314798607280677,0.9420998174073231,0.9451464027852938
372,3.0321687543876896,2.889296545162926,1.5135434340386718,1.4506849398322852,1.2828402974997943,1.2015796991050889,0.09536229623620728,0.0991627854798543,0.4204140084967578,0.4188338388285122
373,1.7467890061627054,1.599865538620481,1.544910376814107,1.372117033105131,0.0008852959890004453,0.0,0.048887259393030624,0.04954998093896495,0.163973775918307,0.1707050817889219
374,1.5382677840016816,2.08487990023485,1.5670921432632383,1.7978829757771075,0.757864029176105,0.6749807095951459,0.34509192944868705,0.35425214433123997,1.372430036009514,1.303431069368007
375,1.9549699850116342,1.99543613755635,1.5854157443631616,2.0,2.321655026744326,2.4045279488340894,0.22076905697468358,0.21525708558156986,0.9122811806918636,0.9302813361698752
376,3.156065890152598,2.822775868928475,0.821776456706767,0.27748996080947336,2.2967807723597478,3.0,0.23125223402660763,0.2321926139776502,0.8383231852769023,0.8293232146993069
377,3.0007723161938102,3.0530820988811853,0.4544493552069834,0.5062478282971589,2.4626281778482895,2.745771132696264,0.20071313177017222,0.2128030589949741,0.9239366622645098,0.9299366830834883
378,1.7881008253518311,1.8070934636192504,0.4358903597217735,0.5850778706575576,1.7689225598072102,1.642209565637465,0.04518313910996407,0.04432677096468489,0.17298533883628883,0.17208495490942893
379,2.425931345256318,2.056107172194239,1.4719863702856555,1.1492236145075188,1.3654653991101062,1.62977484361237,0.17063012356819085,0.17041831557870746,0.7720079072116977,0.7952721269822138
380,3.2100219196778204,3.0857112501420603,0.21021369567828385,0.10935587531730581,1.2583052838424735,1.3840015264288261,0.24930989395072073,0.2241317195102293,0.9300195152640728,0.8929440889296703
381,3.061617558397037,3.1313988766508256,1.151799334177848,1.1678591355515007,1.4446732611816602,1.1898482564121702,0.24200465665649612,0.26128658281157185,0.7850632316356503,0.7660632141824241
382,1.8511221984925508,1.854157446152006,1.9440654734190326,1.7495887423867942,0.5266595518523274,0.753207979507221,0.1861090583780157,0.1729093758293143,0.9015372264410884,0.9179458981072064
383,2.78016072504974,2.894920022032037,0.35728333428991077,0.3984007348723126,2.2260981436663467,1.9903334313497711,0.35343225030151076,0.36284607284780696,1.2497508246677003,1.227393472607437
384,3.621089287904922,3.384625344696465,1.3505168364817546,0.6738389216179359,2.1894615852731794,2.998850139432547,0.3406387830728186,0.3488197902169532,1.0964621094363207,1.083842593531882
385,2.643656313042907,2.6562021045454065,1.4355809959845143,1.4083968692567823,1.5762826848987825,1.704486520909449,0.3039256867891961,0.29303772991240595,1.4785377962477686,1.4735378548088516
386,2.4279885812561455,2.230753522409057,0.42609194417776,0.1,1.2844722440801788,1.6409657687425285,0.04032076367311807,0.04084224015300384,0.17167369659345233,0.17371687252505405
387,3.576730536444825,3.2400319850622936,1.7060954354854339,1.5955615107955636,2.0743242776020896,2.133636896473027,0.05812922234656813,0.05254214386208106,0.20844160557472602,0.2117564564374673
388,2.744138870693215,2.2927326700862,0.9283735624504591,0.7998671831377759,0.7455229498434431,0.6531229523527828,0.14068676891939597,0.14103440301952927,0.5779363322707283,0.5711949045660815
389,1.7032963607625373,1.5,1.7667412140673784,1.319785346116889,2.618264341755283,2.57558581059413,0.41013626265352854,0.356399834830001,1.3947489704748568,1.401332225666655
390,3.368534030668765,3.022889884439855,0.39563001742639836,0.1,1.678703805630186,2.190511776722341,0.4718072978006962,0.4463177981266261,1.4377897503742845,1.4556702174107867
391,3.9887288895848023,4.0,0.8812479528593131,0.9020831409775887,1.105888429771523,0.9818185266205723,0.29186705411087827,0.2930929632334798,1.1843820029550685,1.2085742728599327
392,3.435391908086442,3.157533015961779,1.0359502227768014,0.9252887741413911,0.7206689437463025,0.6864558410992835,0.15128401488962925,0.16614394101552302,0.471593724366051,0.4832150391895768
393,1.8346326781537634,1.879532802267111,0.9395623065571853,1.0537148567024253,0.7448904420763913,0.837379346465376,0.06939756016008197,0.07084541531556228,0.24639653489558766,0.24794173136743378
394,1.9711829720408307,2.2206479321533408,0.5116787921006258,0.8826715986515178,2.933046992027888,2.653887413334931,0.14842913044530412,0.1511728493894242,0.5475408997022109,0.5607001058066868
395,2.176651080136045,2.5286137666192614,1.4453977155036535,1.427678726220803,2.0024783848902468,2.363230655366003,0.07228535436731788,0.07011853322133396,0.29686829415785115,0.2921673571394273
396,3.6278780919754223,3.7192037202126964,0.2563847349120607,0.1,1.696813588522864,2.2516293463078485,0.3497020531272648,0.3515880444257702,1.184280596159365,1.1927512511831901
397,3.514203474530537,3.268743971643185,1.014642312176394,0.9633157412385116,2.9140476315246264,2.8720928839270403,0.2147269230871159,0.19001000112779592,0.8151337574103404,0.8101337565197335
398,3.667685202785868,3.636141886598553,0.810432605536177,0.7956893023717393,1.6890520309223405,1.601788064064996,0.308318199652454,0.31757592852783423,1.4925570149968923,1.489059125167037
399,1.5045394146100628,1.8634006085911377,0.5401487086240797,0.9160824716963543,1.8888866543033194,1.7065251822419518,0.32833299684543105,0.3036834947851831,1.1781240688909103,1.161124063168599
400,3.117221966306526,3.2636898186636922,1.09660954800197,1.1960728637678106,0.7637597288094226,0.8092491570013921,0.01698557732676575,0.01488034132587483,0.07761679511597012,0.0772241887465234
401,1.732260506127691,1.5,1.0318818509699115,0.6938749926187584,1.4803105173425517,1.429816161839471,0.1934519714785462,0.18805079834545146,0.6168899055279876,0.6211786133299966
402,1.973211307886062,1.9706721215323215,0.12859646060353958,0.1,1.0985009553795022,1.1691757693617455,0.23056159353233757,0.23173536968978914,1.1280185101150586,1.136657112547939
403,3.0682981360710624,3.4214785080714822,0.5422970222905292,0.7179551753913833,2.0086302568057905,1.9670711777354888,0.11651506881290755,0.11885003121083496,0.37810230588958743,0.3790621183291546
404,1.6238023521083267,1.9713361970617993,1.6607854694269413,1.677160908733359,2.697425216011838,2.9999966235311546,0.2877338918151745,0.2948867330405415,1.1142884296095124,1.0922884353851217
405,3.8125441405659974,3.3820011148245337,1.064137777960497,0.9142053344258891,1.0916671525985329,1.1360479155599201,0.19918733935968633,0.21141355224784314,0.6390321344374996,0.6372688808908568
406,1.9596637064001332,1.9851969576748993,1.9986563397993506,2.0,2.686187716156577,2.567868172056281,0.25293201539000854,0.24305248478136435,0.8811581198717753,0.8783616239730825
407,2.444513086295805,2.6672063442501286,0.7853772033391234,0.6037217748025343,2.393935696473999,3.0,0.2518197649260674,0.22391359253691354,1.1246571877094569,1.1116144317347825
408,2.4161675613279376,2.566219205589415,0.269413587817496,0.27541950988361247,0.4972793407349645,0.5238145218538229,0.025455439963422942,0.022896076927104717,0.11381174202993685,0.113924738064437
409,3.2406891914443783,3.5051436074394786,0.2230916845889607,0.2819165867555472,0.8969933008441927,0.9932214121714753,0.333395370284011,0.32782501037489337,1.37609104219518,1.4024647206620013
410,2.172017653042002,1.9669454367863595,1.5001301607791742,1.3686802542660335,0.3050631313752825,0.2978999321588895,0.21669659419533632,0.2025771090652413,0.7930113727267729,0.8044667863136298
411,1.9398885077319772,2.5175980337011277,1.2948228763069185,1.5347405882729457,0.5179649770917484,0.6399459691277871,0.08060701146309017,0.07880727474346355,0.2750380730882276,0.27285530690265886
412,3.0221158566534703,2.8762136928926365,1.1621581855983283,1.0470317944378527,1.3142458381775441,1.2453748412781591,0.10397493157705343,0.09672423427473033,0.37275296757927406,0.3752502293686013
413,3.8495488181676842,4.0,1.7923847745435564,1.7046962508992798,0.2386044839342666,0.38861940314518867,0.1288259709295076,0.13813932962187103,0.4678824478242167,0.4639715331155324
414,3.897359501969853,3.7897809430393594,1.8335998044820847,1.756900561662337,0.16633393618482928,0.08470019001967358,0.10873458041027685,0.11045315343067627,0.5396415243450374,0.525657860619324
415,3.637652546430688,3.399751098491243,0.16524974238237455,0.1,2.4407506734039988,2.46653254619614,0.16947777870184708,0.16442224989750082,0.8226591244575456,0.8226769420276927
416,2.9120233036327425,2.7375889983415234,0.6455862232795935,0.6682313887372326,1.131418120895231,1.0082718193901896,0.20405923290876993,0.20939112825054554,0.679419819086996,0.6725896930076052
417,3.8018294515925595,3.494398052063327,1.8370223648340311,1.7260707397420476,0.17757724221538562,0.09756202412740594,0.11591963755779186,0.11741404148373186,0.46122817053111653,0.4513100239510226
418,2.0264947707420267,1.7433974070609548,1.6992377390811835,1.4067368311039654,0.05322272462859767,0.221693788011134,0.04803674752142704,0.043918690200131706,0.21081150391775338,0.2106439774988292
419,3.544733332498905,3.841728721678306,1.769910699699771,2.0,1.978144450349364,1.8260758768421137,0.20216060245721418,0.21774457875057954,0.7154967569318892,0.7114967239228573
420,2.289529765480413,2.4433455492604015,1.6740425195023272,1.3516036157087066,2.45917066288384,2.9999744037084635,0.047673776968181245,0.05272251404676215,0.21174676958878919,0.2174800825010667
421,3.499030503135688,4.0,0.7528631612430762,0.7204833813250654,0.9562200229339535,1.0405134934903792,0.35372738982043106,0.4202174425952327,1.4015229240600982,1.3342978573523308
422,2.3407436433314732,2.4708297242729884,0.6676570200852574,0.7013379688369885,1.296948580885361,1.182907820163139,0.2701914907136617,0.27898613309850623,1.0409113049871737,1.0394469103178023
423,2.6923701386860097,3.423678488002537,1.0535031702900006,1.5889250194891316,1.5735766068894645,1.3522032201170555,0.09616780557864713,0.10481543029847931,0.32837219894652225,0.33519808116794914
424,2.497824233552585,3.232796221842463,0.3179746705161859,0.8076347845530898,1.879097798210803,1.723720293650557,0.01348172209705888,0.013262804222780547,0.052881355000990185,0.05206198890565826
425,3.2568604579446285,3.6226169500218885,0.6612211376586322,0.6733485088814531,1.1783846670057831,1.1357796260667428,0.20434883322620992,0.20860870554325567,0.7324849962951419,0.6952380825944522
426,3.083518598506876,3.122487863395522,0.5208121987252649,0.6872146812594322,1.782644433867788,1.616464464358748,0.13160288900603848,0.1353472850398799,0.4506073798757377,0.4520594011797135
427,2.632997643245022,3.4502020191740645,1.5300260391521006,1.2495415084947499,2.315633390357668,3.0,0.18835868560086438,0.17952802518645694,0.5722446926051665,0.5211914079956895
428,3.1457583501093227,2.9025974097867904,0.2930539851948612,0.19439429569901523,0.9300527415033525,1.111488920059859,0.019828822122457526,0.019625894507728028,0.07774692305712637,0.07580054031440508
429,1.7009787502009792,1.7906745246642546,0.13083949863841232,0.1,2.2647496440205743,2.4770847137344534,0.16750094634134827,0.17096809532206578,0.6929079694822766,0.7010554916302599
430,2.9886627105370662,3.2022202557839305,0.9919954351668526,1.0253940569213351,0.9534475994285759,0.960873378881487,0.11388999950198532,0.11503421811259404,0.5135952815349943,0.5148395394901647
431,3.1005758721143657,2.932823678759874,0.9223397684129996,0.8852397700685531,0.6844639804076524,0.7165839153556504,0.3126038045732261,0.2766680490610912,1.0403334801633495,1.0380656819825727
432,2.130328396268479,2.2365941422771884,0.16025410825692707,0.1,1.985047998561763,2.2165664112890817,0.039440979406985245,0.037883943387521234,0.1658411497626026,0.17007440802136414
433,1.7943783818164556,1.7293073128287162,0.31464173121159733,0.1,1.8693435436445307,2.0539744702205316,0.15155407547721494,0.15538834990577222,0.5959787839493025,0.5939265085541453
434,2.0262847354785416,1.8124250444336503,0.3497464253065089,0.10002120987858128,2.6105691538912166,2.744464213011586,0.09028522114416093,0.09640843347163221,0.4357954188078381,0.44214585485169394
435,1.6100453620470798,1.5,1.3470350413935968,1.050390599995292,0.4904238961023405,0.4489971161259286,0.22828456050117713,0.23159446453639393,0.9340154483365757,0.9130154491201998
436,2.123415381558713,2.571707249975056,1.2030794738188513,1.3089060893002418,0.9208976020375919,1.269292279948217,0.12976425760062257,0.12185433534286927,0.6244624903555317,0.625777021411469
437,3.5012361130660135,3.3094880108539315,0.496278569914118,0.35446484143390394,1.0876426148071805,1.2591617279608962,0.2685123549749304,0.30452751102421444,0.9963234179467811,0.9574262887208282
438,1.9332644126355785,1.7362833637712372,0.8088085819094913,0.722033328233929,1.7442535819927318,1.7338029455100352,0.0516211514764249,0.05893463592729694,0.18618729821723806,0.1918159224426721
439,3.056564760075898,3.2719615807232576,1.8825583466714781,1.9999993113786805,2.800446118756618,2.6337509775104286,0.011072180975073684,0.01160829771487411,0.053571575324999204,0.054627782273268526
440,3.6020972927086685,3.221911517428285,1.0183888862632535,1.002992128807846,2.2418131505004975,1.8240082457151974,0.2922143430754518,0.30076845926759654,0.932849942003139,0.9218505083153788
441,1.6121068730803811,1.500001479904844,1.9741385610341375,1.8238545874230268,2.262292077133247,2.535272330992483,0.3085534222518139,0.2916377863014793,0.9432412923273694,0.9623166899490073
442,2.2301138537136294,2.105609880531494,1.3022880250988982,1.1218732906501847,1.6346789577419671,1.777443456202827,0.06668692134072558,0.06978599287176748,0.2625420463703445,0.25788928088274354
443,2.0716439783444454,2.1516373506139965,1.1331408249443005,1.5578851028390988,2.7050010450130797,2.267062667069367,0.017148021333836597,0.0173672490771227,0.06448513943745676,0.06512661608246713
444,2.2999321314589123,2.333165483248088,1.3793858717149503,0.872514625887974,1.9695354153330547,2.5358899729730107,0.2979527090087579,0.3426609934285326,1.4727620819403875,1.451762085164294
445,1.5066597664142087,1.5,0.8183139468510332,0.85104548679103,1.4765759584886828,1.487730966784723,0.2814330381940888,0.2574803136030106,0.9467507836555843,0.9523850631636068
446,2.359276861790812,2.4464793283896076,0.18931351552386802,0.1,1.447030287254056,1.5583742851461935,0.11123435520426872,0.10295896807670822,0.3869619870168892,0.3681238707794965
447,2.7964929510870244,2.8733202003331555,1.208513197233885,0.873638961021534,1.868973035841012,2.3560386227351637,0.19223583795528834,0.19954347090051794,0.7126510189584183,0.7024274444862583
448,3.565121882432664,3.2733425480576432,0.6797027904861406,0.5736719620686307,2.311489880749812,2.167059705787791,0.34789555397764305,0.3361923336522472,1.0441648844571727,1.0381649110371947
449,3.3373833881535298,3.4045311699724246,0.8885679670832373,0.5710367614546321,2.049762140375936,2.6912406669782807,0.03752539904562579,0.03794343839804448,0.16516270091930477,0.1739532673939375
450,2.4930082117341827,2.5156525507901604,0.20354260876743094,0.2634936658782038,2.1038548640046675,1.9955682758946192,0.2808565499420731,0.29035104947123613,0.9684789089188548,0.9784789225776858
451,2.5672204796474696,2.62177434731828,1.275986428275416,1.2976747189066902,0.9771767831692001,0.8023227940639696,0.19166214507381002,0.2036277505249367,0.6294037865070514,0.6264053379280301
452,2.2994217696041757,2.136116448408561,1.9283368110645276,1.782683123773211,1.1472635005775995,1.2430655660085648,0.19056468053328063,0.19225120880000612,0.6087243542411216,0.6187828449135014
453,1.9330902119914315,2.1197320403300246,0.9723395734388075,1.1848166351610716,2.745936066648347,2.999997743929306,0.14468963614314856,0.11476857756678438,0.6747612195593315,0.683761340584649
454,2.882449839418883,2.3509244894009944,1.0013741836414498,0.8170576976562616,1.1637582293298556,1.1516988227575933,0.18160155575624062,0.1945320751486619,0.8761226778882807,0.9021107042024704
455,3.906299507763287,4.0,0.5349542287440782,0.4598174225656847,1.0725800493313224,1.2793584279553503,0.07984896461833503,0.09034358066614921,0.2564795162026461,0.26484603701318765
456,1.5208895944262601,1.7498354763880057,1.4469067837231455,1.4576940655010506,1.83483042769981,1.796313557786543,0.23478909338058446,0.2201163811108115,0.740251674373221,0.702251671317394
457,2.288497973986585,1.5057914005341093,1.5696379872920887,1.0171967244991047,2.023928767288726,2.0360580191646984,0.43871733423951415,0.3653892560508057,1.334803614986594,1.3898035957744752
458,3.4563859584911327,3.6072304730684426,0.10514943052028951,0.2159567020193009,1.8896790521287303,1.4914042385810289,0.3862879828125099,0.36862647992251263,1.3468461136152112,1.3251052031684987
459,2.4664096434688703,3.3053682397461155,1.4809755062025207,1.8819536164743607,0.5980389251537077,0.543698713445077,0.10712836998722951,0.10229797098809257,0.5074994873689285,0.49245352185234115
460,3.5396868205409246,3.693533782920252,0.4664735472729682,0.4559958758561423,0.2901854290337068,0.2765306610575491,0.1462728424131897,0.15187281451891999,0.563596954421569,0.5584601050377883
461,2.8447658133179736,2.7542789620363983,0.18249434175856571,0.28359531067851357,2.01401292696036,1.8709047199161213,0.2664178955134329,0.29116973981465194,1.134317230705996,1.1563173115583603
462,1.6378332960279978,2.298448965592453,1.1988821736214306,2.0,2.8166593042797823,2.3384665361748973,0.4622803666081089,0.4078880455728498,1.4274851032712534,1.3884432216986873
463,3.134024420745105,3.5428772061928653,1.3147373306129022,1.445128193195162,0.8394989146041626,0.9327293717147197,0.32916515685558745,0.2897319590883901,1.1671626620540851,1.1961615067283993
464,1.6654451585082857,1.7002493484861596,0.39471399898932136,0.3926878311904099,0.20870735283346942,0.1933808267681762,0.046550365327081254,0.04470295693166377,0.22935288263359827,0.23165866113848801
465,2.6046910403972867,3.5086181938383163,0.6188920832781181,0.793967427723231,0.8147747693956497,0.9379970053134039,0.2677548471107498,0.25862930336335677,1.2996704652055846,1.2491524981480926
466,3.4223374673899207,2.2765064754257462,1.2693669736519066,0.7374002032351246,1.918557049929043,1.8999077271451381,0.3649263903088771,0.3448495739275323,1.2391172605044516,1.293040452327201
467,1.5484373910716387,1.5,0.8084057725429851,0.7117252031948885,0.28580994626714606,0.3640658002351604,0.054099771868194174,0.054303733566604805,0.20395898444571492,0.21379025013324762
468,2.153234730256127,2.5982640727621,0.41679057968272304,0.5194970106749591,0.46038534675008647,0.47905507295866945,0.1717918858790245,0.16833302090554988,0.7691651594076109,0.760527433903011
469,2.5144940456132163,2.4032453391697963,0.8024828651712362,0.8421643968664921,1.720205837502664,1.6385236526406992,0.18522789786720445,0.19727662726278453,0.8166411946997952,0.8111139461723166
470,3.678575056514403,3.9999998894524658,1.4042055862953384,1.5875217649144169,2.6956653055333617,2.6981119565292717,0.17753672534269582,0.1859401197375451,0.682444442066222,0.6924444484234351
471,3.8656105376823358,4.0,1.7355274724466891,1.8328405761174758,0.14868172582679362,0.09708028085847611,0.23013618556742932,0.2336673513226668,0.749436483722843,0.7469998610316403
472,3.759523092113502,3.7693177883958375,0.1315677218737336,0.10000006267183026,2.7763301222092602,2.76303743877066,0.2803667507512363,0.31442480243059245,0.8667788493925708,0.8837768707275969
473,2.5716958050312195,3.022866745088529,0.2951875519927575,0.5125310651966924,1.1372259701835419,1.0380625321506258,0.15790291870577824,0.146449144774251,0.5458252970668807,0.5575710622061305
474,1.878273678681536,1.5311223304386603,1.9980370335139541,1.4991279037670686,1.770612844733098,2.1284926579913135,0.2543644893466389,0.28312572393500735,1.1765103583408134,1.2011650067384387
475,2.0994616772418975,1.872646256315405,0.4909734299338646,0.37367909493681395,0.16139928910239676,0.1429778919469823,0.032993531276831294,0.03165256272305722,0.11780357813399275,0.1162783675886949
476,3.365607008048997,2.9298818507412574,0.4708996702364634,0.1,1.9905092899061456,2.492887628388017,0.19756978581972873,0.18539580213231846,0.6062086460863616,0.6071210419001888
477,2.7024326823703735,3.1326503437301856,1.6613867358650163,1.9343852768691299,1.3758951731688431,1.5106639980321563,0.15941665466954003,0.16777428806105066,0.542760672428464,0.556760667719571
478,2.7315301224684245,2.7146190229256524,0.36349100473087503,0.31427569119968635,2.891165231960815,3.0,0.12143710442579736,0.13269736308853897,0.4083988659688494,0.40826228605336223
479,3.0636596147541795,2.709535862269817,0.5318699326012529,0.36398778346884814,1.2805360135741966,1.3769934755684043,0.20111130362324586,0.22808392646746206,0.8171181746806954,0.8091182609473082
480,2.9575317494057316,3.0453953796775393,1.6087995346795283,1.6060200966075353,2.6034076453193404,2.6765967642896173,0.052813685737652244,0.052481167800598465,0.2142644505957217,0.2197246375843061
481,3.0407874736437206,3.5286692690897477,0.7878110477502513,0.8473180186560169,0.09685124770315179,0.053415298096068466,0.02772316495517247,0.02938529083637004,0.08820885648208371,0.08840518213385856
482,1.6556293367613846,1.626002145549184,1.004579027503659,0.6070221275630039,1.7708415531464206,2.1026024761158935,0.2503353588477749,0.24614145490399453,0.9566280410759948,0.9486284280954651
483,1.949843088855684,2.221380784227141,1.481776806958479,1.6700394350679546,0.1613473546895855,0.1572080154233073,0.24958404979442808,0.2711383408337691,1.211764844658575,1.207938377161867
484,3.945132585354174,3.655024963716104,0.39910106817798285,0.1,1.743021332875892,2.4393118517394585,0.23362386422152745,0.2142534251870697,0.7958390236645158,0.8302219152922458
485,2.651471062342074,2.414464302636171,1.0368440863324528,0.9012644737685983,0.14166295215015579,0.13711590147322386,0.2011031991141493,0.1763846437836353,0.7362783975716021,0.7193175670684215
486,3.836219624485947,4.0,0.8387883858848042,0.8300125095911025,1.5079997879864333,1.4834440298070135,0.03732506283324767,0.03511961033243818,0.12254015469868447,0.12212582826652768
487,1.8543952337771306,2.075343967455707,1.1891423339487526,0.9742708027192128,1.6969807140673228,1.8060028419246748,0.28023965180693217,0.2763131479554721,0.8732297098961743,0.8634439239618062
488,3.6608178245337655,3.930189439510234,1.3451131814189317,1.3206522834798005,0.6250706559982553,0.7581541500145381,0.09130303032496162,0.08574430356330448,0.39965585993978675,0.41444215864637646
489,2.5082045734164478,2.73614455084138,1.9990083161716528,2.0,0.7210514334176744,0.8662491031479844,0.295484690142221,0.28501701253437317,0.931792431612649,0.9107925753984986
490,2.02020565064477,1.9354988005156006,0.9139708236785868,0.8618300307519359,0.7912373414349936,0.7864213647611842,0.07082307265853031,0.07754498364745693,0.3092243158470217,0.312648641571742
491,2.450429458251633,2.5529491225113508,0.5084399003088269,0.570116500327156,0.1355170277777622,0.03773180528923655,0.12130145194702197,0.12399753389678798,0.5124554384401799,0.5157137302933803
492,2.586374157848641,3.139741119875211,1.34490940337464,2.0,2.639564895363384,2.4784068582360663,0.21025744266901908,0.19114766144539083,0.6543662486006482,0.6613662481975803
493,2.83534220088011,2.9883406080250823,1.865881776037805,1.9557220914350095,0.7518305228062067,0.6284174917213234,0.26612770937680674,0.2577490433127384,1.2314940519725868,1.235493999264362
494,3.818700231160828,4.0,1.890623663234818,2.0,2.794227991669077,2.7831179986649075,0.1315458712048121,0.13235337314265352,0.49004332845888027,0.49747064981103606
495,3.7724131536626864,3.695157880971467,1.093274526089406,0.5363687527654231,2.0606617609411124,3.0,0.06762249931397336,0.05853184097258155,0.2452938666146126,0.24135971474941226
496,2.596160768316162,2.8546384367579347,1.0899744320695677,1.239205179660701,2.392783828054794,2.369701271095601,0.1887213075326012,0.19158688655411127,0.7854925667937045,0.7766087686799701
497,3.9874313087216935,3.834533631182695,0.6745728334601613,0.7301720021432664,2.249717090046565,2.2993431438629046,0.11687420806351449,0.10918331579971616,0.5459321155871264,0.556248934813603
498,1.9912484097593937,2.258361665083151,0.5748932724629536,0.9065926297468564,2.651249502682762,2.5335362856740504,0.13405423122629373,0.13914793498744846,0.41180255021289325,0.4131573268224841
499,2.7188108560589397,2.637582477575738,0.10578396130767043,0.1,2.5515868721138033,2.3726569434749756,0.31741379456808844,0.30412092391229645,1.064413993352279,1.0661632585460488
500,2.706147953911695,2.8080253611683568,1.147024262428681,1.1119417847108217,0.8871941178895751,0.7833860016955517,0.11032944494291295,0.0999540348982188,0.3512785889051577,0.34026296207958323
501,2.4424205492041526,2.5591291011292427,0.15304010405429397,0.1,1.6478001355878757,1.665887167212041,0.315349407649461,0.29980609123881247,1.3358654051947734,1.3357896367587183
502,2.3011052287970806,1.872828666795069,0.2243253399406625,0.1,2.990339286946221,2.8548891750349132,0.29304316731921193,0.25560323448131084,1.385781979000611,1.4212316505723184
503,2.777786206753536,2.123967062610837,0.900532828963615,0.7441737887022926,0.1591111540850484,0.30941140642429943,0.3880668962180906,0.41366797115172044,1.3508898411298478,1.4051749886486684
504,3.6603923118654107,3.203047067512368,0.30084955419282206,0.16555770472730733,1.9488232684229865,2.069277336940372,0.2880407255927926,0.30540481914309786,1.3327546238175958,1.3498242265232216
505,3.7532198322443655,4.0,1.9520539146276088,1.987287056054934,2.128579039372055,2.1482361061076722,0.05464728621640749,0.05453217796345779,0.20538509346305373,0.19695970603487034
506,2.6244687635722705,2.766948918190728,1.7777500154943144,2.0,2.8735347965519464,2.695571412889897,0.3526554244553117,0.34216711862005705,1.3628633985058562,1.3548634011789757
507,1.84566421953134,2.013406892807484,1.8357674582811685,1.8496191713445223,0.1365811896749144,0.26468111761898083,0.3267601215908541,0.28952912005849035,1.250693110206634,1.2443294623275767
508,2.418758190155871,2.318616652133882,1.6606266763545647,1.9334751486833492,2.8657370030988694,2.500614624023551,0.10362448653390807,0.1004708064709274,0.3341384896177964,0.3501440604583618
509,2.400666089311346,2.704443001787071,1.8191800746642464,1.955066324366821,1.6114195566969063,1.7879875254913518,0.07030440122136329,0.07037872994557914,0.22492202202811146,0.2288960094875328
510,2.518619979339981,2.3257212308284854,1.098597637229274,0.9963817579716647,2.2965298302377692,2.06648423757869,0.09126914981999609,0.10444858562711047,0.3534994372673118,0.3616625128254858
511,3.9418450930341424,3.999979617973439,0.6925539967590619,0.6887578266197003,2.9825820332402624,2.8983305997297357,0.3864018251585677,0.3494169148767051,1.338785950740189,1.3307859582305182
512,2.9306391281537754,2.846175478988168,0.742853510227748,0.6930494159370407,0.050899716567512576,0.12515160464790115,0.1374082609382509,0.1427062777435587,0.4418370631358416,0.441499027168498
513,2.616270823914249,2.908856055456505,1.1837360820412888,1.217333436806268,0.7876031546845218,0.8823585054420937,0.05582776821137204,0.05257977730961354,0.2312944835229478,0.23821668725962364
514,2.986315624725985,3.469775802021169,1.6639959020281685,1.8288052630083977,2.421124878266853,2.362630379746141,0.15643133196419712,0.15586018125004797,0.5676111195440625,0.5736111495040974
515,2.824940275855231,2.503034854687785,1.2065449087880589,1.081965102219344,2.5792050109177542,2.648725701958779,0.0880465720491152,0.09502038562562168,0.27354779437642907,0.27988776288567124
516,3.197580372098038,2.8995564279034483,0.6627795453538003,0.3930582344876343,1.6948701326214812,2.0444504967468338,0.3934553213567127,0.4188736695262315,1.4751468799670993,1.5
517,1.842297309275125,1.9355031142809906,1.3144025309850094,1.112516292290692,1.7229628690591858,2.0533651047616113,0.0486437352742319,0.04862604428237078,0.17366577530828298,0.17001646977502544
518,2.8487257719846157,2.9785752472863387,0.1831664850444671,0.1,2.54500831884677,2.7686594383849226,0.11072977514387071,0.11428068807013851,0.5144695950920865,0.5241772634876983
519,1.5927964917627193,1.8166291145614195,0.5787558457568055,0.6610337948276667,0.4702700235474896,0.5527163205857863,0.3537067340369775,0.3575049745231693,1.237477763249962,1.1868110612046148
520,2.9651437381250565,2.520985836878212,1.677813361107509,1.6104346250421178,1.89962472964584,1.449360865731562,0.04860945961813405,0.05272738244229919,0.16509132626785755,0.16299322033115188
521,3.3607814342599296,3.696843873560908,1.5483911289012826,1.519918844297935,0.0791519771961594,0.09644008251316653,0.3298715212698779,0.3247339939580373,1.2545662459944449,1.2230804578441523
522,3.272161153687537,3.2484607938789787,0.20527567291168577,0.21193949663819284,0.04553607651515723,0.04640678992409943,0.12434447472251262,0.1284448116228602,0.49370988358950707,0.5035520628643247
523,3.8082433493632677,4.0,0.42276597534155924,0.3964656504098983,0.692181587002071,0.8347007320963613,0.3722962200949318,0.3892067721441463,1.2540022234590398,1.2097837153540902
524,1.7680942348109405,1.6742390308709014,1.4014283653856283,1.1628786283422516,2.0953512113032158,2.3558471850816285,0.09000221180912507,0.09594885666301821,0.4110072877864981,0.4264634501977883
525,3.4102865573305214,2.798659153484248,0.6118988797344732,0.1246576721537875,2.303905242894588,2.9999993915349927,0.40380092551582836,0.44406725714458195,1.3819423171094036,1.4019431474129247
526,3.2259877528468635,3.644587448930403,0.8415820110894071,0.8929288970798414,0.42187038733730886,0.30187451214987215,0.43434582586324033,0.3949101714212929,1.3864806437313297,1.361482064900155
527,2.3598378511090523,2.7153827307154925,0.4035751620932836,0.7358575968143417,2.6691606661638936,2.419200732218658,0.03437299345575541,0.030816465376611257,0.1035651891773935,0.10454017558935487
528,2.521229671277891,2.36048616879382,0.33102591512534557,0.11397092778604181,1.584930445382117,1.9592989381605532,0.13585097914002514,0.1592272969835308,0.45554450208131164,0.4368495425530436
529,2.8021057571338823,3.8303055958794414,1.4832629910337123,1.6591613231613307,2.585542912986468,3.0,0.16398565328053255,0.1560616867439635,0.5328264297513483,0.502102361125438
530,1.9953117958394722,2.3614528461043283,0.9352190624143484,0.9346705330514465,1.8813984168314781,2.173811035469665,0.11765721797778275,0.12319908947935435,0.41625835512510617,0.404258314677457
531,2.3427488513110246,2.553486412379824,1.4573372971682639,1.7452991750332782,2.958166212164209,2.999999846181461,0.08709333755267971,0.08750885663933403,0.2619154224825531,0.2579150601161414
532,1.8485107566005163,2.4063715774803676,0.9062167858101398,0.9205819036788571,1.3044558650364562,1.642210475805062,0.04626334603822754,0.05248393729403442,0.16364585272514562,0.16156478905606775
533,3.5692748966454104,3.312484473164859,0.9343508667683095,0.717507948737404,1.2792078824782283,1.3603158260251393,0.26938502045745855,0.2549018068961792,0.9813631300313993,0.9813639773066811
534,2.5206706029234063,2.427527003903051,0.9669539980692331,0.8745040098508369,1.0955385247885712,0.8991914201912569,0.0699242418026353,0.07803024482189351,0.27050952559067293,0.2726208852071887
535,3.226286584599397,2.7618761415498514,1.98425359493364,1.5731509625076903,1.301458895616829,1.3134662326533348,0.28833763731266265,0.3125278513055137,1.1422814585090686,1.143281453988899
536,1.5593564884905766,1.5,1.3135599824302813,1.0521115936285501,2.556990157672373,2.2486352436018002,0.1853190417953096,0.1693930942881,0.7667799777884626,0.7847572439832097
537,3.72975725279733,3.675050217991003,0.3770843303343434,0.2961377040524467,1.1529047852423033,1.163557132449956,0.22556786561257838,0.23385342052214717,1.1075580566832124,1.0935288915507235
538,3.0334303069542625,2.9009749523859427,0.6931966382807366,0.7313526772998273,1.7576691554520805,1.5972441437832086,0.4823718469244018,0.5,1.4586046718477679,1.5
539,2.749840320508425,3.0354693997458915,1.9901849122427004,1.917578953268402,1.305633484267132,1.2997801972754548,0.3418206796113839,0.326046980224983,1.2748570850896548,1.2348570719530019
540,3.6005015301365635,2.9443818663407773,0.805047759803468,0.24307786037156284,2.2564258995642352,3.0,0.2999363071454105,0.27884877543070885,0.9876019132997892,1.0041860372708387
541,2.4838977180064603,3.235865762441547,1.368420445594414,1.65687750159287,1.0184594805049338,0.9932261856570801,0.251061974450581,0.2502918926511144,1.073001327339144,1.046325929746056
542,2.311037826113842,1.8000484830574883,1.0887095136221856,0.8120289509978746,0.5543219841867693,0.5042566266344715,0.1649621569234369,0.1562298137963443,0.6326669891081091,0.6541966514509929
543,1.9320597108702715,1.9463385567405707,0.3945346816453158,0.3979687677837998,0.7769683221614091,0.7357346830561668,0.07849439164662857,0.07921629949291469,0.3774844814144343,0.3683125959906918
544,2.6383659644229844,2.495930505974275,1.5939863288268925,1.6882919193056134,2.7044470118587984,2.3572334014460017,0.12950308377816816,0.12816823775035852,0.5416160368365579,0.5464913864656142
545,2.5901417995235825,2.2480538321178836,1.7412179968354642,1.1104941485724054,2.5012806634254225,2.803047699487438,0.047431254812222,0.048249322527763545,0.19178350823308793,0.19078351246516134
546,1.5076344878370662,1.554767313284053,0.3864513622936899,0.3756290203971885,0.5059815636200002,0.5762287867804814,0.044039941372698364,0.03425049976599001,0.1801661455743338,0.17297953192501253
547,3.0937565873609625,3.2813518046441814,0.379484488466204,0.3868523972769532,0.32554044878576927,0.26603461302636827,0.03848737929907939,0.0363336920778945,0.16932478998006392,0.16337848228397464
548,3.53530505827346,4.0,1.7773105635020985,2.0,1.8930744190655486,1.9201012467721812,0.37672912240815276,0.36403736014723487,1.2389606141635676,1.2599610060379611
549,3.0610374671741463,3.1082271174027705,0.5765566317753402,0.4970478619836609,1.9741834974862158,1.9874317941897404,0.030228000269180016,0.026627150150858113,0.10259578067897342,0.10531212113326421
550,1.9265302718632125,2.0554405032099425,0.20094904755480394,0.1,2.0248653222490125,1.9449609742939948,0.03965818141828763,0.039376895932622405,0.12611354369414673,0.1297257365690923
551,2.9827628348737822,3.002284772907735,1.8976424909096254,1.9410706564348044,0.3057005728430363,0.2684285314611792,0.16086811789856428,0.14148288370993276,0.5159863607692476,0.5379718152664592
552,2.523364451394402,3.037255349285617,1.1184450408363609,1.6174168493697039,2.599808850926193,2.499218229277851,0.42562900023158756,0.46027340038330933,1.4937403237715174,1.490740322302462
553,3.6017164950335188,4.0,1.3055526201136127,1.3636755497126791,1.202965005154139,1.4555202565764365,0.3355383384958681,0.31504376990635236,1.0343524987264452,1.0469259330384446
554,2.2632956688326833,2.2247091048619696,0.841342169931111,0.1,1.5038058483012238,2.5473892504024116,0.21867495766742795,0.2047207981438701,0.8581770084087806,0.8298924938864735
555,3.7788341380904393,3.884119741835937,1.444407268784119,1.463171295331341,0.4172792722448857,0.5119753910348609,0.012944621571298026,0.013315477012426384,0.05574339563521449,0.05713115209828504
556,3.377728934479441,4.0,1.7197019393873219,1.8353058507780327,0.33961059507564473,0.12820843618297745,0.3274670772959852,0.3391247603764563,1.228432680461405,1.2224326736983697
557,1.707606343477352,1.7249526466216618,0.942904200867454,0.6386277847562484,1.6400006549406057,2.061389886191983,0.16152935903623294,0.15890384302014401,0.5989882554463832,0.5876476633203297
558,3.642145859530396,3.489774237145207,0.19265207297415407,0.19956024555858665,0.4596946678652789,0.4063806796169272,0.15374928942574032,0.1473731772697094,0.6226794631032652,0.6159583458870013
559,1.9692742441662028,1.7545154440220792,0.5149576064033873,0.3313239772522385,1.4082282009228397,1.2272692756764092,0.0489066060922414,0.05031937502160293,0.15582235870504318,0.1613662508937571
560,2.7580905536578553,2.8541612354802472,0.5125771736216614,0.549884463342215,0.7379076301251887,0.7884650056599631,0.43046646156656415,0.45177592821304957,1.3779292918164976,1.3849296320218358
561,2.2467263327277127,2.627260711634371,0.36053489750948686,0.348062738298796,2.6843217764812595,3.0,0.2301505188186005,0.24042322332970326,0.7813698481183616,0.7704268373709999
562,3.5584361798120665,4.0,0.12743128337406998,0.30548237194027655,1.8097219478157625,1.5020473896958917,0.270569976483171,0.2800878569003377,1.0416236952210025,1.0540151146402366
563,2.042095831191101,2.48094021431042,1.1863641970393668,1.4171625892139519,2.9048233259686254,3.0,0.3610587323647997,0.3432119137827797,1.2160869300211647,1.197086948772375
564,3.0988020370319607,3.9338770392410245,0.46582775682663013,0.8810273278751293,1.8143833631106026,1.7095901129593112,0.173888661532252,0.16724590892214627,0.7692141065172473,0.7520227766724764
565,2.935139604186159,2.9568561596696026,1.9759062036279589,1.9658848982149542,2.499139140731419,2.404171221106714,0.1307261735573081,0.1272699001750073,0.43204490120924455,0.42804489838746634
566,2.4033755718923384,2.7451659321163744,0.22559717905235718,0.2240178927258702,0.5410317627007083,0.6647987936568246,0.14399761905059846,0.14883616537632158,0.6169321893595116,0.592188035991511
567,1.9966231531781353,2.211605382527867,1.6835782592901272,1.668493562000624,0.025098389146027356,0.09339646821298873,0.11436752692873539,0.11301025237287378,0.5025996046592286,0.4769692498012107
568,3.2596358084362675,3.0119212267956046,0.650215539732327,0.4340727919779148,2.4710619002855907,2.639551086637942,0.12705419508940435,0.1267591840391452,0.41998222422915676,0.42098222639776495
569,3.093051529759551,3.4290483034054606,0.3120530911404914,0.3474950103898891,0.9292473717262693,1.0026546505946132,0.330076902665167,0.3337573297946403,1.1695478052487873,1.1745835907246565
570,2.018275335776681,2.194789349360457,1.4255375246645303,1.3277105274103822,2.901422571020513,2.9999997468958544,0.29995168276694345,0.29426964340738726,1.3229539847864369,1.3109540040490306
571,2.8349621839777703,1.707144301856501,1.4345041185680445,0.6288123964674621,2.952379672386282,3.0,0.40497702880571507,0.3957349069317371,1.4112413860918152,1.4872413848250805
572,1.8120867472938749,1.6195922262058309,0.5431566081482848,0.40492511250938273,2.973285858645154,3.0,0.2750843334645965,0.26192764814166086,0.830547466710571,0.8570033110015605
573,2.3065889342023302,2.324092927293773,0.25863052883786136,0.3025023403601369,2.28646588584874,2.1149684251654337,0.2955888335098292,0.33911436543823215,1.0083270968811198,0.9953248114294593
574,2.658076902939838,2.8490762954036835,1.3169682270614305,1.3692675945959376,0.8654149561942963,0.9335946133619927,0.0983059752456046,0.09981785907736017,0.352303526796039,0.35177151211842667
575,3.799619493261869,3.6661974003065403,1.950261262933054,1.9189737876338109,0.506019201214005,0.4232852014584816,0.36415965654186844,0.35950176259595246,1.3441409079544566,1.34114049232238
576,3.722925367819808,3.5329651458035123,1.3378613534103845,1.26303280943741,2.490452150843753,2.61547810787493,0.04899770873551588,0.043254626481428735,0.21355464155657894,0.22131359021289515
577,1.5164987841873756,1.5,1.465269660326172,1.507982110134644,0.9190696187318235,0.8488657324471239,0.4070774442631668,0.42996860704798867,1.481156263625994,1.4781363411012443
578,2.7474960595880096,2.7913769759062266,0.26516280465267783,0.2724650569548912,0.00854021418812756,0.0,0.16808656789073348,0.19643947530771858,0.5435297768210905,0.5434374545037427
579,3.9628231791975526,4.0,1.122987108412532,1.1751383189024824,2.9730579945824314,3.0,0.30472183745414083,0.3196881310331701,1.3404042680881683,1.3491186950520835
580,2.6901124022589853,2.4731834463809803,1.7170276853480986,1.6191021065999582,2.9602376704190747,2.416457239479133,0.11219093296718258,0.11443602579560927,0.3859405308356847,0.3689641623661247
581,3.848911109083325,4.0,0.8536131006827186,0.947495833680144,1.8655675614826186,1.8485728464807765,0.2773291197364048,0.29865239229710877,1.0866248746922167,1.1196248736293954
582,3.527350919816641,3.0678255229384708,0.41779614787885777,0.1,1.5449287748605496,1.9833661429192522,0.3016571326473325,0.2840757284692262,1.2839741179894695,1.2837576407326343
583,3.468425735787207,3.506999177385274,0.36932344526881566,0.4681096842145325,2.1321392766853955,1.8300181661477621,0.19879580622023135,0.19927801110297533,0.9786434163256456,0.97209441522176
584,2.7212030116332575,2.775605064726423,1.3833304453874982,1.5516018345745075,1.4171557309987222,1.3066919543861748,0.2517058671342929,0.26268470286590617,0.8217826317677437,0.8507825615237652
585,2.7993086846657427,2.9215442274956183,0.9259847649915768,0.8128906752927221,2.3251272823393534,2.3665164800177587,0.1937982978555427,0.18675412887071602,0.8327646556089227,0.8207830619435615
586,2.559089859725362,2.3192778404661687,1.57019293534757,1.5007747620881258,1.0628022719415355,1.0249467921650017,0.272756516687394,0.2521416630888098,0.9534037143799515,0.973308229331895
587,2.5698064736564623,2.4074135227040814,1.207181530864817,0.4645724648840971,2.2214151232645554,3.0,0.03135270089012998,0.03267710453804329,0.13474899879635718,0.13902154192127547
588,1.5124177748504044,1.5167395695534531,0.8778916287308786,0.7533922867847065,1.4382557959161069,1.6007559686914228,0.07177098990203201,0.07427414999614881,0.2882647853033544,0.28851464946367805
589,2.9780649587261907,3.0209475738065152,0.18643475077044658,0.15598211946177498,0.10513453557921881,0.12958297276060424,0.14811034478359303,0.13059593398580416,0.6629783752117121,0.6562142738485379
590,2.0448424174951114,1.9364547629409703,0.43147854184950096,0.33308575468741974,2.23774234179034,2.3640952189595543,0.12905019551225955,0.1225514903635056,0.518877023673054,0.5323810961291491
591,3.6171270113108105,3.4214027308431665,0.25016973563669004,0.20527127817555857,0.7931138123534492,0.8751141464214449,0.2618204788195096,0.24258650876478974,0.7866211663816365,0.7730418604369443
592,3.8496293059213,3.956071112315395,0.39805556763034544,0.1,1.9293673583291764,2.6311378864947748,0.18768067648031195,0.1792295150516549,0.9283609225911913,0.8844406242935253
593,3.410939121109855,3.533051691369871,1.2106366868252698,1.2472841803117551,1.8359800932087076,1.903495103992272,0.2108032957502664,0.21790758820471706,0.9997912375570422,1.0152758160206725
594,2.1018566775359027,2.1024060235783253,0.2644801530592448,0.3553960440730448,1.7333460140629675,1.6826942537341472,0.12213842788547094,0.13096537477206388,0.5619266691090643,0.5652212303348614
595,2.049917154756743,1.9761287768038664,1.3879148325366903,1.4659902283542385,1.2093076435868755,0.9369134274055522,0.32719943801311024,0.2762908183104351,1.0006777491273586,1.0083567186614524
596,1.6039856483060504,1.7886483348308868,1.8440772246734063,2.0,2.8153660276644485,2.7786051626658637,0.21040749636766293,0.2104019094731111,0.6504676796261879,0.6344676496586785
597,1.59946384931421,1.6529445516050152,1.4523040525218467,1.2224343176820707,2.152696243581547,2.388074566717509,0.2504930835257395,0.24034650748811207,0.9027589952791665,0.8967589843019543
598,1.9572437426583842,1.8579067074488744,1.5942902266906231,1.5046015235151582,2.1503463649066514,1.9739140073094508,0.11036261957877473,0.10245253568370463,0.35912285921095893,0.36216324059613136
599,2.9012467141567213,2.945275143466224,1.0766393755016264,1.1687346651310517,1.3438491080779662,1.350424615217184,0.14198101903070645,0.135715453048779,0.5186989725097334,0.5483801722189378
600,1.583934940147464,1.830452395005186,0.24929455646584656,0.2976582848517235,0.6329596306231269,0.5994786508032004,0.21286177726422675,0.2022679125218197,0.6748979928523612,0.6813631404697618
601,2.626876461827153,2.1816423167661814,1.4424820236735978,1.2530634813471189,0.4214393212124463,0.404146798221405,0.3937683097492557,0.41560867486974395,1.2153314786686487,1.228332648423659
602,3.056419563886114,3.3156894058831403,1.9100502460972044,1.847222558487907,1.0060714780744697,1.3868917733412467,0.2816215393595557,0.268091670998341,1.2517458678254538,1.2411788370521861
603,2.1960092981246637,2.2495148272809113,0.9245742700339451,0.9706002259216111,0.8431172066001601,0.769731986803148,0.3999442611276054,0.3977713810225254,1.2107895786963727,1.285987306273251
604,2.096005862564766,2.041337335906304,1.726481543566921,1.649491472656479,0.5800983205780122,0.7108000763323336,0.2559034826463526,0.25590153716587505,1.2026018875330797,1.219584477496988
605,3.7879562756044933,3.7999507618102286,0.6824141515168576,0.6954992385836566,1.2489701718052522,1.2742893096484804,0.15055985150211681,0.13978394409020314,0.7216811496887382,0.7289303951150049
606,3.524464003581141,3.4112986592882137,1.8029607214524688,1.5307937182551299,2.6304722273596233,2.7853716959269352,0.29760651260548054,0.31222477842515534,0.9280227602613161,0.9280227501998198
607,2.7939885946834613,2.5138577590717452,0.29710944024108776,0.46597070985326106,2.7994221518654023,2.3155096526511247,0.31705902584979706,0.2748719644738371,1.0232203314569441,1.0502203153597502
608,3.743267614873104,3.028032137148443,1.906774110313719,1.600525320822311,1.8270137220365397,1.8676591607461872,0.3167043892016999,0.3699491094646059,1.3254905876642173,1.3409948469559763
609,3.8368374655054405,4.0,1.6510253355505986,2.0,1.762076973335081,1.8075132712979574,0.3305190104086264,0.28169406081090875,1.2128632269186774,1.2642998361601987
610,3.462120528524814,3.6293323873129313,1.045988556786194,1.0435020140594167,1.2341180971379178,1.105137572960879,0.12629067035075664,0.13806980475961347,0.6177471817649153,0.607538124437546
611,3.5757826197210694,4.0,0.7565709708333483,0.8487497240352063,0.7642200840092035,0.8658262989611726,0.09197707788203144,0.08386339320870188,0.3200138631042129,0.3084029664524994
612,2.0299116068576613,1.757099894769496,1.3591312241728708,1.5219591689957692,2.752845709853811,2.5417017000323856,0.33631543098684,0.30763256188982835,1.2555979171315974,1.2935980400268323
613,1.6957694531477148,1.7518534558451417,1.957240093811472,1.7055816521801734,2.201911792154041,2.4454148783495047,0.16936675797757514,0.1750511013862711,0.7519486439139527,0.7549486582085345
614,3.811697199837915,3.2032714907423134,1.778412664892735,1.243686832372426,2.2775709594306055,3.0,0.3214575493287335,0.3070750000420115,1.3306852821886233,1.358685277383971
615,3.15810047013006,2.397020403947524,1.117268484732648,0.7922113557826407,2.5335679171807612,2.818480456178266,0.2931830661208067,0.2564108180037474,0.9350477241753532,0.9860478871105933
616,3.6916428347032864,4.0,1.196357225353419,1.2698243448922453,1.4438596000392994,1.414645923381482,0.07828664121986657,0.08242873233326027,0.3911137634484161,0.3892806158448137
617,3.255696157100579,2.4069581125207504,1.0523162691754393,0.3737204704449969,1.7690456416209883,2.317131760607006,0.28617095194860476,0.268891188082995,1.0942160163380712,1.1465261831967177
618,3.670765253101346,4.0,1.9402644316588245,1.9881030182919808,1.1171425263365262,1.3161541147222806,0.08666175499681371,0.07337974926556619,0.3317068286819266,0.3369054578520567
619,3.6055694944390395,3.509161350818044,0.6341671870778893,0.6434697240531143,0.7416537753378739,0.7479739970467227,0.4143476161190012,0.36235361403781374,1.4031992004087506,1.4631980020727888
620,2.1244733610655504,1.91223647271242,1.2296711727619385,1.3657741246340487,2.3821431620324045,2.03131100463477,0.035930832233138324,0.034039845805637695,0.1507338640756376,0.15463717112200956
621,3.7446400801072652,3.765743170343379,1.7808950150912153,1.4657320334216786,2.8327908069653893,2.911463422561716,0.4148059034786763,0.4624006717585626,1.3262391805660567,1.3022392085105223
622,2.371039649647437,2.610639273816187,1.4874498566088685,1.5894441448041785,2.9740348855247065,3.0,0.09232358733224968,0.08905621552758879,0.3682933918619731,0.3666867433123859
623,2.6845683432836465,2.5382583164324366,1.8304308341960094,1.5710688717067172,2.7440534338236424,2.9995735763239795,0.2863599335698841,0.27917174046025456,1.027671918878204,1.0316719433371733
624,2.198443035879041,1.9496541829039522,1.4980792689446194,1.218274755993128,1.683590042948551,1.9955314631621253,0.2733578033044959,0.2796972291071248,1.2071319449513604,1.2421319966285154
625,2.8619956407416263,2.417943613360774,1.7145241410232206,1.513914627104331,1.0779826901982938,1.182986110983172,0.31826820151468815,0.2875414857881782,1.3550524278487877,1.3780526622121294
626,3.453676347204805,3.1642945783889065,1.6309171431301213,1.5587567680149925,1.367829381684218,1.4301667269926828,0.4359977897398146,0.3784996747876483,1.4666127287589272,1.49061356994448
627,3.022325120794823,3.2764926283160056,1.8459988718489924,1.912412445644268,0.5813674530928905,0.48281276093720793,0.09688017298281529,0.09773327192413041,0.463054057674334,0.46305157180150036
628,3.16180737284482,3.8195463312138838,0.9623370749575516,1.0539177372336244,0.298353728959904,0.27877503416985205,0.29113413555038203,0.2957634049910318,1.0115381642494867,1.014652580658899
629,3.5918704990359442,3.2273009983007643,1.5467306206610238,1.3318148804830183,1.5737253419244595,1.634101445516703,0.02964352237474544,0.033661781252723344,0.13173791205749752,0.13406758366863358
630,2.2961050899711037,1.9040091359007052,0.5283753704975654,0.3844945851438411,0.19430048412646284,0.1947051826656382,0.042121451304697674,0.04274374255130931,0.17134037714810801,0.17043174453098273
631,3.508737744698381,3.4602917007026104,1.1868009892252063,1.5214379654037957,2.7897340030679896,2.2704369128297652,0.13091269340867218,0.13625695492255072,0.5796849303872869,0.5779601485865715
632,1.5284814401794131,1.558127160255045,1.1036503765073546,1.2147244355518543,1.7769507969599145,1.6370787410362717,0.28042490623313127,0.29150135415459966,1.2378374786165818,1.2244093193029268
633,1.5158539760393794,1.5,0.9843292057732045,1.0023167928244927,0.7102553888344454,0.7987204395281124,0.16437805519376375,0.1498738904593651,0.5502628657349982,0.5607801127102005
634,3.0419540964785976,3.21231439017759,1.9785617343111557,2.0,0.4839822469989704,0.49334161616800876,0.462484476962027,0.41890464386598686,1.4794188849261003,1.5
635,2.2539011664159734,2.435869403826664,1.3680419887426614,1.5266445612474246,2.2398115850553992,2.156459182801548,0.07738269284139793,0.06855474579055239,0.32035110552711626,0.31277007580172744
636,2.8326546695137793,3.0874484510866056,1.8974246343768681,2.0,1.0914162718665539,1.1301008841545415,0.028952378925127708,0.029915740556145848,0.11843647241479356,0.11943588861056584
637,3.4705619644960484,3.214543345625831,0.5629969471292907,0.1,1.5544594646495589,2.3034531327627055,0.13656912494682077,0.1251562598635317,0.49789339335318705,0.48489339426650657
638,3.478148651385632,4.0,1.6379172697767392,1.69786055351237,1.4037255137283007,1.680252998358792,0.22287198785253381,0.20000204151758674,1.0950293128742894,1.09017314299756
639,2.8563284750375866,3.4170726587483147,1.3121820881484951,1.444269998963855,0.24339627091412408,0.14070746143644905,0.3305861762682358,0.2826258776039602,1.4022622221329961,1.4072626048375276
640,3.6145047076286354,3.3886172536982015,0.15063895378343398,0.1,1.0469870294809067,1.0818743782719547,0.30915417719161903,0.3216802000506906,1.4500952744424052,1.4491067178538073
641,3.8108658889759583,4.0,0.2994548539550842,0.46695490832884656,2.334982964521242,2.1598297369676978,0.08820000591033325,0.09252099375915945,0.43689964574405,0.4417768725614338
642,1.8771682232235885,2.0632107495985577,0.43635093940907654,0.5691466726171585,1.1201948671153668,1.0935856541869675,0.21785000792045872,0.18865524129498812,0.8740584900061623,0.8710585062487871
643,2.8088133989109583,2.755656140519623,0.17798892157506419,0.1,2.512352152069821,2.598682931189868,0.38859914683014896,0.40009375437377803,1.4226610932830692,1.4316973221792513
644,3.4551025586768516,3.342196825420403,1.599880558174682,1.5648982515146346,0.04393953514663662,0.11160512228391153,0.24629596613541158,0.21305310453395046,0.7704062222373339,0.790690912672235
645,2.034830058648387,2.008177190998867,1.6665425381763563,1.5345267462730252,0.3256738185235526,0.2322778956955781,0.021432896802570205,0.018715649434814834,0.0996288180277774,0.10154689226429947
646,3.3334706088309014,3.9039700080212065,1.5249182967532031,1.7359216433318148,1.8575116523874726,1.963254998061866,0.14630569454753126,0.16269635090819357,0.7184299795924397,0.7228038936077434
647,2.962548830360637,3.2823812563174,0.5358611868271475,0.5924249998283921,1.6915587134368513,1.8748251366182584,0.05582873926025353,0.05812316372730303,0.17758996651272513,0.1844265672530256
648,3.8084387031931315,3.440557730269904,1.2835072417160205,0.8931211559716963,2.4860469454816445,2.7707714147271894,0.01028653866312323,0.010153145775898034,0.05138158318812912,0.05140419776146801
649,2.128052425006106,2.104380942128965,0.40580023853141944,0.24449096086990418,1.119200361651553,1.2849449124757084,0.057854667305743034,0.06006281200616957,0.20571469549926025,0.20610439145150675
650,2.8616185183888927,2.2892118098441667,0.813573103058129,0.17740826250080383,2.3119403669800054,2.999998759188559,0.2776134072365117,0.31310297589373837,0.9429254532057795,0.9709260600552772
651,3.6765110308320192,3.946100406154772,0.13086546520756015,0.1471762081753073,0.7138659866624125,0.64942615504469,0.2635602727640928,0.2367242724406447,1.2089143065623362,1.2209686305592602
652,3.418222395328568,3.808507243879894,0.19719879982411703,0.2261468732843834,0.3188370925574294,0.38009795295205967,0.32996077869134366,0.32660640343865927,1.1767281121236268,1.1276144795266727
653,2.312612151915398,2.4792867343658527,1.7946214071625544,1.8023797620657904,2.3379469614362627,2.107340045408275,0.2529396500094011,0.2560749788804655,0.9503618031955327,0.9342921354981721
654,2.9400094678545696,2.4838289879999658,0.5098916160610564,0.10002850325016134,2.3225507150104634,2.566162112233965,0.29631574955152895,0.22656001351849847,1.4627557996607716,1.4368483269169654
655,2.220120502203637,2.2670387058297123,0.23694454443751567,0.1,1.309323903850621,1.472576522505281,0.13794689616089706,0.12356819156885354,0.565319482370625,0.5552522047810518
656,3.278175115605845,3.000898541904628,0.7212824333020041,0.6607386634285058,0.2756788554691997,0.32891787455321225,0.2220033221522078,0.2483625030203798,0.8885070210744902,0.8807210471919465
657,1.5137129473910977,1.5,1.7632936730701507,1.6963229684414933,0.46153739772658264,0.6053243926887304,0.43637318747962245,0.4231135316642088,1.3199266513017347,1.3171179296811537
658,2.1231657642329917,2.1517218742027584,1.7179718338392922,1.7590839837050711,2.413069008110452,2.3005401082037222,0.12012920023685497,0.11994316004632874,0.3768708437649755,0.37487095957063543
659,2.5576921755166135,2.1926060661825115,1.2501211051657484,1.0941684954991266,1.3010855700961383,1.2344475856991062,0.365547220604805,0.3283443495380973,1.2789954375001364,1.2799951987045235
660,2.951427958592136,3.0553921385353138,1.5878500455507474,1.4824630959749823,1.0451474427203997,1.3684605200074318,0.2079648954665066,0.17610138685862842,0.9286223638064812,0.9513105270755464
661,2.0200137231557385,1.8842685199717646,1.996864759282186,1.9503395454324126,0.296499500435782,0.3938851193587423,0.03488085674806657,0.03282366249048967,0.14268883730385357,0.1406504862346426
662,1.9451593113612908,2.014265463332774,0.5591131563012324,0.5544662767501408,2.591277523238237,2.760309964618149,0.14697019952179957,0.15271292047259513,0.5397128790892735,0.5395279459981239
663,1.8908284989575062,2.043745760632764,0.11798290335895135,0.13925617941482193,0.5810584075323922,0.6897840151964618,0.09151021869102362,0.09969701162835654,0.29373751871864234,0.2761136133709844
664,3.488697711929403,3.761437229448571,0.9894426451538156,1.0873472741545873,2.4048979650581384,2.3382793499175816,0.17212327754180268,0.17019709869841243,0.5290450083262994,0.5413413350263063
665,2.420099243330029,2.8876011579353746,1.7209861866321743,1.8602303897842447,2.0132751054033804,2.0946548945367356,0.22834986461994586,0.25373169159966974,0.9544289592106001,0.92742894224415
666,2.0926170513752544,2.114722829016163,0.1947677502661299,0.24368343674294785,1.3782231565313716,1.4496726292933564,0.20600454317034433,0.21192573270698548,0.8188797560664643,0.8581015716606689
667,1.6882267769689197,1.5,1.3913158738023779,0.8330440905439337,2.8934144303092215,3.0,0.08557681989466667,0.07906559141649167,0.3456985344752204,0.3370572407992319
668,1.5194251293983942,1.6724252989004111,1.6061047686634489,1.7354097579921497,1.3149268453088139,1.0886146216777635,0.15270781448945966,0.157203796656547,0.6238106385498647,0.6128104084664523
669,2.5961021013758305,2.492937882197242,0.2922271206747856,0.29537534476355265,0.31013447503589686,0.328578518357783,0.2748915850336111,0.2452176713096802,1.1729686344244252,1.2051278300392538
670,3.040926758893071,2.2397197356296807,1.8944097701256963,1.3743985699381644,2.8017522676709867,3.0,0.35490255713589247,0.33140535699637363,1.1685514178532006,1.1955514106356684
671,1.5023744485091703,1.684319309070372,1.2976141926748919,1.6721422612833179,0.6920747095767797,0.7921288445423711,0.018837764769575438,0.01884089938765616,0.061486298260702205,0.06261203815470757
672,3.3734159881415815,3.412449587009191,1.029148744232155,0.9809397639564543,0.6972429572640267,0.6006163375611693,0.1597838513444363,0.15163895885902684,0.4893991400832623,0.4393970060093878
673,3.1840866593682486,3.2344229479468782,1.5860442040400706,1.8572977000820607,2.3413713233132762,2.0422992717215953,0.2508796025685858,0.24763395318554737,0.9404696277455371,0.9514696184340512
674,3.599421616817167,3.7210717939929947,0.16336516183156646,0.1,2.8641345025319316,3.0,0.31623318273061674,0.2881795704351959,1.120814770379547,1.1450550261533279
675,1.7810604039393394,2.1280893217957817,1.203317503885586,1.4520422740300902,0.13681754964079684,0.15897838558490987,0.1693951971622986,0.15916895960319016,0.6791732570267955,0.6531732564474616
676,2.87810753590785,3.217390969785602,1.425674968243889,1.687282717036965,2.171071405508056,2.1802616790417515,0.33684209429821205,0.323554769683012,1.2464471643135595,1.2484471112196203
677,3.2208882929934193,2.2320036504401504,1.8647661407548914,1.3988542814022527,2.370576597975769,2.3054400459609337,0.2892355530957883,0.2857149419838795,1.22550295073273,1.25950281150682
678,1.9582781730720822,1.9818848713302057,1.0374070253583054,1.0020690635102765,0.9914586861963919,1.1857583964506606,0.11610752980815253,0.10625883898799444,0.3564964363768168,0.34549643412909103
679,3.0089542105136355,2.5466255913387323,1.4518445486504157,1.3564122177617097,2.2299839192816053,2.248867217629288,0.34838728755834836,0.3477681756611578,1.1910542303262917,1.2320542723608594
680,2.285877163162012,2.002526055807917,1.968121114524082,1.5297430784371535,2.3885238972358733,2.3940384327345865,0.3213732715847753,0.31672816726626274,1.0022759486835127,0.9962759510464783
681,2.129116925738943,1.9649845023126389,0.31529787391855146,0.23826864122275776,0.3786461500773636,0.3138173564984003,0.09512980557220682,0.09830689802068826,0.2883488787671888,0.2813502993995801
682,3.332626963074089,3.7044656135857315,1.8823386573676895,1.9902221816201031,0.01914187968766068,0.0,0.09543121034467313,0.09404737801661214,0.4384136559125067,0.44040656853136384
683,2.4169970573399175,2.130412006628289,0.452767423767069,0.1,2.048769938290496,2.434122354334004,0.11055454565014387,0.1047184369032986,0.38160318930006576,0.3920479293561602
684,3.4131973572755046,3.8918491555272086,0.896277166314121,1.2733857019973924,2.615606994964786,2.317687779892809,0.1737811927829629,0.17172006487053465,0.748889663771875,0.7490939530886063
685,3.1466595708860043,2.0562513981588255,1.6020795660205596,1.1746305153004566,2.9874577703183416,2.9999829529853677,0.28093755478010635,0.30912441874723373,1.3176020833154107,1.3766020872165927
686,2.7961295636454975,3.187987666904489,1.6511204285889691,2.0,2.8916745762170626,3.0,0.17002948528344292,0.16176021659933865,0.7515692598455359,0.7516738564047373
687,2.955668538640361,2.6441465222340317,0.6042951974525952,0.4990721308342956,1.9383194563600643,2.060763632775988,0.024220297082703717,0.024005823552876882,0.1061653340094747,0.10714942086597475
688,1.5732910484725469,1.5,1.5269260193455247,1.2180297123031292,1.6235076468677643,1.961405856494182,0.297486197585545,0.27265350538562827,1.2589524392794844,1.25433389885356
689,2.94350025724997,3.0625965899641,1.8927676618199671,1.9999999888333853,1.7976070729988878,1.9252110847642576,0.06570815437195349,0.06444023227662116,0.22699055828104114,0.2292404611342876
690,1.5422722549348744,1.5,1.3811282252005013,1.4192268914065318,1.9193282587801725,1.926725546605073,0.33687771695288254,0.32731079263426843,1.0196916187291416,1.0196916396687437
691,3.1392315154486488,3.0910384541882063,1.3220492864789009,0.9779662391495804,2.44746594764875,2.679623626685152,0.3337741710240273,0.338154540700503,1.1280784100868282,1.0990782989931258
692,3.4693873024199213,3.5371737769651963,1.2666862662769194,1.2936610278397118,0.48693245378624705,0.3490061517921007,0.029626716562617686,0.02574083881082735,0.1090232718935367,0.10850624901664002
693,3.122154461139469,2.772253460026193,1.7441752435593982,1.5482487802713005,0.3587437891948866,0.2682054823279769,0.03459347033915117,0.03592336020735004,0.11461424402960996,0.11858634131467867
694,2.2977302427540875,2.3487520379702307,1.7033621771029963,1.5872820100203477,0.9945429227104443,0.8793681395502368,0.3905046180074313,0.38864849214276154,1.2099351562520484,1.199934958775069
695,2.669958735084449,2.845048690629395,1.8011742001845743,1.920478510473047,2.12527921437655,2.3561298353373035,0.1982958403587806,0.19786177956227535,0.8316119564475442,0.8313061052265971
696,3.143303562240389,3.2014675642713852,1.1005623014256742,0.9875140708484673,0.0864880071911105,0.0,0.12198605351803718,0.11125657802445318,0.4151451886351109,0.4061997210993864
697,2.266485598126809,2.162281387200558,0.2319745837765744,0.21942130643093907,0.2578241233294226,0.25057218247328455,0.28262063566578804,0.24105039668516387,0.8600527520723743,0.8697610822586632
698,3.4259743441008856,3.151227216129408,1.8607863773982274,1.6624585688327267,1.7188887167517208,1.713497335501398,0.2500538035398178,0.2311777391573921,0.84961238524509,0.8406123925401962
699,1.6664777483611604,1.6832432481548845,0.4085184404320288,0.10001478019924351,2.3834851934072523,2.7776475545036723,0.1401632749389735,0.14345359786898138,0.5039488433959145,0.5129487784330171
700,2.0922580629981895,2.1044718862000127,0.2991980177734552,0.3096728479460488,1.6626147076262168,1.5586077694252698,0.389180673710278,0.37601624788437527,1.2928467286723713,1.2768458597399257
701,3.3478122000350465,3.507637445889121,0.8523446246825825,0.9760845022139131,1.3934373795808817,1.3293735117717564,0.016225189675796895,0.017023227408891027,0.05409244261270363,0.05430803138378978
702,2.5328983312462308,2.476706412662713,1.5714966720737777,1.5080098893515868,0.07572923527652531,0.059829090410688436,0.17700373174745238,0.18340881239915582,0.8062307260543974,0.8365523349440673
703,1.6725988458804548,1.5,0.5116630152712975,0.42836992702280463,1.405155896898965,1.4103254896323159,0.12970036107834948,0.12712804722232324,0.44031466044818324,0.45354384728117847
704,2.981931350748189,3.5526607549751033,0.7110265459137198,1.1210763236647017,2.6585877274620255,2.420129549135982,0.021433568784424144,0.020382689405730906,0.09717758033000916,0.09707480083660311
705,2.074232477956641,2.3019112427720514,0.5994744793725019,0.6362233582008087,0.5371762133837571,0.5076930131019296,0.3406739821653243,0.34215906316407424,1.2686067240425163,1.255131679272275
706,3.3773917145920374,3.291278157438604,1.7550230473493469,1.6197393759748548,2.4453975384796345,2.5719661913881953,0.18703264042121595,0.18043392355193463,0.6434764716240322,0.647476699062252
707,2.788909482001137,2.2883757779926706,1.4574940753951935,1.1760567381631892,0.6930912113343334,0.790477197161986,0.34707096136028504,0.35139397857310883,1.1951727264024405,1.2401726377738536
708,2.96549815391752,3.2235924740869453,1.6200220724192427,1.79127280994707,1.0919847848839626,1.2078622985829701,0.2597237838820395,0.25442232163641265,0.8164407248122162,0.8477942898947534
709,2.306976285021775,2.413502303571755,0.1944319956269096,0.24610923891702233,0.2540856276959894,0.2610860942625204,0.27157381942115133,0.2578861008550721,0.8891701821824597,0.880867463321087
710,1.6628315458907992,1.5057291877707069,1.0348980575881095,0.6242372279773613,2.726779514251404,3.0,0.2044667993530328,0.20112417588718265,0.7432338892602957,0.7542344492046702
711,3.514110223228522,3.2811221220619853,1.5729677640085669,1.8433886712280259,2.625163824767969,2.1641842635813293,0.1302356697732823,0.13948612743361763,0.43739025057981634,0.4526544732019443
712,3.744679871565027,3.4479849669785962,1.4151348623315319,1.3335459938481087,0.7647204727635628,0.8910730568463561,0.27613678659289304,0.26841294682586203,1.0497590291645822,1.0574824682425576
713,2.9426141897310396,2.8916328595576006,1.0721498337747306,1.1193351793672521,1.0780764491823458,1.0974383965853638,0.040634129679091725,0.04110500195009775,0.12866185347782605,0.12483878573239408
714,3.5808653519596696,3.0354691834493672,0.9213039564709004,0.3631147175293524,2.2279867131893223,2.9999997024928104,0.14758448662798745,0.1501383032335808,0.7264507794218799,0.7327777736838501
715,2.9983437045622234,3.3061197986222512,1.0935137317685766,1.146411486855938,0.3642094392083438,0.38307877148547326,0.023271507806637733,0.023521022494067737,0.07192113027230437,0.0735199871738213
716,3.13065268513272,2.881688357336431,0.6803184880639714,0.7728393680842756,1.6635719622816314,1.41640896497266,0.24238769601255974,0.24667928078715656,0.9950017696500959,1.0260965392585375
717,1.5749995993715968,1.8086418586859792,0.5517802150192381,0.6244750331936242,1.2991068273174786,1.4468130087218891,0.13015466699571973,0.1261413006964938,0.5204182795296697,0.5053088082372137
718,2.5925454954022715,2.5679928675003447,1.7853437881152077,1.5407166665129015,1.82460468037868,1.9363906011697094,0.3058053625565003,0.3346212037941987,1.3063613274743857,1.3003624907621636
719,1.5295797271466733,1.5494022157932748,1.4168561469304815,0.5967226536901467,2.1601128673346928,3.0,0.09604741311553489,0.08549013221227306,0.3177619176102975,0.31568083307664174
720,1.595369978398444,1.973684091850592,1.3597650132976637,1.8416535889347543,1.5869927721773776,1.5637927522780197,0.36444676652352487,0.32982967218495346,1.38248644832731,1.3714864485270983
721,3.1447846565687305,3.103336515354096,1.8411741462900224,1.7896357342364304,1.5973077359586854,1.5859819892050298,0.14371089791259894,0.14705393401475786,0.5312145965358187,0.5347242992128074
722,3.2283712298708434,3.614102311518079,0.19764964083994896,0.21532443229654427,2.754660260093449,3.0,0.1942905011925933,0.20079903170660443,0.5881799906399515,0.5751799821394585
723,3.473834309441772,3.9919388833105276,1.4075305027640859,1.3332845375172968,1.7206277039168882,1.9007770689326557,0.3451795680807496,0.29632155405288135,1.105681065599837,1.0706810686239288
724,3.8410368142867397,4.0,1.7400975274687893,1.9550505951677855,1.3279853198769371,1.3764724717361674,0.22480899317892056,0.2251070609240303,0.957393111256508,0.9643931041446372
725,2.3143998118195066,2.3690823775754244,0.9789923059385622,0.9935582952569947,0.6640424547508,0.6889165589080584,0.14210768999036194,0.15390125900182616,0.5536967926973555,0.5454418577439683
726,2.737132832989572,3.413178812365837,0.33240497140320524,0.4238720156113095,1.1334472754841505,1.1067305145112762,0.19761215783641684,0.18973252502592283,0.6236238792439879,0.5939190270233281
727,3.3983920813862327,3.597905337104555,0.2008189339089005,0.6535259234493421,2.940457580193013,2.110056428636793,0.24835580780039015,0.2552592113231877,1.2398760541569236,1.2778763497807095
728,2.6494318928668297,2.288005527819725,0.8508689089205368,0.16817111368019472,2.0849308372361466,3.0,0.29459987714929875,0.30204989632998736,1.3905894357053157,1.4035894330712548
729,2.156712727434998,2.5996034283582614,0.7764071040133641,1.0554217585927832,1.5356528082980325,1.4888833730412754,0.10108451812777096,0.10076805860587587,0.3825964055326827,0.3748993493876317
730,1.9451844191411445,2.3355228332274853,1.3802985871905604,1.99986873208189,2.567905907613743,2.4916387721586295,0.06375835855136193,0.05912623576587784,0.27637725453767015,0.26837732031910794
731,1.6490563579686774,1.5965790194767315,1.3379318179228896,1.355965312970163,1.9063242857081804,1.5215645097906672,0.3812257487585615,0.3263788699833428,1.3172696052531376,1.3175693567107383
732,3.798232286028213,3.3690753113447167,0.7408142177704556,0.11112339216361221,1.7124176466017624,3.0,0.21515835627505442,0.21034743081706517,0.7260073290780928,0.7426880424016998
733,3.4198699504595624,3.2424342657975744,1.9562674575722385,1.7950117127201066,0.7188622494077975,0.700360396867763,0.01633728034307892,0.016177779499562873,0.07256805652631165,0.07135783493966363
734,2.15188905743411,3.142613933998491,1.2060510547994574,1.6795378833132255,1.2319498113985152,1.249503598156159,0.4289062794228444,0.4214779414370415,1.3025545030852512,1.275554574018118
735,2.6289037453926216,2.327225302537764,0.8001261395910536,0.8170122316499575,2.858379164993474,2.512296610936977,0.2990176513542349,0.2717370752260179,0.9743855915688254,0.981385565950357
736,3.4152660688749,3.1439410179257665,1.3551499276791372,0.7218444037854057,2.0509250041001197,3.0,0.40669936437999404,0.4580289606429777,1.3055607296679186,1.3135606781121223
737,1.9938938811376947,2.143556032394916,1.9496683365125769,1.859058277267214,1.2531748396244975,1.1526197240792613,0.09172724614590033,0.09730156276650188,0.3410218322140218,0.34055758636360134
738,1.634223684607007,1.6411895028302421,0.24751239567625308,0.10000001142354503,2.8086366267698883,2.981300360764454,0.19337740646082147,0.21726753147225314,0.642869680975031,0.6528930829283506
739,2.238128254595234,2.370920048469722,0.44024480823867473,0.44836138406236853,0.44436997372682685,0.5581269714136159,0.11538895099309156,0.11438045103759499,0.553216974998373,0.5683881601706482
740,3.6802316359366465,3.304260494468088,1.9282112878078201,1.816749331893408,0.9659657953831706,0.964257728592835,0.25769354435496206,0.2286023325124098,0.8416876654799095,0.828675419179511
741,3.0271842192642695,2.8373722987679044,1.495013357545748,1.4636183958009608,1.2461109122488203,1.2000030648556832,0.015287637329226512,0.014901327956340247,0.075098613740954,0.0718561543096534
742,2.1548737405764564,2.6106800985118523,0.815757790600529,0.9516464179037475,0.27726691258839486,0.08037632112444876,0.2475944459963009,0.262654645657169,1.1044557690776666,1.1015269147974525
743,3.263957177550682,2.886634715174557,0.32685658452063204,0.2261367600452889,1.8904889997906658,1.8181920967706344,0.2490580748086294,0.25545109636186913,1.1603223496309854,1.1699771138450221
744,3.143193226944083,3.0808817570915172,0.9554703493533809,0.9599661530148907,2.1601947534756,2.2725343645423033,0.13081537123912113,0.12066412943260255,0.6040693967123834,0.6250693208939857
745,2.869831824467174,2.814110134714578,1.1342898741649234,1.0260152034824737,0.05017866363536139,0.0,0.05487540566009198,0.05498299842705779,0.19272713919364026,0.19036667550605155
746,3.279897589393485,3.5582493718007213,1.2365198860718292,1.2806339699551292,1.4223242948334094,1.5258371214594648,0.4072967682382206,0.4360882425347528,1.466577471785523,1.4415700372474887
747,1.5192419162855362,1.5072921950418399,0.8753236820472293,0.7165402240732945,0.7338728384469387,0.7126056558211241,0.35794666645023687,0.3470044137638077,1.3371094671531885,1.313426017467404
748,2.0563587848290363,1.8045448288684456,1.4625352856121019,0.7113087528218364,2.087558265745145,3.0,0.23799713137266884,0.23746018478363107,0.8491141278205918,0.8608613059310334
749,2.5459598005453135,2.333833830378423,1.734113775695293,1.3270524290909227,1.850261163703127,1.7358019290579136,0.27967409713828245,0.2913248886269729,1.2871884524475625,1.28909572677196
750,2.789609019109036,3.095442268076247,0.41623233675698157,0.5687947361333223,1.2723226466040998,1.2504501684631022,0.16147949783138724,0.15398085882965692,0.5180334041533549,0.5228797289540822
751,1.5829449894325762,1.5371996336058646,1.110436005209578,1.1533017870590623,1.9794828247525036,1.965288440097555,0.09990965948982199,0.09945454392109111,0.4970913587659119,0.5046056057431789
752,3.2855345589685845,2.6582642969795254,1.0468278152176256,0.8411217949730064,0.7556608486960669,0.6114934061209107,0.017982413655517962,0.01975669677209032,0.07021951047981922,0.07205678013249389
753,2.8705928882238037,2.66643768583773,0.9888507625433073,0.5216761957293934,1.8759845389891154,2.3552764365055365,0.022242938049290163,0.021814254204832136,0.06765904816472278,0.06863800742027326
754,3.720508903194949,3.7341053052551727,1.30129792831357,1.3014186352281194,0.3276686040321434,0.28704365594103853,0.29212431416652673,0.2821369942559422,1.3951283027328538,1.3991283913313426
755,3.8578691148880977,3.908896692646047,1.7988668735624485,2.0,2.4947673319797605,2.1174316380457165,0.42179139899979856,0.45757663692280404,1.2709238702119299,1.2719238649552262
756,1.6337897225386748,1.6335949182446485,0.7635974358234491,0.8821380339043422,0.6920975135562968,0.7787401533070251,0.3085621927832327,0.25580125253066216,0.9577447415131904,1.0237447397966937
757,3.373072671121313,3.0110996366328053,1.0256847619431992,0.3225553030917232,1.9242451249238788,3.0,0.3310589592542164,0.321878551343212,1.047656201300751,1.070568631030941
758,1.9559487920233143,2.0575239231665785,1.3373455189446604,1.3827463554316004,0.7794946799949236,0.7441750724540227,0.10312216510334479,0.11160282737647492,0.5002024268065914,0.5014421462955068
759,1.9402558946525845,2.0919940890696167,1.549021085516547,1.057332915789669,2.326164795043052,3.0,0.2747436890645805,0.27766017366614065,1.096144814861336,1.0971448109467061
760,3.2058377171132175,3.1258498096066623,1.4838035769896114,1.5442485878875725,2.765186883377138,2.712468110555952,0.2042540654966619,0.19102004291474334,0.8917721913487084,0.9019132444940258
761,3.2832619088737616,2.292123843159494,1.6819107009022183,0.9733955069292333,2.53030044574881,2.795416295263294,0.1712986042149263,0.15403467986151792,0.8322874125863735,0.8552558626395481
762,3.10549609700564,3.131071076800385,1.8592850996311197,1.7656184531062407,0.6339633311738186,0.46121865184919597,0.2507822922666796,0.2652891944444383,1.0417962946062003,1.0547970627383394
763,3.450647125229362,3.9658491460027867,0.7826232811058539,0.8540021654771879,1.9370817102903157,2.1732160757960113,0.06516543957987604,0.06680218390394688,0.3229851066841587,0.3262441415164886
764,2.876306455461722,2.5305411609712585,1.5198460173871817,1.2702340459499746,0.7022906137784536,0.8080890595338799,0.1523919700005646,0.15108557526275498,0.5871050820151797,0.5703734796290717
765,2.4749825966390047,2.3386439340904377,0.5594819373568808,0.44311957047322686,0.6219214116731696,0.6965021903203974,0.24136643997011845,0.23780897172119184,1.0689315969398043,1.041477574964548
766,2.5741031256653644,2.7533538853237003,0.11495447351759276,0.1,1.4063778300813627,1.5976732333421038,0.23923466034856733,0.2157103700210276,0.8565170445605499,0.8464422552555702
767,3.468226104820557,3.0700857343359775,0.14931286101059787,0.1,2.8693201281405756,2.6576051135480054,0.24606082248258745,0.25740407845961816,0.7513512920831231,0.7709271037926364
768,3.6715040177024245,4.0,0.6046033315126238,1.0832601549939473,2.4008964801430617,2.0480278206326132,0.2539753905345486,0.2660537606636333,1.2462928573153422,1.2477250446427668
769,2.6745157846125376,2.384586281860987,1.875859981420654,1.3663528239025404,2.1677373147650765,2.9956681615290046,0.37933617727787333,0.35812126225592444,1.238582256427434,1.2765822576693608
770,1.5416757359477544,1.714819909159186,1.74246206653414,1.9608287501907387,1.2663198507205597,0.9755593436162854,0.1634249597886848,0.16328514425537272,0.5300550345994383,0.5222036858644665
771,2.3515752336783957,2.118629299872214,1.8452173128441836,1.5968058903258027,2.712410352535852,3.0,0.1301683529987256,0.13217081309834477,0.4223988186609056,0.43205935147344554
772,1.5228377648146911,1.5,1.1966564455062443,1.1817303397600207,2.772131046405545,3.0,0.1959000839222986,0.21166108633653177,0.9243794945554483,0.934379473944627
773,1.7959440950731427,1.6776440069272522,1.6439043861407951,1.6327101543283806,1.9003680300584813,2.066828490165194,0.13406067767613034,0.10983547684216342,0.5115493636130473,0.5265496397985567
774,3.2295098932926436,3.452549607154255,1.2355299693345692,1.2942851250813003,0.18904637163028182,0.14042915119257945,0.15748144583680374,0.1374104791151974,0.738658706314576,0.7369935805227253
775,2.640219528199715,2.482533573549071,1.7976118237220164,1.9189183751020784,1.7593514912576413,1.5587509811784865,0.1934151900761222,0.17749181368566444,0.7323628855196513,0.7444623693340144
776,3.390200426716202,3.2738688929111737,1.1226663245890347,0.8826962618756866,2.730737202467844,3.0,0.05702808401218553,0.06772723355085318,0.26282832826703606,0.2655012440624654
777,2.8537223509772796,3.1937509801603166,1.135271608931908,1.3003275160474088,0.26390869509211257,0.26387740589808284,0.4108810419188345,0.3784031363565271,1.3334929727558162,1.344491198651994
778,3.88100841813963,4.0,1.3115703955926303,1.198267982727386,1.240774297835968,1.3659149818744925,0.12855681169612782,0.1142283280631221,0.6084626863091271,0.6085020632386555
779,2.042651321339245,2.0270042933471686,0.13386447010696942,0.1,1.2947709689114677,1.2517699002548737,0.18283434526300554,0.18247421808734904,0.6560068460696705,0.6379455863122557
780,3.585803601959043,3.18652016927404,1.1668007840084564,0.9023945347135873,2.8390891674693632,3.0,0.21626010535004633,0.22377694620999947,0.8019662703112638,0.8122754790130442
781,3.3783290011877884,3.5185179328349583,1.882015559862532,1.9999732268972559,1.5326508011600475,1.4697149640726908,0.1446247794165757,0.16021044724672612,0.694069927974057,0.7070698821038752
782,2.0158292420496258,2.167540635867179,1.4204305746886254,1.3062422566493153,2.1651104571704507,2.3137130086946174,0.3638679842410266,0.33920898138410455,1.2890512625338872,1.267051257524852
783,2.571352724773259,2.208461037593935,0.5924272882976162,0.1,1.983165226352594,2.726719020153359,0.19445802990757877,0.198356414211966,0.9445918192057995,0.9785918187697579
784,2.750382181176364,2.6883323800726386,1.2893486303906183,1.253275174820093,0.34330783287050004,0.39303540867943015,0.09550313776116663,0.0947048490174356,0.30786710198278316,0.3150268921874959
785,2.283069004722779,2.7036242587914305,1.4341470720360812,1.364377705041534,1.1174547940194213,1.2139288796693202,0.33095629365766654,0.35713513711116374,1.220935804320152,1.16922423853503
786,1.639480381774749,1.5530731703003793,1.7224270996000761,1.6151569557005931,0.24362475857254362,0.3651233126645822,0.2107246410274488,0.21167797131304839,0.7628623155908314,0.7560638576237689
787,3.0981780501137592,2.791400522587989,1.4133824563305188,0.6281665933967291,2.248418573425328,2.9145479302702286,0.04158306131846832,0.04131783535915293,0.16923195075879227,0.16801463006228928
788,3.415267565091597,3.3515642355102253,1.843722562375079,1.8268355245767718,0.01186662418871498,6.108083862485972e-09,0.3594545493420185,0.35384263606530464,1.0833249330333803,1.1353250068575325
789,3.5418385872176197,4.0,0.8671926554018532,0.8931685913128333,0.38400302241012385,0.5059951560186836,0.32014949867803144,0.2759731933144304,1.0680008885717107,1.0443136372250534
790,3.3252334050879098,3.494886885725104,1.7236433682932903,1.6671365248379393,1.4293917150137063,1.381078178521648,0.21687247609575272,0.20821157842726495,0.9729546688238617,0.9319544172067575
791,2.918775126762731,3.406376961263525,0.19691963420116174,0.21919794196160713,0.20762573709344623,0.30640590324255196,0.253614334176098,0.2628117660934294,0.7715580439925579,0.8063406667256257
792,2.0358340861407673,2.1238664592990624,1.0399713764879992,1.1595995586686856,1.5286012840554064,1.5913904453025411,0.21789831564518014,0.19266257199617484,0.6705446161010526,0.6823922860543088
793,2.0365720499335294,1.9713725672050564,0.9162017514688706,0.28528227839386633,2.257217108302743,3.0,0.24292236128335667,0.2253794237495798,0.8945786745675741,0.9185105007439195
794,2.712957615293342,2.6484228580724873,0.40475808125417523,0.19867967933739927,2.5287121768544436,3.0,0.025290780879257575,0.02655319561790071,0.09259072542948449,0.09428209096115822
795,2.26685818123328,2.2538527286661503,1.0237965410595122,0.9042752739885759,0.011986720217089686,0.0,0.08027460324722273,0.07958312829880923,0.36997392912792626,0.3517535260359443
796,1.9926923637419123,2.029831809254157,0.7245846434646078,0.6563814605989535,0.7995477893497307,0.9461122176587762,0.12944344138737507,0.13375786083010477,0.5094633121488599,0.511567929492662
797,3.4618729263279775,3.2697905582498628,0.545467114394491,0.1,1.9721841752891827,2.969927969418611,0.03788924176130277,0.03459992366005346,0.17427788990598925,0.17581836378391544
798,2.416777042938227,2.4425609404216555,0.27408742808494524,0.1981596642545781,2.9946873135817556,2.999969673788555,0.2684944716162119,0.3016252002792156,1.3316889792595046,1.3166879603182853
799,2.4407853442355636,2.0079220062034984,1.17982710399633,0.9913382086590862,1.6118903648788931,1.4845451514021069,0.26549182827845036,0.2317717464555304,1.2511489802793627,1.2671794925500348
800,2.790121351023,2.7315950664935267,1.9258609039198733,2.0,1.24211680177378,1.3766871172241792,0.45119891255360295,0.4300551820405787,1.483136615105189,1.5
801,3.962776095539331,3.9998525900757653,1.5226392682134298,1.7323108239019231,2.0359647770392812,1.906132692823992,0.45308721181304146,0.43705120815290677,1.362661391031673,1.386661201874141
802,1.823457466644855,1.8035440442840962,1.5818205138772203,1.5160572738416458,2.3076840413102095,2.4991708338777823,0.20430774387020448,0.18575244082518433,0.8300938082970779,0.8363076468802751
803,1.5729860993152687,1.6897601129494857,0.7860593427857641,0.8281811820059699,0.9368891941245293,0.8907086035590649,0.152062940652673,0.13813251566936796,0.6487121297171015,0.6383870406459898
804,3.5604628439642454,3.7694327996205406,0.6961442643206565,0.7451884287541252,0.43164006469859983,0.40062716313519603,0.3784769384514914,0.3943652714060165,1.4181532917477542,1.5
805,3.3560154991999456,2.8830432501380368,0.6647973869599404,0.1,1.9739225339235988,2.7364423958179054,0.2277832017386967,0.21450296362279425,0.7697887588601658,0.7627075895642733
806,3.7266346503238506,3.9999993767650253,1.1706786856397056,1.3088292661955727,2.0947648103276473,2.195842601890315,0.22865249719797603,0.2057007739909958,0.8253503550592025,0.8313504166379857
807,3.844227470453216,3.146729624181315,1.046795016569449,0.6288912027592813,2.832176117528436,2.9999984866418767,0.16843119998135664,0.17020109225286556,0.5688549597137138,0.5829746832851713
808,3.451513274125338,3.650523543775595,1.3495542965779197,1.3778071897788569,0.25515422212574823,0.2432700301141299,0.3466203289118404,0.36511411920961057,1.2491408305503917,1.2621408773395744
809,3.346492770732824,3.999972514259534,1.3978193769126892,1.6459899406935197,1.1545723694364018,1.212789170340892,0.18763491987714986,0.19373497932157657,0.5700018921018041,0.5773198062812627
810,2.847030718621612,2.62247563904109,1.8823352148989965,1.5867341752781776,1.3836173721551126,1.4986558726240162,0.18354318608328488,0.18362985850053345,0.6589910809450065,0.6709909548480666
811,2.0310958328410957,1.9365327967367554,0.3536440394807623,0.23238121796529917,2.526113935301945,2.495137713981823,0.3133446592295446,0.292935915825661,1.2364849314690018,1.2342175022620212
812,3.7286752874346956,3.8369420408045656,0.8875787701672754,0.8890223577587081,0.28349137125047486,0.24432049527577007,0.22930175779177486,0.2129179193675491,0.7194788715393653,0.6824789981605035
813,2.5332369238181016,2.316557291862537,0.6646012288406267,0.6504204442625846,0.4357603857636001,0.39675924786989497,0.3584161117176988,0.37205869088423543,1.2050858627608674,1.183000058167723
814,3.9343059170374226,3.799605468154332,0.911367359838278,0.983744871645815,2.8137012468789937,2.513270772612533,0.1546791615435406,0.15563618830431744,0.6630172580723616,0.6638698978475867
815,1.5029869425438522,1.5,0.29647776795913244,0.1,2.83448273601189,2.7420361640919944,0.32931603284974664,0.3767925118004591,1.4611906879581236,1.4397166612993137
816,2.5391228607577805,2.6566039649487965,0.36486845522744227,0.4346693967523871,1.1745675033890532,1.0500284680693772,0.11356891285694284,0.11258630498700423,0.4232913554845269,0.4044292379840353
817,3.4549927679865595,3.58111742648843,0.9336686921541902,0.9032695097094707,1.5063688763537804,1.5786894898818333,0.33800496218695164,0.36324976570900114,1.021048606606504,1.0186031714637602
818,1.539287890374974,1.5,1.4203157001999136,2.0,2.972403483396211,2.7371721114284675,0.41725649475168464,0.41631818155744177,1.3601026469432993,1.3701026375298426
819,3.4858378400611887,3.993191701093238,0.42003431961987003,0.42525518784927135,0.1209466066296333,0.13071122187480388,0.06506481429123225,0.05957575592825447,0.24206271957579245,0.24206334682958205
820,3.8208896085151824,4.0,1.1097677389678324,1.0388299999755235,2.5620819108341526,3.0,0.17021148182475285,0.1640550290020059,0.7694710444771995,0.8034710393739938
821,3.683624811199386,3.91277261571611,1.886604174156006,1.9966849124116972,2.9396337840327265,2.8657251324922077,0.2901621937172869,0.2878422573177302,0.9207386635162582,0.9357386595233684
822,2.994840185986253,3.3216982633847465,0.2965287962299183,0.5704606486544817,2.3772592859112818,1.9939633359510176,0.3434292793779228,0.34982468286732754,1.4067590950223026,1.4092074725622912
823,1.866306973855925,1.7775889677212051,0.6551214629873106,0.6805565609729802,0.2087045690461291,0.20292010612978098,0.1264521485981473,0.13035839244033998,0.3869720101107513,0.39175408378144155
824,2.8094457215773403,2.6506580325466924,1.792541166902508,1.615936807245146,1.9587518995796636,1.9459557672125714,0.19377177779011112,0.20292893098827453,0.6151019354038518,0.6051022384242402
825,2.952621762207091,2.953831870902112,1.1232855214911073,1.1204332861810207,1.2931074867019459,1.4375396127355935,0.22253510692284467,0.21212809647289677,0.7301322074805844,0.7628457765915643
826,3.4737832628898833,3.262883912486733,0.19838038620113224,0.15841762646386037,0.45960497608370976,0.5382809641980153,0.21693751287059643,0.21695685825132754,0.9870721470242279,0.9990926577054706
827,3.560181548709838,3.6892112571944793,0.5414284553626448,0.5742353635451256,0.13943968556343012,0.15800125602244378,0.1424151776355381,0.13168090511115838,0.6454298962025911,0.6749692944821524
828,3.8259635349660264,3.7427849304442864,0.7888413982009603,0.653791201984815,1.489039539560849,1.6686522658418734,0.10428804388155091,0.10331769890987112,0.3537778702793012,0.35471554285487256
829,2.733692627771617,2.3180570913509646,0.4099467418031927,0.16584882284931607,2.987568699191133,3.0,0.24719295146368514,0.25393703478803314,1.09859602923681,1.1375959556762976
830,3.761431900855338,2.783761297220221,0.9522207777390871,0.5349134952942189,2.458743507079943,2.4869617871217824,0.23837111899997412,0.2188475157043871,0.9134206468309364,0.9414206186471016
831,3.6006752132906743,3.0959447907056417,0.33357382730596036,0.10000113470744446,2.300267291533763,2.4588707288478675,0.31357815842940395,0.28510973102518333,1.406003381562567,1.422003549215754
832,3.446848387903213,3.8846437030979746,1.758535991012848,1.873288101618199,0.3858102402433454,0.4383525382826471,0.2482970258420793,0.2427302561823386,0.8160817903210179,0.8400820489549468
833,1.5579213287796743,1.5007250338299971,0.3998912153450923,0.48481354528116327,1.90907710164057,1.7157043036765312,0.09028426178332227,0.09462650358108969,0.3584379410227506,0.37124828984922675
834,2.053622220601504,2.178024605375314,0.8800926403242388,0.9021368980617813,1.4612185139367169,1.371847486592613,0.32184271387996455,0.35119265248625564,1.1781231528910419,1.1751231499920127
835,2.933506207796677,2.636214712661015,1.9076694387946767,1.647259460108211,1.7825952628073893,1.7215579837284354,0.06195312597830547,0.0636168532157946,0.2210849413702859,0.218849705825594
836,3.0874043691668884,2.9627480857589594,0.7168078613802839,0.8846240448623051,1.8787670240821552,1.6976168319964395,0.21632793333378103,0.2072026452584326,0.6688075373604561,0.7023011209469581
837,1.7288960400378037,1.6910150063534846,1.3287441119880226,1.2605404938942475,0.1543368650370287,0.18569847139702908,0.15520304358082973,0.14479350426386553,0.5062965033223654,0.5424482962220686
838,3.899269657607139,3.3686775613995787,1.1772343566529704,0.9746484263164313,1.4217077188280345,1.5238496174161869,0.17631137901719007,0.16222712081656424,0.5732621985051476,0.5956564618471439
839,1.7441868376751442,1.7030777037684703,1.0916108078552966,1.172348915483239,1.6143630321414646,1.5678500045430233,0.1993802615693986,0.21464255256628903,0.9374889427941379,0.9494879574039355
840,2.9047171611745157,3.836662602579954,0.9955651950956539,1.2228653765608362,0.6634958135616496,0.5659080112971886,0.3610561557432331,0.36696839019624483,1.229924322237083,1.211527392171587
841,2.9301987325689094,2.918631292359388,0.20592935449246624,0.44237704723360394,2.697244153591514,2.174857060133727,0.15153832993124786,0.15143615970312652,0.45652816647821887,0.46770231705163645
842,2.6978190500756742,2.6868584014891517,0.4492930394756164,0.4199765890796522,2.1108337937196997,1.996508976464647,0.19563905898980774,0.19688349332602276,0.9739510568762455,0.9529297651866978
843,2.8091034313440137,2.5580565898474084,1.1943269265850205,1.0046509557763017,1.4316432921242708,1.669793392059312,0.16327581804628954,0.15353259939059424,0.5602088458460003,0.5761456906765655
844,1.7946153236808813,2.027989230502174,1.561771579159117,1.9025488484852282,1.1723930104168527,1.1367909351787602,0.33654168980479604,0.357291073258204,1.4639669525129144,1.469966867338906
845,3.2114786427800928,3.1514061239674014,1.3093759857601766,1.2072401233583099,0.7389053174063878,0.6984533391299378,0.011724540053327842,0.01216005294751928,0.0525514213631844,0.05215575630610253
846,3.328475963441921,3.479400322267182,0.9723692739267393,0.9958625687340784,1.4770400084652544,1.6867296711928,0.1491796619757574,0.13572333008954976,0.6469590221314688,0.6574201601091529
847,2.689198612791465,2.4510199215593276,0.5558159639921936,0.20184743814882675,2.072257747435337,2.472793509750827,0.2139529197847373,0.19960071237922247,0.6438385007770532,0.6552749802156891
848,3.312738095874292,3.709817297859361,0.37280124047257357,0.48536162470119343,1.8859772607698893,1.86322731487226,0.4069151517124785,0.40791363049690704,1.3370030740530046,1.3375989065632536
849,2.525557686407566,2.1690938459107194,1.5452068429880415,1.2236444841183851,1.2500613759928403,1.4778693047610445,0.4374545053838196,0.43897605582953814,1.4833653051107953,1.5
850,1.8518957094558934,1.5805897107052929,0.6501526283949585,0.33285790882891286,1.4536522661355786,1.6748600220870764,0.2555049358422525,0.2732207658223694,1.0350476332934453,1.068429423495585
851,2.031610649156759,2.0706141780568688,1.827429575444068,1.8489792937947391,1.92129877464492,1.9764201249343025,0.19902629529535246,0.19101410553835033,0.7324203958874115,0.7444658219635225
852,3.5230805857515235,3.7204011204657066,0.4190372852313572,0.41689104222484946,0.7758622846470741,0.7562576556427343,0.034629681163591136,0.035511067164693086,0.1161355031042629,0.11795923226754294
853,3.6395958896781497,3.3619533095059215,0.5414148124696566,0.41787874000450265,2.088419073138347,2.365013398322681,0.1203308401088854,0.10508790077563548,0.388501161744927,0.4005041271606075
854,2.420580161148548,2.5343887175628472,0.9998242213407655,0.5807020421023592,2.1810755317453703,2.9576249688271146,0.08893736606880606,0.0957519938239921,0.3643955602364462,0.3599754605232804
855,2.2096462501062293,2.3092407042864287,0.7496356365507026,0.6667279853132904,2.7533999263983895,2.999999732831812,0.21270121267194245,0.21238886772015525,0.8546528784278576,0.8596529808601878
856,2.5235072402552783,2.23063420253896,1.3682706767318744,1.1761043323712332,1.668947166327575,1.8516466151582638,0.17592330947149193,0.16761628640872767,0.5640225726549943,0.5920225131998196
857,3.4617958016792874,3.638295481677205,0.7581251321316443,0.8461643486592587,1.5785989556915236,1.611463654958478,0.07099627659448085,0.07117543249219013,0.33164055697290595,0.3456404359349795
858,3.624619422348415,3.25829388034527,1.9827594808529052,1.8537750947501168,1.9395357020076909,1.7203098144941285,0.01797972722714659,0.016707442841933946,0.060610682589023496,0.06035445871188441
859,3.5303533770083955,3.9770612344417473,1.9085616286022986,2.0,0.0020697909088704947,0.08432404204305895,0.11658477624145491,0.12573638578273572,0.38258801268556186,0.3762899932391976
860,2.2690604969011696,2.437305757452061,0.7502500148817302,0.6790477151610749,1.1550899210375278,1.4503548417769476,0.018743162938901763,0.01773788364101115,0.06996919229437351,0.06937999756596304
861,2.37340204603898,2.112905487912544,0.7085423898216601,0.652069781297051,1.3940959961280464,1.3235088907641832,0.3148490624815974,0.34622348675433795,1.3774680620357909,1.3938196538319885
862,3.1554382146455415,3.4737553111351005,1.2218278366955118,1.244992224878638,1.4568985385861155,1.42988137194737,0.026720726085070364,0.02586478133475083,0.12305942309472429,0.12800913743355166
863,2.4348683089772276,2.450748137269954,0.2968414521109004,0.32257904879251076,0.16063508873772503,0.2283185200817947,0.21513615411543652,0.2206618558247222,0.7336961045120314,0.7034005952923178
864,2.0659438469037426,2.2026896126475477,1.741961044445635,1.9150362919904889,1.6307742501294027,1.4384294306453855,0.03169837114193691,0.03120194756717459,0.10283266553724205,0.10728798570594003
865,2.8356245153996573,2.7496676701512945,0.560374773179834,0.5544249493468647,0.3834423868168525,0.3044501433497282,0.18413594443553521,0.193387771086934,0.703343396030436,0.7126155962944565
866,1.580816084156573,1.5,0.5775028222763435,0.33751937945943555,1.9434125462723735,2.145655494464143,0.07800482853210419,0.07440847847668082,0.2698000601211304,0.2601503772205621
867,2.045786140905943,1.904849335168646,0.7864106549358307,0.6559267029428981,0.17225534240690787,0.11440875441718602,0.04709967590040784,0.04580646491023349,0.19408006941038597,0.189366938006777
868,2.9818158620674415,2.6361824178362516,1.0291002101505577,0.9758633524442533,0.01829613685172804,0.04711411211984925,0.2887970636606113,0.2890625419330909,1.1970734737680202,1.269355476957014
869,3.5151207761124477,3.102310987868469,0.2731299056644729,0.2338992421497112,1.1632256363375135,1.1716951548927503,0.34654838721974196,0.3098246660769417,1.242020939106399,1.313052733103723
870,3.9810646431402055,4.0,0.7182724039929372,0.8000400575710579,2.9227055760749905,2.9999998439124385,0.39188937295106374,0.3968727056019405,1.2866489754451402,1.322653686085932
871,2.5362525136337064,2.48368905799874,1.9843173053286975,1.9275154548740676,0.3207376561065972,0.3477173131626847,0.2219778132515242,0.20399017827342553,0.808221994435715,0.7906098622923992
872,3.7740743633108194,4.0,1.6281509873122026,1.6573734807091351,1.1831746189046288,1.1699588384235928,0.3467501213389726,0.3445458005227007,1.4373149242813898,1.3922542546584091
873,1.5444279479048026,1.5,0.34112475478648924,0.2372622296074624,2.683094566581783,2.9459765070762547,0.030173286862749154,0.028589719702485875,0.13631445286226945,0.1381054064363513
874,1.9639769458040788,2.5846232827267204,1.0700659641588535,1.1119309584860322,0.3428557476839197,0.2747671433148509,0.3065981172530166,0.3062427347675273,0.9505342759714397,0.909721408882236
875,3.2643869997021824,3.092171828962227,0.703060568076887,0.6353514426058857,1.3686531819312293,1.3356136632729696,0.12734437201797355,0.13143272408789092,0.4663987388175601,0.4557743675211877
876,1.9723015714882886,2.976852029481524,1.1248510252244754,1.441814922797807,1.4474676496370962,1.2951351990432896,0.4279231004970542,0.422730709698211,1.4309157353220576,1.351915752922039
877,3.300816143264589,4.0,1.0388914077559732,1.133614531456434,2.0762642402298916,2.4445982769829846,0.14091037036615434,0.12759291291470184,0.5358834318030704,0.523140984202408
878,2.82888890432421,3.3457281217658177,0.6503242387125518,0.7783133098568571,0.9275093391995991,0.7997585181577235,0.15101014409125493,0.14402619026240004,0.7272391691386959,0.7361555646220898
879,2.935686034140402,2.7296960529393965,1.3776958434900624,0.8311260521839703,2.1193437966146624,2.7812692545411193,0.2351970342459055,0.20822063817824724,1.098582608611529,1.0897430994756991
880,3.8402432034189466,3.463429960267544,0.14408609660445704,0.10162258459445482,1.460474007284581,1.4312777389876856,0.2920669464734475,0.25734217587101604,1.0509819066830006,1.1035276422165134
881,2.227358120560477,2.7149748922304275,0.9404545947079462,1.079188774726439,0.21883792181470196,0.17238816792028197,0.22755782470955432,0.22669578095156712,0.8054956446932069,0.7848924730188392
882,3.4850121334364332,3.6636397525437427,1.9042956578319052,1.9999953514763726,1.9998789474163643,1.995817908935478,0.2835056782216017,0.26084406516537373,1.037287708620816,1.0559991276994833
883,3.9121816905259843,4.0,0.3876405175379515,0.11010483301875408,2.0435963806281277,3.0,0.26427243777263876,0.2702905852573674,0.9381008033196463,0.9638113001856891
884,3.818500025048605,4.0,1.2763168778037015,1.3484850301228093,1.3906501032381584,1.2673402329772303,0.050584430795244474,0.047533086118632724,0.17538895210089223,0.17292251150628304
885,1.5580510170342685,1.5,1.328627010885306,1.2774581769453726,0.9843894939218484,0.7447534071809137,0.12990612252939537,0.12115522475883597,0.4408927393976583,0.4376064906827028
886,2.110722496500151,1.8854086179121583,0.4335392471159717,0.37078462187483474,1.2509679803732672,1.2506332074869606,0.3265622208955261,0.30586537904886596,0.9997433394608173,1.0257430608324092
887,3.238309540474644,2.6780925225010983,1.9638267283406516,1.8677788114595963,0.32836464997740866,0.3916948037389604,0.2541548497316143,0.2700787452779165,0.830785627818698,0.8666056472022743
888,1.6793624466321444,1.5,0.5122724900045031,0.1,2.318674124206504,2.605772255915908,0.12039224076216874,0.11885483765571525,0.535721134382638,0.5394396569930775
889,1.9814987796013157,1.9541343540317409,1.0500854219492217,1.2175364364595582,1.1175872075645095,1.1690258433297482,0.3556426305275041,0.3207635571114435,1.2623012244218226,1.3053025961552533
890,1.8717513052392227,2.1707880942472157,0.6277319702753603,0.6704591565053518,0.26100189207888713,0.1208899591902317,0.06949632256379927,0.07006509104908848,0.2962862417632337,0.28131872211035264
891,1.6313962997629412,1.6144492103431571,1.5045356370088045,1.6124765839070683,1.3150731357395817,1.4667052645950096,0.1325466495108729,0.12099982051928893,0.4084436218461911,0.4214437103544987
892,3.0627722891585822,3.756358598735484,1.2177195899325275,1.446265733986283,2.8600500745315354,2.605974731322779,0.18648960057594577,0.19316688890934713,0.6838380346078221,0.6313924604279775
893,1.9554852558237912,2.2269686324345708,0.39975252608667144,0.584029362821619,2.21859475450498,2.458630044805299,0.18497822300935343,0.18720413833768412,0.648811391158306,0.6511914521984471
894,2.351203811038325,2.3807061615641425,0.3672091703291954,0.3484161074000325,0.9113824892714854,0.8789719699404211,0.18343706516382643,0.19834787650758826,0.729395570032852,0.7162960534133822
895,1.6622741115036779,1.7439049758445389,1.1356072518453353,1.1282884604026002,1.2096606088511472,1.3565603735910226,0.13901994634426362,0.14195021560920867,0.5750424980193057,0.5700417033182107
896,1.5362781547994726,1.5984447659796155,0.45850407724499476,0.10001639863431597,2.3601398750860056,2.7210094970632825,0.39589514781865087,0.35760509482140007,1.2075453856228744,1.2115461132758596
897,1.6990518674489707,1.555464722012155,1.7542034605231072,1.7389727400680672,1.1436779409953846,1.022278731966784,0.3662283425626216,0.39634645873397084,1.142952019442141,1.174952263271368
898,2.7169305019521968,2.57625298519804,0.12893089202912084,0.1,2.2567886422015886,2.5157891658393106,0.2807123822216892,0.24158356642697418,1.3416177024778442,1.3983086838966847
899,1.6464755771088402,1.5,0.48030645545150075,0.47925557698584126,1.4351924656011406,1.2132231156455422,0.0660891289311239,0.07859762822510605,0.3054543479510829,0.2972783842514283
900,3.1725399741942364,3.365548553270912,1.9645220153820726,2.0,1.1400429111498869,1.0896741417987905,0.2625898458734496,0.28205737583611307,0.9250073382480165,0.9270178812396445
901,2.1307052974158416,2.9394106104828435,1.6436837580376673,1.9999992994864273,2.09934895366737,2.1098120590919773,0.07825787915409538,0.07283730881296949,0.38692757426351176,0.384597484705051
902,3.844259636537377,4.0,0.5139876918673505,0.4950627007459022,2.7746740073412353,3.0,0.07509186026112104,0.07699312950873462,0.2808200960625585,0.283208089634352
903,3.956234285072407,4.0,1.6136268409031576,1.6231158155682273,1.96353387210528,1.9396648059346084,0.021121281812553044,0.021233693379064965,0.07897680042751935,0.08076707769002925
904,2.81780542683601,2.9581371071503098,0.9967348978200008,1.327208400262351,2.541186945312456,1.9976627439061443,0.18670188505423502,0.17208688283893608,0.783378378585549,0.773858147514978
905,3.6471610890637858,3.6613429039192495,1.6347817064778867,1.6761735214976343,1.2320891501970253,1.2290552771685461,0.27200463660911844,0.28083174378485887,0.9543961517764669,0.9673961768086594
906,2.188981591571732,2.50703620736423,0.3542450543740219,0.2758672820304614,2.805001933130451,3.0,0.03602673123006092,0.03677734821028967,0.13171880223667906,0.12578567388291204
907,2.0010754288159074,2.408422281459766,0.9348426526907685,1.4063997341304941,2.0681641047524577,1.7464078980495288,0.33357349048904494,0.3243749423702131,1.1492016566591754,1.1134980886913481
908,3.0135037725058567,3.273851879652336,1.265243993685195,1.1164344766705292,2.0370323884679156,2.3959350650897147,0.2906925917906892,0.2804824431610614,1.3837709209199704,1.3730157730225292
909,2.779118161255859,2.937209937877049,0.16274256272867188,0.1,2.462035937887107,2.5673177677567374,0.32371575915281686,0.3518592983698217,1.0180680420069919,1.014068041566736
910,3.326256933173481,3.5307322046115552,0.9157818910101164,0.7905909053081267,2.373734775880252,2.566431173216382,0.20315202905796276,0.18925484275665624,0.7965546997277452,0.7912430496089122
911,3.842349384096887,3.9997583051072003,1.81080123036012,1.857144576504493,0.3874362290489032,0.5083389960132165,0.3328156099599754,0.28798123879091564,1.1785503506983523,1.1980720208703268
912,2.9903888181270917,3.1427724123763396,0.11189247683856512,0.37309222757682065,2.7918084156275267,2.186627614609635,0.32908585904342574,0.30913189995318674,1.3490956862238597,1.3541076883485073
913,2.0359597812726906,2.0214319263440776,0.9964591949006275,0.8792852394755282,2.690696058836762,2.6978951134656044,0.03786134508637114,0.03465767322761719,0.11922027386812616,0.11657070508523253
914,2.28688379927386,2.4239198449551,1.5259733925131718,1.4957790901639465,0.9996237231866136,0.7782330715051923,0.27578384414650103,0.2744364448420353,0.9231013102756338,0.9059351773989848
915,2.4924676640192738,2.7966680089505784,0.20739640341255397,0.20973402864453605,1.6559050496722647,1.8835514539513436,0.3867815503316792,0.3584549317163405,1.2634206176048592,1.2344191556098445
916,3.424705285788451,3.311755612539416,1.2738551581450137,1.3392599685566786,0.47800640616269063,0.41324776875404734,0.09415523718164437,0.09954143316640647,0.37554988279052887,0.3825498761449768
917,1.8405366637894192,1.9831382715676837,0.8829808277242693,0.10000072447369104,1.7201289153418633,2.829946138518323,0.4309094630666409,0.40442914710195466,1.3954157008555972,1.3824156630538118
918,2.3146591547137594,2.5081496966097907,1.0424122688543291,1.2153388615222507,1.1098991613391052,0.9827288752009784,0.3538254218842979,0.3630216692355279,1.4791994601900533,1.5
919,3.9114829870734154,3.760517411097433,0.3812632437458974,0.369666836411389,0.6905564771497108,0.716926133840368,0.07904872014179837,0.08613599379943644,0.2643490608282503,0.2597260863563208
920,3.0510100271509026,2.785509424851756,1.6823194606531873,1.537528089734519,1.302162965098485,1.4525321295706777,0.06256598831300286,0.06006135258068257,0.23096977409664038,0.23199940784218676
921,1.5284676714734544,1.5,1.230436712489975,0.9200229259541068,2.2980289974519454,2.491604170245152,0.273624942641729,0.28767328614114507,0.9774425372651593,0.9694425445769925
922,2.01491940504683,2.2159782629219342,1.9023745537126115,2.0,2.8817026448269827,3.0,0.12385950675907988,0.12635030590840338,0.5313393212174458,0.5201962571657935
923,1.9374368799150907,1.6083163839778798,1.2250196020829982,1.080900702201268,0.13676309196824243,0.1343509201448869,0.2718340624747582,0.2560085032219876,0.9516821740932342,0.9907362023401426
924,2.50182204522541,2.0806430057245904,0.6974882913782936,0.5379138883244707,0.14111215198859717,0.201272612288443,0.04804958717402452,0.04896986499285766,0.1485805321634921,0.13984044870075202
925,1.8654071112388269,2.053754835965218,0.8293261710769197,0.8065179937635883,2.7145368162045265,3.0,0.1267643533733278,0.12091015027523197,0.38920662743364026,0.37503681978926184
926,2.8543557347841344,2.8896130615931273,0.37204997461337674,0.4416076963440594,1.3748156967525023,1.1992485803414787,0.06680382225944778,0.07428852921892055,0.3152035822567267,0.31970684305828934
927,2.3722474776230964,2.1799880551286823,1.911064445789741,1.9623034244877682,2.781612425541897,2.4703326597131308,0.08050816296124201,0.08370465311604695,0.28768529663124787,0.283280223728355
928,2.0870265293401493,2.0220968491533764,1.0605390570273665,0.8760005489249183,1.6278879799690367,1.7248675705958678,0.07287327947920016,0.07523169386515108,0.355365866237425,0.35615499925690575
929,1.7369362094058012,2.110961240377915,1.7399625222218733,1.9374631620055338,0.6724970257605162,0.787991333084524,0.35346645968709245,0.3356355370205174,1.419453875026053,1.4034346925872383
930,2.3526369213822704,2.2244060712062055,0.6361905953035337,0.6907432324195396,0.6808846600399994,0.8535860541058525,0.28583560028170896,0.3016232623531345,0.9384985091005931,0.9844964622223094
931,1.8962011305608528,1.860033413699612,1.7456639145303858,1.6257208266594152,1.1887298938102537,1.2217649575185443,0.311984054653776,0.27385193443682254,1.3492199950348334,1.3347762624971236
932,1.8283248847284512,1.7497818610000593,1.958499314873866,1.8520999732481822,1.901860093145911,1.7345677616005801,0.29726306944809183,0.3062231320747048,1.0162608825459754,1.0092608814218686
933,1.6016131987066125,1.606269799726913,0.6957278964440833,0.7011335233593817,0.6299992899518163,0.7117533553993117,0.27292845337653315,0.2322860289838216,0.8728087868391006,0.9109207896971647
934,3.7594919453510807,4.0,0.9648896434007236,0.9278312769532936,2.5652077637275,2.9388888480724185,0.04991616288541486,0.04916917564550332,0.20141896573013446,0.2015691312231459
935,3.2327333318169167,3.0909069733738246,0.6723502752012273,0.2859318530150232,2.5332775934606193,3.0,0.08379580066722733,0.08146867816129234,0.3128939501616676,0.31704621439487257
936,3.6264522268456774,4.0,0.8758813018447772,0.9609189432892633,0.9434349167830396,0.8550586860605407,0.32948398112682065,0.3300367050332283,1.068992897606767,1.0545576003075707
937,2.170692994524571,2.3167020094433424,0.4931131719863173,0.5443685793110257,0.43556066969168816,0.4446695045771729,0.05292570710289236,0.05161469622231167,0.221638280171362,0.22154411820871273
938,1.9908203122649724,1.917053115545779,0.487811907982888,0.45301810463922915,0.6443059205004199,0.8228338786645015,0.131312853822214,0.12967440984043568,0.43353197091699774,0.4503565545175349
939,1.5075303308085906,1.5332374024316722,0.5304572256718915,0.6018737047594016,1.2993659114274618,1.1332194551362065,0.04067059140236303,0.037882055338070535,0.15214597126397217,0.14538925988457158
940,2.620695533353438,2.501488103722655,0.34959673450677553,0.13704559958944965,2.662268881060524,3.0,0.3382060683537959,0.33230351440311584,1.2460839280396327,1.2380816312420624
941,3.0112077322995554,2.831091737726197,1.2083798461542359,1.1275360641767518,0.5204544360474074,0.23570918656349094,0.29663825604260996,0.28630447814932897,1.0948552231285276,1.071428138466408
942,3.477896188306348,4.0,1.4045424691695227,1.4518941013958984,0.5319203456431906,0.6437334283833781,0.2873597749897301,0.2997643513180142,1.3948577395561468,1.3651105796812015
943,2.8542893953355195,3.2348389898391647,1.9607074274277079,2.0,1.2052958203378625,1.2994999439145865,0.06007616004390116,0.06188883314599653,0.2594736584443903,0.25308299310484783
944,2.619478506791947,3.003986837320511,0.5781998717000242,0.6130760453424569,0.24750815794655368,0.20992268059720023,0.2726413436503996,0.2752753447999375,1.1614468473383586,1.1132711254939616
945,2.0375522546527316,2.0070020508499216,1.4475904326144633,1.439607891453907,0.6036572182130221,0.6555131607557217,0.08511300818278916,0.08131303940919937,0.3253367145615138,0.33251448848778853
946,2.4338679973933948,2.320938341594375,1.2049621657147873,1.0934889222319253,1.5119632000191006,1.6239148868348408,0.14926031284210015,0.15658705599443024,0.70197319912188,0.7202928361014664
947,3.0719140682083266,2.8805104368469623,0.3308283722435468,0.2927072980494375,0.13958934796066336,0.09247217773678894,0.08702196349621147,0.0863519409034565,0.42875208522489,0.43439890727420266
948,2.141363564746264,1.8371551663129408,1.0747743874956794,0.49264963918305926,2.4759291117538083,2.9999960471001863,0.3116741665074599,0.2995902770405618,1.1347631618502023,1.1287633541847377
949,3.1784517277185973,3.412537634811114,1.356296378689661,1.3286883807625645,2.719856986036371,3.0,0.022913654926877428,0.0197234051715941,0.09415117097870082,0.09061485497118132
950,3.924677486789368,3.2496198406733723,0.9374147247703272,0.2585738280590654,1.8588996773215407,3.0,0.2187534449311159,0.22848609429389224,0.8334550227563257,0.853756314343843
951,2.443136383190608,2.276657103676441,1.6347571813164992,1.6957372028583084,2.1243142017472287,2.0137886450279,0.08814107757245221,0.07593979337812509,0.38903159071234794,0.39731091168904376
952,1.6251905104686828,1.5,1.9724006281302517,1.767608639468188,1.712450463923215,1.4796667582382488,0.16918104469737769,0.1495119532873349,0.7599601966996743,0.7528986476288584
953,3.119425665843707,3.0681506631298303,1.9788531150898971,1.9200163836254103,1.6594260533963658,1.7133682744444674,0.12738586111733932,0.12480931479161714,0.45878793555729563,0.45065733121318324
954,1.5618939914821148,1.5056608677205487,1.5049221837652007,1.198836559272948,1.4015296907787704,1.4108028737783596,0.04451474904041219,0.04200595166740722,0.13748756227308295,0.13643169757915577
955,1.5222719410269256,1.500036197406486,0.11513491607090061,0.1,1.2855282879331635,1.4264156632552847,0.23070990802220717,0.20593304274916974,1.0021881235669674,1.0081032839108168
956,3.2958192591637054,3.5818776120455436,0.9986587512653501,1.0393505273443342,2.9167672224282577,3.0,0.02323046276287655,0.022011624235084275,0.09909135606108015,0.09519860226470239
957,3.1795480165640027,3.8610532257614265,1.621717243979503,1.999999054456328,1.8688284127396653,1.7877254874515587,0.36188816975350946,0.34738766994670933,1.0873092359817538,1.0843090446500465
958,2.1341053580758707,2.3085314282390104,0.2060032694560444,0.10000377960640638,1.2561794454340678,1.7388391095909195,0.3756526262275496,0.3236592978894153,1.3740578000228234,1.431433454657351
959,2.225820451387685,1.9353193140359453,1.1886007959763782,0.9961658949657016,1.5330531827035485,1.4677430624023098,0.13375979916639416,0.12710471682845464,0.5389473762270233,0.5712067077707885
960,3.1378420672020146,3.4151700871909054,1.5742689169913153,1.7206686129440605,1.8951328229486781,1.589171839461777,0.19408053631053973,0.1838452747623037,0.7194208106118751,0.7032412057380417
961,1.6542836116302604,1.7834117913354695,1.9827371522702877,2.0,1.0955561164220105,1.4244604125335167,0.16713658990502,0.1594001651380881,0.7270635594442167,0.7294144582555877
962,3.322520300803437,3.5564572444403924,0.4999301022349588,0.5534572934505471,0.5207261097670101,0.46910547985339185,0.2742315490114579,0.2914332384544938,1.0392086476707647,1.0433926310300978
963,2.4242399930360015,2.5298173568982927,0.9595607333766758,0.9638855684615459,0.5559598267888334,0.6098399026714627,0.02419520880217767,0.023115516377573336,0.1012440905010592,0.1027231955716748
964,2.210777948419484,2.17944298741596,1.4730071529398439,1.3239042650909145,2.4178142593310867,2.863869347246572,0.3803883421960074,0.34489694907923535,1.4299557164499221,1.4339557164852312
965,3.213069032790669,4.0,1.4901577988512218,1.7308472096683463,1.1339250021516754,1.0892477518839472,0.10185793452775015,0.10714210679334911,0.3536115209052263,0.3595415555723144
966,2.7859027892385493,2.9059026135676014,0.1563452901745509,0.10436619872509996,2.724830279876729,2.999999614227446,0.29907033675309613,0.28534105841189517,0.9904547614581519,0.9684546734008759
967,2.742371083380416,2.740162958862356,1.5805702606495453,1.6374428213798478,2.4612751979795844,2.368550081857803,0.030909930848703773,0.025699038630898237,0.11721962971621276,0.11535108049871809
968,2.37015256263376,2.2776863057914216,0.19379579083887066,0.1,2.578180485204637,2.5268985157571855,0.19096780169148528,0.17705520231348962,0.8519617100477994,0.8420096209210419
969,3.5411248075331083,3.421980952970205,0.709666235159912,0.6033170510177105,1.23674716729563,1.457910606833176,0.036627677007021506,0.03438151896775836,0.155859657761195,0.152088829065468
970,3.9868361948335775,3.958919020971674,1.1404814914850445,1.0353130921226399,1.1797590132284284,1.3053270890913826,0.29984835714604086,0.33226372862125897,1.129240899073858,1.1251034357171614
971,2.52676205904444,2.4188988191795087,0.4638119459917538,0.4223260234569257,0.37457607787107694,0.5784034606016321,0.22072624099217636,0.22488510753498148,0.7201277613952478,0.7532080503728978
972,2.115761535794457,2.0194856576677473,1.0497683850656796,0.9552277627562255,0.6273624346887515,0.5832212803788774,0.2623275949865892,0.23578746098164308,1.0569358980417292,1.0549339423681634
973,2.5732593230861065,2.680957878151787,0.11423636613045123,0.1,1.6548435673971227,1.9012993891015217,0.08650220234711134,0.08608095047660322,0.36575481622734674,0.36069519280108703
974,3.056304101683724,3.280127816791533,0.23579061518925024,0.1,1.8979356565447583,2.337314030254533,0.09282328320232199,0.08603272686058926,0.4623990288711037,0.443891828238401
975,3.0816972581061455,3.523490952998624,0.7504065151710075,0.8762995259903817,0.055844724398799284,0.0,0.1872695231323564,0.1891688868317775,0.7518045406354887,0.7582498617524945
976,3.3070233719699296,2.9896325994523183,0.11536589272518868,0.10164615662106663,0.3090859420157712,0.3075201129850273,0.20321579901347356,0.20543750998357477,0.6611182248599373,0.661284046938979
977,3.227726892826791,4.0,1.1353127595853167,1.2432275698938768,0.5475684598247644,0.4847054712212325,0.22035744233294016,0.20867379568337396,0.9764710563574254,0.9496738419601399
978,1.9783614610486875,2.1180199042582952,1.2677490408979464,1.3313386653271577,0.5418419880220955,0.4749009572563456,0.44855809817077424,0.4770671116422484,1.4264716839941245,1.4474717073987367
979,1.704631501715244,1.864947071722963,0.6655348494337907,0.7580167347686194,0.25447235172200156,0.32154756878322766,0.2711954530478946,0.2912401037110852,0.8543529348457286,0.8653643275284271
980,2.769155851191025,2.7049590745734355,1.2204957583889082,1.1605416033947484,0.6605292075668846,0.5750547600787739,0.017870045648333457,0.015406788636321929,0.06071629987507579,0.06131115239257835
981,3.001960293519377,2.736134022696845,0.406209992619712,0.10000101374956075,2.172600908818149,2.5554598011496834,0.15242953451415597,0.16816147527145225,0.5945966782689035,0.605698242126375
982,1.6755068076869333,2.005380705640857,1.2302403137924385,1.460179380322135,0.16727028054118298,0.17969566352837643,0.18377821620623677,0.1554740638467697,0.6099870177397286,0.6069599659474199
983,3.1781619562143595,3.1319969411016406,1.4830189643276288,1.5035157136327468,1.734484347894585,1.963709112265418,0.15893158145890718,0.15877890215468943,0.5864288094209952,0.5974286132074849
984,2.0026407651929,1.9599918869356623,0.15388407414015953,0.14853852904025291,1.0019503346868563,0.9701826619577731,0.32909099742789716,0.32634889199339856,1.463346795711005,1.4508196855937037
985,3.5404216933884576,3.2197021189555417,1.729273909460675,1.4995562435541958,1.338830559170518,1.3673731527120099,0.4250556846086311,0.38979743985529297,1.4810994417217047,1.4908735717187256
986,2.6532835334509692,2.801749460478413,1.6855343717259779,1.776105823345909,2.240180777071678,2.046009790276365,0.09987920707049194,0.08739392013528896,0.34253858040511936,0.3415385793403012
987,3.3322129075648492,2.681051333868301,1.6911606820407623,1.3905592011194512,1.0885255526360365,1.183806259979021,0.026624851546360757,0.024553665740956104,0.0958092117194081,0.09798894768145015
988,1.8931759608427357,1.9399744626703401,0.1938239286976307,0.15553088857291966,0.8443244930728985,0.8402932461090047,0.24241776157375508,0.24040194778121504,0.8020649481349881,0.7890687424378466
989,1.8494523491541948,1.6365170871470387,1.584835914619178,1.3218905449001568,2.96636916990442,2.678479903609837,0.09232432596448921,0.0806379984231971,0.4043970235787548,0.39974770223774797
990,3.470257454861059,3.2236810758994605,0.4057741460442549,0.1,1.1862966748245891,1.839992703370019,0.16379689494041144,0.14099858006887434,0.6777106014240342,0.6872581456911804
991,3.463682582984184,3.9979289426152453,1.2334463190558034,1.3004682454533434,0.574493091312473,0.6632981049216037,0.13303773410756994,0.13660774837614442,0.42818844841510206,0.4501583488155637
992,1.6309462252481828,1.648026833189046,0.5719877749149356,0.5847412194306253,0.13823866367707838,0.056235027635905536,0.23743054961232565,0.25833485173559156,1.027378110205768,1.0371308050904737
993,2.748461883285292,2.733699025611031,0.6998394314874072,0.7709501584870087,1.5932492582212476,1.757917078629538,0.23603223498339287,0.22916636854644365,0.8030944634618898,0.8336170259526021
994,1.6149715386614045,1.679541543640381,1.042825879084487,0.9424891243217204,2.170402574612539,2.3055450662687855,0.19410941092079254,0.18651711291502523,0.9367631583435562,0.9253173533304002
995,2.5931983220320474,2.7312669429206116,0.398883659169462,0.34338655795664114,1.5865098124949077,1.8420660115999268,0.010932579564708512,0.01130053868652243,0.05375483893136658,0.053759146653355516
996,1.787501751202805,1.813197707902993,0.7067004976717808,0.7442613819370703,1.1801729990409462,0.927437747096101,0.3435267645520056,0.3588607257210693,1.1761943862913111,1.150193965817953
997,1.5267740160983985,1.6586985861462322,0.13354397207916444,0.17010862173123528,0.5706252404574759,0.6056295527125695,0.2637794930068923,0.26738731937746685,0.8790337091858884,0.8608409141779619
998,3.9958734197477153,3.5707928713347212,0.2877636801361251,0.32018635461281725,1.8595552081955762,1.6630202085691732,0.21494269049679982,0.20338455298703315,0.7862392685974333,0.8300931136890157
999,3.952366254023691,3.719408043167698,0.7955238340362872,0.41218639135347174,2.5349258137901263,3.0,0.3087304527059943,0.25986478942053814,0.9496675472591442,0.8944274649835776
