,a_true,a_estimate,lambda_true,lambda_estimate,delta_true,delta_estimate,sigma_true,sigma_estimate,ndt_true,ndt_estimate
0,2.427166051749495,2.657547115628831,1.624822070870982,1.1670951952103508,2.3938519993479592,2.8307548843286305,0.4639432608093005,0.4506285434878099,1.450125180763002,1.406778176717102
1,1.7319213032103504,1.8691421767201044,0.5521530483141335,0.5612818457522291,1.0902435744975638,1.1925784386383451,0.0508677319906869,0.0496308015724133,0.1769721384199559,0.1705973388568738
2,3.3521375775274187,3.220947738659604,0.6531974896727248,0.4759046000543844,1.945184528664508,2.0722836452647098,0.1516265717353746,0.1649528627744528,0.4561916780205299,0.4583176748377741
3,1.8054122734138471,2.0371902563203097,0.9382856066490242,1.4413646741053476,1.9885893346997117,1.8703518050136116,0.0420117352359374,0.0399797818174208,0.1936118628619679,0.1944596265881052
4,2.519553485268658,2.6063839728346343,0.2469319051626805,0.2570292931661407,0.6750896526681649,0.6405095738590774,0.2293732139548666,0.2342017795789496,1.0074181247107967,1.0224181289736474
5,3.7976995170790726,3.600512144757656,1.8390908549374416,0.898382933306257,2.5609514015288117,2.999999303312907,0.3693070385820654,0.3695405886176843,1.2699192150021037,1.2299192416761244
6,3.0113836203194646,2.897698900844375,1.5372132157444045,1.324268411958576,0.1362865806588373,0.1832924338379819,0.317312045658855,0.3518297507193723,1.164815453545181,1.160787444047802
7,3.3646662394032023,4.0,0.1121356839597485,0.5144045226946149,2.111532363289238,1.6650160714622662,0.035315205791043,0.0374089578693321,0.1274868616350895,0.1253804190915538
8,1.866906250540849,2.241267908939787,1.514514016679891,1.9141527470357171,1.1850103689798537,1.1602598541265243,0.2595327879079627,0.2699532323334369,0.7798652925552363,0.7718652399189054
9,2.814217558001058,2.200461945399226,1.634447942492593,0.6322472989627221,2.1661155730107255,2.579406880412092,0.3468265896661497,0.3623788220482098,1.306541411752282,1.3345414168900147
10,2.843120390908667,2.8149113972224944,0.5342201584134505,0.3701378947847676,1.4241715095740393,1.5054601145164637,0.0226110301838225,0.0235267990091446,0.0765093262428178,0.0779495866689143
11,3.0146173857633674,2.8618088750382196,1.8971073584591576,1.1999142771278168,2.7027087976584556,3.0,0.2655087108123829,0.2617484263985349,0.8352581599000523,0.8292581558122762
12,1.655910027110326,1.994328411679137,0.2912923001552253,0.6310924047850863,1.7773461536492468,1.5312982771333097,0.2683164131493079,0.2594941239164706,1.2187429800008107,1.1707429734365271
13,3.4155359787948845,3.409741600080146,0.1532381496546922,0.1,1.2165657508901693,1.2719941009538376,0.0286272881629081,0.0272792493175047,0.1214150680639006,0.1199909153464787
14,2.7957994560718777,2.6571725811802795,0.537435105887211,0.1,2.148290232649404,2.7063747149165396,0.0793279364111097,0.079220271421281,0.2406548848454112,0.2399006885654954
15,1.9342179192415276,1.857096172281528,0.522258041318001,0.4782467562947419,0.7185776384610623,0.6507712149297149,0.4180705799353829,0.4371683148529918,1.2834717979799903,1.2934643154514045
16,3.6868366396298593,3.999998669327563,1.3760051964203035,1.4992116708510943,2.570157670913644,2.499295214190807,0.390233922149754,0.3905597562436645,1.3934184371194187,1.3734181265953382
17,2.211373930181325,2.5239370757152813,1.760360162895022,1.6080412669668354,2.400605909858659,2.441136461407164,0.3541748677131467,0.3750792286449788,1.0710367405559849,1.031036740272215
18,3.0007472135844058,3.1857645236761134,1.3531537097440685,1.5433393789768752,0.9689255880790442,0.8638081164257065,0.1792096223042744,0.1710465831401521,0.7544225093524147,0.745568840036092
19,1.9866826679188632,2.264316034435895,1.1591801625098868,1.3419590051072543,2.9484419980161514,2.94994110561737,0.3375586172123109,0.3161402544243858,1.4829873497304962,1.463987304396091
20,2.5291620497864136,2.3234371727759835,1.221663205651728,0.9220221942995974,0.7692064103782191,0.7811009202793022,0.1245555026567698,0.1263571217573879,0.4404499431039576,0.4357832715101064
21,1.8148475136728757,2.210557322820073,0.6114481437045276,1.195502021188051,1.6167311317275417,1.5513057029239832,0.1943075803890103,0.196652526382718,0.949321088885734,0.9308221396937882
22,2.2355881468282126,2.3786302525918632,1.9188157771517325,2.0,2.7840202601466917,2.9986366914734788,0.1971849708384177,0.1984612327219554,0.870690886091472,0.8595163566622704
23,1.6312271689000422,1.8526639467388653,1.3300678826208705,2.0,2.697902544284551,2.6314780309129433,0.0554070465242384,0.0590752891508847,0.2051821833447734,0.2051445021689484
24,3.2063638421488445,2.922764064777347,0.7367159198396764,0.654688620527211,0.7478722443942811,0.6175768206727026,0.0597239303522231,0.0574579685684097,0.2594462022986301,0.2580177030752458
25,2.7122301512444356,2.1450200886376685,1.666325525878208,0.5467501307094101,2.7599449905317437,3.0,0.2751417666075855,0.2871939432344255,1.1828311412180017,1.2070003534402325
26,2.7169795855085557,2.5182739400163623,1.9524181247585604,1.3088928316142348,2.8604439025100135,2.999999941154286,0.0828487553264049,0.0826606509847763,0.2742820294551739,0.2712816329672898
27,3.754636387303003,4.0,1.851313173675627,1.912110776562907,1.0288016990170572,1.02073197535161,0.2473387888579668,0.2434874913228963,0.954957348199586,0.931188852150974
28,1.8788882896903405,1.8453553158281732,1.3593024461916492,1.0697459387813844,2.1420979202240464,2.1385068847069593,0.2198375800725086,0.2228250614598488,0.7859785336255525,0.7710313883413277
29,2.0888430239921703,2.061959481960225,0.3596015390649151,0.3314216916831469,0.3394757099589284,0.2666411056643395,0.2991589943872983,0.2815847849070883,1.197975221459588,1.211232565887177
30,2.8509102650035363,2.626323161740256,1.0489430453223691,0.4117316547876009,2.2113981435462855,2.589849202613494,0.4172960362138453,0.4010546795789669,1.4505045782966006,1.416504528562314
31,2.1645783160712826,1.7627725458084502,0.8986239939503312,0.1000037144223228,2.578144485276628,2.9002197040437845,0.3548066821059053,0.352773354308441,1.3273117408142432,1.338316958856777
32,2.1653190698279587,2.973077062264898,1.451419584905011,1.9999992384279417,2.3947973964545204,2.5556172754727617,0.3174234221599556,0.3242892947983583,1.221251692375293,1.1802521892524156
33,1.9593224674712708,2.1216046560690645,0.2415482206438795,0.2737058950066045,0.1164911360573746,0.1006915477030749,0.3460106752796561,0.3524423602251765,1.4083728320765956,1.3701310590080218
34,3.868085287032369,3.3247038990313635,1.455687646053352,1.0549216231118166,0.0557999497752345,0.0424448725586828,0.393614426599982,0.3878695588876236,1.4910863835599468,1.4893351389159046
35,3.3583533752566956,3.5203401609542384,0.3357361954536564,0.5948513987453695,1.6387784357532529,1.4465250532515856,0.1467940619031723,0.1450688974269223,0.5436737370883014,0.5603821060122806
36,2.11584105867873,2.1854543488607554,1.402642599091097,1.3698788430659252,0.5197712594213927,0.6656283061528888,0.0623829210205615,0.0662971460794868,0.1942609151199451,0.1880407266558383
37,3.5502945126880854,2.900638061882889,1.9554183971588688,0.864771398006148,2.1267011345900046,2.2573009439028366,0.2768836528688277,0.2798642410127603,1.2296847986958963,1.2109544471799651
38,3.6771094896714662,4.0,1.202568267759387,1.3816876971213592,2.1646289058880455,2.1923742834691544,0.1259577121558702,0.1164391283429319,0.4452785294350361,0.4518199600112683
39,3.3674242865998902,3.2914986030132147,0.3484222381223636,0.3815695350078779,0.8393448762381887,0.7781736016025799,0.3973756603530251,0.3865415529864022,1.2316859071548525,1.2811133979083071
40,2.4404450876983006,2.5838555535239376,1.3701181440761718,1.3927809319524491,1.659246323216704,1.6718367568861254,0.1141945966516337,0.1167578055869643,0.3745731554154362,0.3689265016759185
41,3.576625284911682,3.5848708776055984,0.5567699819027452,0.6497633918115882,0.5148360126443872,0.450236623299233,0.1475987918766151,0.1511242198236118,0.7227462218592214,0.7237391543344593
42,2.784776387991393,3.180584286552146,1.689326493138117,1.9747334559110756,0.4927455865879036,0.5896132889598091,0.2738020643011952,0.2773674197232079,0.9213295817252448,0.9082134248506442
43,2.3918166454953234,2.393545460487922,1.0261437631231674,0.4750115540033489,2.5285185663690597,3.0,0.2151421667096433,0.2379085145413785,0.7331042214101503,0.7105464206848685
44,2.5506575109863454,2.5910665690538437,0.5556821402132769,0.6278078927561971,1.1955666675497856,1.1092240545205818,0.03661081078255,0.036023417397548,0.116916855940568,0.1143510517192264
45,3.3396076046993324,3.187970282837488,0.2934558620160593,0.1,2.2052189710689594,2.5121799661678748,0.0661120871959729,0.0632750943739107,0.2827787296226736,0.2826941501203559
46,2.214474253768393,2.3973045710725818,0.6732256368513673,0.9958251648762813,1.8173837970803048,1.576941805953303,0.0316092971134677,0.030015641302645,0.1029266069732946,0.1042980608530305
47,2.878010777669094,2.4749436780063405,1.0200805901339571,0.4671643878352819,1.8289543502005072,2.0663943606914597,0.1422241341511737,0.1336367623978997,0.5698064746842325,0.5728921840099752
48,1.7419067236375805,1.921847658422864,1.15124297743451,1.203354484854258,0.7176687897857885,0.8598236133942605,0.1994982654563594,0.2177826756188545,0.9211751620392994,0.9035041018758068
49,2.68236010946349,2.4899949500508085,0.6246979548326974,0.515733014808481,0.1289936005413184,0.1903981051260248,0.2366785195475458,0.2271780650927001,1.1129468547368504,1.0908899411074209
50,3.178544446879636,2.6657074076726635,1.3060580358435472,0.7102892557125625,1.5158004920345147,1.64069654155277,0.2325773235985025,0.2312695567160862,0.7416998802948237,0.7410309062621134
51,1.6356596544355702,1.5232195531595794,1.4177441719936994,0.8582278289114718,1.9838194432865732,2.114326242965518,0.2031857842712778,0.2171017746317079,0.8882470654380393,0.9012597252876036
52,3.297520666605437,3.5889152843510264,0.4362951127345752,0.7252394232199878,2.80621620861188,2.5092379830070444,0.0677535561175011,0.0683787504769528,0.3204668842582028,0.3136488960914139
53,2.6090554093362264,2.8855537601147905,0.6234151845211263,0.8002978642557916,0.5013547777695084,0.5068126602124912,0.1819135612820271,0.1879091664120958,0.7286231599617025,0.7401732394195181
54,2.2476812747703683,2.4064108572566356,1.6275494944050537,1.7060754201092942,0.4675022591132959,0.5155111019754585,0.2463129756048027,0.2522224023860394,0.8059694131313531,0.78319390369837
55,3.1695234148387774,2.882293911545507,0.4334026321388466,0.3347185921074422,0.9949098410820906,0.948112677879982,0.1923411380604282,0.1870246336031112,0.9409391426629554,0.9474326671129656
56,2.6851387299716647,2.6914130885904815,0.4211112441955904,0.2911757513617809,2.527194400812391,2.5773010801407135,0.081687630153208,0.0880094031550264,0.3377437143777763,0.3367954068616575
57,3.301793118393324,3.5290816298900025,1.5630710260093847,1.6667277895812995,0.222733529871584,0.2015735304204006,0.2480484056591177,0.2390170539894838,1.019542420002484,1.029696440590337
58,2.764566199345869,2.5224912446945824,0.3442003781920186,0.1584174915622912,1.250630855367819,1.3886738879527618,0.0709021964200693,0.0706395781574513,0.2680453616166289,0.2769074167938717
59,1.9607838980187628,2.202599262094989,1.10261934018566,1.3413677839260716,1.0641718668512032,1.070576340434197,0.1663933980369353,0.1759598786492969,0.7058690716263551,0.6898689443804648
60,3.124637901880218,2.7242482000736614,1.5393948176797012,1.2095920749633404,1.935764906926773,2.0517870349749336,0.234242328423834,0.2406222321234524,1.1583817509387977,1.1783822508064563
61,3.5528300662290846,4.0,0.6169132899141969,0.6883727971569545,0.6627780138165195,0.7384673022805397,0.0785035372308285,0.0745456980397166,0.3051227739209564,0.3027110445237013
62,2.719546953718967,3.1453650287842465,0.5422707161533578,0.845268413394622,1.5150957367343794,1.3460347582442442,0.2315063458893689,0.2387152329916262,0.702010554618884,0.6821833941608647
63,1.5647950506578818,1.5,0.2793110038011888,0.2047814348583046,1.2895766007061162,1.3348408665783515,0.2757257131313367,0.2752082825657111,1.1377877589413976,1.1460424223947585
64,2.9515345156058928,3.2600493710576544,0.8764238992011205,1.1643693945726896,1.8004949804694237,1.599009104252957,0.0703861942830145,0.0736068041772906,0.2256851356964697,0.216522479998416
65,3.3848339923921236,3.5721053953337796,1.9721376468847716,2.0,1.106711578403205,1.1503964628906351,0.0538562412734296,0.0525855056548049,0.2493932140551636,0.2540161204637202
66,2.198504659044103,1.790603291234506,1.8700539094651671,0.7003790213562446,2.2855254764458977,2.7079854689876264,0.127832596508353,0.1270689169073775,0.4879476531698739,0.503447067866707
67,2.70023678227381,2.4362841312545145,0.4846848532390545,0.2236277513404223,1.926206192063948,1.9649200535807392,0.2283561575183,0.2336352084176781,1.0889837735813013,1.0877307555790825
68,3.5188824387432898,3.3921564818589096,1.0308842698938998,0.9828728424246582,0.7929349377956328,0.7057703782620903,0.21179499169557,0.2107062920984034,0.8333385997058351,0.8413386025332357
69,3.832803008293091,4.0,1.9243144056615005,1.497742514062831,2.5036406629724883,2.777320570211733,0.3011497379634883,0.2901862273131422,0.9699919816632132,0.9298478914713424
70,3.456175095965077,3.150069762138937,1.0946219723422212,0.7911248507018003,1.6379495321105075,1.7196342439256913,0.3977711022567045,0.3942395560171886,1.4133097836387585,1.4078540319496526
71,2.927739937640458,2.948265407107595,1.792499066760789,1.999998867796428,1.9148923483358824,1.903661177455912,0.1606849393473299,0.1642352035683842,0.7504744497145917,0.7484757877140166
72,1.8599198606665444,1.789223829197898,0.5927785568510748,0.4968946972015396,1.2157709982467824,1.1781576485970946,0.1979679097497821,0.1918782630954821,0.8022787069284975,0.8145393610749722
73,2.530897055562316,2.512229207122212,0.1679623753794309,0.1553645854625883,0.70727136285165,0.6923436603475804,0.1501193074068512,0.1584294064934284,0.4791560718809833,0.4817040421923584
74,2.4585160201728886,2.3460980676032896,1.043425152099098,0.7952476402498183,1.6835306366621272,1.7378948922564377,0.1710983415188006,0.1619308226024522,0.5704567434120253,0.5558201774027854
75,2.996636532375921,3.042304750525432,1.8538457476211156,1.866341798487547,1.1141014313037276,1.0196358207211595,0.3097517505046904,0.3040167819795482,1.0921452718705882,1.082573560982919
76,1.5602902314413205,1.5000002615986223,1.9605957374553211,1.6196437336992555,2.293241889751438,2.2000408514629495,0.2737271397838414,0.257130822708971,1.2871443928901405,1.2841444008281506
77,3.668125558112475,2.8090873829450893,1.9828316932777703,1.4309084783646873,2.009304302528056,1.9073142367977085,0.2341808963292517,0.2438512178475865,1.1141884198101335,1.149710072802289
78,2.1633829721866076,2.151018119370226,1.062027827749998,1.4323274990246555,2.6937085633696274,2.4427396288475665,0.0211994523455493,0.0225608630884729,0.0858355369348098,0.0848772706933903
79,3.9254802008532943,3.771532375540773,1.916356484736369,1.6755379091907,1.861976880446233,1.8258006831978013,0.0150912627620897,0.0162209650782167,0.0586580379384931,0.0591712512038098
80,3.601544912773214,3.5163120189467163,0.8588342911849363,0.6549051797758696,1.4839994138877688,1.6321737079262206,0.1033759021600301,0.0982558519336372,0.4660458745527532,0.4633964947395537
81,3.4893348552643384,3.55171348851918,1.9862468723899669,2.0,0.2603192506807185,0.1909812703681356,0.2054748068214833,0.1947051405153022,0.8459834083608024,0.8495349062717057
82,2.183070734939803,2.22568522448226,0.134545248396154,0.1197660584849404,0.0313856247823806,0.0126938805531849,0.236261096183212,0.2397916088942401,1.090239347159497,1.0915211101455595
83,2.693174647241271,3.064535640864112,1.108174714628197,1.39253838189154,0.0844866826112619,0.1164676040650377,0.0387221223913715,0.0410389014570681,0.1626339643792556,0.1612191457959536
84,3.5273306287571957,4.0,0.5759522754294611,0.768855132557489,1.4453720041252214,1.3878428088404993,0.3486371932409381,0.3613668359134765,1.1578758824740123,1.1361716711639525
85,2.4166739140695395,2.718952722896592,0.3753290696152619,0.5258939454901602,1.3795496077258358,1.391010028814836,0.0593196248257189,0.0576511884025438,0.2702988692932138,0.2645358553734795
86,2.3113019572048796,2.226158291009867,0.9506526901989044,0.9062207803205514,0.2408538825996229,0.2948171779375128,0.3077765155463846,0.2786895599234917,1.3906671438463194,1.4149215330649152
87,2.8716972866759924,2.848167649867182,0.8537549462056493,0.8183185169695724,0.9222030904346702,0.9067112558320488,0.3977254379365371,0.390757773530075,1.4506055670712574,1.4751740159430875
88,3.0270084687410015,3.947126607436468,1.346118736833295,2.0,2.8855721670792507,2.843056549386873,0.3426961115607085,0.3379922401868064,1.1826320219901747,1.1436319711539964
89,2.3838034026977475,2.41294503798825,0.3595108933846158,0.3693570668779565,0.7249995013917497,0.6700180921115935,0.0501473435976062,0.0482863987723973,0.1743590332437717,0.1690114641587064
90,3.856373769923173,4.0,0.639096394398092,0.7569099932047078,1.3790111456837857,1.3888446257599911,0.3082435618360877,0.305517937887161,1.3007513171784308,1.3205160005809604
91,2.683302273612685,2.863991606042776,1.6836706857922714,1.93042429699731,2.3582628997873236,2.2204406005667394,0.0764209504918157,0.0755062916055236,0.2313045596717319,0.2233917126009153
92,2.0085801335709084,2.0044298429263874,0.1488148003654263,0.1,1.728140973594385,1.768232126553421,0.0769534647419304,0.0767176889540715,0.2782124604384717,0.2808445690283442
93,2.9729819100944317,3.022297545532693,0.1458887726896735,0.1394830014389799,2.675123544103742,2.75452408634159,0.2963804090989086,0.3035833170241671,0.9378079644901136,0.9360229672795456
94,2.0080491454192937,1.7167583636850643,0.6926704922895655,0.4604558074019977,1.2567874576373304,1.1839913602990408,0.3444570909158234,0.3410499023181277,1.1514649714383456,1.1594649577873912
95,2.4420385837960445,2.244394798570452,0.2276225303067533,0.1887197407819672,0.9577304696387602,0.9576006873761048,0.272278544399786,0.2730664128544039,1.1546664063759349,1.146764384806498
96,3.0329334730315693,2.5506518883643197,0.7254773819520209,0.3787479762339167,0.9140913518396204,0.9794797956889048,0.1722325841811753,0.1711527836034669,0.626891296203317,0.6139494480303764
97,3.3242025150141523,2.9287595009608767,1.9027347206876644,1.4438040876734666,2.9993662743535117,2.999999973452308,0.261506426353735,0.2476743358482024,0.948082037535122,0.9600820289792324
98,2.209460224707285,1.9443834400301143,0.2395869066578529,0.1000019080437142,2.426204152234835,2.4825887333464003,0.3753390300583293,0.3650570248595233,1.4079824070963576,1.4459813037225784
99,2.0578182626000405,2.0191846840456087,1.9583405792059052,1.358824718686304,2.113890359060121,2.397906489331908,0.3302123552994091,0.3480707554140917,1.422986121015874,1.4279861344851552
100,3.4893063041360626,4.0,1.2710402738440343,1.6197784434814437,0.5905443919679905,0.56865538750948,0.36521884148078043,0.3654111500962363,1.1145445735647332,1.1088263031832069
101,1.7979795879650884,1.8118293783252213,1.6072425310671348,1.3375436639806175,2.199711963229333,2.489012943432711,0.4623183627580833,0.45885069545679996,1.4990244221978801,1.5
102,1.8480157320557247,1.7814256625242322,1.184008969647963,0.9960112519214426,0.13573813414166147,0.12871610935283712,0.3307451395774153,0.3371358662350166,1.4827825894939837,1.4953599386371934
103,2.5699671006000373,2.6243496018597483,0.22494666364419863,0.21847211938119293,0.6665598662946988,0.6023718285552753,0.24094814586899935,0.24397502048368191,1.1928656051820614,1.1678482627032054
104,3.530490621196744,3.3363469527535288,0.20885232974182072,0.19376043503169746,0.039740044620115156,0.0,0.44789331998034104,0.4591627602241152,1.3671461104496756,1.3486747305254752
105,2.1686057711915536,2.2586770502637687,1.2861736281371285,1.4097527394990907,1.5699233496949283,1.459800556503265,0.05824711714758771,0.053899612120936,0.2152556533214945,0.21056812632762478
106,2.963220526208928,3.306905161680308,1.5302414511213867,1.925507588908949,0.9479863936993916,0.9308695576920569,0.20479817557659516,0.2109806423643874,0.7934295476097374,0.8099606149174149
107,2.1979034746430557,2.115888085093497,1.106028704730799,1.0354557009302694,0.9030577886318236,0.8615694090150705,0.31511310367134204,0.30860784270737596,1.400761689472835,1.386180395756736
108,2.3637528633345104,2.363982942991912,1.804762868897943,1.763370150522696,0.4519328208381681,0.42753453746292625,0.33611058677287964,0.34394212416851766,1.040820935728959,1.0438272000966107
109,1.9861680949503533,2.156819915891867,1.0138726829322697,1.1236047783624212,0.9861929515317536,1.0786595115937316,0.045355207188782914,0.042991353172474475,0.19447136174493018,0.19646634230205334
110,3.980789185556457,4.0,0.8761320079646793,0.8410098068679029,0.5630329189364737,0.47707032241321,0.30022023747063825,0.312630522981808,1.006355216682774,0.9963736665482461
111,2.3346536554631387,2.3876883327310945,1.1249670902529794,1.3344363810829227,2.8807409533000556,2.9174661514958022,0.3009000154386797,0.30660549282848,1.012612653521186,1.0314190447540106
112,1.5433513251565838,1.5718478081556526,0.5793100819007081,0.41821149208217395,2.4300218837736045,2.570264713177889,0.15179235854031187,0.14430160643829876,0.5134079467111193,0.5100985079707671
113,2.265283921195689,2.103549347165927,0.5606525954618755,0.1,1.8213563207496972,2.2037206002543197,0.19432781006710145,0.1834865675550878,0.6591582322965461,0.6809096506352379
114,3.0621650428544873,2.8868678869377424,0.778792515083258,0.7128527247746556,1.5784112038774696,1.5444475468849719,0.36860476798919645,0.3485368203847503,1.2097888537617678,1.2160266631767893
115,2.8827288550051575,2.6873138928012867,0.5712820612011932,0.45876162714484153,0.0857979859702106,0.049584555762141325,0.07601465171164608,0.07669979594889006,0.23399420215213845,0.23766043917342175
116,1.7864453811698011,1.6100153133329054,1.3670174461194593,1.0712748143456692,0.12046108225332675,0.12698234554804355,0.3065811661641439,0.3516643312523311,0.9748980953634526,0.9679010559657861
117,3.9119730775185255,3.87190936197256,0.8217448661247753,0.941011924127056,0.8203819541856068,0.7351743622625879,0.03583078216959018,0.03568093310353382,0.12447098550575032,0.12251106414513756
118,3.9968376973986968,3.8694173448586984,1.77590092788091,1.7618135339386813,0.8268431741385934,0.9173172052143007,0.16106825398572472,0.15608657049462332,0.6005902136198221,0.5975995027527364
119,3.7097737881344908,3.85583291891733,1.817185283857608,1.8648143729120144,1.093507281036352,1.1313415169607466,0.3243304104402033,0.3067580429552538,1.1775157896367665,1.1838844570938705
120,2.769200479297226,2.995768120384615,0.33668308673232433,0.39511081324743647,0.6223533425859591,0.611213807807204,0.03135385062241074,0.030049254312834506,0.14226155441871197,0.1394288665432996
121,3.301001883998412,3.3548127696328516,0.79927951975339,0.7521037446716669,1.4468638242125205,1.5730581496659715,0.32464741092602456,0.3326063914453106,1.0579238891249862,1.087504480942316
122,2.4193968078374954,2.3472465988589093,0.6381871451374788,0.49108105929075274,0.42917934012217684,0.45955387744476206,0.2336670555541077,0.23557414412871625,1.0327685545063539,1.0312177155959377
123,2.1194186648194355,1.9561680617985355,1.6783480647937827,1.2183298652206,0.8424611135956939,0.8503158460020483,0.022495675287796203,0.023354563731821036,0.06767420027656279,0.06820289914610617
124,1.6708947973813748,1.7691809028123109,0.9825104399423609,1.1728959903130218,1.8018579648698125,1.647490663087951,0.21230631386817275,0.20615807248621063,1.059700255623023,1.0642746412400452
125,2.689575562416566,2.7661490690103387,1.6408624255160513,1.4935800445387155,1.1389433766127042,1.1814072739965422,0.12181412565719951,0.12963326151082288,0.5382348064238618,0.5276466751804794
126,1.9981903177059224,2.0850652245594237,1.5798310973179464,1.999999763066147,1.82156426188928,1.787028515556441,0.38995005841069397,0.38202728602609193,1.4259995528293399,1.438999604865918
127,3.5335103334845885,3.3799834100146295,0.23681266099335335,0.1,1.9861571836459488,2.080418968846335,0.43543122537771844,0.44459085171355045,1.3720491609432333,1.333720665813597
128,1.7491452839934718,1.7148291726354041,1.4503235849807243,1.3321895226263336,1.8112934266132514,1.6748010089570977,0.1813550721190236,0.1870323002035845,0.6908019056442272,0.6977142743102166
129,3.7036922368940273,4.0,0.10900748152355501,0.1363251165213416,1.0445239120023841,1.0076275754557495,0.3202685634140544,0.32778108964363567,1.1356869781454646,1.1163578833243475
130,3.617478160643451,3.4676014442156355,1.2440477509610195,1.1524186323448193,0.7751008119701517,0.6992080346666881,0.2896909383948997,0.2866419333804688,1.4117318045753402,1.395788174440044
131,2.8742813029360716,2.977049871923271,1.2820439469177494,1.2208619871240904,2.7028655254726814,2.624611346912059,0.2725968576515367,0.264467974723133,0.9645209731009632,0.9502249437462249
132,3.8630194020204125,3.6593680286767234,0.8076133302219362,0.7340785746630003,0.8146823966678319,0.8965385455216996,0.08639105361278387,0.08504306334150842,0.2862301393318278,0.28400951241368005
133,3.9277940265516724,4.0,0.8612376375025618,0.9464229702087421,0.3165057899541529,0.2979307864888687,0.10078399015003614,0.10458070639316139,0.40482446742900297,0.40772655384817896
134,1.6854935600304342,1.7811536832175203,1.2753011330517454,1.345435871845899,1.8567924017277373,1.8505051639689474,0.09929036878454763,0.096548865539438,0.483345224554181,0.47261345929863596
135,1.5207828656288682,1.5806396827464493,1.9677897013099357,2.0,0.0219138678118711,0.11064220759315106,0.18923214727440407,0.1913799476321868,0.6834987306701727,0.6970577940139725
136,3.1264476686379696,3.208750002396639,1.4142958409454498,1.4110425876112254,1.208250833643485,1.1053465720752211,0.22140230472142788,0.2157427780768991,0.9112326081109452,0.900914130255571
137,2.439267990637034,2.423324082342089,1.2844760950104428,1.4476651403623615,0.818629654019915,0.7749538232119206,0.11238332400448652,0.11672075310806099,0.4995396680575178,0.5050514329544022
138,3.123854641152777,2.9662738126382138,0.740664536498524,0.6973490224492829,0.6809818987004607,0.6443231524248982,0.03669383710436736,0.034966917037876674,0.12090550696627454,0.1202793395835752
139,3.3090083760563025,2.858520275252176,1.4376910610303821,0.6007540479172027,2.525438329526179,3.0,0.09415574420097149,0.09117688737188878,0.42044131871445856,0.4219699136223262
140,2.6888306595213898,2.395788752784368,1.3283161491530235,1.0663511096579426,1.8217759312498902,1.7826180319577987,0.08083776761722242,0.07537373855697066,0.3339588363562745,0.3390479521926497
141,2.6868548461582398,2.776581245457556,1.8735271909912137,2.0,0.8194645609690885,0.8912210482067859,0.07868492191612719,0.07941800913877935,0.26874510615834707,0.27223626822460334
142,2.9557261186156416,2.6493470234368877,0.5320459231439598,0.3982006989816317,0.6388948177978842,0.6290530883386377,0.38550926307809685,0.37977706950466533,1.304490046817178,1.3276958035337787
143,3.386108021473446,3.449624099462413,1.6010576416651194,1.599250273227496,0.9116447974832704,0.8656569161737431,0.1080715907579254,0.10823726316529178,0.34858996638272904,0.3529858873119449
144,3.035059016725901,2.6005939127396718,1.988133011615864,1.579965917869121,2.8035014984066255,2.7331756817132953,0.31477644175327035,0.3345560089353259,0.9943800743420649,1.0063800668392506
145,3.429263377772129,3.4398602649094756,0.45702877265603636,0.2718833159567267,1.230359782331844,1.5109949365070285,0.22646123383120087,0.22805509428299495,1.0090951825334367,0.9922988361778732
146,3.744984227608203,3.9399362635203277,1.4951109484382779,1.539415347918784,0.5730880432634969,0.5768051063144208,0.0550416295662042,0.05475077372625946,0.22994502652364313,0.23064419643727227
147,3.5304430699973492,4.0,0.35719317776492676,0.566680495041835,1.684464968121287,1.6076233081521178,0.05919047637019638,0.05504154180142148,0.18713129617107682,0.18377410170381278
148,1.7830083292223051,1.7484284042653395,0.4585120443800169,0.40253182646139024,0.42908448947883027,0.44534024882765283,0.17237427885274942,0.17346246094129222,0.6086114897350764,0.6116314343007673
149,2.10643301079617,1.991604467661303,0.7101370053802357,0.6162143386184593,0.21014092082491476,0.13657402551318462,0.15210926014397702,0.15744981617431655,0.6928775741848896,0.702567455179231
150,2.921468451871024,3.069326599365052,1.5042318202123712,1.6666243963756342,2.064100363077892,2.0073579130332613,0.15349192842999804,0.14812588831143686,0.6394733540712014,0.6354126084934963
151,3.8766490235330258,4.0,1.8095998781154328,1.845315084271414,0.47452762302351825,0.4150880851556244,0.22909973238357562,0.21775242215035948,0.8120254384310064,0.8243934513141244
152,2.728636326979665,3.0630320280812535,1.306246118186274,1.4855947032155885,0.2920705435506481,0.24933690927239555,0.2141562380760731,0.21735400268396465,0.7053831691910885,0.6818323032855957
153,2.3573531499738922,2.5380448260027895,0.3825331923826628,0.5056777690436278,2.3572960508153793,2.334523206710483,0.18107181163423214,0.18293597491227295,0.7693694869287682,0.770235259495307
154,2.5196782820042047,2.8832008979870047,1.552594836113236,2.0,1.432634538130805,1.3043290533580214,0.34490677096361033,0.32325923128379397,1.2393765629212443,1.2128728137410196
155,3.7114151792488093,3.6627709353894353,1.5764102244623637,1.2544734226136025,2.8810417977467626,2.9753265885278375,0.1245430245366059,0.11182883524436385,0.41464059595821323,0.40181567191209877
156,3.5786108741671567,2.61044448777654,1.4722659200267012,0.3604926429165978,2.3699516639220324,2.6655297167620553,0.0496247308855356,0.0523057058418664,0.19097845748713482,0.19487768061475552
157,1.5817825164678918,1.5,1.997386155287811,1.6798509191284667,0.735813798629426,0.9965046382150448,0.15790395056556117,0.16179342431039873,0.6730157838086954,0.6800157347970337
158,2.993338107419196,3.3298420190053637,0.2999124715855233,0.3993006670241383,1.0857127080434341,1.0965309836839434,0.3229570079476936,0.3267001101346169,0.9754820396070213,0.946482758427202
159,3.6149737232492978,4.0,0.3315401132532402,0.5964293476645741,2.2533765988277152,2.032493953473193,0.2769662728727696,0.284062555166634,1.082918654497079,1.0612535578854245
160,2.2181586115554173,2.444575526535476,1.1487978995792432,1.8078639413057553,2.511981827790572,2.220367332158437,0.027478185804915976,0.02775045662804127,0.10148201619764091,0.10074554677551531
161,3.262067239905524,4.0,0.28039962012092257,0.8463865110327526,2.788388629081203,2.4244349657450597,0.26103196189938666,0.2679432679170498,0.8013514887193399,0.7979934536521189
162,1.8433946949537112,1.5,1.7336262015087656,1.0393412049627415,2.424091531143503,2.3231888226911437,0.31779130529851346,0.3091603524891389,1.0095035142556543,1.0162816375530368
163,3.6829379480474294,3.3310471239329034,0.1482758638919209,0.11225638013618582,1.069263428696753,1.070269814996835,0.19639931627270404,0.20440102610566188,0.9573205590980567,0.9908890936439418
164,3.072899182212702,3.1085347319510714,1.3687962700078347,1.3988100512901025,0.4807959722285017,0.47739666449330403,0.08853551878978819,0.08957858861331684,0.3334162213972743,0.3357017966602959
165,3.4120925152432324,3.2777859229170945,0.7438073650859686,0.673900135908494,2.889838855321045,2.729182189217484,0.2902339219774535,0.29341547229161147,1.0082010882348096,0.9952010148184474
166,3.6937974018926036,3.396102044644737,0.941902087667317,0.8304663501136369,0.29684555465621554,0.26813186322310256,0.21982937566613653,0.2259756460132431,0.7370259513515162,0.728451341725766
167,3.2189573399278255,2.477684278045952,1.8348312703531324,1.2386550049251441,0.40907488362236455,0.3606591887224645,0.3759484143261218,0.38748743098479255,1.2417788755939634,1.2804069393037105
168,2.4253883990981793,2.6750351769311824,1.9464149139522833,2.0,1.907395544292758,1.9783378032103456,0.44275707626991234,0.4338124051600496,1.422650957558167,1.4091991855673756
169,1.8600463948050814,2.3329798213262385,0.9192702783459505,2.0,2.8584828648106058,2.6793937332583315,0.05133792991246029,0.05348997949773234,0.16774032208816675,0.16880377286073017
170,1.781569917945845,1.6061852961431549,0.6458986247405677,0.18349930793908498,2.5049183069765304,2.805779399630379,0.3916820109769956,0.3630595105611997,1.387907241934734,1.4187985664398572
171,1.561989959495722,1.626023664146249,1.1054660651758292,1.7378698532137578,2.7611891328122544,2.667274964651496,0.0753627848914708,0.07553474899164986,0.28847521927135905,0.29825895395087876
172,2.962077858229174,2.8726067774920248,0.16628286844640006,0.11835576889946259,1.1955339185849114,1.1410746063455957,0.2749728114672245,0.2799087616330979,0.8262998534135899,0.8027670086502391
173,3.9543820457090426,3.697401116352871,0.4131847290222559,0.35262430315868737,0.9429894665718557,0.9301923762504024,0.15461779051796248,0.14838427763025952,0.7097090331450451,0.7138401254925496
174,2.6464816548144556,3.140293268799137,0.8927292126331771,1.4864653050685694,2.070533535805013,1.903179321343081,0.019219341105778196,0.019417116384405343,0.07902040081402495,0.07834400974740953
175,2.3661770320939723,1.9699685424153561,1.4237252712706163,0.9040485173983464,0.2694787707020454,0.11486183040896336,0.22984622482553524,0.24331054079253048,0.7715796544869425,0.7640401510564071
176,2.799340006151735,2.963896146581776,0.723514088659757,0.8260331881745903,1.6240432989669829,1.68129948905471,0.38004767566343967,0.4139583659836297,1.3435541175152597,1.3219837733423458
177,3.858359859301901,3.669001875632675,0.8240822126580186,0.5160208888254897,1.5264331098516728,1.744893826687907,0.24015269536415396,0.22399829962012735,0.8452679254184372,0.8369029686203582
178,3.3060189264530297,3.164974021283559,1.2872035255529322,0.804059763674563,2.6232771277027416,3.0,0.20281333948385066,0.20125741219241133,0.7739403558032084,0.7778856787426319
179,3.4957962085365244,4.0,0.8423678043903625,1.3813917620262464,2.940090232778963,2.7483975223248605,0.24822691634660937,0.2551741603805606,1.0913829975982345,1.098389547466421
180,2.1267542953996568,1.9313207087477333,1.7525850993920766,0.6474522210724245,2.589317958186043,2.9808315072112586,0.42019653228570264,0.42873470688401893,1.320838319849781,1.322838319792544
181,2.3533991789158435,2.3656009456413125,1.176047605269477,1.1886664900976605,1.193794958044352,1.1810269124180526,0.42996832002478524,0.45332008487481845,1.3558047431826368,1.3818047585766977
182,2.2748699815881785,2.379117488362946,0.6721337981835149,0.5971847665696964,1.0056508615758313,1.0064591612936808,0.24045139078822614,0.22903082120321616,1.1945474776701082,1.19060783449243
183,2.242218774090816,2.138210047740178,0.6376002765180433,0.3559648288693725,2.326990087185214,2.3493486615596204,0.20927288444061046,0.20717473745264164,0.8871860783280332,0.8857065729976005
184,2.951341043816013,3.311914882018123,0.2736388098171991,0.5271873984207558,1.6267297700510661,1.5075073017061866,0.09830406279659779,0.0974593875918609,0.3502171554253343,0.3529553254140917
185,3.2260681021244575,2.600683386543934,1.5136197755424274,0.8854174579850812,1.6176259625388312,1.713890029506698,0.23238216961229388,0.2305127932602125,0.8663723650145779,0.875694621562485
186,2.893664761685466,2.7734295786634346,1.9988718277455535,1.7772253179530015,1.2570476832573165,1.207394978589674,0.061502853395470486,0.05961379335852277,0.2057337745565232,0.20779189087123154
187,1.5983559288872988,1.525166994196121,1.7412932979497087,1.7088331046791656,2.700970897222459,2.6789781213311756,0.2589050452780922,0.2597295017323905,1.0153902075614405,1.0243902116874204
188,3.7913642663057185,3.164369468074275,1.2024765705241616,0.2458257884186498,1.6445396280466031,2.3208672579598493,0.29447399607140384,0.2819330252116339,1.3494344365457172,1.3194343968403643
189,3.9353013209853622,3.2769514354258797,0.273979573007799,0.1,0.9470362660400446,1.0257838132297998,0.30865485283973443,0.29621576645736725,1.247274777154864,1.2781130380357617
190,3.2143747156584777,3.9422764359978375,1.0250430479970916,1.7208731252068714,2.5784943053854215,2.5228889918755195,0.454923740140622,0.46664672582936245,1.4320131707390282,1.4170126733155004
191,3.0922664359766134,3.186367078954984,0.37613011389977735,0.4133630176831449,0.14417104061901187,0.1668724877066801,0.2677379962607047,0.2602225975757946,1.0794259944166515,1.063123060579703
192,2.438244428459621,2.632796291217173,1.958921885517103,2.0,2.577019961514954,2.5584643485901535,0.24121668842558358,0.231907114721784,0.8085556106045653,0.8087422346966746
193,2.8227909586473707,2.771651147486209,0.8909019205056746,0.710628879209589,1.0020277542960798,1.1382911730899603,0.02356762338835772,0.02244734996614221,0.10177775263983885,0.10277284817515199
194,2.5905971346181658,2.5966694848690994,0.11459672765912102,0.18189432770143313,1.9820072346490818,1.7118542708520301,0.36598308813238806,0.3595942340733777,1.152644799163669,1.1188904710936367
195,3.1272091571712517,3.1817988459751234,0.3635922604995675,0.1,2.3515860471549472,2.7987244727495866,0.27453770269630723,0.2794281591925143,1.1092854177043248,1.0902024062762201
196,3.882723811525472,4.0,0.9594447738672411,1.0827854520091802,0.44623508798314215,0.4009579628878884,0.44183490237614803,0.45624880131210144,1.4829547746020986,1.5
197,2.3213779935694143,2.8484489780767506,1.618031742642035,1.9936496414909202,0.5764617067132256,0.6288406621936639,0.04014148311746954,0.04070256673773046,0.1882029189713127,0.18883178987399538
198,2.465225430744838,2.655150257070045,1.7750204559137832,1.563665378239381,2.9071682531569274,3.0,0.12551371912230422,0.12301414179106047,0.5705289572357818,0.5610140782700541
199,3.5704679556423993,3.516225448048264,1.4460069838374687,1.371327482690617,1.3238476662801935,1.4242387457986705,0.10210786082782675,0.09677160704400875,0.34362689741621133,0.3418206082113769
200,3.816411576529295,4.0,0.6729509325250921,0.7742048251338083,2.972248033083596,2.8316452111219648,0.0974116081510718,0.09855126168487983,0.4835899729517928,0.4662338991867661
201,1.8463823176316736,1.7803844832947948,1.007807016086643,1.060518705425811,2.3447523834502855,2.1719426060601683,0.1642558854205728,0.16554808249238795,0.5635845705819509,0.5665846616041772
202,2.7921727237282377,2.884460885917902,0.49560625452520357,0.5317030541418329,0.7487839081166326,0.6840526781948171,0.03307133281228244,0.032419328463564635,0.15638963396222388,0.1518053508984014
203,1.9540579040551753,2.0165586710803156,0.3585456996426042,0.14001212912506278,2.1497821926154765,2.404768872723574,0.15982509762075903,0.16884111675061672,0.681345281611297,0.6685799918112081
204,1.9277935439685596,1.9136569707538156,0.6768891358331295,0.5919197271853001,0.3419246964178284,0.35621916697736,0.33971346370714167,0.31732933156068516,1.4823461899658998,1.4668711552694131
205,2.6572671360221234,2.9374104094521662,1.5611087507853516,1.2744485372339343,2.667899856076355,2.9999982359377118,0.34623123617236634,0.3596827870277809,1.240186788540919,1.2311867943937282
206,3.728782152490691,4.0,1.8746324054901098,1.7619490632004502,1.4195255894963288,1.4780349375715767,0.26861275002098906,0.26360057702639106,1.1664196244393787,1.1209829129370819
207,3.126367255462651,3.385309030679312,0.9782311819655553,1.0793489284375304,1.0624132415708334,1.0567583760646906,0.046559123939906945,0.04840679978762635,0.162150039581403,0.1657787980845852
208,2.4431532994741323,2.861851497778264,1.8988083084593035,2.0,2.0418474949864023,2.219323572128571,0.0419668329466191,0.03960262001171524,0.15980048198351438,0.1590563059482263
209,2.045486569411942,2.1029471176943946,1.1951020263344085,1.0678298408466715,1.5708128700005464,1.477390366660912,0.11809460194738483,0.12362391880209031,0.4151755548651632,0.40872737837225354
210,3.6101053746644975,3.4165722982232287,1.0082457960357831,0.884565773547957,0.30057904327567797,0.32586248487620717,0.43878260012541925,0.4509985000142497,1.49822623874126,1.5
211,3.793047232726116,4.0,0.27809755441881984,0.391606024004788,1.417710018402385,1.3120837431073273,0.2258134591581281,0.23548016432086344,0.7902222675467859,0.8113155971272182
212,2.964391297572733,3.0884809376400515,1.6350322237894916,1.738235882963375,0.4337502809644952,0.4816528053584443,0.05370100640856099,0.052587013048887694,0.26274137681317233,0.26651386426789764
213,3.370688523930882,3.379910093744096,1.9970369380027975,1.9999468745907114,2.7518329924439984,2.5332565594586756,0.2341738304168416,0.23041927737003565,0.7185319914865531,0.7095862071541572
214,3.8692986145529895,3.3736226389017046,1.6169242302018996,1.1983264233861062,0.6694687211442407,0.7516485612503006,0.1181703050477965,0.11336440150425482,0.5095838606391815,0.5176950571998286
215,1.789195777974597,1.9712992039203663,1.547248609240258,1.5548446838762406,0.9217263851788089,0.9114670037310727,0.1299031062346914,0.133594133504113,0.5717526800756714,0.5689988529275174
216,3.184439026887441,3.1393062937805345,1.5376872516460334,1.7319159292272255,1.6093862133003354,1.5630034228074166,0.2221449952795561,0.22377253811026876,0.8343499140869077,0.8533499181050579
217,3.8546168989771585,3.2968239330030675,0.46648140918298564,0.26768917859037394,1.2653661633964064,1.314396804159583,0.16385328780110714,0.15684884306614444,0.5171292844447012,0.5189898924717149
218,3.068768724767279,3.0407166056786803,0.21787615486426404,0.1,1.8292481764848825,2.0747903050290355,0.2721168134993136,0.2865989574356972,0.8839801737102441,0.8869801015807537
219,2.0444285320539355,2.763726157197944,1.1483069484199748,2.0,1.6173624626912664,1.7345655056040088,0.033717047102486936,0.03426589038426913,0.10923381750461097,0.11198002029623404
220,1.7314868160829469,1.8517785337803405,1.4968259647279372,1.9996411761658814,2.7362984911669552,2.4282170281850552,0.08948955661153116,0.08950902057530241,0.3163642397330091,0.30695883829333886
221,2.8346395686379884,2.8794560785285745,1.2461742854416822,0.8473144079311425,2.573737932804567,2.9999999982142267,0.47451745777133847,0.4818225099456919,1.474106224189593,1.4531062023794767
222,2.415975595762432,2.6158245319089355,0.54832175408175,0.6613424037013054,0.7963936394781767,0.7985897391260872,0.12479471317634878,0.12074113860284595,0.5807734225963643,0.5738245281350979
223,3.003292111567724,2.747645271032094,1.7128262032853858,1.3677509541682298,2.761501189878599,2.999999950565048,0.06957469875515027,0.07399104232981021,0.22786731715658481,0.22995573067309644
224,3.8935598557902247,3.347331974468556,0.6020891953021649,0.1,1.8540340462759044,2.353334619905446,0.028275058954406126,0.028983172189155196,0.13005037496939842,0.12912046886996417
225,2.189134294339504,2.5030621552368597,1.7005533657620233,2.0,1.9211224231668953,1.986474238855281,0.2614020477880876,0.26960989911327904,0.8659825393340658,0.8699825296990703
226,2.0526239388951257,2.1672461843490787,1.9635082527189252,2.0,1.8556169019483435,1.8925348052797475,0.1569334683762138,0.15721279667182822,0.7041888307563723,0.7008450765360538
227,2.965836400163598,2.443432100148082,1.7270412410534302,0.9813311137226582,2.0256239241403398,2.109709425996247,0.2515454389975402,0.24734114692866985,0.8314586633018639,0.8451515931313138
228,2.199653786360448,1.9095592180161807,0.5442116128681064,0.2202749226904033,1.304331775367019,1.4377996258849564,0.13420408675417017,0.13136401855750482,0.40449206983720876,0.4228272072852416
229,2.551836992253171,2.3948930568341025,1.3484188577458174,1.0802262378986542,1.3540497943511112,1.4767222084519336,0.05176165301683459,0.05069625384143097,0.20546270885572415,0.2066015952934412
230,1.5951266416481338,1.6144544472321116,1.188965500465425,1.08661471252403,0.3476094721849178,0.5037558964859226,0.3355018139032709,0.3251304304430692,1.2191687002967186,1.213656286648161
231,3.9740906728282686,3.3232019930141896,0.528547588221577,0.26974262428791373,1.1782436302376176,1.2238538207032723,0.12707404088899552,0.12467462849703745,0.4854839282277683,0.4917058737744949
232,3.4394330883272075,3.6098348439299093,1.9637779010908663,1.7735459834962,2.6152745313630135,2.9999968241139525,0.20664837459218544,0.20376137514088105,0.6854267043596151,0.6824265747769513
233,3.4314431643134085,2.652209137707985,0.8763122613431226,0.39543908784935666,1.8385682140091806,1.935256067639027,0.3855382118311135,0.39353124330252787,1.3519662572544497,1.3889664541809459
234,3.668882778932611,3.452005895488123,1.5449596755116155,1.026316345287273,2.557625300972453,3.0,0.04350324854722488,0.042756290421519974,0.18557024732823268,0.18441375077010852
235,2.5650400204872765,2.7546295819507978,0.1286138898442039,0.2991401876465304,1.524719970878395,1.4112176495802171,0.264257941832276,0.2678157245870822,0.7958898751973199,0.7962832185598888
236,2.309324479579362,2.4139106347487616,0.49032379108809687,0.5666658406766159,0.5286266623608675,0.5069923146856266,0.18400460077216366,0.18902633263758886,0.5948096415729393,0.596080271007552
237,2.839257853610486,3.0698086870566437,1.3607874915652456,1.5331998425210738,0.6376626687420072,0.678502715617939,0.3033406429339451,0.27459031017317315,0.9997524063277914,0.9842801703170856
238,3.838687804012121,4.0,0.7773256443980529,0.7863686486236494,0.2329157058358995,0.2925404658253732,0.27933360169741406,0.2719605944333036,0.9944270779475411,0.9921319346702447
239,2.5096471829479774,2.402659399091209,1.5661699900652868,1.814341449836732,2.151949088481909,1.9087206240492502,0.21774352108793568,0.22409782403078268,0.667933988249169,0.7051263325327771
240,2.516883769608712,2.2093158153747523,0.973529748844854,0.4054794212920273,2.084294161926416,2.306848997542476,0.14672755971995446,0.13857455350588982,0.6339788264053063,0.6454566856923408
241,1.7605179472936745,1.7510136999482615,0.20493177277059405,0.3092375596982944,1.8625655072872958,1.766773411052297,0.13993799041706187,0.14271565534828998,0.6971108606014307,0.701061169851558
242,3.9610367010810146,4.0,0.4789102570985019,0.20004702729308219,2.528574899758337,3.0,0.19837315735280278,0.20817053436413238,0.7290687084235447,0.7220687057366119
243,2.108571029797201,2.1774200359333955,1.1419133784202244,1.1592218355417292,1.8869999868147622,1.798395039586138,0.1638231873435017,0.15920647639615854,0.6068740711941257,0.5918740923992138
244,2.965984631088391,3.100437959003258,1.4443351788621552,1.1404775900941757,2.6756406518338,3.0,0.30136316836999594,0.3015023481063993,1.414118583845771,1.4081185128530804
245,2.7235955438999793,3.501695402684474,1.0107430957300219,1.5880412872197383,0.48611135121771787,0.4141619480011167,0.156508486094181,0.16169770376211173,0.6053395005284423,0.5858991142675977
246,2.034408605072829,1.939947654091953,1.3693654834860476,1.2483193148666614,0.5229283049302647,0.5086826936842523,0.20361813926292813,0.20252761220155868,0.8437782417217834,0.8648876996699235
247,2.493576479753692,2.419792804353257,1.5900582214445265,1.407956550068091,2.831166752549496,3.0,0.17257956658067278,0.15131576679087116,0.6957584543937951,0.6952652233247084
248,2.1276709155774576,2.189374046070283,0.9825386063101843,1.0481013696350363,0.4173891853829308,0.38975321645649535,0.13647959900461798,0.13087684032283536,0.6432923133788346,0.6460166421886809
249,3.0610373633409087,3.5049504272626075,1.0165297504862736,1.2039765563043745,0.9206444002115286,1.0094288612296494,0.13890515322531402,0.14013331455485845,0.6433297550312884,0.6561105196821877
250,3.293614719277678,2.972757323498573,1.127599504113023,0.9713988631501248,0.5611227229048799,0.5353819554098084,0.168963728101351,0.17496443681420693,0.5516495794072189,0.5590576115791432
251,2.4574374808580592,2.8110159925519564,1.3802618930331874,1.9999998098717255,2.4658133204715966,2.44096614344289,0.15253910673492996,0.14873627491483044,0.7586028961673177,0.7568856470390928
252,3.0181676264483954,3.9451731568105926,0.7127308613556501,1.1951393947506328,0.9158404989970677,0.8059833397942615,0.33904469930018005,0.3265190874189201,1.0327194535502426,1.0142394452070007
253,3.089443629880174,2.892904743405504,0.7182571403435768,0.38246608475237337,1.6033998124741342,1.9170434856101757,0.05582391979588418,0.05462020097113075,0.18946552872408834,0.18922034889680764
254,3.426918713375141,3.3640748064275527,1.610014946074804,1.5309280974557709,0.2939326414904978,0.32604788762002196,0.24221597211180662,0.2508381847510985,0.8207662906266437,0.8259589337301794
255,1.7393387237181113,1.7398158096953547,1.537706596071701,1.3305662383746357,1.8530101603783762,2.027085008241075,0.32548235514366547,0.306010741911275,1.478611984143477,1.4766120415169772
256,2.293558709945877,2.5545683951056493,0.47494319597572376,0.5811503815725078,0.18780460241010333,0.24977788606482346,0.1876214901013692,0.17781904678714872,0.6085165591456421,0.6040128827844083
257,2.247740657324737,2.3281942757324323,1.3673421517562554,1.9275005850268725,2.9210539191612375,2.5370657571208532,0.47538872197146503,0.4942355762431989,1.4352638908222275,1.4472638592647318
258,1.8372826381953755,1.9032699361176513,1.438363054648102,1.2184668536617054,1.4036569139566302,1.4051886911113023,0.06166972263173702,0.06123170138400872,0.2318746699943996,0.2253910666901024
259,1.9599720669466274,2.1966056847920745,1.641522087296292,2.0,0.45593926476387203,0.657178715647213,0.03242875694017058,0.03357064202959424,0.10837619513634358,0.10749938946528818
260,3.4133314441002502,3.723332729759505,0.870146724428032,1.0888394206656367,2.7983363371533807,2.951540077823256,0.27619157396969213,0.28677803544812924,1.265644631310447,1.2786446230983097
261,3.867537700930351,3.29003314554679,0.8239836394379311,0.4135725574148839,1.6963644308464059,1.790723874876715,0.07694063903637834,0.07658149426361706,0.2697894910358704,0.2644336122583423
262,2.337082876571965,2.181000637973976,0.4658532530027484,0.4225991426226912,0.08582295289575459,0.05036339069152494,0.3134727383791212,0.3293528796203936,1.2172396363817015,1.2276186283174644
263,1.9553717650614537,1.9736563467884758,1.061323574878955,1.0703939316987485,0.8829135912833738,0.8570348338502143,0.3491478357397682,0.3497297681840901,1.0862323186047478,1.0791286925980337
264,2.908538998836356,3.301476750161307,0.9502340431725066,1.408595622548348,2.4577740189270987,2.258779419821691,0.3279630677071528,0.31403547634519513,1.456289282617435,1.4531469940030761
265,2.5450064217775377,2.325360477703117,0.4301094165445031,0.10528665381817327,2.3808786945054723,2.715009817479662,0.0867357498981998,0.08648070519934566,0.36206309102270257,0.3666211579942499
266,2.0836909673049746,2.153277334064692,1.420219963894077,1.6024429954405277,1.5459680983071469,1.6819651277728893,0.1239463532785543,0.12443883156448134,0.5751595292840866,0.5759616233436237
267,2.7349323088654307,2.7757032023083097,1.4086221314137275,1.4164122015851004,1.0983111635153886,1.1304162948755958,0.10901251409290828,0.11565592833259578,0.3646369009323703,0.3621150401427908
268,3.702529888682318,4.0,1.7781998625538202,1.8571833132537945,0.01093515106287457,0.08347062410876561,0.26053739876503057,0.24574634532739048,1.0339355657744629,1.009558983502815
269,3.231197273224518,3.961263999158272,0.47418861801333534,0.7018897955229315,0.5683860931390006,0.5993147893731365,0.20005401745161278,0.1882746904242863,0.7732039101381569,0.781203905607859
270,2.6417698072773126,2.313752305865787,0.8964056327746576,0.31361816832655065,2.5772968978876025,3.0,0.43638643453577053,0.43216294003073374,1.4051124475611299,1.4121124548710473
271,3.629703829812188,3.4691728198608094,0.8414762188369084,0.7616258964128853,0.29901698994430415,0.3818019689661307,0.12929226618747006,0.1326843439678516,0.5409894377421292,0.5480166112048939
272,1.91803388984202,1.9703762766476192,1.941754359586714,2.0,1.895264728360927,1.8236224287737612,0.057552264363595944,0.05487346453914478,0.21783559540283393,0.22272844508850517
273,2.898738870164269,2.802647011793442,1.1211803070369188,0.9993373722363512,0.4951064367185486,0.43541908548761304,0.19572832184810823,0.2015067519686471,0.8896740220310178,0.893854240403043
274,3.0719309564700694,3.612479661891276,1.4449400016904854,2.0,1.671453604014796,1.6601807140321962,0.055229678019216105,0.05742150440879466,0.18721623481120553,0.18307201468255085
275,3.5586611063022984,3.5519496280335408,1.061172562359814,1.084029801824902,0.07096011086060994,0.05299802847238218,0.24633189715504064,0.2321658955989076,0.9870869109903739,1.0060926716248157
276,3.9450849971375446,4.0,1.1167957210170159,1.2499271238449943,1.8888804993155712,1.7990337743179075,0.1264854047216431,0.11806068925471375,0.45478151757028323,0.4440027353800934
277,3.5101005179740445,3.0443049042018346,1.2037777355397137,0.6821721428634048,2.0604885665764554,2.332476385334063,0.07879421511517495,0.084937885299538,0.27128291730591725,0.2786915930842777
278,2.1276033200065836,2.2717971793808833,0.4022516638110841,0.5286449494372188,1.737283337130966,1.6487051391152328,0.13609969882324616,0.13132848330487656,0.49594006504388766,0.4872096842640658
279,3.8568533544812267,3.436841240121215,0.5825909656432213,0.2687176410373949,1.7264991650875638,2.016864020383086,0.21515049565814012,0.21544440134179946,0.8122013545313436,0.8181324008088608
280,3.5686168307526303,2.4599017679771253,1.7223382659621345,0.1,1.8536966592337374,2.7225661029188735,0.09781082848247125,0.09916785484243162,0.3004497234310334,0.2926216442204228
281,3.6811477805042356,3.403052954930163,0.28986522898562667,0.1,1.1469588122688634,1.3541492144947687,0.17271303392627863,0.16108502968631871,0.6861355778522574,0.6895986571528191
282,1.6199934656818478,1.7038683577962657,0.7179541705889868,0.8098415576951568,1.3572870332674802,1.3282652398202486,0.32304584769370287,0.34479406410909325,1.2737260843202143,1.2627232151710401
283,3.9151029701229603,3.619404677696143,1.6286373905245404,1.5734467287510259,0.2787443028154295,0.26861170123956996,0.31925344433145725,0.30472427705835115,1.1106505257877728,1.1453258939838387
284,3.7218096595020946,3.8876848227272394,0.24537894898440507,0.1,2.146426223687663,2.613404360337452,0.2791019274598033,0.27383272645842127,0.9284481373246021,0.8952679647341593
285,3.5179299359971834,3.198087506619245,1.1267489292554849,0.877177260941586,1.6008016592096896,1.6857590474378774,0.31510659118403667,0.31557596053137904,0.9662951066090926,0.9801219363221297
286,2.805029568591932,3.1460709753152702,1.7327335234902355,2.0,0.10523588758349134,0.15254307717923754,0.42680696770504223,0.44186732509827825,1.3824327693200322,1.3804327619866004
287,2.1396123074978455,1.9919081602705857,1.8066247648954454,1.5599551962907292,1.304053754035557,1.2526011449834367,0.05546067082260186,0.0553522406200184,0.25705280613486103,0.256399299396114
288,2.073157218872595,1.9543319036361921,0.7208151430437073,0.6279721965557752,0.08247763185973955,0.16871467961533368,0.04212111642449819,0.04160219129342306,0.1284977859876331,0.12986356125351106
289,3.703272772460528,3.8011936151923944,0.39302996321071826,0.40754721609497746,1.1119381829443624,1.134621575960554,0.15937017061952544,0.15220157823905395,0.6611407385542601,0.6535541475049158
290,3.806339773674078,3.551072890769584,1.843934199011049,1.7028658524042082,0.9142918168493841,0.8521664220225836,0.2313324631000396,0.24067129731817866,1.0829096684362092,1.0765971036713946
291,2.4668271727181645,2.4863741381635895,0.276905339085053,0.3222344834299836,0.30204072112924396,0.2645800257350228,0.26749510707141877,0.26800762755824,1.2518874864415346,1.2555096459881137
292,3.6899631200617904,3.9703792244733904,0.9408029192783602,1.2325934854551641,1.995180173097325,1.8100955813825734,0.015459093734769672,0.015921130320322815,0.05213283544933178,0.05138225834270768
293,2.345538045062777,2.0497454574136316,0.9190275553925686,0.700869023242794,0.8511340928498388,0.8181084490832188,0.15593125475359745,0.14473137694132174,0.6576154508186248,0.6669438991869164
294,2.0249310312280846,2.1812381147946667,1.0687503197093322,1.205695552858907,1.309792598819589,1.3653578672106295,0.015227062148182464,0.01572521411441684,0.07114910999496919,0.07105180716363427
295,2.810305294075304,2.742603095154612,0.9486932979348135,0.6640417392865958,1.7473238156045974,1.9625567642863935,0.2732710145959763,0.2816837486276967,0.9136379685338696,0.8985221456156561
296,2.371650517444327,2.4240078069906015,1.888602202045293,1.3371625147138975,2.785233859790428,2.974742610764232,0.045912320300416594,0.047676202760451425,0.19276683351837914,0.18997157758966376
297,2.0466453033105116,2.23823494464298,0.7102387319203551,0.7210684172644821,2.826880118209621,3.0,0.04793063481255757,0.04895266903425363,0.15389273999990466,0.15646657798703872
298,2.1644799872344653,2.1149037964443407,1.141371798311572,1.036892308394343,0.7717703804756594,0.9200682855889811,0.10003221005537433,0.09651695476156993,0.4690721102633019,0.4635627162226975
299,2.379611860541053,2.5065942635643514,0.24082384555763237,0.4905596080174659,1.5975531305897461,1.5072096002518967,0.278931364839494,0.2768542378767302,1.3944460989167695,1.402145618891974
300,2.4457408870142805,2.4632741939794003,1.0331221856546455,0.9994573814549444,1.989915307086812,2.0391378467101293,0.035294153041961825,0.03476248624076356,0.10686966382736734,0.10526097460071775
301,3.893751638735149,3.4084537288550485,1.4261353515949262,1.16217698485969,0.37089959895606706,0.4315612594672612,0.19666055419710185,0.19058516438613787,0.5975674634914662,0.6008806051244145
302,1.92189995579053,1.9504949069473352,0.21769763433999942,0.1,1.5551683165320629,1.7321348572085487,0.07804803604706761,0.08116124666477659,0.24774134286258676,0.2499159763259458
303,3.6921700309377843,3.3546852144505945,1.8516408274231326,1.4965585011991511,0.8101884564898173,0.7895207605144491,0.04025072645394325,0.04271313785799851,0.16677968329449827,0.16289464424570554
304,2.7738110497421404,2.9518510357388057,0.20222525949548206,0.24850349222487064,0.8859848625093414,0.8791802254464004,0.0597782697455736,0.05933065426959272,0.29233525548271777,0.28985306040255115
305,2.2675669769558278,2.4202989350484474,1.3852662184449616,1.5060398116340412,1.924332964654298,2.1027620813356407,0.34225913205108927,0.3172963063295827,1.2702336394383646,1.2682335912149316
306,2.5148208540451877,2.4075342071519854,0.9787303767105918,0.9260934225199465,0.24190637301254836,0.2164758722715581,0.1759326083550639,0.17595431737435013,0.5848675966426279,0.576711657465629
307,2.0678463621802705,1.9837804213742694,1.4329062991561063,1.2990389911991305,0.11802236558722556,0.018390524831037695,0.05861187391017149,0.06395130469723019,0.2454625080425638,0.24592273974875695
308,3.589361221057729,3.5577588712166954,1.7960303703093552,1.6745634905812798,2.905892476074211,2.795259656092415,0.3311698613564247,0.33599344128960723,1.4006133240354788,1.3885579084181077
309,2.102390815978387,2.1372897821815684,0.19005552172340856,0.378195167067532,1.7444200003742278,1.464205484414568,0.16633518477183332,0.1708994674316566,0.6171216061041627,0.6192496807426915
310,3.5848295477380416,3.6730607160627375,0.3971051887728446,0.556860944387023,1.4399537736203019,1.2644280706896331,0.11344742279857313,0.10815230958969914,0.4390011635692817,0.43639351753847194
311,2.8778979044039694,2.9232127961701195,1.3191921796671484,0.9933504281227934,2.7710649441369064,3.0,0.08214606199122837,0.07377381662035122,0.3958631804662589,0.3916310449070353
312,2.546645013730381,2.8697276412844017,1.0837592931488989,1.4297282172573098,1.7344811357838519,1.6415707480800144,0.18291780757729942,0.17823383749183103,0.6931244191986652,0.6971244333176739
313,1.51013564726553,1.787988183368222,1.3912944734249209,1.9147945731158234,0.23452851677254682,0.3456171841481888,0.28360033085576936,0.27070988666319484,0.8749131880573773,0.8560018066818068
314,2.274097753797192,2.6573452655294347,1.118709771445262,1.2896997329242241,0.8380733387552967,0.9591103068374157,0.23359558079874204,0.2118440489485352,0.7611708918367195,0.7459801996576565
315,3.417399436086524,3.160905588874218,1.834808950092156,1.5693891329379461,0.9586904133104112,0.9436236117420731,0.1902844533097935,0.1628969118162671,0.8509648194888613,0.8430315779446329
316,2.167533964146501,1.966473145813463,0.8912954363657646,0.5813786108695648,1.6125698340283154,1.6477199891903636,0.023160917565087362,0.023850581923497944,0.10701310197183028,0.10816417159888969
317,3.23053617856899,2.963621599869006,1.5823136593138467,1.2227507472307888,0.4908993139067813,0.5687248295817413,0.2757941853569997,0.25278847450724534,1.2772162605350819,1.2925473759649155
318,2.1607142454166786,1.9037498105938613,0.8404241481426137,0.5512385301933519,0.8887030871521027,1.0260694919500555,0.3556658830759829,0.34322469935565064,1.2499178541748464,1.2867727581762136
319,1.6361401370835864,1.5,0.5819296973032323,0.3032776258627898,2.928962814069773,3.0,0.018499396943154493,0.020504125853505244,0.06353415492259455,0.06303445434416671
320,1.6905430229355776,1.6472559340025523,0.14467392688510547,0.1,2.5146716074920064,2.54947626648453,0.2686778428394702,0.25745258429266316,0.9484977074884826,0.9734324405509357
321,1.8922485501583992,1.709828866000769,1.5190939841001794,1.2094875210673908,0.5477450095516864,0.5362549259170206,0.11027133598240457,0.11274461611998558,0.45221278804523946,0.4443700790534423
322,2.749416546929513,2.9208525295365453,0.34643760545396773,0.3985680682035794,1.4182202255562082,1.3870838699747097,0.030398102300673017,0.03150730021687782,0.12604024133653802,0.12733167151408759
323,2.75840747594047,2.910047978839959,0.9488277545747177,1.0730660272604449,0.8403426350737222,0.7338891768968094,0.32061750480599926,0.3295225082081499,1.2284210723922189,1.1984210706797607
324,2.539598897403871,2.022359895725147,1.9411238227956733,0.7114601732532111,2.564323604655822,2.8105015780231426,0.01646941724069055,0.01701925674033375,0.05806658963490263,0.05710134912607552
325,3.121713460251197,4.0,0.3819192891891827,1.2517301999341233,2.9497314997652326,2.397861623815585,0.029975023371402322,0.026848036061802937,0.11007874968915035,0.11185684170977456
326,2.7943744297821436,2.9705422174917824,0.7766193457457595,0.7660299512734958,2.0063042085976655,2.1452277383480443,0.14106868424864946,0.14529827644608284,0.44581800799891647,0.4420440108050967
327,2.1513082571830537,2.2986114961352486,0.9826051962902537,1.0523619008422624,1.2232812775281925,1.228191371584541,0.10749092183793776,0.10404077978780388,0.4423585628466176,0.4388675901130413
328,3.1784652217192377,2.98737044208983,0.2244888187557636,0.1,1.1454244791003765,1.2601461646316106,0.040993591930728136,0.040238655803669886,0.1267493327090014,0.12341353458911522
329,2.248299693016382,2.483824744273357,1.369316612677416,1.6222123262326622,2.9567701291097253,3.0,0.3290782879863013,0.32841004403802315,1.0480152767134205,1.0460152849345998
330,1.8809209499930735,1.9723130915296245,1.8628161390273892,2.0,1.0076714634111137,1.0098979260446115,0.03322544411969557,0.03389637687921558,0.1300891928518931,0.1280565499004022
331,2.6288542375986945,2.5530425306025153,0.2053642396288941,0.20628002424962819,0.5719850419190065,0.5134452492001236,0.3419476656052839,0.3294119336800983,1.469501677515411,1.4700453885490077
332,1.6540137376514303,1.5,1.622950680622461,1.0294011462567119,1.8962270812004458,2.019795884439063,0.03291373676839518,0.036048140270483385,0.11412529198202878,0.11595648557819753
333,3.8279894350048167,4.0,0.21554614107401737,0.2398619690149434,0.5421703558301401,0.4681093835437811,0.4522477427613168,0.45586418795926703,1.4045154315108437,1.4355183761424775
334,2.9374884770097314,3.0653761941669275,0.44076895542768413,0.47792810536785757,1.3895877749590069,1.435509818086816,0.28430582996201603,0.2871372873193418,1.1687842119609724,1.1952737700006006
335,2.49097370935205,2.1847482598558168,1.0043846236343446,0.10000449014848771,2.0590327002659974,2.984458995921387,0.3207255038277792,0.3204620803044364,1.4413700648240608,1.444291521099577
336,2.2821533128463773,2.3243424471189122,1.318969448416337,1.248832234043028,0.6222817218087079,0.6671066146308879,0.2917625067668962,0.2731194430335046,0.959446581218274,0.9429643521419104
337,3.5463057267470104,3.6376272075021236,0.6979514559247306,0.6719930724392909,0.9679574986376122,0.873122216821512,0.05123837976087694,0.0494757185385663,0.2426708379838644,0.24395930236277336
338,2.2585635954910868,2.145979432366457,0.6787971959266387,0.43960689440133915,2.9634509681539685,3.0,0.19420579656873982,0.20732414286089754,0.7258593521687566,0.7301499931727002
339,1.8941954026331573,2.0120827942779154,0.5870156267281766,0.8856422562291703,1.678148704445769,1.6414830299166274,0.24131076293895276,0.24347054756244108,0.9532991160043128,0.9710423891875154
340,2.6827757674557584,2.7971652003392777,1.870464641461333,2.0,1.6208304404516043,1.764992186328204,0.3267387319565004,0.3269780413867335,1.2904675496474378,1.3004675494250542
341,2.7575417777671385,2.6428719737057103,0.5951821715526918,0.5306260835482768,1.131218484263543,1.1578353327614497,0.08524221731568696,0.08800961182087823,0.3398073977923805,0.34744208293721346
342,3.2526004078400583,3.4091367063744573,0.8733785717551689,0.8468888203836512,0.3014384259409373,0.38948708206152405,0.3312364066225495,0.3201523688965521,1.0749986504672886,1.0449443223524582
343,3.6684374952701275,3.029746034996074,1.3282640186402916,0.4750725400026844,1.5553195509223283,1.9405578125776275,0.019017337945453412,0.019831607559864992,0.07057735021669166,0.07053692647981973
344,2.163970235075481,2.1899792200885337,1.219893636030384,1.0499759873051975,2.3052364481437593,2.4252178577237347,0.3388285732431144,0.32729942989409017,1.1540066038455468,1.1554733284433771
345,1.8645601194429535,2.147577238830284,1.554737367231245,2.0,2.7941464033114864,2.6507104093035094,0.06974133039139244,0.06868787534780867,0.24552415468243766,0.24106111316472273
346,2.5301526911678525,2.410147522203774,1.8733834069213737,1.54722150958248,1.183667151636075,1.2682004858075726,0.2219794901368478,0.23681793393583048,0.6670217819243619,0.6811520321677346
347,3.4481291058217702,3.73277533022879,0.41554680162536206,0.7750125057211406,2.3879885100301497,2.115237571087405,0.4578714896515198,0.4585473136910385,1.4278652956763367,1.438865521335719
348,3.791843313268251,3.4936897850099897,1.0556387741125361,1.1216517658671605,1.8475382970677114,1.7175542546148113,0.31832732704473643,0.3284622067167823,1.212684917571349,1.2616113239605897
349,1.5833988955187461,1.6666696907528256,0.2613841869872202,0.2563096941426105,0.40359724221805104,0.4653340960971986,0.13946152247396135,0.13521338142613712,0.42323219325466155,0.4095528825959293
350,1.8650943539013176,2.0112154050489566,0.6046723721722128,0.656857769718673,1.0256827899134664,1.0566084421092035,0.09959556122011878,0.10624111974257805,0.3615109911602945,0.3600898495929795
351,2.7454258224828236,2.583247137041247,0.6691539187117729,0.5817500362969084,0.6361361795448556,0.7609126864033215,0.2050428950779701,0.1944226645448284,0.6392448541072625,0.6581354589187799
352,3.0081145416653556,3.4539441381429445,1.2969772965342992,2.0,2.1699147210250347,2.03203023725306,0.331367959769337,0.33239908317111794,1.2218998302142396,1.214974082214007
353,3.0958399167972637,3.5011796285160517,0.24232812675534254,0.2964245845504638,0.040032376891881105,0.04962174553838055,0.15175622431458008,0.15900114457328354,0.47260586200672744,0.4875021928837835
354,3.2043188805575404,3.179284850382985,0.785165493103261,0.38307248511124137,2.475461547912706,2.9999999901249472,0.42651996103201384,0.4389009610125644,1.3501986811683924,1.3411982562804003
355,3.5035811999630635,4.0,0.5302087602462935,0.7435980390855851,2.3581051909120934,2.238133997222564,0.18508511393496735,0.19031427818466679,0.7284735324285224,0.6986569058316555
356,2.0290393711479133,2.250585800013435,0.9114665009283088,0.9601188202502631,2.9323738458900332,3.0,0.0752983497190219,0.07821721179545689,0.2551916427316247,0.24112768930247103
357,3.640405992515514,2.6949800894015574,1.637932907209287,1.0863683040887369,0.8793448197170981,0.8147858442613488,0.10284145054145558,0.10320045102748633,0.48337839446993314,0.4995726374743072
358,1.6422353602309845,1.5560269982149457,0.5485947083505868,0.39989495774104233,0.4026640216383104,0.4388981294750567,0.057987822645656294,0.058050243150996016,0.265302693672987,0.2599939707205045
359,1.8301975940345738,1.990445468908935,0.9875226095237771,0.6897872750246223,2.027726597610226,2.5373157745043686,0.09336727273702436,0.08905147262688913,0.43562954410222837,0.43883569948615586
360,2.0172118879534384,1.9782660026335503,0.7049833464905393,0.6634877648121036,1.9557313202140798,1.8351699978612075,0.2568932577017866,0.2815528727338996,0.9199045423246923,0.9357666967334257
361,2.7007501743112132,2.849090603163655,0.11953296137357224,0.3921032150174037,2.4284812577247665,2.078480674086658,0.30181510005012857,0.29077018877388777,1.3531003759618874,1.355187403296235
362,2.505424583696345,2.473247794635541,0.9988637696657362,0.9035604800245542,0.6340400096413394,0.7205827957517473,0.3064382288406718,0.3055320233472226,0.9364664625707464,0.9335644545225986
363,2.2023326200193107,1.9053311946444633,1.8195468549828304,0.9478913211898132,2.111586565567669,2.2589030993192196,0.030329583325811663,0.030853834409833487,0.13985855489612875,0.13973033643962246
364,3.640809209600065,4.0,0.7429518606998162,0.7035282396129988,2.740002119269235,2.9479206295075886,0.35968968808003554,0.3739698986219997,1.0806109666341794,1.0776106035842365
365,1.637129480504664,1.598818905946322,1.200064724563084,1.52235764279951,2.5839897730576658,2.3071791491727525,0.06717474639224794,0.07031819474883899,0.25487110264652524,0.2576266202794382
366,2.4409696603245896,2.3225546925292964,1.2311043491774605,1.135284564094106,0.7884459900867593,0.8186025073274263,0.12558623851810655,0.11771909917658101,0.44307161183186106,0.435203754563091
367,2.529206984295288,2.950503873666181,0.44803845834038025,0.5145310406787363,1.6010132123938072,1.6428448941484017,0.1405638222777894,0.13827807613645943,0.476604437316935,0.46155211164368404
368,3.396420842849817,3.69183028651482,1.6758340696150607,2.0,0.8425934758878776,0.8815033477491034,0.18205297158145475,0.17780711109716124,0.611252912827441,0.5863809617490587
369,2.8849249385720723,2.934328200892743,0.5281926715541172,0.6494805201784034,1.0584646347725095,1.0522274188323144,0.1713673122994918,0.1726316155648816,0.5833131513465948,0.5901832622574399
370,3.774610690478906,3.5228288500204026,0.7095036357984859,0.6549159805034341,0.07658540008740833,0.13634417221884992,0.25298214164401395,0.26165514322053457,0.774196668322954,0.8010480579275902
371,1.6723950319620156,1.7075472553138638,0.719101831153996,0.5733845985348494,2.8277891303515292,2.928248038013599,0.11413621415356619,0.11655648964261463,0.3659245166320637,0.3586084345157589
372,2.2047603394926023,2.131944464556222,1.367511421302427,1.2293558816831147,0.9252143649318058,0.9050928406306198,0.33332837951409994,0.342625097026734,1.3701437808750763,1.3621438372809767
373,3.4478358019948763,3.28052829666076,0.26014104983759284,0.1,2.6165676819481467,2.8340456877784286,0.2047214409314751,0.1932282592713042,0.9807164558553996,0.9879450094436248
374,2.4877237528236598,2.4667808655355015,1.6366683619022,1.5613034927789557,1.5811733410241686,1.4665929018352584,0.17747953526458224,0.17411542906988303,0.6826157614759393,0.6782992354131739
375,2.0997161636232637,2.704484048414699,1.426384195547447,1.8074230852728632,0.48746627369979534,0.6119117379483392,0.4682285863973742,0.45135401069784453,1.498875750060703,1.4284411649965976
376,3.1068496035479045,2.6428442082454477,0.3461713206674629,0.11863355976425274,1.4307401486951068,1.648940416197484,0.3653470147603858,0.33528721291949876,1.1286697318222731,1.1929448583944189
377,2.0474716061787155,2.027251821709006,1.0498365022742757,1.200678305127394,2.697488847128545,2.43458552207199,0.06083642324249738,0.057669946227244875,0.28660348260032603,0.28638118276036884
378,1.5669442791767176,1.7389671484580038,0.6718253656502156,0.7680543237016558,1.2929893483298602,1.2968263885606874,0.13188114588430208,0.12543240445220852,0.6222307782533955,0.6141036970326514
379,1.6128735953795736,1.5489850596016606,0.2046091150717449,0.1100658550978699,1.3233177793124737,1.361931422955879,0.4336905354980395,0.434207002346896,1.3795033056535615,1.3905014494833465
380,1.924057976639599,1.9972208954295017,0.5397268567422606,0.7086396582260475,2.3770938580917758,2.193183268866027,0.36421889485792036,0.37513752186472565,1.3580368532212825,1.3351916207684094
381,2.495526177724495,2.5592698087487014,0.5103816043279528,0.6961378242678353,1.7760085571777244,1.6117277307667592,0.14005175631061947,0.13658300663738254,0.5253339628134707,0.518095952692941
382,3.2389829693787764,2.7406323088839053,1.8414269730508683,1.4689187255388365,1.1103780139950281,1.08768168319658,0.24771779224670665,0.2528884254447365,0.7620484060777344,0.7786862241774353
383,3.407941817457387,4.0,0.27580747235467995,0.40646857292207983,2.1522319734512396,2.3766440625426313,0.34604538146095154,0.33338372526569804,1.4082006634174902,1.4267617507568302
384,2.890599640111033,2.8459621631031546,0.5085870303722997,0.4350644571341816,2.816781426434262,3.0,0.04880670937517246,0.04689064429084076,0.21273946961143003,0.2127990470135094
385,1.6345970318611145,1.6009509480214863,0.6856904333239692,0.6698372239675408,0.16018404972863665,0.17580590568312127,0.2435158039409118,0.240079805226819,1.1472438545588988,1.1571504127374694
386,3.8017127128485684,4.0,1.9197100775477638,1.9594269863389937,2.9354417833024278,3.0,0.31024630943534237,0.31081468401379286,1.0282946475403663,1.013294143157146
387,2.342059179323149,2.358509688828892,1.9457914830237073,2.0,2.3795025557242395,2.4084790231886912,0.06966313250659695,0.07357667410560631,0.2923197981694717,0.2887762490561233
388,3.3554868121217045,3.229987584616235,0.8318559041238532,0.5760568266636364,2.0966028867646234,2.270258327202094,0.2903162456145406,0.28546129366029477,0.9539589587172649,0.9474289171633096
389,3.963846681730421,3.6185913784563684,0.5522523882232409,0.4350212422819856,0.8122787023074466,0.7359921899498316,0.42366457183290307,0.4092239485531163,1.3242716752109418,1.3334306156050868
390,1.7456407296964656,1.8905951254841031,1.7506126203131465,2.0,1.5462662494777168,1.527248651708662,0.09357506274492199,0.10085856591172217,0.4189247122074736,0.42182956241209557
391,3.2012736778624937,3.247730671813703,1.4780450230605406,1.368985188850077,1.4282735141206198,1.45064226798232,0.25345799615449605,0.26379640015516764,1.1997262783540887,1.1926877085672323
392,2.896390759311112,2.5515082890468705,1.98679171254338,2.0,1.7630609433577589,1.6116279161712472,0.3766915571759598,0.37058056505982506,1.4630589424661518,1.5
393,1.9117666485629332,2.4215304201962162,0.9937985897119485,1.7859989200757573,1.7859697616947128,1.6491116668746422,0.24960638238009364,0.25345079632339157,0.8129131742356024,0.7949131781567911
394,3.2903156973054,2.9090624329802437,1.507086210966825,1.2445064225428148,0.603766914973888,0.6214695035091866,0.1688478766623737,0.15818191724603325,0.7447228507476528,0.752832587878496
395,1.9528285747075447,1.9260041187322223,0.7486654034099909,0.6496618748892822,0.19950459405648857,0.18060466206872913,0.31173905715929867,0.3075501637171569,1.0145963317599567,0.9925963309628767
396,2.7239066990512533,2.5591176538175437,0.9562819252181485,0.7756619734336875,0.020394678164343927,0.006356571128381463,0.05409868403032905,0.05531150493588873,0.18448339318230983,0.18220228016731893
397,2.9167881130319673,2.944595150853839,0.23691933936416928,0.1,1.7491279969862141,1.967071767806147,0.3562339248644809,0.3439238845501827,1.3941589149185079,1.3839047569945384
398,3.827927702068397,4.0,0.48738629564551395,0.5534843804602462,1.482467469698903,1.439402525610385,0.03536568011939736,0.03256439615976104,0.11600859500137203,0.11356087744776978
399,1.955366512130896,2.0494787927147966,1.2701425048691952,1.2310737427703882,2.958527201217355,3.0,0.08271526462458269,0.08651965103568661,0.37650822703680753,0.3764668221672742
400,2.5752483116331923,2.6690936230075706,1.1360643478118198,1.2829277438450193,0.06962221246630729,0.13076389820977566,0.17658633926974548,0.1739763283735735,0.6777271936360745,0.6918924722586017
401,3.0584261646880506,3.089290851210992,1.9876693263239624,2.0,1.7264899062952164,1.6710632775869738,0.031525985056777894,0.03127759131026128,0.12180449401154,0.12149810209795837
402,2.2625021509129914,2.54852540896923,1.8307243386947916,2.0,2.942794737783129,2.9358158708977036,0.2593880116919293,0.2695890465384647,0.8349371324644292,0.8172115586601147
403,1.622103336738666,1.774297359657292,0.4289247374179671,0.4691200239367462,1.8600692723810837,1.8818976808506496,0.16146832968418845,0.14949360274316864,0.4939670440515867,0.48196793231679097
404,3.47166796608298,3.9126053437345276,1.4349156980226878,1.5457802593777559,0.2728115561207509,0.367886333958784,0.3076989635242678,0.30905744338318875,1.2674611386333157,1.250504803158287
405,3.8258515343134625,3.881095636297042,1.6890688368255429,1.682397564508309,0.5356103759297367,0.47259520614982026,0.03625529540577059,0.03583553415121167,0.13956373900562075,0.13763675330641265
406,2.8460843738572748,2.350058447214665,1.841069672870728,0.9820034528277504,2.2750383377398578,2.34360996700344,0.09997917744115034,0.09887727184434501,0.3316810175392656,0.32739389179976736
407,3.9011797852537526,4.0,0.4970450583326719,0.37919291167224806,2.212118906802317,2.5962972353338807,0.05052170487438592,0.04898622169804695,0.1762344952293281,0.17182708480301592
408,2.362577210805068,2.3450720604715936,1.1705761825148464,1.1855899518950446,1.011391123933452,1.0028471388478377,0.13808577046421813,0.14443737394896408,0.5387881798428168,0.5409024928967819
409,2.244506980969978,2.086742676345111,1.209435974258155,1.0035935495691668,0.9586718399112512,0.9823408225714884,0.28733285830189004,0.2780003135601095,0.976018330010032,0.9816317929287941
410,2.195592436223769,2.3652787254821024,1.9672722512866205,2.0,1.9977864306064277,2.1689050216398678,0.2807132031979874,0.2778591374840128,1.2714604059759702,1.2551007485827492
411,3.0335307335491732,3.009647465610359,0.6793361425425485,0.5216004131079542,2.9269199878063965,3.0,0.2818132407104813,0.28774294404307066,0.9726429018691192,0.9726428941177072
412,2.4520626433179804,2.6045100602480566,0.41143333662221426,0.45744620673601655,0.2580151694414805,0.27538435091094243,0.08427285954629794,0.08250361216233848,0.37894284745780066,0.365393233758655
413,3.054763819313809,2.8596896251881594,1.6312440033290303,1.9132363294717525,2.591543777587113,2.3587234160963604,0.2741700249645617,0.270510525165869,0.8590632848400674,0.8852597761987441
414,1.9157732992294267,1.5366922624155739,1.9436155256356662,0.9424071742845045,2.3425106994597167,2.57178453642876,0.29876409997729686,0.2808263883299825,1.1498108293026175,1.1798110833628133
415,3.354518497397873,2.8686923768113304,1.5990650964154542,1.0548710255864902,1.7501239164703444,1.7321154715711933,0.012723699589863675,0.012351442557652928,0.05373283291609454,0.05418232592416786
416,2.325205074765705,2.6587261272099005,1.0964495998481842,1.9999992099202244,2.7060773967424003,2.479844481409826,0.4763557390250778,0.4865738210317203,1.4926778590955234,1.4946777506898834
417,2.779379269408963,2.6429076128844797,0.9025976543669793,0.8023048429656074,1.303244962626539,1.380077351527802,0.27404244885470863,0.26203786333842966,1.3460973012264186,1.3520974077084735
418,1.5041780997073544,1.71306994312003,0.9904331756369271,1.6454850780859704,2.196979402692098,1.9723856920548637,0.19060331032765052,0.20261932472925231,0.8282388789924601,0.8262388830365595
419,3.4467312142192377,3.625365418889033,1.88377399211271,2.0,2.861835242006869,2.83127493645353,0.05222522766699568,0.04878424713241105,0.22189125879990912,0.2176624070938098
420,3.780733926627378,3.692045352562368,0.29434187134360706,0.3157530724947527,2.998790714459271,2.9999922906455705,0.12783923196927388,0.12047578565770567,0.5953812972093808,0.6033788168579712
421,3.4183364812101678,3.1381031254474063,1.5559684009281423,1.301637447750507,0.2868152926636768,0.2414718855386409,0.08013749749532126,0.07845378426094139,0.24195118628845735,0.23974561282075088
422,3.1780632320453446,3.3481138110759963,0.6759386003200557,0.7097698074664314,0.09264415257249792,0.026187340108350082,0.2126553130038267,0.22343466750820945,0.6827979852288008,0.6870562850480667
423,2.883533519521868,2.777613366861085,1.0991399194146743,0.8653074958962376,0.7675815817935521,0.8664868952480846,0.23283501726000344,0.22723742010214307,0.8257832093159709,0.8227294143067079
424,2.1066241923891162,2.2535401655927174,0.22162147979487207,0.3181238671186957,0.9909653474538369,0.9375444753100255,0.09153242482138611,0.09861287482882392,0.33454583525558523,0.3360717795245816
425,3.65937948874977,3.2770935745735383,1.158144887064357,0.8563831082802318,1.3118880836080695,1.3055203021133734,0.2987716186209485,0.2850943737583764,1.4749628097458283,1.4782461283891521
426,2.333428880334078,2.1138244854792676,1.076365628975452,0.48953878362716097,2.469207536545854,2.771617207288389,0.0430623031448467,0.03873947387307391,0.16233219714922764,0.16380082377796196
427,1.9375995605439056,2.084365973067862,0.9954291288904256,1.0560262308242552,0.7991286042968944,0.8058202390771683,0.048679171384462504,0.04564118090815539,0.1945210973469058,0.1907970162725241
428,2.9969248114028004,2.750151719994481,0.4566616296664622,0.2819192777204676,2.909578605192201,3.0,0.23019669284768307,0.22978795656364237,0.7080155097735468,0.7122599178563997
429,3.209476679532045,3.339823861199206,1.9152426798188658,1.9698493609059045,0.003913325493015596,0.0,0.07086114196231552,0.06693004980361696,0.22218661370005738,0.21927222743602223
430,3.5657863923927224,3.4854925079782655,1.3370561965445558,1.1292800855436245,2.086572342824458,2.1149222251198085,0.34074350188126545,0.32793258088605437,1.0475728578381822,1.0385726845378902
431,2.938662836693325,3.1874547517618925,0.3214544389031899,0.3465653803785491,2.8385250648372997,2.9999999965823596,0.2974672142785282,0.2931225700286141,1.0774211393829156,1.0554233973234732
432,3.9478103972848704,3.884929499182484,1.4928286850336436,1.196810833561137,2.648533415456155,2.6764693710036433,0.2022123941099741,0.19825556640636285,0.8849278878267903,0.8719275579994714
433,3.194913998853653,2.3623916506301152,1.5054344572700555,0.2699993756983792,2.486101593351195,3.0,0.29474730473776095,0.32318043061459745,1.3780860945749445,1.392085600071746
434,1.530464488558937,1.590994426923033,0.3481898086133373,0.6567970812715918,2.6663398262996068,2.416987867832357,0.22675496661734393,0.21481751228448004,0.8757062772850529,0.8744579961373218
435,1.789384434522548,1.736853264218853,1.575611637342665,2.0,2.2711633193926692,2.067258521422133,0.2375661812890111,0.2323386164669247,0.8059369899143398,0.8149369033102072
436,1.9860022558885893,1.8340823451629282,1.0222860626820225,0.7842388777114524,2.9785764450750736,2.9999999988307904,0.35649215940832696,0.35107180223566875,1.1698112393849827,1.17481115610923
437,1.8544106860851248,1.9945430049947346,0.10147695637593344,0.10834165756478362,0.6343820218897576,0.6289964832690523,0.25655145745841784,0.2660927103680088,0.9725771092765293,0.9738799695421525
438,3.305696076001438,4.0,0.14492070036138405,0.37465981344255644,1.939483581108583,1.6951232725048253,0.25657276196628637,0.250663476551992,1.0048381211601776,0.9662113155273822
439,2.489874109446954,2.3775752097624077,0.2381538295418468,0.2113761453733265,0.8402310860613751,0.8061063194176558,0.09878185504085432,0.09290276731751314,0.47816157875928106,0.4794771818272098
440,1.7026988112972627,1.5014911105458948,0.22246700019510304,0.1,2.4125324562328467,2.4746401912057427,0.41201109258717084,0.41094319932246043,1.2796727909632593,1.3097543010438157
441,2.8197306514829643,3.2285741703113047,1.4371114664581925,1.7646751111370014,1.965340271479773,2.0430912881906247,0.16961172171232564,0.15864519593657816,0.5517123500087817,0.5585804996503386
442,3.9097830871848682,3.658923407319163,1.1013139223516064,0.7912375073135277,2.802186086765649,3.0,0.014710391912700528,0.015243993750803696,0.07182057821586166,0.07182267521585173
443,2.912971400312248,3.013340010961924,0.7221553955764163,0.7063724272487137,1.4110452865629475,1.4227983586844486,0.2325467877324326,0.2381586926237448,1.0404420455568848,1.0368714117961428
444,2.532499497865776,2.5367301260515958,0.17401161372236493,0.17205107074011716,0.06031904241940467,0.06397268355057252,0.30933915243111404,0.3075231225474755,1.3879617148634613,1.4077287115501789
445,2.655894948360288,2.4497065305907784,0.15870452811295985,0.11190131014039989,0.18433290293964288,0.20934543498114438,0.3433368173478293,0.3511868626507808,1.2089107221187858,1.2479923910671358
446,3.9988693927637695,4.0,1.642986825732525,1.6508422849735696,2.2014131612010375,2.2221023706443397,0.12352009398735414,0.12920259450118368,0.585733206597434,0.5871791085680114
447,3.574753541599406,4.0,1.0543685398958795,1.3565664936511674,1.781803718351909,1.6745186529668046,0.1713955426163408,0.1788434715017779,0.5971941952299322,0.6033202918145476
448,2.2340934145340814,1.8024095152485087,1.9807047051508697,1.19306350303851,0.040740872496371594,0.0,0.06383398261409982,0.06535372570302517,0.22215570764698017,0.2162193660807178
449,2.571101165471901,2.6654530436020365,0.8988356373650003,0.926932891339436,1.0452932270339805,1.023271301091768,0.22576490927195986,0.21977191865692958,0.7196519818877698,0.7046524721352134
450,3.0950131227553763,3.306662182103024,0.16699647168772264,0.3917101249237312,2.1492202999200813,1.8560144950541388,0.3001473897042022,0.30107983494212803,0.9720120709858243,0.9833693417363003
451,2.913729100027208,2.8256354294537256,1.116994462854322,1.1028253794401262,1.5206615526650427,1.499432292287667,0.20412915489009115,0.19359322190934403,0.636167716684374,0.6246818533948937
452,2.7691820576952395,2.836630738483696,1.5204252824295574,1.2840732640027608,2.3292258583373857,2.526940488300676,0.18217662578259824,0.16922467991693818,0.6001747140642266,0.5955110903165786
453,3.695393076737414,3.6196742220234643,0.5757380811473531,0.5222564062831145,0.18387403938891156,0.1763429098060058,0.026120381431443237,0.0242984434251853,0.12233422984888165,0.12180047213898373
454,1.5648427804313934,1.5,0.9864455727004656,0.7844356576119335,0.6614494219067591,0.6577807903317795,0.3812186688611455,0.3721477676804002,1.2595227517945766,1.2845220246260787
455,2.9102476276606755,3.295426056692909,0.41619997342599135,0.5112418159235524,0.7232930491455246,0.7269832867217556,0.19443886772222585,0.20601333348369877,0.6515359930412843,0.6291708737598639
456,2.825891986208585,2.356768989046781,1.8315531999137211,1.2411845403031092,0.22170745965930383,0.24052435938981034,0.12467076291899384,0.11940588095331207,0.49986717901902544,0.5069811744883619
457,2.432135428583604,2.4581365676579208,1.183723741232499,1.178825518708741,1.2832522484455133,1.2963456204452433,0.14638372078414924,0.14010175804202699,0.4502905770044858,0.4484134923089998
458,2.4878750979064908,2.3913392832318143,0.3145051354734856,0.273914699009579,0.18740179709683402,0.20712429225437906,0.11375556420151688,0.11430419116370226,0.4419325409133732,0.4263087903657534
459,1.544156877410817,1.5493776918055513,1.8728367277132185,1.660042723347778,2.5693518682322685,2.6480608066598856,0.06178053269475685,0.05999087453337089,0.29611360546970783,0.2985873592132975
460,2.773045490338025,2.9535110842063483,0.24282366892056811,0.5510504267325343,2.2591838390856083,1.9480300425587609,0.07166194543894955,0.07299286531727814,0.25592240985468745,0.2630956922200517
461,2.695896936553596,2.8600326406903385,0.2042978342373709,0.1944944294952686,0.9189156465170764,0.9665133260946016,0.09989345075897918,0.09546928335810469,0.30834975722903324,0.30588989008161976
462,1.519304542164598,1.7168811613985868,0.5199829568885174,0.9672560089512905,2.935485087910339,2.9999999816458076,0.034609432988733056,0.034402245325018406,0.1690402432258738,0.17245361163570325
463,3.380685677877031,3.690438140148454,1.5813109560909109,1.9446077078943345,1.3576392609202124,1.2176424369263075,0.19009956455155247,0.1888983119126199,0.6013551413164099,0.6003552253377908
464,3.070778007074623,2.8376095196805986,1.6014492384531036,1.5062846573011368,0.7814869120406086,0.7304240879468563,0.4140252288835039,0.4359087867001224,1.4476006356965043,1.458600292596465
465,3.3730832096612633,3.6715830975063164,0.7068089721394927,1.1528659695912127,1.8763940547673603,1.6829243128111462,0.18760330606255785,0.20328857135680586,0.6700457308654871,0.6698818704298576
466,1.9947204215946968,1.915018324571496,1.3669023929358894,1.0434480936992654,1.333426118867612,1.395293997548303,0.10372168648530075,0.10506827647362395,0.3328643741571018,0.3330561092154316
467,2.6085971762507816,2.811609459606702,1.4522519378316867,1.6032480838998362,2.8145390758284616,2.999999999457435,0.1903412725974506,0.18792678065252166,0.6321402427187752,0.6221402531051228
468,1.7890514066457102,2.001568489712904,0.5576463379223117,1.035160011940749,2.1295462828155665,2.021030818367084,0.015800690512250627,0.01618645496817142,0.0630098809181593,0.06410408480729042
469,1.740009355558085,1.5460861530887287,1.9756417362224639,2.0,2.9442725577683406,2.632249614244415,0.09840190492240061,0.09694219401772233,0.3558027031229553,0.3631371064701305
470,1.8750806147012808,1.9866997264484914,0.7107488637651772,0.8065640175911318,0.4496163209684402,0.5044000833506174,0.140793615936197,0.1355541167218253,0.4557643104351202,0.4483789329477307
471,2.15850900273401,2.0846894933865796,1.5206667108793177,1.245727273961026,2.4243929377353206,2.5373541201765155,0.28006640646656333,0.28955937199163073,1.220041324627788,1.216357494602506
472,2.8925794170679144,3.4412323511053957,0.27956268022378306,0.40008678359097427,0.3377439378578808,0.39137533517294093,0.26120723366018606,0.25208955342776346,0.9029951178396391,0.888224591469484
473,2.2861311990523094,2.0951493722583567,1.305928638031122,0.9272754278115058,1.2346194914125193,1.3615599374491814,0.4413809349109862,0.4538651743850176,1.4794071815089689,1.490431577193397
474,2.5927932419342214,2.297404709432265,0.2333978271171928,0.24481469438079684,1.410277290309999,1.257870596475555,0.28000123860073817,0.2751509952605129,1.156981748017754,1.16908385018362
475,3.922446961528352,4.0,0.5360254495798802,0.7743779202029071,2.128711325434548,1.8619121383150612,0.36051382831515233,0.37094588584389937,1.2504331497859542,1.2688110292176993
476,2.1536934882600205,2.521354153816366,1.7054609893794126,1.864533104042687,1.3985218455993873,1.4675554582684298,0.22834762734433753,0.2370800866453744,0.8538293693636431,0.8218293631641758
477,1.7732786907868148,1.9532119388301923,1.5018301343848126,1.6880682276716437,1.3683654282501843,1.3652747057439023,0.20407494145736868,0.20328387843814824,0.8746230131213182,0.8542764187766638
478,2.3200956526524994,2.163529008234412,1.6621722993840264,1.2012134551263047,1.7482645993027837,1.829411179601915,0.05653371802641074,0.052448820250905026,0.2061193339188539,0.20611926143592357
479,2.0552908800088634,1.9633660711729406,0.26093967244643,0.18401777927635055,0.6969068233661466,0.6823123240545299,0.09343115609673215,0.09605838869077982,0.32919860292861247,0.3278022790949262
480,3.971148056597457,3.564171384716511,1.0218770441364482,0.9357304130651289,0.8196772117336307,0.7967111903060371,0.21359372599769552,0.20700001597460463,0.9727685996643121,1.0017685960968374
481,2.9157137462875875,2.976131839188484,1.6717473225693253,2.0,2.312261938595382,2.1105321698721125,0.06621368339044457,0.0669478165954343,0.204109557094724,0.20956494511586216
482,1.672970460556271,1.8174999386774804,1.4482439632458952,1.6527463605184516,0.4374328969913561,0.5040916646462734,0.22021555079884586,0.22288596415637535,0.7369413341356255,0.7368717266149778
483,1.7911835096513964,2.0250241324519065,1.2371760525934576,1.9999995892846418,2.4858563222896617,2.2790882455634716,0.35145457774482114,0.34842113705583844,1.0712543663958567,1.0692544541694107
484,3.840139491393139,3.574243591475763,1.308466108748674,0.9483739749615802,1.424948839144693,1.5245967750952696,0.463762474643574,0.48079106289138007,1.4242304837302997,1.4042304323359052
485,2.9923813867356364,3.093156062977225,0.8939953410587859,0.980727868566682,1.2770960738505976,1.1590040396942438,0.011737752766096185,0.012173140405144483,0.05779643648903142,0.058826000070653216
486,1.8026512673477542,1.5000008652120531,1.5666217782276637,1.1523093002078113,0.6110914505967526,0.6650023925029096,0.4140175023752394,0.4207195650262048,1.3293072966481725,1.3844583152413228
487,2.137278105781948,2.329713730028291,0.9442003272512163,1.1874711723164486,1.560930796021433,1.4832508696315698,0.3799063399188657,0.36706822898727487,1.2561016464321213,1.245101624929108
488,2.328776852776397,2.522892676940662,1.4943469429330094,2.0,2.9907249984500583,2.6657905868007292,0.19825430353700613,0.18534375187384142,0.726915470188532,0.7199154699512021
489,3.4549556167430784,3.652221447630189,1.955521330822414,1.9683243989569537,1.792142981341947,1.8471674957027577,0.12435569028013957,0.12553334561258409,0.37332618189991995,0.3764781860791472
490,2.6829632612974406,2.7361427495629016,0.37098253821729965,0.3662719134490533,0.6232120673977763,0.6502522362748171,0.0616149254771517,0.06250563075456148,0.27391763706093286,0.2689476198620686
491,1.8921781714791084,2.1964019033530002,1.389725590363551,1.7392586682581235,1.4136248386572858,1.4455614384285829,0.3466576220802413,0.3628948509608436,1.0571098809246346,1.0571305230097545
492,1.7527572624374705,1.8211631776509312,1.7683805380867639,1.9999997499449715,1.1762911591652756,1.1053225705431244,0.36252390143550606,0.3525785878355525,1.1877732513392505,1.199773945423872
493,1.6751140551814818,1.778027014658508,0.42057739067008304,0.8542369669604819,2.5001914715489106,2.2058420258131664,0.01813743720624023,0.019293205412479694,0.08306247191479228,0.08249736484037437
494,1.6220716538521491,1.8003356784955482,0.5284297972509637,0.7852452512914527,2.9073727524705264,2.762316175440914,0.3094856839492753,0.3292456532034374,0.9970413841919733,0.9764088970819436
495,2.3966904647010767,2.4712821040918684,1.790366399743888,2.0,2.9288296778134018,2.9231001080714014,0.3808860219860841,0.35999779796916265,1.4786845991402553,1.496885739012149
496,1.8262623900835657,1.6900066375923353,0.5687456591823419,0.3623357441028743,2.7378318512301574,2.714936470514948,0.05335365147354548,0.05383162995365906,0.17553234236838766,0.18400801494951036
497,1.9292642243296303,1.776457429323352,0.8087758745782486,0.2783666455118477,2.7390389202538334,3.0,0.11693344130208566,0.11145583285327812,0.4066700609667914,0.401430486066031
498,2.441729332404062,3.097679018718008,0.931917383361865,1.367892920644063,2.1892844150762363,2.1612384537399185,0.2159421942654579,0.21119042372136176,0.6734177865795438,0.6414177808137721
499,1.8764044631230388,1.8733253054642467,0.7922692894545031,0.4043925580897864,2.402628277142424,3.0,0.4526190477486254,0.4645649484239004,1.490781958153453,1.5
500,1.511111703760645,1.5,0.8799627061112332,0.7157384211499757,0.6909246007837093,0.699335749388014,0.2590845587811997,0.246732390018849,1.0553657032946395,1.0497397449389687
501,3.549862536251679,3.8324525442056743,1.687997932429885,1.6736442734579775,1.117462288663687,1.152762530535313,0.31010325858685606,0.30044811360719825,1.2235019509095937,1.1918192589609187
502,2.1052457043739237,2.211749524711276,1.0725556996364498,1.265082861112376,2.0994371770503664,2.017417648104521,0.15714715737009446,0.15111493850810923,0.587571093780107,0.5842603265607819
503,2.7704893581085352,3.07982230365344,0.48697133303299356,0.5898314417169168,0.17538925802931804,0.27036105989455883,0.13686949248017635,0.1289506036842897,0.4479214008540016,0.4557991181575305
504,2.7609540362562743,2.2103179720216524,1.470968167829188,0.8812655912843295,0.9985230981954163,1.1683666236445642,0.278496091201404,0.28507697354431877,1.1671456069478303,1.1821455020019405
505,3.240565975985171,3.36399763890843,1.2247481604897774,1.2454869089963723,0.769159030372913,0.7867412333614199,0.06776882928347636,0.07025917153595265,0.3199370975014558,0.32866169746280854
506,3.0244507854900213,2.79195169911093,0.6505368666386573,0.4924908036285023,0.9582832653737493,0.9548861173418443,0.4371659586588773,0.40773402871466913,1.4808538385625958,1.4787124827283278
507,3.1167435923351663,2.9522013873175106,0.9766297890478982,0.8899266850293878,2.3015256546967384,2.1933077104650076,0.10233431757045268,0.0996848032509312,0.4896209204121065,0.49058389172887606
508,3.6570438079327254,3.6441199223253227,0.7885554097666917,0.7762313302791224,0.5870857635323495,0.5357708950090669,0.1295429887638026,0.12863757962662414,0.5882666923780073,0.5984823871830944
509,2.8949935546771752,2.7268160486366595,0.5949550741608415,0.43768638301261864,0.2860077246785976,0.32567941123121624,0.16666970832527006,0.1584893517465879,0.6382229828971387,0.6232213503965387
510,3.307800534568895,4.0,0.9272739237871722,1.4228289252825328,1.9409439670634017,1.854128428207508,0.1643015767429734,0.15792149485358803,0.5561888399251945,0.5536283281187991
511,2.284089385735392,2.471428230820953,0.3688402709446078,0.43295035493125794,0.2039638137401093,0.13456128315911708,0.08715369713623983,0.08063153148621581,0.32175135008601025,0.3101136501596393
512,3.5921781484875694,3.7553015952587865,1.9075539674409858,2.0,0.8653477041423007,0.8162508541738325,0.2226842085967164,0.21623133087910862,0.9000726701789477,0.8954719273593786
513,1.6509922580920644,1.7605772029921978,1.0450218541891814,1.246855948870809,1.0583644396351952,0.971465173593713,0.16952079809558077,0.1813361991021419,0.8040089943394647,0.7858033679772997
514,1.7379415559421796,1.5389033321667975,1.9601302137519734,1.441388287276523,1.2230493396185165,1.2122589591112054,0.2192426397078239,0.22689587273618725,0.7268687607124675,0.732868816570688
515,3.0592309137998273,2.648309722946663,0.7022793404161582,0.24702675859498224,2.138557910325906,2.4306792500273424,0.05628172234596439,0.055449507396485985,0.21055630408811027,0.2198520613520546
516,3.8616020239107045,4.0,1.543432313933931,1.7727641954189348,0.30319967346940535,0.31016895781397635,0.18006493430642484,0.17266352700756596,0.5972135603403433,0.6149082088996
517,2.6674685518118917,2.401580737816255,0.9446782272977661,0.729087103703455,0.8743175544738112,0.8760348025152027,0.014562982712543457,0.014471535406862295,0.06280144585573214,0.0645299428957287
518,3.509297102161179,3.173539089544013,1.7864343608126974,1.423874362340901,1.4745867880646537,1.4789640885600395,0.41319777546206377,0.42067798438877546,1.4430767883433213,1.4488453027341497
519,2.792903510558652,3.0540530430499806,1.149910918049089,1.012498178285339,2.245371447496204,2.468291236860469,0.29992750922870737,0.2872701315127667,0.9743338287955516,0.9662878795090616
520,3.318689597007692,3.3505414748820637,1.7205613886025735,1.7130176210420522,0.23016805692933873,0.21366296039172708,0.027423378218529023,0.026870856085377166,0.10707251376902532,0.10737643364185241
521,3.084263343467316,3.422103941464298,1.995061727338732,2.0,0.7740704384866052,0.8454429884402236,0.12447667942471005,0.11889208407490186,0.49962681572254924,0.4890887339258068
522,3.723657508076091,3.4737161729308346,0.9329716831286718,0.8371336465327868,0.11352677073934547,0.1442772540402226,0.2973802423792942,0.31929604764537084,1.039171041618444,1.0276106010262087
523,3.4850313145097207,3.394323764758791,1.042259677214944,0.8643880505854223,0.9124760583294357,1.0722844241853033,0.04763471663259434,0.04803321772548268,0.16237550511423016,0.1630454119544916
524,3.0722071242495623,3.266718554755431,1.4127897260754398,1.63646388336358,1.2437780038613147,1.1754171750991018,0.07497854690039334,0.07320248946394603,0.36598464124747654,0.3691680965634737
525,3.7724656447982006,4.0,1.7488230596247634,1.9260456432488537,1.1270517906613553,1.1737224260348262,0.3451728702285036,0.35111658267625145,1.1918453909854538,1.1999456493044358
526,3.244422565269708,2.8198984826560767,1.7972107733486775,1.3381201247412946,0.09500691335519151,0.011268131779045006,0.36036047385735837,0.35294666633230487,1.2069164336112301,1.2064395009320183
527,3.838545885551554,4.0,0.6013432812028024,0.39644226634917984,2.0641663676312847,2.2877991386030554,0.33781615988478814,0.3447453098625578,1.2886678832114649,1.2546677649503761
528,3.4420876311278303,3.4620617488696857,0.28653481035847017,0.28596325618362467,0.24486348218386367,0.25162743957430744,0.049330297791129636,0.052526020349047825,0.16851352013495885,0.17431718608325975
529,1.8410443032647315,1.6257155100518772,1.9337646563790372,0.9850371999276927,2.6863157470857337,3.0,0.040129442656366664,0.044248928887870555,0.17202477151880569,0.17462508840803193
530,2.9321258116394597,2.656502082100155,1.2624430230618828,0.4222382864071551,1.9406231437146695,2.552768665508265,0.11451716764488995,0.11457911300103575,0.41131243552982477,0.41414105770884346
531,1.6595050883845537,1.5,0.9939385465330043,0.7314057913492513,1.6219572149524328,1.5940666724836987,0.15320839760959076,0.15924073702174216,0.6905807130663669,0.6874570480078228
532,2.0947536871745003,2.1270862420459986,1.046004630567397,1.2118039547298314,2.2812188233383317,2.3355513966437886,0.2533039136338321,0.25035281120397523,0.968483913197713,0.9837878757392157
533,2.350425932721691,3.022603337170501,1.0686140084761024,1.6746847903164659,2.293495117897785,2.2371892401824605,0.37904067670020786,0.37096624547573404,1.3262829660664193,1.2998011230465885
534,2.3215978939250714,1.9471349680832497,1.810714122101766,1.3264007833263318,0.6932434837796193,0.7016035738851809,0.259142974329597,0.2653913354176093,1.183077758846671,1.1920775226854397
535,1.548696752279753,1.6180631819232072,1.309132838790256,1.5519702490815837,1.1534250497228828,1.0871378807691463,0.12419509897917341,0.12542150985985373,0.38061065879735784,0.38119367172726226
536,1.5011114950264155,1.5,0.49867480732303227,0.4811297024402968,1.9097219481040955,1.8451032113412382,0.4683932455261278,0.4415677934959076,1.4240470161202332,1.4232054362914701
537,2.9046356973747054,2.815821107127428,1.543168920050216,1.5088053189431245,1.3926724602503406,1.4143508506332012,0.11588887827432671,0.11254469471930773,0.5327495141410848,0.5272635527988381
538,2.1737295923844844,2.1297106663991725,0.29011965659495986,0.26276047734563096,1.745225186168114,1.9025448822094502,0.2834031689249894,0.2760063104611562,0.8745890543459345,0.8822289796708729
539,2.3041999197573846,2.352872740275962,0.38587389237205116,0.1512215480342607,1.4523347326400788,1.8071340679225716,0.021692514897378612,0.01988467032537033,0.07823984867457569,0.07770589422103517
540,2.6830186662568223,3.144749253849395,0.5753263723936053,0.7862010280599012,0.19218012552482788,0.12555352282085502,0.08845569805440529,0.08600239736093657,0.2967504437615239,0.29632406533271244
541,1.603630722615937,1.856862126970447,1.010335528990521,1.2741389809623573,1.4416417504583166,1.5716087727901167,0.3499092671102023,0.3442251163331851,1.324957946825653,1.302961951919818
542,1.6650065380121721,1.590560650866457,1.723712067177237,1.6367347401663894,1.6523271344282888,1.5192319417481588,0.1436246143979277,0.1481872235737432,0.43248379056496694,0.4274405544573691
543,3.2727764575459073,3.1083348648554816,0.7931983608637659,0.7117378186632135,0.8873197691442185,0.8363378266311554,0.19392978121147272,0.1881862394862272,0.7329248947565863,0.7520168806548224
544,3.796488618733249,4.0,1.6525337213928593,1.7313587318270798,0.9394716898699289,0.92252883499301,0.3269589606721759,0.3334886370104728,0.9994654172371289,0.9950331592796168
545,1.8374859942068433,1.9819596631924647,0.8206432691138839,0.9520362391590689,1.0431242450876979,0.987868250735849,0.4368713239003004,0.44950800211576175,1.364664965880758,1.352664972580972
546,2.809813798015019,3.662206787414781,1.2054780838518144,1.7228315332615938,0.22837124960025756,0.21932491424667735,0.1981103385986317,0.19211875464144496,0.9570000818962947,0.9377408258034535
547,3.456859300729854,3.6216381027956963,1.9386197011564228,1.9999861447963692,1.11610932410877,1.22923736569193,0.16602688674504323,0.16318311826616888,0.745269703683018,0.7490514357451976
548,2.8559735869372926,4.0,0.36104876229444427,0.9520678598961576,1.2838827931377526,1.2013906858521466,0.24340887601580194,0.23927015719296524,1.155628145218248,1.1438704995644562
549,2.21314986072037,1.7569326665969276,1.8521334616629672,0.8978730021440575,2.726951804214903,3.0,0.3990844469074206,0.39697204321173635,1.2314527786917813,1.2574528131005236
550,2.1433883747842364,2.392068606452564,0.773632122407557,1.025449812140947,1.8727452162034783,1.7975503144816176,0.2996863339357345,0.29424626101597356,0.9976347321581658,0.9844411175594109
551,2.2546107625752683,2.113451011827201,0.5946038245596335,0.1,1.8316742920420994,2.4164086141465195,0.3092811302514165,0.30843250455960425,0.9548646096886706,0.9530883887901218
552,2.6565334094843256,3.1431139861936925,1.1358998892597938,1.5131878930065454,0.3575127421574228,0.3474107346636166,0.06892998169169968,0.06832990512833428,0.3107910255955487,0.3085817762004558
553,2.4604243737775593,2.722739581775153,0.43081215153062224,0.4803313939569906,0.4319899629506071,0.36213728696365843,0.1783900368617416,0.17080275094735678,0.751491614912814,0.7478400363557358
554,2.024147756393275,1.5596769744823376,0.9241931696484356,0.15593378633785693,2.695528536850567,3.0,0.24610362606900213,0.2619535270547256,1.2215510250344386,1.259550993608415
555,2.2020534882866167,2.577938949764663,1.302061485633234,1.307908149684409,1.693490306030899,1.8679283279783216,0.4804775497540301,0.4999999993633719,1.4854331043370055,1.45743312998029
556,2.3920916720022976,2.4689200780754863,1.0726066067020061,0.7910465380194351,2.3450358952021313,2.7617831405571964,0.15275511485674637,0.1554043450918156,0.5835591389479975,0.5830334798875076
557,2.234463359966132,1.9208173805987434,1.5131589366901408,1.15336155377981,0.07461567594755114,0.041779948812748685,0.4079889727893836,0.3986574590960468,1.2506859137422799,1.2864257131003218
558,3.961238002058605,3.7014184131421652,1.8690660713044225,1.1778921676465453,1.7347487338956342,2.077034946828677,0.01617794995489308,0.01583913942642884,0.05753343328640956,0.056952741427015285
559,2.8625882507676117,3.0807304452417195,1.4425418339120541,1.8144895270865806,1.9774334734304713,2.003837716963928,0.22948971242097252,0.24665203837391925,1.130895421286849,1.129113670830199
560,2.2150304581610705,1.8580280739206594,1.272024653858066,1.1473686786482675,2.965638108749962,3.0,0.3830525613714946,0.343873036476147,1.4468153316813734,1.4838152830226008
561,1.7214700121982658,2.0147348102725355,0.8020522076036534,1.0448418925616292,0.20558740757339589,0.22941184184917046,0.28066730937693174,0.284709891446459,1.2216340397313057,1.2216342091304717
562,2.209525097988071,2.6752321289257037,0.6689435437721176,1.1006515529937109,1.245613975419533,1.2388357660685816,0.10743618224599753,0.10389149833003669,0.5201957906081193,0.5166526645323037
563,3.4513155603678256,2.9181842083518887,1.651365797679152,1.1524855660126276,1.0493952721774185,1.0769865035465818,0.4306536951167359,0.4475192032515649,1.499753432300505,1.4838360936158712
564,2.2088787352314947,2.4022218946114795,1.59828420632528,1.8867859959202442,2.5291721842122477,2.4537305762604853,0.2286728284870298,0.23338721202270915,1.048722837945401,1.0497228386844175
565,3.0537880095962686,2.7022888591627603,1.0479482427826579,0.6557159305130511,2.2105338793927705,2.42279122801078,0.27899471427896133,0.26316483874586516,0.9785334112167233,0.9888382088068143
566,3.0809490627377327,3.2780461320296963,0.1389197230359793,0.10000004454272601,1.2615488146747849,1.4151496113427178,0.34380338292616053,0.3222173912004968,1.0734503610833572,1.076654317888027
567,3.6949632827457193,3.4965264340027495,0.1590526693862796,0.13385217640242428,0.6786000935301009,0.6751510527739419,0.21478799950987318,0.21128603000186102,0.810862492061802,0.8072895017043594
568,2.347289389038505,2.3652247034293006,0.21784615969477633,0.12130131214826884,1.9008193043593091,2.0460803946392576,0.1611712646802375,0.15800238075403583,0.7789815934854788,0.7858049839090087
569,3.041774466381626,2.5855353088778332,0.7637355709131778,0.32706799318739677,2.0448561230606446,2.2116882778867235,0.18040173560995998,0.18819188577072718,0.8427314328780052,0.8493201413281499
570,2.686529923335664,2.411761428076772,1.3817648334173633,0.9167557737160749,1.0829315787348477,1.167753154661786,0.12943901670873864,0.12844103512828134,0.45400742723673865,0.45776961642296216
571,2.2890007979174873,2.011216653769497,0.5001447930012655,0.3716713362999483,0.11767413243594027,0.08869155630474339,0.29673576863281537,0.28811804381725953,1.2230715330509172,1.2536965247425669
572,3.615585165045482,3.23249000190418,1.1187356805524549,0.8368309854926639,1.9722655343730975,2.049075690645342,0.343473573884576,0.3386365118639408,1.1540906097542176,1.1770906672859773
573,2.9827633408231558,2.7918816741547716,0.47817101770229686,0.4800112321774974,1.305290290853474,1.2248446388227625,0.10601846977407928,0.10442078797029236,0.36797246404621525,0.3638380906096665
574,2.781290861722069,2.6437118712462593,0.2814549329306133,0.18858513113828188,0.812893776012896,0.91233463423128,0.23908950927912753,0.24448595151720484,0.9121243774852801,0.9050398044055128
575,2.738305393265944,2.5022931989910138,1.7412095528571452,1.4296363588835832,0.6975316812818597,0.6447861085529628,0.17838041512089148,0.16405527361405034,0.7413714271675838,0.738927406132619
576,3.4179580885438834,3.147690115997298,0.47331113583423945,0.37072596292598387,2.2215391000091076,2.179156465710849,0.25763754723757676,0.24315905564545526,0.8356861480345699,0.8427297006482889
577,2.194839063297925,2.397582833413511,1.0646845155805058,1.1135476581269852,1.6305963915270785,1.690195814300359,0.2256835166588205,0.23899594734655422,0.7733970496777011,0.7797134560368112
578,1.5008151009097277,1.6207172375307675,0.8634946576745188,1.0425964284842952,1.7219531636847227,1.8106914808047665,0.19830486110680592,0.20318472406172508,0.6959284145362998,0.6929280722115816
579,3.113067082705187,2.7523613566866088,1.6700208323756167,0.7102423946189341,2.098606835497963,2.4352173841552807,0.2134545206186183,0.2055195226117699,1.0371497676292196,1.0087063018731333
580,2.1571095782533254,2.1634697384709725,1.142584331991083,1.0874477109511789,1.0503032407558064,1.015485901556783,0.28892564095704487,0.29983655074658816,1.4143976126918238,1.4113975463227029
581,3.6932078841625695,2.8742358031784976,1.084393094946761,0.1,1.4052665421697408,2.1322383853171702,0.2890267302286312,0.28730957144187325,0.9115264461381811,0.9059027531053004
582,3.214050194821933,3.5779458473970664,0.5604364307448111,0.8858422318877867,2.426701594596622,2.252627007723257,0.13270987852947458,0.14192457588440635,0.4879965958624844,0.479794582158412
583,3.488844802125553,3.5335090419198543,1.372415313828085,1.522021292897603,1.6272425094639302,1.564479915746015,0.4066223824909478,0.40616805942258766,1.4460845808309697,1.471030707622147
584,3.765068355247611,3.8727005109693273,1.307035825384826,1.3865285305661468,1.8605166534770485,1.8143613473326543,0.1768646446227452,0.1747141303408976,0.8484650777761984,0.8476422161404386
585,3.03566889543439,2.7955524320593614,0.7987220898047445,0.6744457274923485,2.888185822139665,2.8237366269935684,0.20986613893593473,0.21222264673902677,0.8309803227187824,0.8354565569910393
586,3.1265849905443988,2.931532924582579,1.1215696707253686,0.9598943808418617,2.694734576035695,2.578335158644412,0.27558012184095876,0.2688854035360172,1.055908613319677,1.045908619821752
587,3.89135041352478,3.4968376955854645,0.28542279722310426,0.1,1.7328495035205393,1.8966940018133522,0.26917868490141983,0.2898007899056177,0.9983139213860766,0.9933138826383748
588,3.946321227708717,4.0,1.3947365231531672,1.2905792996519072,0.726956991382296,0.7246987489712784,0.09111425605962237,0.08924383363833217,0.3916945495740978,0.39111708995892813
589,3.2533908480822333,3.03257781389687,0.13206266260454028,0.1,1.0867673981021335,1.0060879814558816,0.22758395238946105,0.22292219837274438,1.1150849457064618,1.1144634210666593
590,1.5259273684951653,1.5,1.3476754210047117,1.164536844727492,1.9097909445973038,1.9282884389613126,0.36659310065132816,0.358054015527196,1.4934414471064725,1.4829686232803767
591,3.5980177080455844,3.9999994898801594,0.791021032100902,0.9765920871875965,2.2940565056353996,2.2765881592011628,0.40616241704547595,0.36216987011238677,1.37536018561924,1.3733602760279147
592,2.3451370750484966,2.4630377271092696,0.3220276588088804,0.3483921652841385,1.4788158010841148,1.4431214066532054,0.34802485897645735,0.34127928915536315,1.1238162673987444,1.0957941094058563
593,3.0765522074511105,2.7596309351555326,1.6119570526465685,1.3662922647686964,1.6032580837372132,1.607393717717949,0.17559758586121563,0.17585476112593953,0.6509842928281213,0.6559824458168242
594,1.724704807998696,1.5994267915046618,1.5704167964205402,1.2925201485074402,0.42038593522403744,0.46609894470618524,0.16751920416792648,0.17753414451337282,0.8252992878532632,0.8262994118035226
595,1.5930356906864425,1.697977659516146,0.8966915552259407,1.4523387104529621,2.0766580629927653,1.8308734833909195,0.1254964591683687,0.12272822442066149,0.43712938229813253,0.4341260601636109
596,2.168924161199063,2.318555251067939,1.100592714438808,1.6206573214041382,2.5618927723880196,2.441130957648668,0.15376939099362222,0.15375058765204985,0.5877859740760747,0.5993736878357616
597,3.3504032272001836,2.9992948808895243,0.9697602635790811,0.7061186767512987,0.6073019192724987,0.5716082303244145,0.14108302497518743,0.15012706002112364,0.590080625141496,0.6093745219334642
598,3.0652203239339872,3.041846567795811,0.22164287621357415,0.19913050733713777,0.6370991255440465,0.7027394925747416,0.09982753245649059,0.0976558229058478,0.4157256672716419,0.4177587348655367
599,2.0907209174314385,2.277396251639625,1.7677445026951804,2.0,0.9920080215205405,1.1111997572541932,0.2685074260584331,0.2620444449399714,1.1942907152820492,1.206950994854125
600,1.7646626157189949,1.8398245422631259,1.0549937554339297,1.0407093092961726,0.5778181266095437,0.5501730956727102,0.17397907473616359,0.1608874962402915,0.8097414516593694,0.8121790664622032
601,3.812439849340457,3.6816764318268347,1.4488365143108604,1.2042456297340944,1.5849012154340225,1.7038004404233407,0.2796752102936221,0.27740639172258347,1.3694007397262107,1.3714006462647483
602,3.986423769987255,4.0,1.753839402140635,1.5308410874965546,2.542074083149317,2.838805911940084,0.0143620945588611,0.013964444747180775,0.054793741050113726,0.055494799953945705
603,3.1507571991991106,2.930545579066557,0.2035630265679273,0.1,2.542835168774915,2.6525276003576734,0.06373761603659464,0.055439565646838586,0.19934261690134703,0.20415420952641436
604,3.194380606252344,3.501329328204357,1.0608913048449222,1.1595517914402524,0.7084066940368374,0.7248733663749785,0.015088988083271632,0.016814725402216908,0.06354917067140563,0.06432926044296014
605,3.6245148558929805,3.116049571730743,1.434487779285975,0.6963087051137486,1.7948989359001393,2.235649987607694,0.14648031963521918,0.14093246489096728,0.48037800802316294,0.48514089997716414
606,3.5491797675066534,3.224477459383429,1.9725447474708082,1.4047567363647526,1.8676396866445364,1.9900587432247732,0.10986679797706539,0.11881212857006002,0.424956867539139,0.43824863347111903
607,2.051483795899861,2.143548203021486,0.7984850918537246,0.7627250176814023,0.6043619274206662,0.6161148737401075,0.046430279248123124,0.042338647110472215,0.20621803734187866,0.20642973801911368
608,2.0806232280477044,2.404749466446063,1.054934160821415,1.3983590736578002,0.8658021175080052,0.906672273444225,0.0705111882828559,0.06622002634918746,0.2292454320187196,0.22993310694753877
609,3.630565652296127,2.994481484091008,1.2875490982723405,0.34846914090476033,2.4624056436925765,3.0,0.29992422251725975,0.29006790915283615,1.3426544468317874,1.3318423828849104
610,3.773776546858251,4.0,0.864006806254926,0.7745936951629254,1.9749898889762887,2.1466714551776205,0.26689377462903385,0.2655692121248052,0.9727163079543344,0.9520541467677456
611,1.639321707103225,1.63931166542613,0.4116236427785501,0.40750192396733975,0.5053615677441958,0.5468306110995779,0.2621878588926242,0.2582840381895098,0.914237491729347,0.9189330487091011
612,3.6805649191234227,3.9873405353883618,0.47502086358950124,0.5866516594936962,1.999135696910224,1.9484386959660611,0.12213657798581024,0.11864484862346567,0.47636179989951216,0.4662767640197564
613,2.377135955691601,2.1395963534423057,1.9620402938174677,1.5477948045209984,2.046632905355742,2.0411918005125607,0.14317778413275542,0.146464866865507,0.5859139386169986,0.59087868020571
614,2.4947458048462643,2.176780356360805,1.3077205662011655,0.9111268572282114,0.492892299309153,0.3505388725181175,0.39898246695211437,0.3813131552937833,1.3530117729812778,1.3590132242472173
615,3.1257687071201143,3.0130515804495293,0.2645761864786985,0.2902359789470125,1.777177083615051,1.701714513976757,0.28537488850624604,0.28966524903720875,1.3253302311728439,1.3483283572542604
616,2.446901290361941,2.746925750579036,1.5822868055407793,1.8801056868470987,0.106566388021196,0.201277692534862,0.019372220395496246,0.02020215627608428,0.06859765533133788,0.06766197736732843
617,2.184557164801226,1.9363473091583148,1.4599393799577338,0.9246525413327562,1.5702955435838255,1.5241305036002193,0.05606764749505731,0.05740223194355164,0.19474278911538367,0.19304476593796088
618,2.232408758392375,2.1581437117250886,1.0138205672501446,0.9196802815614862,0.5343846031947124,0.5264181238177246,0.07352557816725865,0.07072373701981945,0.33248242577468357,0.33382866382624615
619,2.1668515262716155,2.274043425100337,0.9001205507695678,0.9542280578204317,0.9956818337898817,1.1401792290129604,0.23637342607417625,0.2363269034734769,0.9640311221559644,0.9638014713467561
620,2.2312469121347958,1.8874627128964345,0.8924511355267989,0.2940180626409324,2.2280557201044258,2.539722920353982,0.23408884506660235,0.22659185046755506,0.7510452212388894,0.7510452204154252
621,2.331119101551496,2.402322869444781,1.961424000183506,1.9629806165354398,0.39811734450294467,0.47408492381120765,0.11598862244304159,0.12803452747143865,0.43666597586210887,0.4335169728257014
622,1.7745176159449239,2.0629716233472166,0.3835778744368822,0.6581538961886043,1.6663004139477762,1.5107446527474004,0.4110826429760745,0.4277091689005889,1.368110891300747,1.320736732043204
623,3.7539328237796705,3.2560029719976518,1.1905258272060182,0.9167275783767409,2.505888981723647,2.4586272404998852,0.17735131806570695,0.18866672738686635,0.6344956128943448,0.6454956235735019
624,2.0816271036042306,2.1011317232084976,0.24976298771101943,0.2281792244963842,0.4083598045411876,0.36557712596864705,0.08872761268198581,0.08445427673883527,0.30370249531741667,0.3063120663362081
625,2.3050053008057554,2.52650953551056,1.3582976507557143,1.4028162136555318,1.2249052157478197,1.3066983901413083,0.0503417077549291,0.04892323173969874,0.21688550069680984,0.21350641870673975
626,2.2940947826152702,2.0359678311673273,1.4235842675952135,1.0542726907465925,1.6215200616035137,1.6469799482804088,0.15740075513220533,0.15139441507574458,0.7128272505924169,0.7171165466755621
627,3.7774982367129173,2.9173622200600158,0.5853172458938005,0.1,1.8987220164883465,2.164027859069318,0.06208666965600952,0.061030668419794994,0.2183000593507491,0.21835050314013807
628,2.993384907618427,2.6903968597142143,0.32523185964032,0.1,1.4604829847350467,1.7208591150162973,0.06109808263373855,0.06235276018756106,0.2999309079468476,0.3015364435408887
629,2.1662448422014706,2.2585482242195787,0.6191465697795352,0.7758077787367218,1.1206261288940897,0.9659587219964401,0.05980917838199916,0.060094089350102776,0.20536139911154722,0.2104142204466244
630,3.8350890661734574,3.2433632162769745,0.7311906426824486,0.1,1.8651051591040837,2.4964791335500913,0.04860550736410839,0.04865238146600204,0.21619396147998948,0.2132344738779629
631,3.8457122983183174,3.594135671037176,0.14258827887054126,0.1,1.70967259653753,1.7375931999806213,0.34589478992723444,0.35007528194290355,1.3052655000809112,1.3333227070826383
632,1.8153605807217996,1.740913387962631,1.3865615121050114,1.2891848822654184,0.0593537136840494,0.07384925783355961,0.2557692414831547,0.2614240838687025,1.0353123893342249,1.043641650125993
633,2.7859374594932347,2.905008850302303,0.18823453871330445,0.2885757068884377,1.1901109264249456,1.135264155140103,0.06143288821042706,0.05742898168035401,0.23028270667891215,0.2226633806782326
634,2.247616246158809,2.2710985220111573,0.7121639907285608,0.725025530120204,1.1096424266016327,1.1221296139092338,0.3513705670537839,0.36190978522422523,1.1195626873943294,1.1252757540530083
635,1.5784754763283941,1.5088713952396853,0.40452606011293024,0.269790469467714,1.1078064608865157,1.1704162432439722,0.0730766800905788,0.07150201397912448,0.33995550333906116,0.337383920728811
636,2.079738857117857,2.48875011136652,1.3601627059538417,1.6539113286989033,0.5497014321435242,0.6340870094918427,0.24416818569125487,0.24092368340626819,0.7780306474193163,0.7830305567314465
637,1.6699717526184943,1.5432957600398554,0.5918903511407181,0.4298873212583033,2.1116808943887557,2.170730508019776,0.32617837982304554,0.3244623337001363,1.465893028913439,1.479834075820824
638,1.5127032054455616,1.6325065688317724,0.8873366164983443,1.0446580528031726,0.04679211392548677,0.08696944841950671,0.11230229169191974,0.11574700476782064,0.3945602975632422,0.3898054013733253
639,1.609365527906717,1.5965015467619064,0.565703494122094,0.43919930311674993,0.9269348205617874,0.9669034346933097,0.14029803728148207,0.14227541359115609,0.6672154711742838,0.6622527008376332
640,2.0096983244738196,1.8147111924012669,0.4532675776802285,0.1,2.2747959436063265,2.5072196187308404,0.159074586337193,0.15336032932901453,0.5487021508651142,0.5788927824833852
641,2.0509598371505224,1.7454479901510487,0.4752669550507497,0.4423588817073797,1.8653587340476503,1.6885225071782843,0.28976624478274177,0.3067518029836499,1.1079401973849898,1.1579408156439661
642,1.891527793446096,1.8843564568828395,1.042521748869829,0.9059054534419899,1.0137062838093942,0.9902116494836665,0.19314305484298366,0.17805541190342922,0.688359063269758,0.7025802084073716
643,2.092832120362387,1.9295870256624261,0.741980715878817,0.7041061985934467,0.3099077841161142,0.22132999664674113,0.20592368529304825,0.20708274126206555,0.7977310034846762,0.8330506759783597
644,2.8320367809963045,2.7323506043087775,1.0137350613433915,0.4331376790996258,2.200493539715204,2.72467436051948,0.2643335984483831,0.2720784104706699,1.220020226974863,1.209163136282191
645,3.5524920599174252,2.9589922984078196,1.875992396889054,1.4575259560046234,2.862573966708283,2.976605944538923,0.4610375684775443,0.45939085251931555,1.4442658177772976,1.4822657396604582
646,3.5271935126390725,3.409922757580172,0.7649578973239105,0.7899671914861546,0.8369471087471156,0.6910036715185702,0.2720305354931356,0.2766423755552039,1.138330335177681,1.1320796675222895
647,3.705641701263226,3.210016983630014,0.790269737451236,0.1,2.0626025325147483,2.7961295405727844,0.07887472987897136,0.07754487850047945,0.33482356593177104,0.3334514496037112
648,3.835348837277394,4.0,1.485318395316787,1.9551639336145565,2.2428129271937207,2.057496359218752,0.15105315012022466,0.14860282960463736,0.6787962035319537,0.677955515512181
649,2.789588158570774,3.077422201074042,1.7976441637382778,2.0,2.654539800896654,2.563900567582436,0.3885038579193051,0.41061119831962045,1.3700398689395772,1.350039859256356
650,2.8778072574055322,3.367835458152249,1.6196773612013289,2.0,1.3701509462703867,1.3453925292747781,0.2754985800146207,0.28449804197014106,1.1782269110340613,1.1651242235947992
651,2.5407893141343005,2.1034297200623113,0.6116641805187881,0.4495705398703712,2.3527446526548625,2.4319997935790543,0.3290136421687573,0.3197130929777571,1.3097632974716726,1.379763311816657
652,2.3366117659076195,2.4287164320816044,0.1969509312679279,0.15697640970042848,0.9250894129601223,0.9240610841099353,0.36520527244428386,0.3658200983590849,1.131234638096585,1.0952319798256078
653,2.6729502980304836,2.9084093628590795,0.4127434994896676,0.5468832383343699,0.29072923020671304,0.27986585921345114,0.05298414093396825,0.050784183504314837,0.20291939194533787,0.19815165489002048
654,3.130324022806426,3.999995651926313,1.16689734296212,1.8082228089713377,1.271745436039211,1.2891271099320782,0.29843480236663966,0.3392859528433048,1.2428811911258881,1.2488813439410444
655,3.813413367269719,4.0,1.1997052666451415,1.215618717100363,0.29521698597776014,0.28713301886490933,0.3109229388310104,0.2842927309565886,1.4258531476678766,1.443693341204855
656,3.0437708153617784,2.9298763984324787,0.8084172157460929,0.4951052920229955,2.633864394343374,2.9543297237138413,0.27826021162204784,0.27223460966781443,0.9235412040739984,0.9245412136929206
657,2.915177270694544,3.0393236110577053,1.3475132214612844,1.649574066544805,1.769886007740738,1.5887935596224916,0.14780770454796796,0.14140815904668919,0.702620052250445,0.70632652944002
658,2.8347692195251506,2.780151738175655,1.5867241926898832,1.4522612344069554,1.540816162687394,1.4741966983287147,0.17149821069738647,0.1695126668592799,0.7549171016471786,0.7519170827246884
659,1.9609568245167786,1.8846978086442179,0.7300303291266204,0.9863118511877778,2.8965468997340644,2.526918664780515,0.2785653061734435,0.2875909268838423,1.0213340331219094,1.0373340322191587
660,3.6307335658289124,3.726671820791446,0.20882241800781814,0.1926483341667476,1.163826757033433,1.2444014681838906,0.04399820908141707,0.04286083396400405,0.20670012028018925,0.20905630205832637
661,2.419352869401199,2.3615742687508616,1.3826370884335093,1.2752711549226943,1.233129570052665,1.2931970950052054,0.2473989454830204,0.2653725668249949,1.0963333358244574,1.1134654942393878
662,2.8388617280995536,2.6353810645232443,1.2231510615624661,1.1292869915541444,2.1901861426907034,2.146737011346709,0.3284563545640992,0.3357192835506728,1.2568636620691922,1.2637390652926206
663,1.7252677492304436,1.6141274312616953,0.9874152722960503,0.739035365389996,0.3592832374033763,0.35579813874782806,0.28362356202566097,0.3004351884333887,1.1423104275997384,1.1316664271252892
664,2.7383476440607746,2.871167195663535,1.857424988186121,2.0,0.26387491256644235,0.20515121260779023,0.21105540719514398,0.20781330585043545,0.6929050352475508,0.6882448830164267
665,2.7647779459450073,3.358215969940401,1.4749819093599315,1.4629991939745048,2.5438826768819554,2.729864646587794,0.27692035103640683,0.28333562068540874,0.9088649183642712,0.8761257625607572
666,2.9658134808927206,2.834174716893684,1.8968870514894813,1.7424559138580236,2.567150343346606,2.6702279513280773,0.10689885896697282,0.11166036366186868,0.4810581723331226,0.4853584730727644
667,2.801408507197313,2.8277009103345794,0.2527774241697675,0.2895024184396248,0.501959468722171,0.4987895867389755,0.1292853205204317,0.11980877796546194,0.5204710730214368,0.5237777801791471
668,3.7341992025230777,3.916239190001498,1.6713946481277873,1.9999998354333903,0.9768272627250205,0.9005774327683973,0.38046086823281783,0.39167339359723513,1.4868158308738788,1.5
669,3.841404596274054,3.395204672000098,1.4752194035228168,0.8928639773768887,1.6487104632059317,1.7988550931340377,0.27072390180029604,0.24827487449628396,0.8311464717027855,0.8125428508369015
670,1.8510143848370744,1.8657805055456984,0.7924944481748459,0.7683987964108565,0.7073915210427567,0.6213739043835408,0.36198642568633466,0.36213954402526266,1.1698811682359518,1.1473224537681963
671,3.1399689286885,3.3007900727342476,1.3087754055589698,1.3405358990703298,1.4642286782659784,1.5744456632638404,0.07530376469583762,0.07268626733045593,0.3325076536692518,0.33628354923394577
672,2.011787591110494,1.847774002310577,1.7223727166057774,1.3023692826921596,1.2926749145050502,1.3100180101261063,0.10485163321736674,0.10713221534444799,0.5125182525945183,0.5158933308989845
673,1.5860563686208926,1.7464557027471355,1.7970646977319507,2.0,0.31597291936394356,0.40064091437041255,0.1292130302815429,0.12279423860969928,0.6030113903072367,0.599639521910393
674,1.825511218220993,2.084929135988194,1.172391052340187,1.4065050664347831,2.7890442324644362,2.736745011491067,0.15578753799814254,0.16679380889587375,0.650885113187147,0.638885135537809
675,2.829396896011274,2.1774969830828144,1.8732532012296361,0.8822715100737184,2.833402432910279,2.9999994961929115,0.2992408904583849,0.30091403355031543,1.100851152336425,1.125851525455217
676,3.751816515496359,3.591416758847233,0.32016902456219487,0.3121034509126149,1.670451510907549,1.531769684724344,0.3728588445057341,0.3795919051060094,1.4333196574905747,1.4172130733214772
677,3.772090476969063,3.5585374332822375,0.20785773328356566,0.2579866877234185,2.0621715389647925,1.7881310691166965,0.10441064214409461,0.10200737674592293,0.4698070967117819,0.47470941852787646
678,1.6872268147136857,1.8524503582055418,1.1520153970326288,1.2700114103532314,1.9606291345570632,2.167919197814874,0.18803155465142157,0.1807630864677784,0.657743871323599,0.6785455179031528
679,1.9888279946668825,2.0023357781387157,0.7739962291287399,0.6343633565579002,1.5397096009855809,1.7218240966804645,0.05105008294090916,0.05201297625912708,0.15912677282299137,0.16165236187153714
680,1.634246311942223,1.593108044379615,0.6441801106036469,0.6174383663019157,0.24070823222533522,0.1859730082628364,0.2015401608750481,0.2097834780728652,0.8759086408122647,0.8645346994511115
681,2.295270579521845,2.222108661646136,1.4124782796323128,1.1546090085777143,1.9079677217340638,1.9538789090263522,0.23204505618493856,0.24961318225376525,1.1602037295785361,1.1556746393999147
682,3.5588740398024936,3.2445139709591864,1.4536584369182457,1.2097193422226553,0.6728828647562609,0.6398455118468853,0.02741248557137784,0.026724034164772627,0.10195499183370543,0.1014796638971591
683,3.2625506865996172,3.8400284996792164,0.1620853507383348,0.4218951052988709,1.5977126232416201,1.4958056250330167,0.2536934786996621,0.26040990712164835,0.9541734403393877,0.9459432148510523
684,3.1960307202217324,3.622601657561846,0.15454399448634426,0.39596906784728003,1.7794718613644522,1.621659316029957,0.06562353898961729,0.06243809720752258,0.254832188746305,0.2598889316965756
685,3.463829432974486,3.782913328430405,0.21466100100826047,0.27684616794038974,0.9975155308510526,1.0274389537660487,0.26274474326254593,0.2645873345882339,1.3072754172885253,1.2975341051724911
686,3.8596807222843683,3.419364170100949,0.42543077602465584,0.1,1.3989908005904534,1.7240037279000657,0.09227272470802264,0.08903812657706832,0.35513846236734836,0.3578890739866336
687,2.6168194106012335,2.505829703389269,1.3460427359570746,1.1849572300129165,0.39961232544859404,0.5276940274349697,0.2653078283524055,0.24848428938828193,1.197688488082502,1.2159039844697275
688,3.796589174158233,4.0,0.9512692011129793,1.2911171399052357,2.964949738010335,2.7542177065764974,0.2971499185314235,0.2745490300971829,1.2224470763078936,1.217597732009068
689,3.908971321256996,4.0,1.5356492690540697,1.623176419719552,0.9562125833049143,0.8797830250087414,0.08396409833172794,0.0853577800247529,0.38222937311505517,0.3724089544140097
690,3.5084371348517522,3.6709190802667946,1.5468283939810807,1.7856630791285233,0.04957198803873564,0.0,0.2732260665544211,0.3021651404462162,1.0729307961568417,1.110061291692496
691,2.8086962938921984,3.8118926029312896,1.4705342392838971,1.9213426919036563,1.7858277206633586,1.9094561837658643,0.3937442559416477,0.3956266983514828,1.4690818995821977,1.4263341640258365
692,2.114838119332024,2.2503221520468926,1.291091596644223,1.2824702720102041,1.1003903589386308,1.2271598611775052,0.39870040179294775,0.40729080661697004,1.4699145317686229,1.4457484699962042
693,2.508002632605738,2.3765449724415664,1.2108275262064756,0.9378498805918559,1.845110600833611,1.9496873701561337,0.10344193172293371,0.09832552309828424,0.32256420896951205,0.3259730636129172
694,1.61592012053228,1.5990468200021086,0.16747693335796127,0.17849629366596292,0.5451531684332227,0.5579449801456748,0.17562265999001084,0.16188102800659915,0.5805910255531446,0.5884260926348089
695,1.6642847082865873,1.5887271826805018,0.19921340372609775,0.11441432438391556,1.6102067259878832,1.7222824629533293,0.2270540471675858,0.23929920528652437,1.0490271001318356,1.0688050313099182
696,3.134809142083993,3.5242824829246393,0.7951887226223755,0.8004838967299431,2.119760023228422,2.2156217175883417,0.391939643381761,0.3641407817620481,1.2064118878227177,1.168107521605146
697,3.894319511326212,3.6247168818874203,0.11703256238744422,0.11200885961224893,0.6272125756372098,0.5624457803924182,0.4031839841281255,0.3767896090235235,1.431527426452948,1.428382086130899
698,3.35472083782211,3.437863478914165,0.2023575461657159,0.18888711606136563,1.1286993549237552,1.1386102591889942,0.16420301833841694,0.16849870612272874,0.5804260856714142,0.5660073721031348
699,2.6083172445792835,3.3583647765881826,1.363449196091625,1.8987852869118649,0.06614767288978585,0.086006595686347,0.27372240534157316,0.23622060888175697,0.9962509804271411,0.998193237599772
700,1.771599428750624,1.5,0.741684405016618,0.21279344729520383,2.806553503392222,3.0,0.33860961390957595,0.3256851726920831,1.4430892380042415,1.4659439202197262
701,1.5897494570890442,1.77980969937314,0.4791297463362335,0.5707893549229224,1.102349347780641,1.059097856118725,0.21066773429566943,0.20980188644892073,0.6535615014972841,0.6456908731132067
702,2.658128921799811,2.6601121657260056,1.209416643179676,1.3276486541664716,1.8396706686115718,1.6785108639308908,0.05579707453421001,0.05349324591705177,0.24348881458057847,0.24493028880083137
703,2.7478955495105915,2.795767308508647,0.29012638046424044,0.1,1.281091346337849,1.627235184384762,0.2924838287040913,0.3093659015069693,1.2605534262938096,1.2422588782428527
704,3.612155971535862,3.6520921143597223,0.4133391470101295,0.4181056251222035,1.4908036541565477,1.3993600751612583,0.029563111035321936,0.030442247196337344,0.11557259558352188,0.116177285598241
705,2.299767034661916,2.365307689130949,1.6841314299535823,2.0,0.8130691292141398,0.7720314569614694,0.28823923562263515,0.28849411735773767,1.4338509999416809,1.4456355183306449
706,3.892724152451426,4.0,1.0358987709339698,0.9196612164232005,1.9919474481731378,1.987611469933713,0.4073878327961029,0.4170568385257835,1.3302731353645263,1.293063096392452
707,2.0969016127209144,2.1746773424686032,0.9712330435450878,1.0954237243104978,1.4842410969183217,1.4213909704978884,0.1934560458731372,0.18738732182918577,0.7833908349461839,0.7997085808682467
708,3.5487331629727805,3.602262410126097,1.1710913091700788,1.3710010410359197,2.120220986077575,2.039283406585888,0.1173762095431892,0.1233657107325581,0.40096060525564775,0.4055299963457813
709,1.9897069054178804,2.2053539967520512,1.5715355946085805,1.9999996266013753,0.5759335816318208,0.629868939974559,0.3177627536506251,0.3263334349418489,1.2304312699022657,1.2464099522909433
710,2.269947233448071,2.6645134477710593,0.4225215449229667,0.5724603053398981,0.9768937778208587,0.9837622991092213,0.207716567385011,0.21606956442055084,0.6682860376900663,0.6549531408478184
711,1.985658121178846,1.7544436745794663,1.1620188531875073,0.8810987201379737,1.748875307746291,1.6995521493650987,0.1946740260963302,0.19286776463556457,0.9668996557897576,0.9931274286389253
712,3.9967182725454404,4.0,0.8920810006325811,0.8650136865492289,0.08786060373688953,0.026280814531605082,0.07902262893799578,0.07793968732399292,0.2569007750258134,0.2573868160777441
713,2.0370213012241236,1.8666384444693644,1.6740424673942313,1.1961244056131348,1.2978659917518627,1.317922190079122,0.3545364515494386,0.3630356967489692,1.369867112409815,1.3828670725048795
714,1.5611322307968534,1.745006150837779,0.7037545749880834,0.8587876944494144,0.8976553028177523,0.8665222063989938,0.05365782965520049,0.051012942089555376,0.18451073144305508,0.18654999519737395
715,2.7490959799692667,2.62469114387621,0.2864652372412988,0.10198096851211927,1.8514163464785314,2.0701001433659343,0.44376318483765875,0.44353922191117423,1.3430820472385983,1.331718424734385
716,3.052135276438422,3.252353685673764,1.5481038701814174,1.703393939673393,1.2026180159744337,1.1935825510799032,0.08114436879034356,0.07575940859707578,0.3769733356615703,0.3695998822582004
717,1.675495238293672,1.644566073130421,1.3233794939900045,1.348206526763593,0.8165042657363305,0.7907161898515163,0.4020947774106622,0.3890123346674451,1.3365106210796267,1.320510719295319
718,1.6379466010822783,1.7649102078141612,0.8540443577975326,1.1844041974317165,1.731426440836624,1.6423016694444486,0.1341718710932512,0.12703984129656942,0.4692883044359529,0.472288302265759
719,3.501313407898425,3.8880704762535974,1.3910030492032421,1.6301418849540674,2.1056540330036624,2.0841817906377296,0.23632035593232892,0.2272432431760138,1.1343291363926964,1.129329129002933
720,2.0865049851301913,2.0636448079370613,0.3326604064834471,0.1,2.5394704250463764,2.8841779055898313,0.27623032193453817,0.29759418735195964,1.1415696287283987,1.1331801797938956
721,3.03662890672992,3.5652614055187355,0.6700343601636248,0.886510462843105,0.49213566033929157,0.4556237574960711,0.23552258491166117,0.22190247452062645,0.8400900750445488,0.8551460878123278
722,3.4990190377617147,3.997528857491994,1.9769224253770632,1.9999980328041667,2.929083534686223,2.9999525491187358,0.3516595537165754,0.3198566399804692,1.4298695740120397,1.3978743117120223
723,2.947284431056785,3.2299869540931585,1.114382093590774,1.3685876236714494,0.571410334087615,0.5606122293006156,0.30472511911128713,0.26822510152004453,0.9207876528005323,0.9117876222097502
724,2.4580302092984225,2.3603951997202977,1.8601787669159628,1.9999995245190976,2.804422277895925,2.9999995106931987,0.28365740058360445,0.29506256275357257,1.244953884398638,1.2669551685191835
725,1.8900472062987141,2.2453041561360996,1.5883539982943473,2.0,0.6147972337755271,0.5080656721733977,0.31917065258741373,0.32383812418986196,1.4328249170403529,1.4105111465644105
726,2.3608324686931383,2.5646706690091565,0.9172664063173612,1.0036191095828642,1.6746258300176455,1.6079802650979107,0.3430478419243923,0.3609355643672695,1.4877536850862247,1.4697534578598632
727,3.3332415044390737,3.282910684897929,1.9924270554720784,1.7025286379728657,2.475083496930507,2.743832911797177,0.10607188133255488,0.10419741348231681,0.5231330674267951,0.5263420204168581
728,3.5767758107638374,3.1915989528906676,1.3716618742987021,1.0506058901387636,2.9866330832619115,3.0,0.06513046391478435,0.06299038180630076,0.27528545474374994,0.27742569917332427
729,1.6297260245431362,1.693334676424238,0.424976267055994,0.4605751711312341,0.48264847415642764,0.499526850952386,0.3377111432390459,0.34671647920617205,1.4851401448694033,1.4915739952233251
730,2.5926935517729537,2.7803503348260254,1.8855093791617656,2.0,0.2309166252446332,0.18265855836060257,0.35893217743700184,0.3450932243155886,1.3660526704285263,1.342905573254687
731,3.003342580773385,3.0289120286425066,1.123174753679078,1.5587950443307796,2.9573848465147567,2.629771685591498,0.22018156933850605,0.20173642707797187,0.7035910358156032,0.7090801350588842
732,3.8292920230388816,4.0,0.15029518795639493,0.17973333005664682,1.4717588710162346,1.4633502677683827,0.05747365476267435,0.05590214905774067,0.18974509005110485,0.18846257615076137
733,3.0943771083021336,3.224110133064156,1.2279624400105162,1.2452081503945898,0.03658669073176912,0.02248271889311693,0.3727596711401634,0.3569611546093999,1.2609487490338542,1.2539578629024668
734,1.9385817138234827,2.079040801378606,0.21907063199879048,0.3558652178202969,1.8839558289837042,1.79626653100381,0.14684269029629182,0.14052238075109566,0.46158132216893005,0.4573606601159926
735,3.0567705361546125,3.683146546696514,0.6795464867673779,0.9772514178326672,0.7180246321834015,0.7652264631729588,0.4158455172970672,0.4375135999935179,1.4042688980815323,1.3702690154384425
736,2.580023645732433,2.386535840952327,0.46385708861956443,0.327443059893339,0.9763917115864525,0.9688471973952895,0.08800983780700897,0.08849773644823399,0.34409156851041506,0.33936071708205734
737,3.628914078525429,3.8502185197794323,1.7658588030278561,1.7568095943205826,1.2799206528096492,1.3216097093219243,0.30149615224246273,0.2843203847774425,1.0475243536392034,1.0306696560626234
738,1.5870226584652698,1.500077312376316,1.0928262518273988,0.8125513591671564,0.5311853554117247,0.552629449055139,0.4128326900638368,0.44534820182995394,1.3471078905383376,1.3476338891837705
739,1.833620201923116,1.715367541627591,0.605119503320913,0.3777567247101617,1.7650387169300825,1.8022894426579348,0.172606541627223,0.17178754332336885,0.6091893952917273,0.6241688770738086
740,2.65679227630559,3.291208198181866,0.9865563341164075,2.0,2.6999400134328533,2.5444768284964403,0.04057391989656962,0.041236570093376,0.1347478533885299,0.13780909154224422
741,2.7826586621741995,3.0192831613582083,0.764764479949477,0.8604468871424206,0.12032265236883743,0.09056186775330115,0.33554958126177414,0.3449721854495869,1.2359649124278314,1.213923420777866
742,2.180048428836737,2.306216915595056,1.2727982637722839,1.5434294293911897,1.1294921209824298,1.1065647782906027,0.15595293983435587,0.15597552046785929,0.7671076336644816,0.7756847167840554
743,1.6766354584475476,1.5673182553540126,1.839071185543762,1.4528654617266845,0.21530112669997425,0.2746648475757338,0.10275213674573508,0.10723749004218781,0.4516061056295745,0.4411501718684519
744,3.9472208820578785,3.999987232578686,0.7148954952003697,0.7216176711918155,1.452773706780415,1.465598109910212,0.326884960843827,0.3400124497163452,1.0890136420474266,1.0878554586989266
745,3.263029314628274,3.5486754758778516,0.32817940443087346,0.41015415395799176,1.8600347018891337,1.9780332413658919,0.26494630011966064,0.2481833801181359,1.2641901669657907,1.2671149664703825
746,3.2885276383405495,3.4701006729426895,1.1686465404113138,1.2115612967067522,0.11514302164639134,0.08953795924334246,0.255703196317084,0.24760935420205138,0.913490411370663,0.9011659240579768
747,3.2234535118164738,3.497410136539415,1.6456517665911627,1.9999176736850632,2.2140104825265086,2.213529167963577,0.4050005180231254,0.42065711191112454,1.335358247035345,1.3493581086342106
748,3.1336095172838787,2.9987911783896863,1.3259845450883194,1.2468864930574521,2.410423683632482,2.3386946056027607,0.054429160347648095,0.05296743366841896,0.20746752784387534,0.20478424620241453
749,3.2995846967200615,2.950578150709536,1.6445749854087732,1.316275206746814,0.07454769388211313,0.1582818757464283,0.03632727057672687,0.03606053638369004,0.17922156018553775,0.17519856977618165
750,3.6037708207803467,3.462408451975574,1.3240987405615716,1.05349530643457,1.4184057502141458,1.5092125352843084,0.22221421958499646,0.21490449073643408,0.9824836413892791,0.9736191483474641
751,3.7374455191518368,3.6762373268716604,0.897342496842841,0.7321452293988981,2.7203559111061906,2.947163180973373,0.41102799907538834,0.4013572983852116,1.4473387477394026,1.459338719733313
752,3.152923151713217,3.29974073983094,1.0242008971059415,0.9823568573218362,0.7502205710686208,0.8083784338188768,0.21705568091975372,0.22749319036478696,0.8142243203329389,0.8314669669403029
753,3.816304139723576,3.840400318468615,0.28287143084218846,0.2815520186021836,0.13424036735621758,0.1755292482343601,0.10553100394833309,0.1028564577306618,0.46143581525753335,0.46999324186882285
754,3.4759918574980015,3.38019599483401,0.8570238333046786,0.8284677192649785,0.9993452278202172,0.9243964172657533,0.22240849115250372,0.22628204737708185,0.834799716044937,0.8347653954294004
755,2.4701475791856327,2.3138769881434365,1.1502160190790238,0.9310619304739858,0.2490399571263472,0.24028122248627343,0.03811236087303255,0.0383803518124234,0.13240199548011625,0.13268399488139568
756,3.3186052302798617,3.6634394197979705,0.5331598692645751,0.6478365993271303,0.08219318104462958,0.13298426980032516,0.09224878344935518,0.08063680544406068,0.32220877248789426,0.31847854469278325
757,3.197384460633913,3.2702820729331177,0.1973970419378137,0.1993331896770372,0.5989104721617364,0.6172164534177877,0.20108336880513966,0.19125973023775095,0.6462708419055936,0.637253280242211
758,1.8188055894812794,1.9316924204538886,0.28554413849712834,0.10002249876241939,1.8921758420871178,2.053747953888829,0.40643339573732823,0.3968101711737677,1.3607326220910598,1.3317360971718482
759,2.714699339055554,3.32506610500314,0.2609436846445937,0.7313372087995212,2.592870041339622,2.251298482258215,0.28833014750410285,0.28325619633259125,1.2822119098668983,1.2614917317204104
760,1.7801814351807164,2.020014611798577,1.6640297594596793,1.999999907180578,1.5809653605877583,1.6019934879323072,0.22863819342604014,0.212764081760839,1.0956987526586806,1.091698508820668
761,1.9012117713938845,1.9121262734470508,0.45159404303405537,0.3425374170399522,2.156623841448064,2.2990186142474176,0.06590346502245321,0.06696427921577405,0.3190551669709307,0.32364586065440676
762,1.533897609775184,1.5940155716562188,0.7645095607494404,0.9981582417636036,1.1024544981548732,0.9333077883235715,0.0941623637109344,0.09252344824049677,0.3150589891646171,0.3137714270246823
763,1.9909999956074105,1.980829933051992,0.6716712250372382,0.581360485185705,1.052663844324047,1.147666123890732,0.09709355236514594,0.09258837029173234,0.36293960474783377,0.36932777493994984
764,2.0503914677946087,2.0889215944680597,0.8850995575303223,0.9061172928771332,0.5502977086180961,0.45964604953646937,0.24096885400327217,0.22035838765699486,1.133605006533572,1.123206656438613
765,3.985028138527841,3.8904397452602013,0.8977730885267811,0.8894871846162056,0.4281298778664594,0.4269160098509908,0.01130361079892475,0.010727337892161997,0.054482310158801804,0.05579328408169522
766,2.622437571424442,2.5763469162036405,0.8511564373872312,0.7940951017558212,0.3688633563701952,0.3228242666344549,0.09735830320889152,0.09044434207646183,0.33201442456840363,0.3248826395225775
767,3.553247122229765,4.0,1.3336299106011869,1.6397634915875827,0.8137471827059689,0.9522356561016595,0.34551733565619447,0.32935762811638564,1.3291702373331524,1.3601702551498567
768,2.00876259442179,2.0140253993795287,1.6796801791695783,1.4273352750658939,2.1876799284835022,2.1226544443468507,0.025577261881242784,0.024754781740736094,0.0937737492011127,0.09068319363581008
769,3.9854667081474324,4.0,0.6907604172732092,0.6211054223458156,2.889266623963915,3.0,0.30430368075382114,0.3069919809429604,1.0680090289614106,1.0545238955950431
770,1.69666063853745,1.7555898873761293,0.1673957947762425,0.1,2.882171854325285,2.967498695048074,0.0703759479100479,0.07056973457296765,0.25698112477095153,0.2586738141028181
771,2.9018810630558347,3.2892561339465383,0.5082050359791774,0.6470526240303502,0.5536343208697372,0.6118646684867007,0.17452928278286237,0.1579063600413148,0.5462390087664686,0.5344776233331985
772,3.5918202113886704,3.7978413384057963,0.8772950353636465,1.0337521194170836,1.692522743134985,1.573084971449156,0.3394637455134195,0.3413782991979273,1.3674663782219807,1.350467161184358
773,3.482614473597595,3.85230181599603,1.500826719461943,1.6587133429086534,0.34929777449579824,0.4875475762635977,0.05901480075513536,0.05674586713521079,0.185592904607975,0.18569257173567072
774,3.4271429848773636,3.378549995886413,1.228180233291413,1.06106640634232,2.9926993971612457,2.957695784998758,0.29768640131173474,0.271993014123951,0.9019646517439338,0.8739646446608252
775,2.6952904991895643,2.3513492543925665,1.7247295100665765,1.0735407117504159,1.5281101749131265,1.5696179797980525,0.14442977915290284,0.1354311624109501,0.4345962285750045,0.41808634053215754
776,3.3854744296754644,3.1917911384895623,1.17625057256142,1.0751991214850605,0.08358586024757086,0.045787658980099566,0.19420638801895523,0.17765302129559601,0.7000254741356995,0.6944970711007699
777,2.872517670079425,2.904299232944655,1.667183726379314,1.6103436854731186,0.5570442463983382,0.5343869923533658,0.10074142583948964,0.09439518114887849,0.42415786821424345,0.4202408907069475
778,2.0120599543358866,2.0068498348918125,1.248619163777694,1.167512431639328,0.44501524944640225,0.5141604576652512,0.1767532477626799,0.18810509571986958,0.6596672388132032,0.6567271853065599
779,3.155641090243797,2.827123392186546,0.798355595374005,0.5816088250037269,1.2126977696644716,1.1828016077533843,0.261956301016946,0.2780265077220786,1.2252168734649886,1.2416333377471869
780,3.10812104670073,3.5538809571799144,1.6827008969087365,2.0,0.5218045211417168,0.4837557013472459,0.1884500126592431,0.18604585109018576,0.5657231301143878,0.5668502750225177
781,1.6923009459926486,1.628087481186085,0.9361211417423485,0.7746532248419209,0.4273774344563459,0.42420882920367536,0.24790642464397927,0.24182615640741517,0.8130028615207573,0.811516984540455
782,2.2770571713036474,2.378190425445563,0.16083066202086377,0.19319908345263315,0.6528893849044765,0.6028935211153977,0.1836727357085352,0.18912504562110888,0.5909601612152814,0.57500701109773
783,3.6476153850815254,4.0,1.7168090054580474,1.447996665350958,2.231572708713811,2.3139725819301513,0.32738632575068743,0.3501923880935853,1.0216321131654145,0.9676321219740877
784,3.0737055837578637,2.934579338712845,0.8295842649236611,0.738694258105838,0.0031954302470109663,0.0346750965488747,0.1962283671064464,0.19364454962536531,0.9302929783694271,0.9096057607555511
785,3.8961423805235045,3.9999999169115648,1.7883585794277337,1.6262889910150249,1.817973856824231,1.8882945482672135,0.2038579992861461,0.20197297942178322,0.917761099589598,0.9082093141849531
786,2.10660034180585,1.8953443559593726,1.2935842666256645,0.7675825438699173,2.4271860520954602,2.632806622037495,0.36352345336991154,0.36610790872532517,1.3043126268842982,1.3288797685505087
787,1.9408258367405413,1.9534059673720696,0.28840510977059464,0.1672775792425289,2.018240852348848,2.059435480087618,0.34481429273171504,0.3182801745141429,1.0875470820265212,1.086362289845217
788,2.5483578065817984,2.435027315937686,0.8013400898874201,0.5599584997109115,1.9698172715559852,2.19344545138718,0.15378898112321626,0.16022518077806536,0.7261418475959116,0.7284127217828925
789,2.6560109978124795,2.4418900768349685,1.7483578637638784,1.3970839877350305,0.8105127256215399,0.7858683839498233,0.2329408294890697,0.2328542186946607,0.9649588065759886,0.9459786287995241
790,1.6234365635584342,1.679230105234744,1.653354746993965,1.6840493030154273,2.514053270083701,2.543407779133074,0.17383488899479344,0.1877697922454132,0.6930492295110555,0.6900492396424052
791,1.9073188992629506,1.8800769294771358,0.31192655720610857,0.1,2.0787537489284125,2.205397791250827,0.07120740545669213,0.07089294563495555,0.31870766294911723,0.3215432668258186
792,2.308793654284081,2.493403688655873,1.8066449412463337,2.0,0.4810315994457953,0.5308023994279614,0.3687464073719506,0.3840200121571038,1.126936393553274,1.1346183100111424
793,3.0234320106298505,3.0185976005869453,1.9325935990875207,1.7321459194079747,0.00795458166366525,0.0306996137215766,0.35642155073282783,0.38460056163172696,1.1887713242204674,1.1802592144687594
794,1.7845030672812667,1.7042116613652691,1.5093351217270925,1.2673566274555432,1.6981780536377906,1.7372868066362908,0.45567398448263513,0.44918325920388646,1.4187820364168973,1.4117819201351667
795,2.625353321858101,2.6755163176475287,0.21198313246462724,0.1,2.03174655675341,2.2476299907530635,0.19315407086011566,0.200813857729995,0.6097369879244977,0.5978997337163874
796,3.7348726301593804,3.607979620016515,1.1886572942717648,1.0023045181861827,2.746277529798742,2.757206725287494,0.08851380129284409,0.08929852697603201,0.27878023095555005,0.27518599805082383
797,2.228731107339053,2.337426391877026,1.2105939191855772,1.3619425246315857,0.0614240226986692,0.08263158441456095,0.26909339197622034,0.2636077409987904,1.3410631775169888,1.3596306475851256
798,3.023767631312345,4.0,0.38481767943508294,0.7403928793590674,0.6518797014840884,0.5878927092797909,0.2086610043874787,0.1963846068262864,0.809404849090217,0.8193145865784112
799,2.5802302981440444,2.474933014644263,0.49533286567802637,0.40780378422891794,0.2081671201992863,0.25057043573697785,0.2982146911823692,0.29392180937385115,1.4532965195630665,1.4421243849494338
800,3.582936434461765,3.4685573771590312,1.845804144840595,1.75378578294834,2.2996338735382924,2.375047855263749,0.15574438971231722,0.1598686130957706,0.6400351423415602,0.652035144799392
801,2.4569929898073184,2.1112052931606367,1.7230138069773446,1.2888827718326004,0.280838462356647,0.2196068895789037,0.13005356077969665,0.13261932639020238,0.4629881560778963,0.4641858679079401
802,3.500232926882615,2.8936116338178755,1.2249807804034054,0.6125061641335218,2.4343076067021636,2.592334409284462,0.14549395348576857,0.15734237981907395,0.5001366282283631,0.5034345476100146
803,2.8310154470992073,2.8734193539781914,0.5948079678622062,0.5096343444035967,0.9030414938804078,0.9331086373136588,0.2515257446879115,0.23979961379339076,0.8712281772013061,0.8473044705991626
804,2.127065764739438,2.074495415023039,1.6597677707987433,1.5035839591380222,0.7066433471213481,0.7151729213876316,0.1575154814030226,0.16644458122444264,0.6732385234066497,0.671339240733323
805,2.3644403308844435,2.654106735052567,0.23571209767462903,0.350261743702567,1.1630185801631518,1.1373058549663322,0.13235102890497338,0.136498289301241,0.49114263489716464,0.48740644179412407
806,3.1045689027716152,3.370730092522179,0.7871228490639608,0.857500191053822,0.7799436453982029,0.8165370920652193,0.444518202262319,0.4251492617074688,1.3422652932313595,1.3092659389960641
807,2.3435369154159433,2.60942978103525,1.6922101429817364,2.0,0.10539030762580748,0.0,0.19460772575403262,0.20150370259892836,0.8384424286299981,0.8338964909216439
808,3.648076984050456,2.897856028949192,1.6685965353022751,1.2587143759616097,0.37828210622121294,0.353080630386162,0.2463275599783556,0.2601455138291594,0.8556943091358766,0.8609647868134404
809,2.793186921969115,2.858671795081809,0.15394744114690717,0.1,1.4727881620718044,1.5519800300958855,0.10790795859753961,0.10170160090953015,0.4988787419757409,0.4946721989503344
810,3.8462143026895084,4.0,1.4799169197485944,1.4508476791176048,0.656956788834323,0.6180470919998815,0.24416089517965273,0.24414540758357667,1.1802266897397056,1.175103919696866
811,2.7802920854250113,3.5039606234192635,0.8906171201174827,1.2058284745515837,1.486103255332754,1.508214268983584,0.12187106391154817,0.11625891419499927,0.47222397162636487,0.47678483843259295
812,2.8313625678699568,2.876482195430655,1.29742073953023,1.1724738296543762,0.9441627720852134,1.0674906630797925,0.06127966310969854,0.056587854360838956,0.19529584895484775,0.19094297651582623
813,3.076145788779461,2.833609650862117,1.7983343895761799,1.5205873766479523,0.3084603340851726,0.29957685254020217,0.18768288352850557,0.18726527341938265,0.6449029111896105,0.6454124128284995
814,1.6259310740305226,2.019348798824789,0.2513185937031288,0.8408016698882759,2.8187895869202797,2.756789473521188,0.11405782761115414,0.111772974741997,0.44486509394579526,0.4410671955197817
815,3.7804961997204836,3.4344370401742625,1.9984448375310209,1.756651649050591,1.8999496768928013,1.7571645615976461,0.23720751952764157,0.23737664252205182,1.1150893719777133,1.118662557102918
816,3.4749028034680665,3.410493009641476,0.5753660962806999,0.37490032032463855,1.8787539139238696,2.153048247877361,0.021246708823985362,0.020910894611703063,0.08536935742643828,0.0857930244814389
817,2.974640667908984,3.007390713773702,0.529932354824725,0.5354965530481374,0.8156565374836269,0.7776104997848574,0.3052415094891656,0.3339509953951734,1.2163213381455364,1.237773742803396
818,3.798761504453092,3.630988865912601,0.9021441538708196,0.8064925324532233,0.18447897546919634,0.1481872327153805,0.34785423296950824,0.3337881540252412,1.1396729666323802,1.1375956685084927
819,3.2940138782253783,3.9396239932643464,0.11466133784682554,0.7347443481055025,2.9966113605769076,2.2616545325036608,0.36985185459630654,0.40715764671203947,1.373964196433697,1.3679642507824754
820,3.327503908861722,3.7021613591308418,0.7498361317249976,1.1885095628268019,1.7988658083764322,1.7260017788623687,0.2824663869347618,0.2873192054288299,1.1321352260910413,1.146028412157249
821,3.555339315359109,3.9594679494823364,1.9264244922926144,1.9999999929970074,1.7808529939612168,1.838795107772094,0.18076035430058016,0.1741809519815046,0.6499401644718377,0.6329401573946349
822,2.283481691682763,2.301495452992655,1.8527258469416665,2.0,0.13348458586096912,0.17315144189192988,0.3222797596784188,0.3088122182500988,1.4400857905813278,1.4691688271673724
823,2.551856437206463,2.4465271899192733,1.8888995914542805,2.0,1.8212661039694593,1.7188678340664518,0.09768552315036559,0.09397796926506245,0.29633427046661026,0.29997215502907915
824,1.8397320236604509,2.0177032002429716,1.8381824210721378,1.8914462948364834,2.1671301981558795,2.1158547353749615,0.19413487123133588,0.17558484577162986,0.9056511320898073,0.8938992412186083
825,2.316624413966943,2.1148863583271673,0.6284806978752633,0.1,2.3131042979525835,2.883148042299828,0.265958510801716,0.2607796312966932,1.3155454636289836,1.3346515070199487
826,1.8755920086089288,1.6923812816092483,0.7037442132108743,0.510411134432871,0.40670783873944405,0.3519897401828641,0.2837986828436824,0.288621854114648,0.8975168874094979,0.923177192722765
827,2.4662286488524847,3.036939240102073,1.2536727721976997,2.0,1.4720970957914294,1.4278441167245228,0.3209248544461823,0.3133061420912436,1.102126571518572,1.0723740242398256
828,3.8337261211504625,3.419994011103851,1.6119579274212612,1.1325348671221254,1.893045300796827,1.9836739259154164,0.058169838718257455,0.0565871116114077,0.27112817486510526,0.26694026041739893
829,3.258599422149971,2.8178312151041727,0.44241684635837375,0.10000373876894983,2.2034619447989465,2.4367093241273317,0.02456649611164394,0.024531518396941353,0.08692051649073357,0.08842169347841541
830,3.2615597652891415,2.9961668928254737,0.5823090130079177,0.3999338180008813,1.1701743246100575,1.30887241934154,0.1753080578246407,0.1608817156437668,0.7989526359816151,0.8117328263558378
831,3.5550612536010284,3.346274413093777,0.44733420755564646,0.473364016079709,2.9295861239246848,2.676836683568811,0.2539320033965048,0.2610061631505847,1.131511304988374,1.1480707082423969
832,3.2036248961568283,3.2053258600967123,0.6830881435315691,0.20334770727845533,2.2431722507610337,3.0,0.04874661913244943,0.048251750250494795,0.23201139670048387,0.23680957337987182
833,3.497821288955542,4.0,0.17365911938814482,0.31616412902075786,1.2756623776060538,1.1908008802163619,0.4868125618679445,0.4916669892093292,1.4657672038815237,1.4767672066716373
834,3.585472394361156,3.6475090547279443,0.5240159206311357,0.6018762151025093,2.496190711550989,2.325448119149546,0.19411050213394393,0.19851387017029734,0.6680794710538953,0.6645892021149284
835,2.2646053889473867,2.422863063918275,0.9845665836034653,1.0836925023322985,0.6703856511601188,0.6543623772940037,0.3017788196280302,0.28244822054071056,1.0671036996041252,1.0516865909514794
836,1.8121637298086055,2.0256952150717873,0.7128400596726612,0.9187083259521933,0.7719433195604747,0.8112745463493398,0.26159023096774403,0.25682897016981826,0.8340294464479584,0.8614889197779402
837,2.660552262317708,2.329074974888397,0.9151111465630607,0.15212256636036323,1.8133561175648485,2.4224557829476963,0.23240566755598382,0.22496343736083502,0.9089916661331151,0.9119917026652165
838,2.0989627327927813,1.9341357348330779,0.5461734074246143,0.1,2.1722855060666513,2.7205115435523997,0.3984113046166003,0.4093354814953648,1.450709067029417,1.475550161840969
839,1.5440883383348472,1.586636317319561,1.6499334194946014,1.9998477624818607,2.7472867785550923,2.674874982871756,0.3024892081503965,0.32570518347986444,1.2559188045664331,1.2639186225074779
840,2.808760381458325,3.181132045239625,1.5988891841419388,2.0,0.8061712301449092,0.8153296622779066,0.0720153694639862,0.06865926816655853,0.2470986510025957,0.24496976527316133
841,3.508190136645031,2.8796504079784944,1.0637683273539615,0.46128909552931463,1.958122788647238,2.178366117338131,0.353923126697077,0.3623452587953404,1.435151679610441,1.4227637636313577
842,2.672880492999719,2.6991559828287333,1.0149201381736803,0.9577808774561045,1.0516952496986385,1.0660450554509304,0.2900080102071685,0.27071597956086824,1.412185147427859,1.4195054224143515
843,1.905158382610925,2.0658517271531123,0.1294702991243203,0.1,1.7795875807557366,1.9463275825045576,0.22609962522623006,0.22847510395667783,0.9180528064937243,0.88299099381839
844,2.7790068086400135,2.697039909964245,0.6636574934305557,0.558340687255698,1.4310144357321417,1.4903992960606975,0.04839602366387115,0.048491284219136455,0.2007463837855104,0.2043506883220884
845,2.382442400503925,2.4009437566890073,1.5550073789477963,1.5059420760761544,2.7854176023726716,2.6812258259457824,0.049402567857865134,0.054230076849287615,0.15770386572886008,0.15851137807978355
846,1.914391946129029,1.8469191017232216,0.12780887369131416,0.1,2.1939741459891655,2.250325686333411,0.1480919241006639,0.1387649549229223,0.6677883473985052,0.6739238485715108
847,2.72719459788658,3.3960378428718707,1.0429749934905526,2.0,2.9681255643687656,2.868343805551592,0.15920709776168687,0.16942322192814413,0.5766308047045877,0.5826307721756286
848,3.4816869972656446,3.0557624852713223,0.6755777446603981,0.18833221115145382,2.1442708320587816,2.6175917778524984,0.3539379103966591,0.35015497160882286,1.2407982466068115,1.238680147171088
849,1.7115304874166584,1.6837861512858252,0.6070065666929184,0.30409481460093923,2.559108048414818,3.0,0.19086013680631786,0.1887041612694745,0.6839688174476429,0.6889686396055714
850,2.7312703259849003,2.3902917519985936,0.8001310244236333,0.4029058784017229,2.000567773093361,2.176838968215285,0.3122823289145668,0.3163457707248157,1.4208133337667403,1.4392404434085362
851,3.5258396330885606,3.099044309373927,0.9391073120446269,0.4446141846891215,2.6689631675688545,3.0,0.15234907425291624,0.1574395148931538,0.5353927514749623,0.5352172864679142
852,2.1133500212355965,2.0318457505331904,0.7143113064585113,0.6521171139306179,0.42794510747045433,0.464809591482813,0.07424418645937614,0.06986633373279388,0.32588339012116596,0.3225440954932973
853,2.194362865754858,2.5160706579551544,1.460484263883613,1.699248455703281,1.757407129542703,1.7505586957854917,0.1413114566258652,0.14571266187453882,0.6783200956128652,0.6634454126318299
854,3.11323905322114,3.532767040031016,1.742568488466707,1.9640009288840339,1.3780173942887801,1.363133244880802,0.35587748910817185,0.3453477699792776,1.1952803061125603,1.1859843056720296
855,3.1631353296297258,3.428709311746827,1.6470564697693881,2.0,2.082730139351931,2.0981017802247663,0.4554554365335167,0.42856598734214085,1.481043060092535,1.4970274215023425
856,2.6520105497314383,2.6488912977019634,0.30485035517139314,0.34179509073936404,1.3185221967869525,1.252552870281599,0.2970919696821109,0.290321831561579,1.4835176298102313,1.4985176585561553
857,2.95838422572461,2.775091968157799,1.0239987377174344,1.0022803090047816,2.2083439015356623,2.0941144756052403,0.12322818564322052,0.11593803612492544,0.46379168026989304,0.47105190214455817
858,2.764188101689017,2.7479544924156993,1.4109182657992296,1.3529318340797882,0.9429626485212481,1.0210596379324268,0.35311248093902753,0.33139598550539623,1.3463945671186321,1.3463943780365386
859,2.1072700211311712,1.807331374084797,1.1626648541970515,0.7787759291749601,0.43340969321800316,0.45141202168514016,0.305539540064194,0.29727984505051197,1.379361507351659,1.395361428099822
860,2.9161239125207206,3.099234428148246,1.8528638692582953,1.9999950947716405,0.20441073478426264,0.19381909716538107,0.1682630360430833,0.17775572017755656,0.634031750210381,0.617502180501216
861,3.8854309375332554,3.9281353284567655,0.5287309200177607,0.48466479884354124,0.013463229348451233,0.0,0.2471086996583641,0.24114159536605756,0.8520378550557416,0.8684411043106721
862,2.083956748058372,2.2412436688412902,0.34492403344601297,0.5098811250856322,1.8805428947612843,1.8036872529383503,0.05224640935314481,0.048455496889487526,0.1904159638771401,0.1884121784030146
863,3.484120210279582,2.932695297766161,1.123676906336893,0.6250365318144679,2.65532005491915,2.9999999883027217,0.303224390872026,0.29636809187141877,1.370120085351264,1.4131200761579918
864,2.611840219058815,2.3073567305936518,1.3811152209798512,1.0805568511466674,0.9877305082318436,0.9931240997135309,0.07921654889518814,0.08080968521182412,0.2931291944522649,0.29212922233057925
865,2.358424489802289,2.144276031977939,1.3220108454360247,0.7790657839817763,2.3306711555211725,2.5541768199139017,0.12183647364126576,0.11874548213304492,0.41713436277416016,0.4233717224507294
866,2.0586757385327132,2.198792339538915,1.0704458187056107,1.196911864226199,1.7754744975941825,1.7866531210214835,0.1079919477854481,0.10727000525204751,0.44441829913076614,0.454986274586712
867,1.7472263503355294,2.4066799805700514,0.633699365840664,1.2722924738780108,2.5916101007434884,2.4890038670683015,0.2835915051591923,0.2775864245508753,0.8688002091431438,0.8358002103459068
868,3.5684081771430862,3.2324804216315757,1.8936139700253167,1.2369293064357598,2.04694114323995,2.310968055830496,0.07990145796756062,0.08307363312145344,0.33824685327179715,0.34003874337911066
869,3.115619944248831,3.1613469947568427,1.8868420045371852,2.0,0.7190358600669843,0.7026158029093733,0.01854826030202092,0.01783032402767545,0.07828258407422711,0.08126494123744205
870,3.3306828566857942,3.6464131694112973,0.14648914187689388,0.27786034327489895,2.939108023847922,2.999998871552224,0.3831575286286539,0.38276358730586657,1.4421747354799828,1.4194098143380847
871,3.5264202232761113,3.079279270916491,0.47679665402241134,0.10282106609518339,2.597341982515024,3.0,0.22733503588046766,0.22242872478981054,0.9180429310553908,0.9390429284018257
872,2.1203868810545186,1.973856830308612,0.9344930555752008,0.7483929993565743,2.163190096360817,2.1606724804762156,0.13882498013290262,0.1503825804787022,0.45595369226314747,0.4603665091377766
873,1.8812408065647355,1.9206098729211172,0.4477264656984611,0.5208291370267025,2.770088757013493,2.592933784362943,0.057536931008304606,0.055247908162440004,0.1966019831853424,0.19738594408560534
874,2.024091532137585,2.35420068922407,1.2910082433120622,1.350192592514272,1.7157427791584345,1.8289658391781827,0.31001431651453093,0.3016871825946543,1.1357855865844524,1.109785723707839
875,2.4122241446767205,1.9939147715918561,1.0935448463527253,0.7342334764358937,2.9983044060681885,2.964261940057213,0.3186388803611112,0.31303706436233336,1.4257940640340088,1.4617207262954734
876,3.0395941465421075,2.9211919492336835,0.7080619044710534,0.6236175754982033,0.9926853302205504,0.9470146830176386,0.12141013164224096,0.12304279546327455,0.4197883455875966,0.42780908756656216
877,3.9869749760423634,4.0,0.6273115565910986,0.5672294767011877,2.9513357399841267,3.0,0.3375409940890405,0.36728888366376006,1.069612055819725,1.0536414236689235
878,2.746661980196766,2.854838606673183,0.3792309739522963,0.442268230341368,2.279746854553107,2.0773469269668583,0.40420806367705,0.42060148962461735,1.4371105776479791,1.4167947456237984
879,1.5014332619300939,1.5340190730726435,0.3034595595801658,0.3455858564313809,1.3892191490915906,1.3161960105779564,0.2325648043808759,0.22977783395607862,0.7728826057282717,0.783119043223092
880,2.697524541347361,2.794959242808563,0.3622859850883676,0.36756363510805196,0.0031821712841436645,0.0,0.3287447820064617,0.3444554476419849,1.2017004920879264,1.1941549990220008
881,2.11397540690474,1.9190916632606811,1.0554615070576838,0.9292222318016627,0.12161399840760234,0.13333218020021226,0.23271722223656488,0.22168638615023134,0.7705872381627324,0.7968629935481045
882,2.4975708776842116,2.547271439608821,1.2944728791206084,1.439278105125271,1.7968261644371264,1.8186624769752964,0.19403505185087158,0.19600057301107943,0.7074247083167742,0.7195392348593775
883,2.4012130482314236,2.0183551281217738,1.4201582631400904,0.3502617974837655,2.5455893560633296,2.986939936267837,0.052338399552648365,0.05201802687209506,0.15848670537535975,0.1595067841681539
884,3.096296704999953,2.7729804784429937,0.7920037414600511,0.570905113591151,0.3870934494577437,0.3576495815755471,0.23264632552060266,0.23325471346158194,1.0980210776405848,1.1186587529545668
885,2.135837844993393,2.026325936464282,1.3311013525970008,1.1606115088765447,0.9656708983558594,0.933762739056993,0.3176993289213872,0.32616392900300345,1.1571844124298734,1.1928316151919225
886,3.989082121406572,4.0,0.7481465037698937,0.683424092648399,0.9850368792129995,1.0877771010046502,0.4146505228981078,0.4186580185640826,1.2541869115801787,1.244342183967181
887,2.631441802372975,2.680828084509482,1.9990397475099042,2.0,1.2900539304488783,1.4039335105540025,0.18057806696783296,0.18237126867378484,0.8009188690750245,0.8089188687092684
888,3.0521467784372547,3.100258963822589,0.10891959412738118,0.12126731620800396,0.24116770916980068,0.256445215842156,0.03359578027729517,0.032584801457219786,0.13927189860323658,0.13803189779552943
889,3.9453145762631885,3.7596546224609226,0.27226428843409767,0.1,2.514627507654838,2.794840330132217,0.12584539129651567,0.1302262016601922,0.5216009377279657,0.5227533538630235
890,2.9160870308700333,2.721811281950811,0.5209759232745947,0.45948171624351175,0.24793544188818428,0.23925159675730973,0.019488155681059386,0.019665132143327026,0.09054649781662527,0.08887109961247537
891,2.7486533527115995,3.0665897810155873,1.690562798332956,2.0,1.1107593553139665,1.2083356205100702,0.18157000662730854,0.18471745176296558,0.5674052369175453,0.5706016101076224
892,3.4743994957976208,3.3818798075765537,0.380052168006609,0.3637398300850192,0.3406219843384105,0.3034188453019667,0.12817970090263356,0.1316495710169863,0.6408109944005257,0.6410866239029742
893,1.8106867607721617,1.6792377361947652,1.7922193968556026,1.4814272748908557,2.389440599338721,2.3523294727834996,0.30512584691116007,0.29149955289200496,1.3328089965798664,1.3408089916496586
894,1.7233947898903605,1.8445106850859267,0.4433403084966926,0.4663210272082489,0.3993755908458171,0.37769468836370484,0.04225338115502677,0.04449124527169935,0.1918833137735338,0.18812644133552187
895,2.671054152993211,3.1091274922718766,1.6001151617511968,1.9999998870297635,2.6021194038189517,2.5799982038263574,0.2813257407812201,0.2759747313104618,0.9593888444648386,0.9483730137316237
896,2.5317405005368467,2.450921408281284,0.842815093446219,0.10000458018555597,2.0893819702660816,2.9899775385717584,0.05476074426656798,0.0574578619267557,0.2621216221197964,0.2569815324736676
897,2.2619993136478502,2.2711812575068566,1.8983887532006727,2.0,2.497993662300936,2.388494262905963,0.3237064182571948,0.3213064300626341,1.0027606586483873,1.0167606540414351
898,3.9865270376119977,4.0,1.3795671276316062,1.1820331645410764,2.856958430100253,3.0,0.22209365397101216,0.22434205152159656,0.9641918166322102,0.9610588792138358
899,3.2115920269402327,3.189118645494051,0.5810304600598242,0.6088128391661876,2.6849453995065984,2.743012810621822,0.3057494597564354,0.2885823695149797,1.0520802773771165,1.0594253725295233
900,2.960130391671651,3.025127989749595,1.1405396060262214,1.0963270600053518,0.7652388682320569,0.8518719071450348,0.21297961782728173,0.1963492462805881,0.8774210317555535,0.8656549032404556
901,2.000880781738689,2.1140515278389125,1.0350656026810685,1.06086599720984,1.0369897099194554,1.0126384834141187,0.2304322649656354,0.22363429453778105,0.9193493968008537,0.9166522565865914
902,3.2489546984237014,3.0835726150241154,0.18984376298222677,0.1,2.5761344125051444,2.6246433275942924,0.05803298986414142,0.061172397649344075,0.20084199315246926,0.203119706234664
903,1.5175964367549486,1.5305119453296088,1.9007157429168455,2.0,2.3600823791545316,2.2337632949350414,0.07027728690402968,0.06632827939979788,0.25494339356899964,0.25609774281634873
904,2.2686872044247286,2.4312320327174652,0.45464728060719284,0.47246915718247895,0.8102049244333911,0.8281078169629394,0.3100811813357235,0.31414702531429134,1.193643122094711,1.1890708245205255
905,3.3033134226240235,3.198166179271414,1.6063923992661615,1.4701808192985475,0.22356597356726293,0.17463186665822816,0.06071787665388663,0.061663908802352334,0.2642485089091384,0.26272408076184095
906,2.833572774636778,2.7690694286876854,1.0267817412792488,1.0670886953299483,1.243088635813674,1.0707038647584133,0.17225608238947399,0.1722802673639859,0.6272147938116115,0.6372140337137218
907,2.0644146409801456,1.857493768736229,0.2979176530147297,0.17730608532499595,0.7301075973140188,0.6811293411255237,0.2943787574838314,0.31095819114034723,1.316126603183872,1.347297010628232
908,2.3124702311799927,2.0945625077517502,0.49782137297840523,0.1,2.249965268237684,2.548572583262298,0.024438780913631063,0.025118132592248196,0.0950572902497673,0.09617663388798789
909,2.101989505441226,2.232326534536414,0.4375294660243406,0.998536441737898,2.8944143566001106,2.51763425348326,0.26930267954549125,0.26071967077078834,1.0713929685486911,1.0895347941539018
910,2.1105224931781015,2.0613898630396794,1.1671637084674797,0.9288960632867612,1.5654871626209652,1.6799246449613616,0.050211967411044126,0.05254732678688844,0.18416989443029586,0.1848038324908284
911,2.8843630012578467,3.0126652963614378,0.2886582117456257,0.3761550010402435,0.617832023927586,0.5964168119702227,0.23100262042520922,0.2292096313117879,0.9499511499212123,0.9743817217438452
912,3.4502338672512045,3.2130336224206557,0.8070263234141404,0.6517122187232645,0.4656377518882052,0.49604200446404345,0.10612351138130549,0.09884417178492542,0.4769569459861261,0.47612054998416714
913,2.4178543758286475,2.223029242355329,1.0804304242941292,0.9252660568143212,0.5307939226762579,0.5594654189358332,0.3242466614462159,0.32599802684520773,1.1345500126878718,1.162054828000062
914,2.777691447391472,2.336145428191328,1.290065181427611,0.7873324293153516,1.775905787285228,1.766795215644849,0.23860756133221916,0.22841962005923064,1.1291062671599363,1.1351057739964925
915,2.6014895684185433,2.5975716275899425,1.579579313667342,1.4254616584346649,0.7943637858803321,0.7955464484797226,0.23437321628803165,0.24066213210733486,0.8678328765787221,0.8763987922762537
916,2.09714815985975,2.3588478937737825,0.23185450088138285,0.3262551157084014,0.333624814390892,0.3614658397889751,0.22627195879926756,0.22781549423475028,1.0614380962760737,1.035452633990034
917,2.7327799690468892,2.6755993137193093,1.9472361326951306,1.891255482494424,2.071964361945063,2.09340337204366,0.32289836083418183,0.31391300959651447,1.4607156837029918,1.4607156874014504
918,3.625662813071249,3.6576030478787964,0.989491382309475,1.0048814907915102,1.9054001718865399,1.8648764966669333,0.22513335042063704,0.2254970777446187,0.8719223860814994,0.8685448262038821
919,3.3871078593755914,3.128837770936533,0.7980000467476104,0.44291874543783427,1.7615037454026217,2.1359976902105027,0.3651969791263883,0.3542979122716389,1.454706531676054,1.4572371494579714
920,2.7780140229325427,2.9174865039620377,0.8053109082341656,0.8004144934212316,1.6508758870086204,1.692275000206617,0.1540323768843264,0.14141876941013787,0.5021953429534461,0.4965042910403982
921,3.483553329502067,3.3867368759899974,0.45869858445980805,0.3980633143866089,0.5590146970524701,0.5353583085720419,0.2549458624665794,0.2470472358408048,1.0683482784839187,1.0826058294590442
922,3.897262247498755,4.0,0.1282536297546803,0.1124239223024262,0.19430106117345403,0.1795604588537803,0.06816354278832554,0.07222389973522632,0.2881862940743934,0.29193514163636997
923,1.7535244248763417,1.9398886191014744,0.3322828796673752,0.41327289608379325,0.7663945494235677,0.920353935737843,0.16459005323810866,0.16452447583021826,0.6909119743905815,0.6896330958801415
924,2.287579338191553,1.7852350904625318,1.7944332770668499,1.2182886643041984,0.7133543587991147,0.5515951413127729,0.3690204830107137,0.3671498269458668,1.4030036486948478,1.4250032632246037
925,2.136406414926875,2.1885684081801267,1.9072652266747243,2.0,1.2225384313273073,1.1811854373208057,0.08974826112975874,0.09444785277923824,0.35114561620205614,0.3533864866493968
926,2.478725227660556,2.5144526846228166,0.5914419828237445,0.7052303397046384,1.878135806963554,1.8002364221993665,0.2017525883917186,0.21752734407176222,0.9213728074078963,0.9244837300917828
927,3.8992241943632218,3.9273032276267594,1.7879112140815043,1.725077958714545,0.4015351488832787,0.35519557407580027,0.09755095173442423,0.09582084981862415,0.4697430239578632,0.4763341273592632
928,2.9887999216836416,2.9828524097608144,0.7377542364325893,0.6422363614737339,0.05091424186736182,0.131694053021781,0.25585907836056254,0.2556194415287152,1.2573107547345246,1.2257855403425058
929,2.5208195424253463,2.3891773650101507,0.46945479014372926,0.3836521861114815,1.527356562213995,1.6891953179676042,0.24102180418987335,0.2520907959172422,1.0178556858097922,1.0285142109271739
930,2.814475616029331,2.6218834005027505,1.4042954267689576,1.040980495006041,1.5310075757206554,1.6059984714791133,0.13752058847372786,0.1304725142756059,0.5326706583664683,0.5283135965542447
931,2.815762708129326,2.416639839312328,0.7892777043659407,0.40249253278804725,1.8985454439094624,1.9308328382216868,0.23503699230111524,0.24410928872766874,0.9853938640118944,0.9773173061523026
932,2.9220641815827317,2.8463009402791912,0.11841461614056349,0.10203701812022602,0.9426081055471922,0.9202213469124378,0.17089501017439918,0.16485941964736728,0.6877317456328381,0.6875854189822601
933,2.5401338514096645,3.70383612602116,0.8131042460688774,1.7493454241339697,1.6527608294397846,1.5505019318000715,0.35714697856556943,0.3629429327258292,1.2028274572355617,1.145827368698998
934,2.770333208603569,2.8875481019868396,0.8489596688504951,0.9664384237025315,1.3044449976523405,1.2040270397321127,0.11905269177631987,0.12341798195543842,0.36372621233943836,0.3541683276397574
935,1.7200621705501937,1.5897676009858503,0.5920876181478931,0.5277416719614465,1.4176896172977744,1.3249118633827686,0.12644318345421862,0.12475837308134109,0.6233983356805178,0.62889677637931
936,3.6230580191424044,4.0,0.8097811360432225,0.9731615161114471,2.0092595389267425,2.047647177481284,0.28315288947414424,0.2731203077979126,1.3301401025588449,1.301757761492284
937,3.338457554434738,3.2050593343592473,0.5145343592419962,0.3910866788527381,0.7214441792111872,0.719135045835229,0.07600736197108655,0.07682761142303123,0.28926304475100045,0.2863270995009264
938,1.9126856296606212,2.011517028061014,0.13265138985914526,0.14326146123236952,0.15491783488466404,0.13071907105921707,0.2244183215575998,0.23888085155602545,1.0275919071232704,1.012165696321208
939,3.2681276595589512,3.8409432062469557,0.8200053132227633,1.0797312253177656,0.15139630687626782,0.0893405669609186,0.3210892153119817,0.3292625425415397,1.163430864335515,1.1634293375251006
940,3.7061372288680596,3.118737399827862,1.4259932295217232,1.0402378308142461,1.1178630131417004,1.0855402715842597,0.442513111494702,0.41783086684650983,1.3587633148254419,1.3887590890283752
941,2.248320321354246,2.239888504231084,1.246723318210974,1.2083237799349817,0.2435870698466608,0.19190548062176488,0.3499361950694062,0.3619756429787901,1.4998591101486567,1.5
942,3.067291324145483,3.2640677994424254,1.2883043083333723,1.5227859869976057,2.3628000052222826,2.2756734441929116,0.2985563826584916,0.31570451355743423,1.036397143158662,1.0323971469587843
943,2.8535480467255665,2.9154223313468126,1.2081280686728026,1.3170530428625364,1.452475194312016,1.4856681746009572,0.1390314714817386,0.13983805159030438,0.5945907010168455,0.6136294047551769
944,2.7984996416922088,2.806886476981397,1.2671655709557714,1.2568596303999962,0.6995415796526985,0.7012446295997967,0.18312893054070414,0.18427453996504425,0.6172741182300735,0.6359669821298277
945,3.50557459020893,4.0,1.519166069685361,1.9564498389223532,1.7468159908966334,1.8064202064053638,0.08300123697978487,0.09135562721549065,0.25634289559156503,0.2548422378867649
946,2.3530810304977114,2.2740870702346543,1.036599678361488,0.8456578456680908,2.899989843157277,2.7908999899427567,0.1103843744399387,0.11165484313307797,0.47526861965946143,0.4697462360925102
947,3.627965636484962,3.2479553064252467,1.3155379256461854,0.5835575257935622,2.4211129593481315,3.0,0.028375738166722668,0.029424943529056898,0.10115165291180606,0.10224821719569982
948,2.1242291251304217,2.2099592734709836,1.4729289696170453,1.4592358109407586,1.2094545430755752,1.1941583923309964,0.16935534289542375,0.19862215717842305,0.7549883345019867,0.7419554471532901
949,1.67404813338442,2.4254871758534002,0.977616138457582,2.0,2.4826207539662293,2.403748014905621,0.3599526687577969,0.3555146487224351,1.226026681543859,1.1941047812008587
950,2.925790867236432,2.3605051459293214,1.5095612304390325,0.6964818717259624,2.8158113897214725,3.0,0.2400262582434502,0.25456684275835145,0.9628905262264823,0.9678904144240277
951,3.3829216932440502,3.4291512783830838,1.9248500421767933,2.0,2.0763162144568805,2.0419120365214796,0.08867447668876835,0.08473882913197701,0.3581100809754911,0.36114377187773256
952,2.7291469238239623,2.5105292305054148,1.7928404001269194,1.311591131739805,2.7153945447871597,3.0,0.2008731950462515,0.19706856779355886,0.7781700810336791,0.7931700800815068
953,2.5438396429108754,2.2699266650048937,0.7329287075778373,0.4640126598248768,2.3236520460358365,2.1924235767175073,0.13396149973792193,0.13467150151848986,0.45147480240372034,0.45047348565019113
954,3.9439432122825258,4.0,1.2730019967053001,1.2364319898452325,0.24427589108651482,0.20595207125338838,0.33006578505899625,0.3683249632491838,1.443973614077391,1.4372934858626192
955,3.6780967832423674,3.433609873848426,1.7738858354492648,1.4291360343631876,1.6462016005524278,1.730546482600295,0.3346052885490994,0.3230220071152241,1.39070378184543,1.3937035733171133
956,3.0929368597500186,2.4840929830204033,1.55660736128486,0.5156956658613516,2.050410945768545,2.415715795794754,0.16488455977595146,0.1752288761668075,0.7310066728541764,0.7330066162256379
957,2.7148103853826564,2.1554049358197562,1.395834171118656,0.9257354977521972,0.4695062178725724,0.4564293819987012,0.36818377608010194,0.36458751515826593,1.2472193776837517,1.2801442857933178
958,3.3862841169600726,4.0,1.2074769026193553,1.395795927946055,0.31310411214041467,0.33970519285219714,0.049972698164142834,0.05060411109054083,0.17711831522677018,0.17892799296990292
959,2.2645789157684364,2.1767988983457873,0.23259117989597242,0.1,1.62342607198083,1.714943169533753,0.21980017569045188,0.20307430277917604,0.9316339837305806,0.9192006118024838
960,3.2870090585882403,3.505198133658885,0.5970011965090737,0.47541695876733314,1.6588202375192702,1.8641244473669574,0.12025744125164015,0.11833679190753796,0.5507791025994537,0.5483780893507216
961,3.608591832145236,4.0,0.865882937248695,0.9316204370940129,0.5880532571584092,0.6405422713018816,0.3018106056748725,0.28693953055107935,1.0002124510281472,0.9845640239595242
962,2.981181292757289,2.733692899711416,0.5469192055574804,0.3868094295949218,0.7160962535287948,0.7032984579425889,0.04970895198132015,0.0465149637340696,0.17195547955045704,0.16963621944157278
963,2.3836845561775917,2.156250288085108,0.8303304087257701,0.7047228706492571,0.36200682400006146,0.32211467279255646,0.03830023740494292,0.03667367487695092,0.15438490517318565,0.15525200316033239
964,2.1808857576139316,2.0477717909595015,0.5631876860075636,0.5219614102070621,0.5928077882080298,0.6458533784215498,0.3300266419928132,0.3390374862203538,1.1594445459124494,1.1723877453963982
965,3.3051392120542995,4.0,1.2565547433655233,1.6650667791478444,1.5370900121080253,1.5110852839692104,0.06554935052972992,0.06539448915102533,0.2542554921514045,0.24882618808888263
966,1.5210709099510755,1.540208199819124,1.6582302882567796,1.692029301543643,0.6236761864146639,0.8159154402871345,0.4698617009954466,0.4723105170238467,1.4686251832032502,1.4876251629710922
967,3.1142024259732874,3.464215057648758,0.45662428942602495,0.6068869450493963,0.5717325403685144,0.5840295596632591,0.26758571820103005,0.28406547811539506,0.9203483204792374,0.9269758162543882
968,2.514991266920614,2.360062813600384,0.23815374099882722,0.12633508717003758,1.454228390052072,1.4064010338484842,0.017705944369223785,0.016909287937477743,0.07074946424773916,0.07102752794060357
969,3.5170502973805733,3.174038227790823,1.6056603494611252,1.1858473430857588,1.284447524090077,1.3233107561282687,0.2913213205327893,0.30511753767628513,1.0335956475735641,1.0335957894342476
970,2.759676694283682,2.451646579751897,0.5541470911587246,0.3823969376327664,0.6982546074129102,0.6495698313568654,0.27031627964735766,0.268525127948436,1.0134330846579875,1.0139663360567657
971,2.345407258634614,2.2454525586333522,0.9585830993349527,0.8881205556071224,2.8654964227912783,2.828040052056621,0.07648097794327889,0.08442326370756657,0.31841325774232154,0.32103153268710605
972,1.8005201988226627,1.591690574430722,1.8432309233053437,1.4294787544119183,0.9976756980902745,1.201755294133721,0.07881405504926042,0.07711078098559261,0.34168381644180157,0.3526252435450114
973,3.1029167888365867,2.9237332194374877,1.01316381101785,0.8702581535446059,0.3256620236590405,0.32443422157271046,0.16046806602090136,0.1570888525937662,0.5557097547509185,0.5455762443890985
974,2.5332893786459647,2.0191301430196695,1.4285124905790434,0.6663212021398921,2.2455701202820544,2.3484797302463214,0.13865679963654606,0.13670038735413645,0.5788780117261845,0.5820541289375543
975,2.2747405327736687,2.3997059492336184,1.972324119391341,2.0,0.2788715376420374,0.2703018822900163,0.18738221994732618,0.19809175250179806,0.5689411826700309,0.5785408203243493
976,2.2722963220652552,2.150978381661926,1.4841155731457816,1.3203923640376038,0.17859581226151366,0.24335521793708387,0.18959970561066816,0.18285445611630116,0.9442856643155225,0.9512856313007245
977,2.903066792589944,2.673835733334476,0.6513079054935301,0.4571827192066467,1.430024715950784,1.419729244184628,0.23670693128502002,0.24573960515708526,0.9573792251392613,0.9567648029707367
978,3.1098293417549914,2.519412818321222,0.8421203985569577,0.16096947733690403,1.720015641625274,2.111890783611976,0.36286035409466383,0.3532666591359126,1.2721633273075708,1.297229824045556
979,3.567533648250598,4.0,0.9700874262582634,1.2018724556171714,0.38095639692908245,0.36968828055099684,0.36672450937449286,0.34431865338305023,1.3183653322761146,1.3045081241970777
980,3.1173191227216552,3.1046866233443864,1.109897253535789,1.0820055190666085,1.6053569098710576,1.4439178977556655,0.09745539233153712,0.10281949255788804,0.3946059926458729,0.3994538808076768
981,1.8766645737925383,1.9197405187265637,1.494894749916891,1.498504996201145,2.1833160486690923,2.2868476817173744,0.12052024872441369,0.12118590381047574,0.36520253407610437,0.37279090938469367
982,1.947161548325306,2.048993125811298,1.8934860297506484,2.0,0.43022372451682067,0.3239709608646897,0.0733258814348594,0.07136879478074518,0.3038470730279477,0.30819630831811273
983,2.447602312741127,2.190665394288138,0.42761444761245226,0.1,2.5005968447496496,2.5932843015310008,0.17267123185473018,0.17061853148546535,0.7794642164746223,0.782464214905132
984,3.831341701374959,3.9847577713796856,1.7922925997716788,1.8021472833279375,0.4567519900215419,0.37149042935153187,0.2399999710023357,0.24764695103077086,1.1170828512156799,1.1093316184175321
985,3.1741542374491183,3.2065435433591403,0.6360736290485366,0.6311503194034793,0.5670203974407982,0.5475763898760078,0.3404840033603533,0.3428675885418247,1.2707037197925104,1.2672127138296159
986,3.4269443511485402,3.726439237135077,0.22198787162204328,0.2360850347127663,0.7259390939172484,0.837822239305332,0.35467384807806507,0.364042006947932,1.4977123561710817,1.5
987,2.390599014324623,2.281123824835624,0.5817381101838934,0.3116119416450998,1.4506935771351595,1.5817910338297587,0.32964921267141917,0.33391972923342356,1.0920967577432212,1.0784737454336109
988,2.399172155319441,2.2291714418419413,1.4570735436983528,1.326218730991811,0.8291943082554646,0.7726666490152361,0.052375449430606104,0.05296497632164066,0.1627377386982776,0.16287762331740688
989,1.8701988941438272,1.7237796141125468,0.43647647563954617,0.1760568630531979,2.9189890709994035,2.947212857187173,0.2691917372605101,0.2510569570336302,1.308189906151213,1.3179703689412363
990,3.0445443464928825,2.9463894936247033,0.4267674077322533,0.376116239768769,0.5150068675283382,0.5047657852898876,0.14690903015766568,0.15486954953416518,0.5925588587183506,0.5989165918279276
991,3.0445046593918983,3.722298106544775,1.4823916274874627,2.0,0.7319024306295926,0.8430292027854287,0.18283044543642146,0.17349994508978095,0.6368485774115956,0.6391993431887006
992,1.987179604961495,2.0606710000419346,1.140590852995975,1.9290928941954082,2.6851116754309032,2.345493604936144,0.11805080012013858,0.10802082433289567,0.39217204965934266,0.3996014208516786
993,2.271166813373768,2.3819176128103967,0.7087803830540558,0.7181147979221717,0.7814087573603777,0.8150049247724046,0.11766162711284756,0.1091781809596388,0.42004753789565275,0.42093143861685306
994,2.637690644987373,2.508773395306538,0.7992221581573705,0.7400322168520727,2.4263042994285238,2.342383810818507,0.11733421906642325,0.11842191085491444,0.505284369325771,0.5090162189916128
995,1.8698484686606587,2.162354984022274,1.1268732433694566,1.6128212605157328,1.6863358439243235,1.5265364944831281,0.02539533584959168,0.02434310370144169,0.1022704007448551,0.1035854154874767
996,3.856677716749285,3.493785332325274,0.36743273088037265,0.1,2.5674060281044095,2.972726889761083,0.09892981429143757,0.09849941648551064,0.48297545406040776,0.4970301051850928
997,3.818381474470507,3.5042951470689383,1.1419837790039482,0.878185651164566,2.4826659872041414,2.55228403201643,0.14932647715723765,0.14740718873555636,0.6930761960558147,0.6826323921109727
998,2.5866905111998526,2.8766896621264677,1.1705006901386334,1.3704864876614404,0.9682578548022472,0.9179805554559064,0.2526724054706897,0.2567146852127314,0.8949037836777569,0.8760182922190163
999,2.4533275118070397,2.509394305755575,0.43182168047564584,0.3731252064729239,0.7290457355202596,0.7583258044498153,0.22053379164024353,0.22204898809100834,1.0006544467184255,0.9828671739732245
