,a_true,a_estimate,lambda_true,lambda_estimate,delta_true,delta_estimate,sigma_true,sigma_estimate,ndt_true,ndt_estimate
0,3.466282956782419,3.5795406858337104,1.6534037743874,1.6998442507712757,0.0071636834795476,0.0,0.2304488890340549,0.232117618739334,0.7541184948539207,0.7463467197674196
1,1.5025062825843063,1.5500966467022237,1.1398724884302194,1.1766982925513618,0.55196591129209,0.5287195172488037,0.2077732251321203,0.2061232272458815,0.7194039434144243,0.7184038761483065
2,2.149679411197395,2.050521901913357,0.8910621076682474,0.3309612095271184,2.246584016935125,2.6794065508466556,0.1421355334821596,0.1372937850229232,0.4332210156448183,0.4277570252871275
3,2.792176676088129,2.763386817731031,0.6877709119529662,0.6278522826766887,0.4427190602929844,0.4662837617598127,0.0590342181437587,0.0595749122881409,0.2859984305558333,0.2863704090234341
4,1.8035572784663196,1.9417665991191793,1.31715494617892,1.5617323339461926,2.409761378004469,2.42341676948567,0.032812426352354,0.0320867564130003,0.1438684321405902,0.1436557288289459
5,1.9691888290236117,1.9255290611950489,0.6501593894100709,0.5599199533321462,2.593658653567042,2.666620786778215,0.2239639586009327,0.2136311151460585,0.7156105624492047,0.7202770391455939
6,3.087665775849861,3.461787771617469,1.6686820808963378,1.9999647066486663,1.3849407123883772,1.3328174994653113,0.0480021686348838,0.0487023840720775,0.17789266423925,0.1799267112558109
7,1.73697357995937,1.8040634947213656,1.7338907447477194,1.7691134162816615,1.4006413565288045,1.4115032738492663,0.4498919347527224,0.4295765110946034,1.4204991693251496,1.4204943216676666
8,3.2486052328059296,3.1676796539013052,0.7677696124571096,0.7111270031731913,0.269713859009835,0.2842621379613793,0.1495450640030413,0.1456762903456628,0.6397005171547909,0.6414348452446191
9,3.438915968648163,3.59539625942339,0.3603602354046574,0.3883777566901148,0.108476620461335,0.0859623066542323,0.1000885414281864,0.0993574651801704,0.4222256783735241,0.4232372879819266
10,1.92628618727558,1.945174208617411,0.1673684741932439,0.223377807281844,1.6383437991379333,1.5680806690535525,0.2871371177316542,0.2906108905489305,1.025517472731269,1.018946805642415
11,1.7438632432379282,1.8026499462616217,0.7702306210598123,0.724460879081426,1.3675565604651836,1.4734635136884635,0.294178571172628,0.3119351690842216,1.4212228893470018,1.4302223284472162
12,2.8387506040545993,2.481260001158154,0.7740104445034095,0.2598814973000314,2.662107669413655,3.0,0.2283409828554088,0.2213040332512815,0.9645218681569624,0.9697721013547104
13,3.4332119892318005,3.157322069153021,1.1935627106032,1.025209307462191,0.6770653505790676,0.6310390294032961,0.0146933906926077,0.0147978934153809,0.0513618281521822,0.0517414924785979
14,3.982202676985559,3.8348961507756254,1.9705165934366191,1.8940046871198248,0.0420729877137975,0.0460277440814715,0.214211718672667,0.2152136269095596,0.9851074710841968,0.9941173317895782
15,2.389785420095283,2.416830622056734,1.616255700163979,1.7089221615234769,0.1868761741804234,0.2102933230756902,0.1227610566482624,0.123956767147317,0.5106601456889643,0.5113855938298061
16,3.745000112403936,3.535880782620465,0.8526814553786778,0.6691401580196913,2.30055840991772,2.434163724021414,0.0882834668336945,0.0887010356869671,0.3189959920330429,0.3197383927317379
17,2.366559167213114,2.372290114176283,0.2051032903573348,0.2109412468302321,0.6105079551119392,0.6081105995582229,0.4203285534051781,0.4210935588921756,1.339282797234342,1.3592847780298467
18,3.5105398641750476,3.7847845060117855,1.533968993401173,2.0,2.3030160525486787,2.1298226572135612,0.202579583775115,0.2037603329995277,0.6674158038177079,0.6657437773273217
19,1.6476833223520948,1.725529749860751,0.7597587122802908,0.7582928190662822,0.7691558506754054,0.7712460388092199,0.0765693212913344,0.0765275620414652,0.2392866116692689,0.2396203846337618
20,3.9865002192073233,4.0,1.9610934169172836,1.9217158243883417,1.136361269902547,1.130624108129385,0.0884916730837677,0.0895386886326836,0.3341117217979649,0.3311207892974326
21,3.967069179221504,4.0,0.9097760865983024,1.0387400267314455,1.764991920870585,1.6622918517881895,0.2252599480416119,0.2254317765936679,0.705507076331584,0.7139309577925536
22,2.0155706587154567,1.9161970235644463,1.61240375440462,1.2579099095641009,2.618231086689876,2.67690196825786,0.2413710560451862,0.2407985651538914,1.0997408190141498,1.0997408119213734
23,2.9300827054933984,3.0780831623666653,0.7318469809812491,0.8663867355178378,1.4282071807643877,1.3712291523244289,0.056735044033127,0.0572938155861917,0.2312707711091822,0.2305678451895295
24,3.387755337427296,3.0416001680070304,1.0983433170230328,0.8812270302065359,0.9142080198522516,0.941760578624248,0.3180133154369379,0.3204780405965461,1.3148304676479137,1.3285989609624584
25,3.162042480955506,3.2307712807146096,0.4368039291611846,0.4235573803131371,2.0146750656500387,2.0822749403529777,0.1166694774319758,0.1163115756977183,0.5472571738310279,0.5469685139944691
26,1.754866926899498,1.7768652986318405,1.677592448930629,1.6177582133885478,2.597954664088868,2.638345388346411,0.3022498127620645,0.299329733868714,1.356995860965624,1.356974221827704
27,2.177507607722717,2.131644351311573,1.28084785964213,1.238755656775238,0.1987672772003538,0.194655198187792,0.2694036058215261,0.2669288499747194,0.9884255873139892,0.9855275315159756
28,1.7692823825107924,1.8767164680490185,1.9372333897233596,1.91887308670462,2.313792951883927,2.326840053131761,0.1453783004173501,0.143439948021959,0.4663656976960018,0.4608789752098615
29,2.108935760578105,2.0502528629067576,1.4440587613842029,1.3399879742292191,2.0387387930350083,2.0582156980512223,0.0758069249174852,0.0762577732159395,0.3226094347719426,0.3273479187907392
30,3.015255868535488,2.905926985550444,1.800370982812529,1.61691162358082,0.8271783302578698,0.8343794344423114,0.0407304659207005,0.0406280537101716,0.1368660461779523,0.1360716290536521
31,3.0512457004643423,2.8356296556094787,1.0023948993523295,0.6787169773355547,2.151566030070656,2.356370146751879,0.2251567059326508,0.2196741409620888,0.88552387133822,0.8973702216446493
32,3.585351494628876,3.6280386403563982,1.966025175883451,1.8286332312682896,1.907440362802534,1.9404316948982057,0.2168913042471306,0.2122871837372714,0.9996361395331892,0.9857548607350324
33,1.7470556923185323,1.848942110405688,1.9970187902003216,1.9750167647655752,2.9350363094019234,2.9241083447664407,0.0816470818461619,0.0785135466456328,0.2710281669303995,0.2650644786530091
34,3.319134966838349,3.3530728482402523,1.6643022952002149,1.7074852943356476,2.3121775924581405,2.2628285658502274,0.0483595643843353,0.0477485066696948,0.2239697462971128,0.2262165928136657
35,2.772877961754242,2.9183648649723364,1.7429287141862662,1.8189984886099584,0.1052150629957248,0.0989676651646054,0.072233046099177,0.0696155706365364,0.3358754995063667,0.3345579648856623
36,1.951791351821182,2.0362708091287796,0.2336336710403228,0.3898388285200032,2.163721233991235,1.9903746489863332,0.2612441102698223,0.2619490606355422,1.2407695770534417,1.2398575971661163
37,1.5247251202250511,1.5130793053706373,0.1165052383082508,0.1137196298164763,0.1367003305285025,0.120398557640527,0.1756715433240652,0.1749671331105724,0.640710835084433,0.6490384034868448
38,2.694293865117092,2.8447551718677486,0.2943680739418565,0.332957110394996,0.9407394526243876,0.948556488032322,0.1870278839030238,0.1908902140931269,0.8293934628464911,0.8311877558177986
39,3.3602639047680287,3.5323195523372304,1.904176061746727,2.0,2.444617615319001,2.5592641204877262,0.1921707776387954,0.1931890601380139,0.9475553094911094,0.9451694860755796
40,2.6785543981515167,2.712476738300559,0.2387545856924116,0.2442487267152444,0.5875826220703969,0.5645650927871281,0.0173256759941404,0.0174826366820918,0.0694190217905551,0.0698056886829618
41,3.791059674645528,3.639351755751003,0.3458935667031886,0.279309349740001,1.810086369135059,1.850835675884533,0.1456988601103886,0.1458721698012073,0.5613269967615349,0.559459068714167
42,2.003692471691499,2.026585416936881,0.7729614331416436,0.8580435134936331,1.365574807602093,1.2965634552158671,0.0142766325382238,0.015089277802878,0.0554430781098975,0.0558682581468836
43,3.510509315447564,3.5168089756093464,1.18679241928073,1.2870147355922177,2.237755634280613,2.1289648171057025,0.2304825219357465,0.2213498536609296,0.9973282626195356,0.9963282646837202
44,2.2318619830093263,2.184899110611321,1.4693789568590008,1.4086308678857191,0.8754778324047651,0.8846599457620312,0.1698259680308793,0.1711715617460127,0.5229601556481994,0.5262259965126924
45,3.2125030865136823,2.899826957437586,0.5933943573491431,0.2514446479992845,1.9322842243220295,2.235564304471038,0.237613560253196,0.2420196497179858,0.8958776176640795,0.89728150293063
46,2.621207628195023,2.509739213420582,0.3577560416982983,0.309897915899869,1.2875465227535972,1.2777609508283454,0.0277848425617148,0.0280248361619968,0.0906881629872444,0.0910199439740324
47,3.791522462024696,3.549496839304018,1.7720882328191916,1.3472388805138509,2.3814971837068493,2.496161140213806,0.02089708553727,0.0202336007387264,0.0888602541373552,0.0889116727407916
48,1.8417075411824704,1.863466801984041,0.971437587561248,1.011204510732882,0.9051607291057052,0.8515314609387454,0.042189865689519,0.0426839050452277,0.1958923556402244,0.1967551535749141
49,2.9427638146760655,3.4819193953111363,0.6870695941813179,1.0426311196908462,1.841327236465665,1.7653838629113088,0.2619425574603244,0.2571189530284065,0.7914308398802905,0.779109291317696
50,2.74967566133178,2.642052042366316,0.5548817566459116,0.4489561458542705,2.05190969343303,2.1352107470717803,0.3605212040608129,0.3596915212477233,1.3448983278088813,1.364767539371301
51,3.006981023486569,2.9972983751821105,0.233815266548853,0.2449862008838731,1.957314327567452,1.9290575487556312,0.1507204640659706,0.1462708295670024,0.6792149228818575,0.6781981714888036
52,1.7725222290187903,1.6209549986651604,1.3672914046017248,1.0869506804497604,0.3843271389621988,0.3883985835197859,0.1287381059876837,0.1270652836466582,0.5941485409634052,0.5975957629794477
53,2.1059443225346905,2.071706962272343,0.7284969506968348,0.710765112017431,1.2916583428342807,1.2677285307674515,0.1504859781381718,0.1448394502375356,0.5126818020057395,0.5132350825243116
54,3.731553507342915,3.792295995053035,0.2261482104247211,0.235407721346673,0.953344853829351,0.9718872441942562,0.2705929480941437,0.2717071804733594,0.9649775344250464,0.9761177164139132
55,2.657848235881178,2.870313054377174,1.7818315737848234,1.8499457661933985,0.4844307045791695,0.4791849325595042,0.4766455013651012,0.4938984384665577,1.4632508276862934,1.4429075627165409
56,3.716205661687092,3.845971657729771,0.6872088605782497,0.7451692780210957,1.855214291758359,1.849012012051831,0.2552039692516482,0.2593643675177648,0.7870456728455459,0.7791106058214813
57,2.380819672952391,2.5191036257870296,1.9819984318198405,2.0,1.5423896684509857,1.5045991081497725,0.3211994813929231,0.3264490066633673,0.9741804942685784,0.961547051709676
58,2.4328011574164994,2.6008397616404597,1.073548938932796,1.1285858510464446,1.893144775017829,1.9547208765924,0.0167842394589693,0.0169614949949241,0.0566869233838192,0.0571352438323363
59,3.654963718870012,3.624528081503189,0.4319228809949763,0.43289454275023,2.4753045051677183,2.358924438710827,0.0925602995724754,0.0968470850505219,0.4465009935091591,0.4462972217279439
60,2.2826012971660967,2.122442169402684,1.4737955827544822,1.3611408121775497,1.39986639550169,1.3939972677540802,0.3187382681925132,0.3254338514529563,1.3852796570598838,1.4008329591784707
61,2.249398045692973,2.278405833620974,0.3549748484410571,0.4315989401086516,1.6057166458236192,1.5989307933475336,0.034633777940678,0.0342050988800878,0.1496871723060758,0.1511511437904556
62,1.9595100810232204,2.071122854555981,1.7460753169101662,1.8080962033822872,0.669714510852685,0.619684665649693,0.3647356765123808,0.3710443772446486,1.324677475222239,1.330677131844492
63,3.571715834377226,3.6259097864373713,1.2793570750151777,1.1893978023936542,1.579313558104177,1.6159951108223565,0.3081762751147971,0.3208902379376444,1.1204696837800645,1.1044696778541427
64,3.106013620117951,2.8590420409183213,1.9744623170109212,1.6906073401931712,1.4414404160790384,1.4609463049744589,0.3140106480268499,0.3233061480377127,0.9942680482873222,0.9947170961378696
65,3.4103244960376315,3.555443883320926,0.9282411494253324,0.9170927415463794,2.837092295585428,2.9999999250280935,0.0449779451301578,0.0448098755803686,0.1518125067536582,0.1527503022984082
66,2.260590297815472,2.33863871483983,1.892032214367496,1.890077509769899,0.3796688227018669,0.3725174504174831,0.0997506104477285,0.1004059707745086,0.3301911001526557,0.3252420109149258
67,3.226841537492525,3.1291243366554418,0.6334369005542125,0.3841531548246317,2.5661173516573683,2.7508894490844824,0.2369776508131532,0.2403278691191079,0.8435389377005351,0.8335389377658338
68,2.5210234333563486,2.5571709701299357,0.123942666105372,0.1622548783098901,2.607057590165346,2.6018331887345685,0.0749645154961803,0.0743878365376654,0.2821704566102421,0.2833410972546584
69,3.4733277848611928,3.4718256648745567,1.8764203370204104,1.8881896021170257,2.5364790023497954,2.460983727092888,0.1601494695781634,0.1571415859969719,0.705268154621406,0.6986208227465434
70,3.805955953483333,3.863077774177863,1.5954327451276518,1.5454029159098084,2.010834076160825,2.108695262229501,0.1177160927009567,0.1222132396942362,0.4654553185704284,0.4629004686308877
71,2.733587922220542,2.7618431988305927,0.7565589373618269,0.903133830462064,1.89946340678599,1.8597375282193953,0.4120923872917152,0.4079507784300188,1.4800971956329665,1.5
72,2.1155475719854095,1.9702451809045076,1.5310239750164654,1.302143327927901,0.1735841043422997,0.1590816636714141,0.4659822370882304,0.4730507081593259,1.4775723436019117,1.499572335686613
73,2.539525004081999,3.085311255061291,0.3569081928716768,0.8370756614608241,2.0789039544105585,1.9375896796875212,0.141717756003735,0.1401218372416707,0.4948092615526648,0.4985908548439658
74,3.984067851464011,3.8664017190352657,1.2897318087793226,1.150296870270197,0.8644183735325551,0.8737224437046438,0.1377332902207235,0.1354529090347887,0.6466345669266579,0.6463419360544825
75,1.747002585138985,1.7141102638966828,0.4857591438728903,0.4431275753396699,0.3541057092154823,0.3639163028885776,0.377346168460988,0.3872098905056474,1.1416580051559777,1.1432322380269644
76,2.9125722857132192,3.095411326576173,1.5359327250427492,1.6779092476468964,2.9184625477166826,2.975667130839338,0.1321440853672454,0.1293136454732047,0.6558886347184196,0.653662417995063
77,3.925779877681885,3.730322140595535,1.8987806290147264,1.7230361818610604,0.8986417501547,0.8513553964207763,0.2291704799408634,0.2264873000137834,1.0455386410220175,1.0392282448098515
78,1.5456758992575266,1.5019301866759691,1.0540523409145646,0.9373719720358796,0.8046309479427695,0.8253581897906406,0.217286386549703,0.2153532168309692,0.7559917455920163,0.7630991972561326
79,3.0472833742244374,3.1679447771774165,0.3695130956405356,0.3917116196010964,0.0844948848927635,0.1122979039689208,0.177789516538328,0.1769022965304089,0.5560559189479776,0.5570456238776734
80,2.907347630108852,2.705170997119044,1.8667706385268488,1.6832448843927814,1.7400731553491462,1.7337685126992812,0.4317340617693058,0.4422730677144372,1.410073341516567,1.4180732026318483
81,2.550562816593379,2.4358219312529195,1.525755517626975,1.3667350511458731,0.5992261165870842,0.5754782743136744,0.1488731990370175,0.1520493805417972,0.6212406335546765,0.6182498446045248
82,1.7047731735994,1.7038474308359122,0.1452070546374753,0.1,2.775586877075926,2.8261153249345794,0.2552585157268147,0.2573580724311768,1.2423748965010517,1.2446165872252324
83,3.221258654618711,3.3688811323908103,0.2141414302011955,0.3210036276334645,2.2766586566752287,2.1192965506446013,0.2783721586491593,0.2877160938282938,1.1470152103098294,1.1399354834329374
84,2.270984810818176,2.1498184520055816,0.9653171716381114,0.7836265897815149,2.3308924164704936,2.387551621921125,0.338745192390711,0.3385877860586755,1.2240840508043194,1.232892304796216
85,2.329200776927307,2.5964662806632473,1.0920954774313327,1.2138156698227365,0.1986747737468667,0.1912862723190279,0.3471372784633431,0.362604758668399,1.134886194905543,1.1209027677204493
86,3.5899247968277987,3.667561387951246,0.2912634305026379,0.3242985170777662,1.1063949928813337,1.0571192647260108,0.3688996461463457,0.3848436808336694,1.4458192139195003,1.4456699015242616
87,3.6381735702387674,3.812715074698827,1.1358021060447543,1.2304675103729292,0.821145265036336,0.8053709106521073,0.2131114092614862,0.2106330133728002,0.7073244870120916,0.7023255427594526
88,2.1047245766117975,2.2788745848508705,0.4131360640080587,0.5572655021090833,2.2274072376225837,2.2022570311478256,0.061367491374341,0.06069426613446,0.2123129271129049,0.2119869705927017
89,3.337197355494224,3.3447684811472636,1.0234201837565025,0.9367821343794044,1.1256157875521038,1.1713040718229442,0.276110455844243,0.2805678375641736,1.0050425886144403,0.9946107127373722
90,1.7930748965621448,1.7852912707112705,1.5958347435963605,1.6459430476241397,2.093866970963767,1.9601794439097504,0.0562055671154848,0.0559819368734795,0.2079169399550019,0.2083918456961676
91,2.390280543520206,2.414933160818133,0.1929316586754102,0.1872957649727025,0.2291777454229762,0.2482519369020106,0.2193461384293146,0.2150021142464884,0.7520369368508764,0.7590659649413223
92,2.5084685195602967,2.4477262914023736,0.9106424519226676,0.8411395167533906,0.5603313381066956,0.5574484177782081,0.1829503722755275,0.1795058529529513,0.68421704981193,0.6844294823601224
93,3.8301000220799697,3.9261228265551105,1.2687200212254464,1.311041842466638,0.3408859525295565,0.3730178150355158,0.1751158688842768,0.1762655562992868,0.547368269636808,0.5538889725366356
94,2.9919514759119417,2.688542763278853,1.681427844759081,1.11382785904808,2.594485237306616,2.7633230877217603,0.0826580308722509,0.0832793667377879,0.2745902759851646,0.2747499810066663
95,2.269500727253659,1.9992851049860216,1.4204354808031183,1.086432032197728,1.67746211542878,1.6681960975912538,0.1575316931151004,0.1574877002359302,0.4970749409488916,0.5033427222199511
96,2.5116244052746364,2.3986296947739127,0.8254304737701131,0.7322976204207456,0.4743241427638538,0.5108825445428593,0.2357533289880107,0.2388925048553125,0.94303553516057,0.9370355007844998
97,3.142738505910232,3.15597917588253,1.501150703720997,1.423694465860723,1.776456422366564,1.7926166292902377,0.1073094073821225,0.1056775472303428,0.402564159966515,0.4005663464715513
98,1.9130390814866056,1.8950952763394469,0.4382822703467454,0.3700999165583804,0.844933434198476,0.885851747538653,0.3585346260088761,0.3656665601042558,1.1098552545553235,1.1106287491434277
99,3.1866276829977025,3.132575288973933,1.900502984056996,1.884389778639617,1.346989395707202,1.3136549519463796,0.3006588715197765,0.296162691904039,1.3823451915216969,1.3892579473372373
100,3.9127935724228444,3.656373173393938,0.5621581740172201,0.4804838588877679,0.26594312016994537,0.28912477249807766,0.2623639179192092,0.2636298214135263,1.2424611408668416,1.2496445871718842
101,3.5274861704942837,3.4179061916516473,0.732782453793314,0.6897819657511932,0.8736182514901276,0.840135530160846,0.2498790972508111,0.24427880205053615,0.8759070021646931,0.8789577225805036
102,2.6230631511522384,2.691011745171798,1.0073317376227966,1.068057669382358,0.8462021441954796,0.8039478357347285,0.34198978471817826,0.34257851699461167,1.0731780474108572,1.0630224847612841
103,2.4277976724141173,2.6318892727660477,0.6238205868547763,0.895915923000523,1.9115249910022873,1.80266453219201,0.02513709025208688,0.025341055560100124,0.09082139397252353,0.09176484378094865
104,2.5938097776346245,2.8201642660567994,1.5021768779307771,1.811185815638385,2.237804616768215,2.1708191919135924,0.13020394620708947,0.1306374221504296,0.42016259191856914,0.42227949781355256
105,1.9159484838894811,1.9473718386028518,0.7610906087437171,0.7246648651731492,0.17260023256560675,0.1733920086772569,0.1425064020154697,0.14287176441089808,0.5640037995920238,0.5597670157870127
106,1.6361144686109286,1.5847717472986753,1.4135795067711212,1.3392626675263828,1.0243677860609743,0.9898022124276282,0.33382750479768325,0.3232262897934099,1.4533864677521409,1.4655272446134264
107,1.9701001421297142,1.9219962274507443,1.5738121556483078,1.483265659389828,1.9233821546547052,1.93066078220119,0.048915463693447486,0.046429331607951575,0.1600695607348282,0.16325940185113694
108,3.614220415177264,3.5737196564791196,1.8846659271818345,1.7461924462556644,0.7993528724798455,0.7985578453682394,0.07862552222467378,0.07865706018796226,0.2673223480964825,0.26474787400396527
109,2.637760077764584,2.5054360373234137,1.3432006972681658,1.2674607711559667,0.8294502081321244,0.8134364466138224,0.12682165479140484,0.1284265216111804,0.5274141984249183,0.5318613180361493
110,2.2584619910788666,2.3339248751625625,0.9126071582555618,0.949878696383798,0.006249286350263339,0.0,0.08500929537669429,0.08377487586264985,0.3419809630868199,0.33900815564150716
111,2.2109015715842766,2.407639596591385,1.483195597496657,1.60052289851763,2.5829645273385133,2.626097228767869,0.385636503518584,0.3979668592922384,1.385443282744528,1.3754432829691006
112,3.889771644198675,4.0,1.8479720123820997,1.8732171363595194,2.866932192893352,2.9242622865761203,0.040036929670981075,0.03873073782404697,0.12102418299856575,0.1198661293038641
113,1.5893719648754425,1.5,1.3905927410882504,1.1575977176945846,0.4190740207558935,0.5059818083372019,0.14169455772781192,0.1431536852032739,0.660579122931272,0.6667926460024282
114,1.9455071650852405,2.2131565953326584,1.5698082360895225,1.9998507075201941,2.9658887058325476,2.8643147931736266,0.33460926612121616,0.3359445401000778,1.110913524613238,1.0939136091363242
115,2.8615623274330306,2.9623019348963804,1.1019959466433822,1.2797695894588168,1.9076429975420066,1.7755469836010542,0.35684752201466663,0.3610715174594918,1.2422770728038621,1.2355147207677615
116,1.7256024598058939,1.7150168321630654,1.093898991635532,0.8953427518798213,2.0591999422422864,2.14644841606474,0.23459822919142018,0.22915899304786297,0.9113139800079039,0.9103139711135896
117,3.449925923779782,3.542722067900799,0.1139276129174937,0.10000161445935295,1.4813274283433442,1.5609630191603894,0.22937944929109855,0.23154665261336047,0.8071111632547315,0.8008137943317962
118,2.9959771720065236,2.999038598692328,1.56466080169493,1.5314471733588886,0.10198625990945875,0.0907073883091819,0.3088508427798556,0.30626853933681486,1.227066290847678,1.2456404364477522
119,3.056279122825674,3.0951067914911787,1.4351561549063316,1.3585796108687689,0.2119483385735066,0.22676181305555312,0.012424698792779446,0.012350724605987629,0.05966351922183012,0.059841268013269985
120,2.0773281415139784,2.2219578972591196,1.2897795342630631,1.2823449372136007,2.90636217297118,2.905947031653745,0.4017501214615014,0.4012391078065192,1.2291231451002513,1.217123173940784
121,2.395013655490687,2.5127386045189386,1.7691665977848687,1.943527285967659,1.3263868059412944,1.2848957542880153,0.2855221704140259,0.29128778335973804,1.0412071916215175,1.0296715660152742
122,3.748092711905045,4.0,1.3611346323723534,1.575242765429845,1.909683380482935,1.8515518310420247,0.056147851443100555,0.05420616328733072,0.2281476826107976,0.22798550308082435
123,3.9762667535191945,4.0,1.365799668979709,1.38503026076846,2.401889049364437,2.3399052724490974,0.24666061344391332,0.25277637887531906,0.7418412171725548,0.7368086300540514
124,3.9597426643947524,4.0,1.321800578902075,1.349826666339541,1.375165201710907,1.3252498731669804,0.03588772633643683,0.03680338300001638,0.12192026914506851,0.12516242330174865
125,2.923250148124403,3.0387325929599154,1.146489450724833,1.165523883858783,1.415162317024221,1.4304523050827451,0.1923609082734802,0.19196685711297823,0.734515729705273,0.7377739308279769
126,2.28936734143619,2.3251672652003257,1.4297769874659467,1.3882138334557033,0.022967440318433896,0.02624837061375126,0.24951861755474897,0.25701008309650647,1.151454805221446,1.1514497407108881
127,3.002700287696847,2.752196242247288,1.9387333663559991,1.6433699523541816,0.5176910652906003,0.5103689168204576,0.21103330420693164,0.2095861003210132,0.645493426521765,0.6586450113696513
128,2.0115393610125545,1.9531354229158027,0.24322141818341622,0.1853252207939383,1.1946756782023402,1.215282341671622,0.2888139076177311,0.2987549424257634,1.0429114758940248,1.0572526959317978
129,2.7439376012885806,2.90597846046948,1.869939303275699,2.0,0.6400542628087994,0.694613278034049,0.2649512319782707,0.26001368272714537,1.260283887404655,1.254305301734446
130,2.7653533264688637,3.1266154106261546,1.5464314723418988,1.8283448155452309,1.2729485949883785,1.300368718264245,0.3175641605696763,0.319864675319264,1.4281133427271588,1.4203561051693172
131,3.263010506173838,3.205439221429039,1.1769988742959938,1.0749511301445338,2.00881181890458,2.059404872616584,0.20926527867060796,0.20483959417845685,0.9140531623969707,0.9109935694
132,3.2222826162655727,3.1409834384787705,1.5509338205673395,1.4461079230083735,2.5971422506170017,2.5209798770914227,0.3386859103662774,0.3230387511826468,1.3019064859841427,1.299871441782064
133,2.1917183437731245,2.15972443051797,1.4620038953572245,1.3150218816181694,2.7447627043110603,2.830107180722515,0.30993494747762895,0.3129379136374071,1.0649222486503005,1.0737068634208302
134,1.8767867054891831,1.8815667910974514,1.1158776415961846,1.1273356313161425,1.1829003147932906,1.1231367251589974,0.163914417295149,0.16217075597754158,0.6600495037240375,0.6593515619248056
135,1.6961899002756164,1.7993539177573825,0.3527207285294137,0.1,2.398342418460757,2.8678181946156482,0.46575989370813786,0.47603905390505186,1.4212769138158199,1.418347859878474
136,3.747929024000182,3.4850359459392233,1.9413389988393188,1.6041439235300388,1.5728517373918245,1.6274270067543768,0.28490446121051066,0.29243588963281186,1.0584074111308486,1.0667481826869671
137,3.9431955048695446,3.797506872623995,0.12101160926904014,0.1,2.497328795927824,2.4539063547887254,0.18494099164139846,0.1761461263299366,0.7613965787984621,0.7655721936468076
138,3.730743306602918,3.6378715445861407,1.4663956261356177,1.1954282309423325,1.8436031572689395,1.9645384593193334,0.30261329561074274,0.29825925295926664,1.0725854140779207,1.0617263314002219
139,3.3420437106520473,3.8325176945673944,0.30325270268679627,0.7346406541384539,2.1718818257565564,1.7786487139502938,0.049309343420228725,0.048957164792902144,0.20930793338122095,0.2108402375900279
140,3.984417563374921,3.962534626634283,0.16254373048310294,0.16206903023423147,0.153313681548375,0.15549989684112517,0.09541856392129255,0.09712821886108307,0.38628793167969905,0.382474840407175
141,2.6450239089542174,2.616120542252411,1.019052092409442,0.9551889537140829,1.6184803423410736,1.6176711134128112,0.1019091534085983,0.10613418718890927,0.3895077339698985,0.38948049778556415
142,1.5517855725082077,1.5665436337813596,1.1685528547133957,1.1831023485649368,0.8689539385900044,0.8774650372550805,0.11608443366105381,0.11555136673170405,0.3789148744079133,0.3788777621741677
143,1.5586771497798937,1.5,0.5021986753008959,0.41098806046024605,0.379394083056502,0.3639130156269644,0.2632364852859923,0.2609291454707686,1.250052273082275,1.259729376131393
144,3.0950054887753007,3.08811159244679,0.11289329017305864,0.1,1.1221075390047062,1.1080140477374785,0.12897863835078593,0.12777774666364244,0.5454845488060984,0.5410044310525377
145,3.6395104701976795,3.288393502647849,1.6756626707816176,1.4120071783186179,0.7677095165845098,0.7575516380934102,0.31027216328400475,0.3072910402422821,1.109922642052529,1.1133015828748858
146,1.7341973979495473,1.6981744905750187,0.265047007162919,0.1,2.487858026949069,2.634263001657934,0.2793839885259036,0.2830120153868793,1.3179590281287796,1.3266496771633545
147,2.372846635992134,2.483934099106669,1.9866602066718095,1.9999866039742233,0.36610810347097056,0.3453283386981393,0.24674202952550217,0.24255873867104116,1.1431650113739342,1.1366247208114828
148,3.009509179861843,3.1289313337748346,1.2778286621504837,1.3636525869972436,1.2858002682986607,1.2479715698307332,0.29185971967775615,0.28276655813296175,1.0478961478544666,1.0453255394563448
149,2.1181099885746155,2.0320740722391832,1.1368404447370566,0.8903724982453503,1.844946855374401,1.923922832242488,0.23594821614384567,0.22096231874141675,1.089013246676103,1.095013831077736
150,3.6893802740176262,3.9121953183322273,1.8126543972776927,2.0,2.155759342806236,2.11690415548981,0.04270632408526513,0.04334868767091709,0.1294014791695312,0.1290799911095389
151,2.3654991574645807,2.3238139261337745,0.1501210435581148,0.1372923824767673,0.2924562743993129,0.24019175705722307,0.3737652971315989,0.36302807255627817,1.3595827187592815,1.3576345280817963
152,1.6984368438388366,1.7794630681777643,1.8041098738731403,1.9369681717590437,1.8335671948487273,1.8683149846123013,0.15642206747972018,0.15506626724212397,0.5899459857819065,0.5909459799474693
153,2.7786500225163273,2.9046123997535593,1.1961102777385264,1.2274927620382252,0.988540907648152,0.9927989796395833,0.40049074131555346,0.39991312551307656,1.411740738495111,1.4007404979810603
154,3.7052625862308384,3.8548242706067835,0.34322929977988303,0.37336576228807855,1.7992105558572806,1.7946265598081,0.2728814986281783,0.27764273888179497,1.0889521937474689,1.0747258754694067
155,1.52145576576144,1.6913989543622039,0.7899480813559999,0.9792417121861539,1.3382829719635518,1.3162289395185875,0.2699281866070066,0.26343960456772575,1.3343781337928537,1.3233780830858044
156,3.0098711470284885,3.012149419332027,0.8067585402415969,0.8454369651112799,1.2425332426793432,1.2186746610539416,0.32270720942538317,0.3144059374404006,1.2476904120890357,1.2573773922885776
157,3.2950013409039904,3.007028447595271,0.8621531870349028,0.35976268747707707,2.224064682418284,2.6174404639994866,0.18985616181966966,0.1881438728085013,0.6870277688449975,0.6940316828835775
158,2.5980005074061525,2.7327622113930654,0.5941313370297631,0.6449253214704598,0.31432288351769877,0.30525532179708603,0.16520835160777167,0.15670120527383835,0.7469659664276573,0.7591993757917103
159,2.282475873879593,2.2762469115346513,1.7745284074575332,2.0,2.8536143211491938,2.9855711142146184,0.3166936299984847,0.32156694051686685,1.0853855303483255,1.1030125418685819
160,3.091870812321746,2.985956616092577,0.7922273249466226,0.7686031097721212,2.373689825527591,2.468649841142808,0.3374112763456265,0.3394439671802906,1.2015455334638272,1.2185455496927946
161,2.519634789502715,2.7148291419410895,1.4257367963233039,1.6477014379625967,0.7117340898181919,0.7195932662414399,0.09906828845507806,0.0990969944693536,0.37228224590221537,0.3731351450487707
162,3.809929561748924,3.9208907479816943,1.0227286227793824,1.0048180064104315,2.0450655809479965,2.094305857514502,0.27137990513380517,0.27048684785606375,1.1282028075306336,1.1231291130502077
163,2.716100144316936,2.858881148843894,0.38288427461881325,0.4464947429036594,0.9529676571742387,0.9620731684847708,0.30827449593950446,0.30615815459906626,1.4490846587254227,1.4510235161739327
164,3.6147302962112384,3.886839402460251,0.25651493672024206,0.28807707869603494,2.171786386809658,2.268108689787139,0.024395886253031157,0.023945017941632542,0.08703758244456306,0.08777733537238708
165,1.8808094169876297,1.938731861464924,0.2379238689831541,0.24121429957189017,0.7039380209672373,0.7480107842646492,0.2700011018623718,0.27352561721244173,1.176399817891284,1.169214251368028
166,2.6268826711470576,2.6057973299008155,1.8913512516899762,1.6997143534749066,0.9028243769857008,0.9124597063406757,0.03696579734058285,0.03627902249765617,0.13509782523019503,0.13473867718848645
167,2.8353746244071023,3.087779717200227,1.4382850332485362,1.757259102348076,1.5465475340259176,1.5418738890576138,0.12900411197893136,0.13227888010139835,0.4712787161729975,0.4710198764691793
168,2.465288437398598,2.4281388832643085,0.19100276970715932,0.1,2.4485646425554677,2.5346711735288743,0.041625231221801125,0.040077729586225956,0.19500316824306008,0.19515953443521467
169,3.043374787385591,3.2324149278338115,0.22902082475649224,0.26610739366886904,0.2895209083591701,0.2905149251565756,0.3217158604473921,0.3281827500890247,1.168823506594826,1.1741564039582804
170,2.2591197939480288,2.331591722208481,0.9684437603464809,0.9746506566673088,1.8296805742997142,1.837839418474171,0.2682313299260147,0.2654588856449787,1.2540636827005964,1.2496889455028983
171,3.902420265737781,3.633683058485264,0.9913765445459303,0.8464387298123103,0.6485823084371312,0.6617233719611549,0.04097045362311666,0.04125092762096267,0.1885574107074326,0.19116944799207047
172,3.8767855257080335,3.999984525025394,1.817475019137867,1.535779761255963,2.2859799932003453,2.4719961238111985,0.3607170619535526,0.3664911766474527,1.4887688689457126,1.4730891853004806
173,2.9250748807116382,2.9310266566754493,0.5000630626391912,0.5185291602265286,0.18297913103067953,0.17336435968257233,0.22246527562722063,0.2104607641644789,1.0897059599992223,1.099310236756728
174,3.701370240294885,3.8299877141713288,1.2697026643918505,1.378024690471977,1.876681930519372,1.8498501354030126,0.06487801978850603,0.06455371214306718,0.2246602646477513,0.22457715590050012
175,2.9870295645546534,2.9580746260870265,0.9759914138084063,0.8933600478801187,0.9981030249178642,0.9973696814387774,0.4184015610873388,0.42091549165081765,1.3902975876087418,1.3852973133159039
176,1.9995831244330589,2.0988401242156796,0.3017496242911726,0.4873507932918689,2.2338646674918587,2.1134972502215748,0.2656258002182453,0.2653707728659681,1.0515637882371345,1.0375637074624198
177,2.10731244549173,2.1573824728834015,0.16886839976891438,0.15784441569220048,1.7759149842046826,1.8703929130610217,0.23655913260385253,0.23515459677953393,1.1073523089194772,1.107580240761513
178,1.8149983661108084,1.8307375334101756,0.8980189790752133,0.9570701224201336,1.424341446533408,1.4163369262906556,0.05199157659568093,0.05177270157690467,0.16653813487474786,0.16593263412701512
179,2.111930202700074,2.056200611263723,1.1346868728300472,1.034452091742327,0.624215551716269,0.6868762551199173,0.10298732560415767,0.10182324090562607,0.42101031406253026,0.4223229788010857
180,3.9891269343162796,4.0,0.7394955519374302,0.7407854026288281,1.4607037694747746,1.4965233117000842,0.30934650786342444,0.319738165717538,0.9370730792140443,0.9400729165949511
181,3.8739350654679665,3.6599757389013874,1.1792894826084905,1.064070360679282,0.4934075083298851,0.49648686051185886,0.14500548547549344,0.14183499766950702,0.6195793082185184,0.6188028712058311
182,3.793845918102503,3.223850523774861,1.725047088593805,1.0535401090856982,1.8933419995242495,2.0087061720741426,0.07362564801084238,0.07363684392242717,0.3032502059679257,0.30442393536433954
183,3.3504060919566134,3.415818266331235,0.5215580240559664,0.5596980552583912,2.8084654028298015,2.819314799671323,0.07531630505906366,0.07441127726859412,0.2815901310380842,0.27972247508511294
184,3.0773023164730744,3.160032459021928,1.8643389030829431,2.0,2.730860037316671,2.706619476751382,0.07138606576794436,0.07211576141839844,0.31166687931759396,0.31413410952802845
185,2.5427698381049684,2.4796245378904453,1.3561545705258031,1.264455434663435,1.681518412541541,1.5914057591868578,0.047891945306869355,0.04848598499107613,0.21785855255782527,0.2188980771441434
186,2.084362128050965,2.1131156212759334,1.3499333486099065,1.3631649500364147,0.28408756653324985,0.28096584918173995,0.25952012085329046,0.2620382195105362,1.1032014720164016,1.1002019035834796
187,3.6941047756464824,3.8738617381611964,1.1749877518672638,1.4582304746162285,2.911112622435697,2.7304636402479407,0.288857074341234,0.2958808813793001,1.120467296409447,1.1265739701363038
188,2.7429980318071885,2.585300208096852,0.788071763779885,0.5800117353716085,2.8997552863187384,3.0,0.3102338512308734,0.2997754320901136,1.4294073210036626,1.436407311423301
189,1.574000473854974,1.668465329408885,0.48369454473655804,0.5132720526729859,1.0497589698954404,1.0359408476400151,0.19909372479837278,0.19717932964585455,0.9591756837808769,0.9578168388015984
190,2.229417468073875,2.3101347621379626,1.818060246390898,1.8497725600521007,1.7828496081784495,1.7311672898206225,0.2849918321568425,0.28128314504698276,0.999889600876409,0.9925237148193966
191,2.394252274033116,2.456818353661408,0.877679101228939,0.9821934164497254,1.5820795240280323,1.5086478726119716,0.3145163178862017,0.31407912951686573,1.4146182770474955,1.403493993963774
192,2.2681314279145868,2.075539373089147,1.2445531990070733,0.5127094279141688,2.313086151851584,2.786668935668167,0.3508196215573736,0.3645875648493127,1.343176665541919,1.3531766607018931
193,2.361437340293155,2.2078779192451066,0.4017116174993718,0.11476830214984951,2.678177868040378,3.0,0.4250098306921386,0.43116228665968553,1.3338226700835722,1.3472798612486576
194,3.404745492901805,3.4463801479262934,1.4086706616082407,1.3935074520544046,0.9938779806035722,0.9688809687912686,0.28742323576174084,0.27808923501486477,0.9435143123608276,0.93363134957842
195,1.7237813272333613,1.7126904389734452,1.7284415336617678,1.577090252820346,1.4761283863550918,1.5279003097283506,0.1840387335029654,0.17886042379111533,0.9160545306681614,0.9140545237016577
196,2.6248390971326527,2.5170598102315433,0.3906658274316177,0.365470283156695,0.4868019546298886,0.4530967757130617,0.29515205388635757,0.29007468191212593,1.207063251760563,1.2027207828039963
197,3.5920274501459217,3.3539448298037455,1.1424124956130117,0.9947576891601008,0.07727675365025832,0.09041225742878832,0.32652100426943415,0.3243248648637038,1.3402141543195667,1.331822612751464
198,2.683397399575255,2.4924212434276694,1.5927350691502251,1.309668185662685,1.2985808160822179,1.3169292648348576,0.146444241754823,0.14585269387656397,0.5132865418688501,0.5125579254162863
199,3.160426450477982,3.230638648641789,0.5934673385289486,0.7999543356021247,2.810306697132393,2.650066164506081,0.19676324680945095,0.20159696872468763,0.7979733340065193,0.8042080877713907
200,2.66121065987429,2.6181693437089635,0.282747358956769,0.18071476269618958,2.8830120541329576,2.9999697290624905,0.20696100209071822,0.2103816868274393,0.8406869943432139,0.8384675293431005
201,3.680093813121147,3.508986557263661,1.9170213604787205,1.691331106486841,2.2695220515494823,2.3120221237491005,0.2089301116238629,0.21355548807013022,0.6448370472075047,0.642837045807151
202,2.846533024186958,3.20092070105058,1.6220635305281699,2.0,2.3610613943008163,2.353421259387521,0.059520841870562974,0.05884029885006623,0.18738089267346292,0.18860575411691413
203,3.693759856816811,3.90423504343088,1.607242277343753,1.8265926075695984,2.913360382018073,2.9235508384665563,0.1203291400925078,0.11657612962917535,0.5841987949160007,0.5849970349800788
204,3.988014003788553,3.772260352705418,1.6079141616643222,1.3946139571195886,2.334576865332905,2.359172595899503,0.14035574976407236,0.1418440338770024,0.5453222371045633,0.5448255513161822
205,2.481515128723486,2.402264449659712,1.5920854249288061,1.559170096502482,2.963307783927232,2.8077965107910705,0.19842986266015947,0.20141058772782913,0.6829863608182987,0.6871083320112864
206,3.364880171835948,3.4033789315323917,1.7786069017829085,1.7014618819361025,1.52416717089657,1.5594096490663665,0.11087923745658806,0.10863496803631112,0.41469877831495194,0.4116988072661721
207,2.267805642157715,2.2861055819696183,1.2211440050741633,1.2153881483436404,1.9292988200768488,1.8538725445390718,0.10401886081043255,0.1092104470278917,0.40163328028922407,0.40600854858208324
208,3.164448724765577,3.0824317854097973,0.1852111218137861,0.15746460640870166,0.475209848192619,0.46593474522067846,0.2683500837783278,0.2628284517058695,0.8471358137775412,0.840043597860819
209,1.777659013077331,1.7772414136308021,1.324587193174469,1.3243656398615626,1.6310376600075727,1.6029468692350903,0.2724679265715364,0.26923401524196783,1.090507916674162,1.0973554308388966
210,2.3311375453798266,2.27028211220013,0.17455601717251212,0.1,1.730002432528151,1.810866466160378,0.03441228262854518,0.034834829967324295,0.1611503915653934,0.16035195920940043
211,2.351459940024486,2.4385491001357065,1.5239991695548987,1.567690345904734,0.369668409293771,0.36693846400399277,0.20635979082553602,0.20157681931587126,0.7888994456123091,0.7805873171617725
212,3.059245256169606,3.229839731505845,0.4191310987045215,0.4697380464686479,0.366436281141569,0.3827917526372704,0.3727543283477722,0.3822315368279881,1.409588506622041,1.4172591454755743
213,3.060079825020706,2.8487474193144755,1.8045609308786819,1.1212441575382817,2.708699765125234,3.0,0.16303192028965804,0.16218775085427764,0.7309199246281535,0.7230044800014597
214,1.673703482191113,1.7377589880050461,1.3948717915860758,1.4015768720594388,1.1310584265416352,1.1153767351763366,0.06311129614645164,0.0646935278580418,0.2606172632163962,0.26251387266881493
215,2.349743062626917,2.158965641798596,1.4236779236733264,1.2694866157967482,0.18664508602106367,0.1540222233022733,0.22169403684078826,0.21904923274258034,0.9060323291151042,0.9184361235477909
216,3.6228979770668035,3.225389175425699,1.4967434448772283,1.0483459348345436,2.267975894986611,2.291531942799518,0.027900095685745915,0.02803824709493543,0.12651967401702072,0.12608205177836193
217,2.7053911243891284,2.714821423498773,1.869521994447438,1.7500750264837261,1.8795090786166164,1.8595353603893925,0.2353515833925599,0.22856605864125795,0.7083749155208463,0.6946623567748984
218,1.548142670516764,1.6522800508213613,1.2631338826669563,1.5520147766331214,2.5995432841850423,2.501223101925948,0.21740230135254202,0.21996905253404514,1.0250377722727073,1.0204517707380565
219,1.8626849142702204,1.8252944135194118,0.960389283857538,0.9038068411314848,0.6043726619429133,0.5840012232640156,0.1012195589562539,0.09958942270354039,0.3363730890757653,0.3340710145043494
220,3.00804121478727,2.9500149910076017,0.6560237938100328,0.6322698873265206,0.566097860173847,0.5494194120049104,0.19210347796349578,0.19137002156449132,0.8099605103473261,0.8056048058999595
221,2.0013038682799653,1.9856681471099176,1.2700595817191296,1.1740107612611832,0.6614823970437428,0.6521913962474832,0.15437394472683946,0.15363685909815974,0.5792848977402012,0.583962774197886
222,3.9268789267688904,4.0,1.7203523505374365,1.7836219439930923,2.5236595132694557,2.5001649436676803,0.08377521224797187,0.08727429183136096,0.30604121903920223,0.3087265315749202
223,3.135895469757954,2.8152119237473507,1.613888150262439,1.2782705926799927,0.2576462137496993,0.2766468808297679,0.2597874774089593,0.25307284636984884,1.056645233656605,1.0627065785705045
224,3.791382809029456,4.0,1.6818135576404178,1.7198808064780577,2.1685794533092904,2.269600237592022,0.061555992831707054,0.06229582827766133,0.1884926290240484,0.18815703125167968
225,2.964854904828857,3.1626904723944436,0.595004710927772,0.6444005520533935,1.0061718339907995,1.0321424541532533,0.11632340944421427,0.11355459596083138,0.43782328868023396,0.4305783817184034
226,2.0808044118251505,2.0821441099994695,1.9228600236398155,1.9110569074341701,2.8180562562076386,2.8234157774842092,0.08818721902443764,0.08452177634924318,0.40091023435675105,0.40250719234101845
227,3.874052628528033,3.8845412564792694,1.6499449541311095,1.5621211482160473,0.42981909999124024,0.45387308450239366,0.2530888714674411,0.2623914324790724,0.9966818954149204,0.9875846422420274
228,2.0579156989670553,2.0805447688235605,0.4067417244421385,0.359064013665069,1.194084768464646,1.2594073310088938,0.30532445827986354,0.30081615866847067,1.3134400456716868,1.319960436609684
229,2.5174641133740514,2.649654758460079,1.0946204275549118,1.1378336804135771,1.5565072672142415,1.5957558480381009,0.097005042807369,0.09640093197590756,0.4063355812448389,0.4043346571399102
230,3.5665664705008298,3.5558804777358577,1.0609628526935382,1.0193014554022628,0.11117711048306855,0.11109082672737365,0.12429679332928341,0.12677474800742244,0.5505580266841946,0.5533237926273689
231,3.188890468832332,3.2450615013221245,0.11798458140290874,0.1,2.14106459215649,2.2295275977966837,0.1829982254741027,0.19105225919457663,0.579675236426054,0.5816752369429291
232,3.0406938491105735,3.1100092363877585,0.1776018807051175,0.18360155036709483,0.6319468310858676,0.6225708990629596,0.09661730643618409,0.09551043607498225,0.4069798753938045,0.40614597512896483
233,3.3966804460605085,3.3216773593893034,0.17548509351665537,0.1,2.64747776887382,2.858963176589179,0.4747251002512154,0.46572427820631906,1.4630083388552613,1.4778972579124015
234,3.6791720701947175,3.6383249233631982,0.26560782748352796,0.2048493002204736,2.22427508501142,2.316060063047062,0.2632548977066353,0.2672585147554042,1.2138521472256785,1.2097368026185955
235,2.5603616523731154,2.6221315227605007,0.4664541053840715,0.4886679888753562,0.4193364734310149,0.4224016343060896,0.26876303023676823,0.26247779341019756,0.9479018997624215,0.9587471081919169
236,1.6265141060295483,1.588677569058497,1.916311687617202,1.7086045399495042,0.19529145430548978,0.2506736642935922,0.029237478932283872,0.02986235131616658,0.12220313316548803,0.12206445771347935
237,3.5822011496658317,3.5155032743440815,0.845686101078176,0.7534801636428073,0.5751713342400665,0.5380989986572446,0.23462532809160422,0.22944331878377267,1.1429400892158266,1.1443652837900031
238,3.0281405159615726,3.1013466391527804,1.418755573945193,1.544314154654657,1.8925333420849295,1.8625849525129856,0.13200225875483979,0.130932047114726,0.5892676175162693,0.5949475663516394
239,2.6371820732567346,2.616660803844133,1.4953506968434334,1.46456918488852,0.5294385486868273,0.532436725283568,0.12381078754866867,0.11953848317207294,0.515097041139709,0.5177371295470263
240,2.321045357288231,2.225522126061358,0.9072158862137837,0.7769040325838469,0.4732922339843326,0.4816167126916436,0.37036652494118916,0.3661868480011611,1.236732827533174,1.2392823409694829
241,2.2615782305879866,2.2926299452914476,1.3873952079346974,1.3523814552472673,2.6384623294742093,2.7432769577212937,0.28955003567221255,0.2913043864585561,1.2690225724271194,1.2700226167909947
242,1.8203615974703455,1.9894292589580584,1.3835178824558096,1.4646264505394642,1.8114891690742176,1.900691987167921,0.06434965333185781,0.06441836143515625,0.3139749819249526,0.3130875702008714
243,2.0426433162131814,1.9974003172682,1.8669459609540608,1.751998591321506,1.683963818361272,1.6657601283154349,0.2656940926009142,0.26781881528164436,1.2455547225647565,1.252708210443682
244,3.632139261008807,3.805842794778753,1.5163664810065787,1.7776603565010567,2.0955655195868266,2.016157526907371,0.17189911338512753,0.17394754398532156,0.7711532841931356,0.7754094892765191
245,2.2439935347021143,2.3561308947264896,0.6489727857652628,0.6043228850455928,1.9249449837638988,2.067258112938049,0.34145384052088,0.3356879059194908,1.085765763733329,1.0892491735277905
246,1.6183301831539327,1.6230614004009893,0.43000359136458866,0.41795645009626653,1.0837863909463117,1.069691060684719,0.0831226100013054,0.07918310406655144,0.3963131650971095,0.39227614435638547
247,3.5272219786956374,3.734325383397987,1.022461628569738,1.1990626697044307,1.9613749452321267,1.8680727464642368,0.22289520019581943,0.22656107037570453,1.087827459267631,1.0813534824480615
248,2.8240958611557456,3.0102730029879794,1.5145016184536098,1.5960886541728267,2.9084736956791906,3.0,0.22521777839132673,0.22373009898883373,0.691776640034733,0.6857766490173131
249,1.8173562944528399,1.8361151860835092,0.11230028983742835,0.1,1.95683578044842,1.969743290067786,0.3630827404440119,0.3445000725896844,1.3211607378451524,1.3124171482719171
250,2.6265629433077766,2.7610929076762325,0.13213632973831507,0.12993347813426098,1.3167662552100292,1.3851155945315634,0.22187522593811584,0.2234838943927903,0.8589342530557397,0.8542089429818731
251,3.5940676267510017,3.591549180321117,1.9554575199279762,1.9116797644940442,1.2535242880862123,1.2341219729356192,0.2072589771364752,0.2119437636995065,0.8672596188765601,0.8704995932053909
252,2.527971774302259,2.5940156906014042,0.1975187343103587,0.24080523312979407,1.5246611683181843,1.4953311098075548,0.14962840869902003,0.14908176057216224,0.5362810988042949,0.5291231259319744
253,3.488831031135208,3.447860645691291,0.1565893046704022,0.1,1.3929615271199651,1.4873573279479289,0.1492621026461039,0.1469608949693697,0.6183407696356845,0.6143439541026017
254,3.95712414423552,3.9780564517276993,1.318547395044153,1.267359201831265,1.0224831163988715,1.074392441281143,0.13453786962805603,0.13219276323461718,0.5160319188060094,0.516190742648321
255,3.8216747248036897,3.5233987621299083,1.4843244024146314,1.0623497088804181,2.845206745583452,2.9992736223787206,0.15208070294098625,0.15252514648801266,0.6361861248629321,0.6296143543146375
256,2.942696298827868,3.3053676349078143,1.2047952919739804,1.571480476659059,2.688666250374589,2.7138714035915865,0.33427227234956136,0.3332613040715186,1.3145989873939246,1.3128935675540847
257,2.5110039710956693,2.5885854256126644,0.5594909199596507,0.5817879938943301,0.29944599672872585,0.29839741890329363,0.15240731967899337,0.15340791402985524,0.7432688155990521,0.7393745569499865
258,2.927402683513282,3.1863041702891084,1.6003425626000063,1.9196620863905736,2.7008237461952027,2.660009372121643,0.15965993549097593,0.1599482718902549,0.5690984364155018,0.5695498540692178
259,3.951643458256369,4.0,0.10240482957595337,0.11060956732368381,0.186499520407179,0.1938035559603314,0.2805275552991406,0.27832265828502095,1.1213369359108039,1.118160055904079
260,3.650200133460666,3.7368656554816786,1.8065596915321127,1.9954883364203766,1.8164324282145001,1.736219953490263,0.03840210804803677,0.03785176709579635,0.1391560507154593,0.13987450488295655
261,3.644256740285408,3.65172875269862,1.481425397731376,1.557974101507467,2.30042563527313,2.179690324147654,0.372335328610172,0.37088088999250535,1.3253603655224764,1.320538240093009
262,2.8661335854885905,2.8946361685908335,0.6875818744410281,0.6537540403555242,0.8938717144042722,0.8831681652869752,0.22721301242611178,0.23560768021677347,0.9233677453396711,0.9203690762553356
263,1.6613742215207323,1.5964769510975325,1.7633870060487418,1.5375305977341154,0.6286674850692782,0.6600644631287174,0.3867854936666604,0.39330313113701015,1.2878098552856654,1.2988094083000092
264,2.9312284089644143,3.0430468210595105,0.12024633965633927,0.1,1.2324260308761597,1.3086038221575662,0.1972709002976864,0.1983662443802925,0.8273648552031935,0.8243109642880859
265,3.691958315556953,3.7316582938159533,1.6398279242759908,1.6194387985894576,2.9751201425438607,3.0,0.1072980549358462,0.10495441760241932,0.5261982174618784,0.5261983573734423
266,2.820884383408851,2.8529326366001633,1.7327319532516399,1.7007317897013172,2.325676634744249,2.398370707515981,0.09167945013924776,0.08574064758722216,0.31551707077949603,0.3121866365941783
267,3.285577374110585,3.088183288717377,0.25261239922601464,0.14013187240017067,2.9414158211165287,3.0,0.11866415389701918,0.11865974144325492,0.4398126327543117,0.4393313187306275
268,3.255832174121532,3.3872867359776184,1.0100718584630872,1.1674205204807473,1.5659129130637797,1.4866682620812608,0.4897361158984128,0.4794153472501442,1.491472225867717,1.5
269,2.4093451471385667,2.4676541202044984,0.6984503002266497,0.6820404562495089,0.6017117859824417,0.6451280878163739,0.030051095239723942,0.030294833904381663,0.13496047461036015,0.13573817184994605
270,1.7478787449268522,1.733280954830883,1.0446317526370283,1.0411443900502635,1.2818056183050621,1.1927805480137452,0.06547857555754043,0.06564217628590832,0.20890748777091867,0.20579382608192529
271,3.1944890553134657,3.2689528331531355,0.7815241831898888,0.7401470677806888,1.439683820537887,1.4494269438107836,0.32798218120175304,0.32916065305892983,1.2985813957100185,1.2781036547590627
272,1.7487563180325392,1.615133017059045,1.4652621363212377,1.313069096455897,1.8481157611285506,1.8289404839853844,0.2680865640424684,0.27116160526172095,1.121941087252802,1.1369414924714945
273,3.4782070844149566,3.6536003588631596,0.8783847262588693,0.9050105760258795,0.5396444599808834,0.530484890639623,0.20101751856349065,0.20010362070127358,0.7235774640119005,0.7151889962594185
274,3.069701242909745,3.291520318242098,1.3597662449358927,1.785923458770868,2.666478598685498,2.4722739118953547,0.250476649407403,0.25268625273154,0.9387755516735448,0.9396869759677794
275,3.883253226417851,3.385246933466811,1.9956857353018336,1.4746892948866028,1.9328214843323874,1.9272001482441885,0.25629730481126506,0.2527984027639627,0.8370692968886443,0.8411932542541164
276,3.767985802562678,3.8697386078366924,0.24802619017937527,0.25748374821343933,0.22710603497431692,0.2170041851218155,0.11778293733587969,0.11724925378212152,0.3661949530074965,0.3641754911578568
277,2.421100996430012,2.45677904194728,1.2372676720588394,1.3367001755041061,2.2094321085739637,2.183215171156579,0.3587951392435922,0.3542476432709001,1.0969358390458532,1.1023848927741442
278,3.6378478082900463,3.7642289418822696,1.8487704661539892,2.0,2.409388653335105,2.2743258154436083,0.4052432862110741,0.412953968989682,1.4942543244348476,1.4852542114897644
279,2.5069862429982326,2.4176688324186544,1.0069691305882653,0.8795095411230809,1.93894719133917,2.0126256761252135,0.27206453039947565,0.2750547638172251,1.194053738147344,1.2082717299154095
280,3.301833054799142,3.1170539044163887,1.8169175723281055,1.6077373360786327,1.046616014306378,1.0816418773201868,0.0355408080161427,0.03630041775942733,0.17554403736216911,0.17595989880756352
281,3.96706455261708,4.0,1.4510796547567515,1.5468620647238334,2.2417969026689692,2.174397027063994,0.2549060187413682,0.2517774428772006,0.8061054079757495,0.821340380010609
282,3.2537941933036745,3.1685526877498558,1.8751294722666714,1.7066989586064543,2.058282733854371,2.1345281132326446,0.2278069578793102,0.23036685428211667,1.0338862643453233,1.0339377582970983
283,3.805476024724168,3.712272482668677,0.14472372452621074,0.10288087818124234,1.9623667249147116,1.9820533170704842,0.4714890437972379,0.47223288576163075,1.4165318767280708,1.417051656691466
284,3.5482603198676634,3.7415449789826978,1.93357797215762,2.0,0.708827471243749,0.6716663564973385,0.14225290840348806,0.14123644784730668,0.5276223710442574,0.5244831582372209
285,1.7838031421846456,1.7498621353597108,1.6936483043487645,1.5220689773061866,1.683405636312352,1.7573550322498637,0.3283622595239173,0.3279380283821044,1.0233527721003253,1.0273527079805858
286,2.7265086339712283,2.8500273143217134,0.6491238887825304,0.7540401518638986,2.8755922941235292,2.8992019448720456,0.1709664740476071,0.17354373514838006,0.5303511698431722,0.5333511779380395
287,3.1144479116129546,2.84728689179517,1.9281367491885182,1.449725942795601,1.7382536681492389,1.8216027893130007,0.09503067834417947,0.09482164610764002,0.3282413389393237,0.32635900479117275
288,2.7724857315721727,3.086541532382677,1.211115422002348,1.4221409425411338,1.40908578931217,1.389890148961812,0.26640952719277083,0.26782717153398494,0.9325426676202585,0.9114172244426048
289,2.731232857779858,2.438960772366,0.9841065990947945,0.6981019216736346,2.030028551119582,2.1063035140336144,0.36776718788765056,0.3722167982421887,1.200209444556299,1.221918015716893
290,3.3144128863186912,3.576583335513474,1.4910910544282083,1.7680826366623243,2.5968782987954007,2.6145322170495833,0.01816163120162973,0.01845836965914581,0.0709664141561647,0.07060723644285873
291,3.3737277066289675,3.0870556250144965,1.1948940918631892,0.9094051688258047,1.846231853181346,1.933123821815373,0.1634342839329842,0.15706370547665488,0.5932556227737167,0.5954089091093856
292,2.711811451815512,2.6470405216435426,0.5597465943163646,0.4918640011176944,2.2106027844185148,2.1884973571936386,0.01998811725856995,0.020041569233543246,0.08666098136584657,0.08563184236170969
293,3.177285962287251,3.494053548037335,1.199584327319402,1.6244130169677868,2.84791775872447,2.784718668207809,0.15365973803518623,0.15305943400102803,0.5180953568438321,0.5232395908759291
294,1.713047918124945,1.7596650208001536,1.1156425296856267,1.2019296826694283,2.7134681005930688,2.6695173458622676,0.15934706009772015,0.15981144872465558,0.5931911607925611,0.6001911586255855
295,3.3749615412911735,3.7164269685295688,0.9827586579991837,1.2253254930484327,1.9445278061960831,1.8979261065294737,0.21647632515830306,0.2145484373678922,0.6625738533125021,0.6625738461771115
296,2.8830730040784864,3.240547066008458,1.5419998950235196,2.0,2.9855602947949285,2.8942905838883113,0.1270490894210089,0.13203435104193206,0.38412637423370466,0.3841243506710554
297,2.514289253443951,2.574037627715482,1.9529435652948222,2.0,1.4907892726293572,1.4538149108966651,0.141867039804289,0.14948453230498157,0.48967022766893203,0.48472557417950457
298,1.9623761687571073,2.0661957481622326,1.359491227848066,1.2281602698475205,2.714701925430831,2.8407116842520326,0.32515944487572795,0.34190817858761113,1.387928727059976,1.3799288339292783
299,2.67232042911921,2.5337105703573837,1.8316434564150832,1.5854832828652956,0.4802547190057076,0.5122737773288436,0.1042592365867347,0.10944731503461,0.36831904425107176,0.37275528305262057
300,2.6092640931512276,2.5765722834496616,1.2094299791365979,1.1110030882961586,2.3897837103773583,2.43802165919395,0.044665456611833604,0.0449703103776251,0.20454964238323725,0.20458898769956058
301,1.6550405947451372,1.5964787413017307,0.6788273985714072,0.5813812026557899,0.565904706907622,0.5942214332092065,0.19921929133004415,0.1957593830197867,0.662731443868983,0.6687763072705204
302,2.36069072647302,2.183432009031012,1.8324028164650288,1.5909808221389103,2.1988116183253674,2.1407673660900555,0.10688681656278906,0.1068722046532304,0.36372155362148245,0.3619286126052583
303,3.8697828550775584,3.442584259537694,1.6844267172507832,1.0015465102053782,2.3367527236603554,2.5842488751981842,0.11515853804795931,0.11909343566450148,0.4740337141138713,0.4709373987737814
304,3.125105595575493,3.212712324014138,1.003299593312257,1.1409971956857088,2.6183675688557098,2.5548109892012967,0.42355672244420595,0.4095564883094025,1.2943465967312813,1.3133465375057336
305,2.7174865939668242,2.4942644363441944,1.37290084154725,0.9184161543178887,2.7865018309189127,2.957582492583068,0.11701677053535799,0.11626252406917904,0.3821659251658458,0.38418253862016366
306,3.4597275493675346,3.467057118746779,0.20226704626061273,0.23770895164711295,1.6334175282145225,1.5895619588546508,0.21389469482843235,0.2089908048975495,0.8993389894381053,0.9042435087843477
307,1.6191726983463721,1.5,1.4520162108567023,1.2117986451115486,1.011358638891042,1.0802191013740772,0.2978361706673182,0.2841554213883446,1.1662702417779518,1.1790002080642683
308,2.835414402384037,2.547493676695808,1.697477664331807,1.093502082840577,2.0132411218648603,2.1312417999641546,0.18199274596983772,0.18096060985927825,0.5547290808663106,0.5497291181229762
309,2.3630612039888756,2.5637441269912737,0.8992995114089717,1.1751962711468966,2.1716187223290238,2.143760030207992,0.14481510735429617,0.14710191075171192,0.4515891474268537,0.4477836409002248
310,2.204702348418207,2.2314517144550727,1.3312532447471737,1.2789267787009657,0.2574714682655749,0.24306663343651186,0.20926897352459373,0.21055141367072192,1.0069948598778615,1.0056583052225216
311,3.3909688267732223,3.2386076217848525,0.7460061482373185,0.5230483586744777,2.6058450660429266,2.9079274495996543,0.2369097641553647,0.24452166490232868,1.013213108404365,1.0197885608139154
312,3.9257589462017535,3.612424729431738,1.864978732637599,1.5445990094015147,1.8430954103400046,1.9024815534152228,0.0943338056601495,0.09228622235606287,0.34747734665379565,0.34825330848491787
313,1.8535313213632358,1.9505511806809552,1.8635670162261715,1.929085582196013,0.7145480960787123,0.6840340148223341,0.15629091338081383,0.1512658584308713,0.63909196492272,0.6412012149511054
314,3.1081767072514106,3.483080937984255,1.1770501532860775,1.3884785469478431,1.0421196320974775,1.031324528616898,0.32074968582851715,0.3149419374421659,0.9963330782381965,0.9885296587682767
315,2.114566347961291,2.016236275341093,1.540110436577642,1.2685521851746915,2.1423061201792963,2.1350114528305957,0.07650365216527145,0.0786476953046259,0.302661814317073,0.30461853064972194
316,1.6229551518108265,1.6723150109063436,0.42548322156731366,0.46273103011831995,1.0343449240432965,1.0405881024633843,0.3339607144125421,0.32753837979130307,1.1718152947497706,1.1778206841243053
317,3.301377563261095,3.157816371296507,1.4407103793145033,1.1749615807530338,1.55465890269282,1.6285025898094068,0.23451932515908935,0.23352417320547397,1.0078164298642631,1.0149566960723737
318,2.2536895635376726,2.271719511716732,0.170685382727311,0.1671663442111865,0.16780239441335776,0.18644604209192728,0.34799520839019693,0.34768934420171826,1.2971608169928273,1.303236150216695
319,2.5921828504260045,3.0547489965521852,1.3451916500287284,1.7284921443748489,1.4277769241910563,1.3416554778357102,0.23348470529470455,0.23844727465100463,0.8857500506154485,0.8744179345349102
320,2.0882770194879496,2.0583085589075467,1.9605016963359208,1.8871588999362585,0.9547086065391734,0.964865066674319,0.3909151776719664,0.3884986661564537,1.4456658561405842,1.4396906583108544
321,1.8661146528448176,1.880538007186315,0.2889508906952768,0.2769477661406602,0.8104971647043984,0.7934181298370651,0.11723267649404517,0.11857179002778223,0.38001520811879574,0.37834250057914387
322,3.836912414654659,3.8173592530282363,1.1603165007376433,1.1419329345390634,1.1548308986641915,1.1075594494447574,0.24194295487695888,0.24381688491045744,1.106674819380527,1.100825586199304
323,2.2646286491398304,2.2500892600705087,1.3160239473704338,1.2632664508921931,1.0924907168446634,1.0855938048017202,0.24442246435146162,0.23706371584376867,0.8385210365867278,0.8361815505957964
324,1.6448748026366484,1.6558989353961193,0.19740209189757524,0.1,1.6224843711534955,1.7101661737239928,0.21360225982863204,0.21367829216974701,0.912052913315689,0.9101006710812469
325,1.8291867866710854,1.682141226015973,0.7477165373197349,0.6393150486374899,0.6157084114902521,0.5457233623376675,0.3167619106779581,0.31115751865519237,1.180549438075185,1.1990638029782628
326,1.9837240599853063,2.0284553688930957,1.7362558900521738,1.6195725353268524,2.572087571535667,2.687765022357346,0.3536310421506996,0.3533881845625309,1.14750696433746,1.1435069165518483
327,2.8363292395359014,2.752129664099123,1.6029894659440216,1.4970461700009485,0.23387273759313687,0.2732477978368981,0.04651525828381387,0.046333016964727206,0.23252383067450266,0.23196857689393013
328,3.255736988903715,3.460916354783801,0.6634483836113703,0.7084113162420507,0.7214854886290266,0.7055051063120911,0.36229685405351364,0.36162264261406357,1.092418400098946,1.0859217275183155
329,3.604337144216893,3.1116134385096363,1.6640409395715743,1.344061435480921,0.07068821011894444,0.023231798187654022,0.20074225800448536,0.20051137137310857,0.6430839321282972,0.6534307002568912
330,3.7176541940084835,3.717068212146257,1.5911114373400108,1.528782059719769,1.4672239811001873,1.4908256746945887,0.08779663489532163,0.08784910179164265,0.27048903233177685,0.2707888370592471
331,3.5462683481065547,3.7343100880133475,0.4448692387086979,0.699587621310916,2.444543317296422,2.2180787524746393,0.23145787149881442,0.23286965790831982,0.855956868670962,0.8690745946403748
332,3.5984629141965967,3.8508207607546083,0.1919048561689266,0.3457589375203119,2.549255934842723,2.3957444194846667,0.03752707410817405,0.03856535695618737,0.11868260798155485,0.11913651962223804
333,3.7449691191939882,3.7688996613151033,0.6392862685494206,0.5210211078398019,2.7892163116702675,2.999999812193333,0.013408699024252594,0.013750612751780052,0.06459007048634145,0.0641631974890331
334,2.603290272095209,2.601984455531862,1.8312833757262172,1.8609509411339142,1.3940076570864612,1.3627982824391647,0.040122584925869315,0.040764425485035574,0.12516077530378988,0.12618703108726761
335,2.1345538581017416,2.0783135878807024,0.6098119855812804,0.5074066253766273,2.407265599069527,2.4485010424272566,0.015215362822052745,0.014648011680821686,0.05544569658865117,0.05585405027178797
336,3.172031528667513,3.1492183495124055,1.6110531884655503,1.5423902584676488,1.0233537250709643,1.1157511002125808,0.053465546366513045,0.052478413713774166,0.22880018725823598,0.2261379760976378
337,3.531576484810002,3.1906848416220694,1.428623167455123,1.1437823878365168,0.9724588849834644,0.9407790815274805,0.19651211067552615,0.1955819996393903,0.7012870617308767,0.7019430771143916
338,2.654916093094375,2.580448353019009,1.4244700692164658,1.3220063286639478,0.5466089410513997,0.5424037063497009,0.4313670857283048,0.45311425928700194,1.4905636745737358,1.480038864143995
339,2.5252652225551184,2.6728164234979834,0.5485211131795804,0.5446281467585821,0.7718878907023683,0.8534132348692441,0.025095842719429357,0.02455255163936634,0.11962925213386835,0.120605546111478
340,2.3692502847536567,2.632680634198746,1.5214578897337574,1.7710833965548847,0.7864914345102765,0.7973930501086846,0.09056270459488912,0.09191137517499828,0.3097816781793421,0.3146141812679865
341,3.5344562531907235,4.0,1.1411277837225235,1.7093807531178118,2.7702570469087506,2.5562067200433476,0.027647733048686948,0.027599289521907593,0.10243853839989095,0.10355170762514955
342,1.6643927340557578,1.6239671606358959,0.4286379820990526,0.405520275680719,0.4946894473542969,0.46512622778161916,0.14830618127440837,0.14594662604982728,0.7305905204659141,0.7344133845130385
343,2.114380281051979,2.1538220422825782,0.4792831889579472,0.4263519179581133,2.0638315053102034,2.077780350776712,0.41637112152173783,0.4127198870807722,1.3371402611518763,1.325681396807175
344,1.7684373710720487,1.7457739982969414,0.1927498981054312,0.19905928281686255,0.15315511561317585,0.17363204982127536,0.2516159558607728,0.25592060238044273,1.2274359353940383,1.238452343205902
345,3.7658834300528548,3.4323239784731907,1.459825179233714,1.027062814512654,2.3622467902339883,2.4550425871341304,0.05056237577521131,0.04964698786730505,0.1942717548507501,0.19381764544407887
346,3.8963151316895583,4.0,0.14376543206530748,0.13841336130920817,0.9552733490853942,0.9579470808386634,0.25421466148495714,0.2515046968595303,0.9997864314723992,0.9906541935111082
347,3.5968517996679696,3.4671655725725135,1.3059902178642058,1.1563374131615953,1.9210399591525165,1.95569180479893,0.08377990978895483,0.08249212221566436,0.38653219162311686,0.38703790450904824
348,3.4708021313258874,3.2295230432555515,0.8512086097361447,0.5416867097640258,1.6889125361126385,1.8894707672635112,0.06354606202442353,0.06117691066200593,0.28988293474441706,0.29088283308176976
349,2.996844241848389,2.9592523087732876,0.7450076479329708,0.6719885975428292,0.5722108438383495,0.5696974644452851,0.3033953861374891,0.29683481475722495,1.0635936656054912,1.0647628132509561
350,3.878871692724196,3.6019603075338424,1.3769521097604476,0.9816833277362953,2.639184771136406,2.84516670410028,0.20025102767074313,0.19369782288063814,0.7377395298509477,0.7394550730310525
351,3.2890194521344904,3.2045007750529266,1.2752924388777778,1.2815764394780635,1.3286899715592129,1.2686900773106349,0.05845806954571075,0.059295912657198066,0.2769480394056034,0.2759718159743709
352,2.519004720899148,2.4230736163969357,0.5074016424544691,0.2867631001208685,2.553026362271855,2.7436331685026283,0.33773164858075133,0.3263902844888982,1.308099684948054,1.3161493990432305
353,1.699559286223239,1.621730846867444,1.0104726791677838,0.8597211280725454,0.1405264610292899,0.17152642968703377,0.20034380039835165,0.19894196047159723,0.8317567055247574,0.8382816422947146
354,1.877056318811559,1.8609417850621712,1.4068584554813037,1.3729394062352747,0.24661415409380016,0.304205725224891,0.32154098530852226,0.3084959077047289,1.3342994264664592,1.3448170043507952
355,3.086854037195465,2.7341646980432106,0.6637219800387885,0.1,2.081824817476409,2.691662765565347,0.18834312217031407,0.1867770371074927,0.7423457691695701,0.7378255173043319
356,2.7331066980693977,2.5747545897750017,1.6193363275288675,1.4431255416202569,0.8300348300552978,0.7889884103824171,0.11983119519050699,0.11790518141342554,0.5059518109962324,0.5093667666224726
357,2.657465549360885,2.7580422926903703,1.3762610296739934,1.369782027723528,0.9779083914317623,1.0257923049702233,0.04620124263362965,0.04533721025040077,0.18170974647281402,0.18084642934843737
358,2.137439048002593,2.086560820641202,0.8119401052502988,0.7803367071613074,1.1908785202893801,1.1687793525305425,0.04443431461901992,0.044851243569608706,0.13465368737209757,0.134283470206526
359,1.7582810548248728,1.824028916097826,0.5033870632516244,0.5445004136183933,1.6200621555519263,1.587539793634802,0.41426718299032916,0.41483298168163646,1.2541508860948507,1.2430172846690333
360,3.766136272502106,3.8285978537773486,0.10122537477321468,0.1,1.9499423001200786,1.9692285086780967,0.2930418841131287,0.29520384861544985,1.2355534565287183,1.2274470141627887
361,3.136304698707278,3.079463562129233,0.30284376945103353,0.2916787555223743,2.0613102121527906,2.0690204121262004,0.43496992655898553,0.42001810976655374,1.3074119380998455,1.3069441891014995
362,1.6196200328103079,1.608810648950187,0.8491187790308719,1.011441262597038,2.342744716073854,2.19542029077606,0.24332830047465312,0.2428756279604322,1.0689093686851967,1.0745667695732979
363,2.838042547687795,2.9105278576177165,0.41254515975324246,0.500778433435406,2.0379476176437388,1.937994159981488,0.1675396509003554,0.17042480317193137,0.5839005195462511,0.590078223006986
364,3.293471408872585,3.5451594927985104,0.312798686966257,0.40459734960143406,2.627916515824848,2.61716226469981,0.1019511424253659,0.09836171292573932,0.4102638519378818,0.40726423447085647
365,2.614058102866421,2.780688210388414,1.001418552753864,1.1231826690365931,2.909980675293541,2.9999997486476957,0.05483805375695391,0.05392720480061584,0.21770312906497186,0.21770311163924705
366,3.1209518444659587,3.270626753851172,0.1610393298159186,0.1,1.9057387804549148,2.175038148916629,0.1291732463813801,0.12784139404499897,0.5906930770307013,0.5860433729709592
367,2.260828403801172,2.6270562928843395,0.8227181765588294,1.3493019682418108,2.1865691082332703,2.054564961072818,0.3189662698804363,0.3085991553936833,1.1654442779890894,1.1624456414533202
368,2.9864018222101647,2.952788891768207,0.5892486400704439,0.4114658804984761,2.5698177215157187,2.7225757417431966,0.39530853323966475,0.3955693401405673,1.283893913289453,1.2808939140016218
369,3.772980247700734,3.5197394571317537,0.34589274911654,0.2658327360127514,1.2793159421931755,1.30258566581838,0.26034129642450804,0.26031812822918066,1.2683777640064917,1.2790448613635335
370,3.9806062192883886,3.99954770590268,1.9506874949036808,2.0,1.3861079787722685,1.3296576694341473,0.16583027153967514,0.16509217912661253,0.6579825745451119,0.6518222936909768
371,1.8534710033145692,1.9740517538163782,1.1159538771176625,1.1664633140356058,0.31408681087636847,0.33638430781709655,0.2611290822542647,0.2501983780802581,0.8102702806888697,0.8157224060565872
372,2.5234740313315336,2.541348876432153,0.5961554766446747,0.4167291504407813,2.5804863991761717,2.753514914230191,0.33358475661685283,0.3266930330677892,1.0993113536074586,1.094716439820138
373,1.9452744714910981,1.9076949711859303,0.5373287377760942,0.42377866612667114,1.9746929673344185,2.0326014817257505,0.1825189203818472,0.181005268185554,0.9070573107249698,0.9090570303693167
374,2.7130890922768245,2.507260686889439,1.2823197272747322,0.8796677431060478,2.877891734347892,3.0,0.10783076845829262,0.10455104011794858,0.3260460009464267,0.3237219499543195
375,1.6094115267831404,1.581752522858623,1.7481238653803302,1.5827677679132597,2.21416601297683,2.1808633492508096,0.11828050383338791,0.11838155388031127,0.4746553696695019,0.47740229894657704
376,3.9969072582875307,4.0,1.207591041331054,1.1894402469837544,2.1184479918485493,2.068976918897702,0.0825446582994361,0.08083984758055342,0.302950396347744,0.30363773086229795
377,1.619142988765081,1.5508756821444742,1.572988772361945,1.4190794542985683,0.7304621793681981,0.6449288367775515,0.21072635219240599,0.20888422614573832,0.81842599887526,0.8278823366891157
378,2.6098624564411597,2.8353038391965715,0.8183144891064252,0.9622659750597118,1.012419025646137,1.031041250125445,0.15996755971864565,0.16058456072553062,0.5441358173669589,0.5447944434733573
379,3.061528256620541,2.869952646876536,1.4560483461292728,1.3392467198136282,2.5377640016795335,2.5082740030005772,0.39819277938315395,0.3949767741545854,1.4200605692778203,1.4321984707757505
380,1.9240374230818453,1.8599372691079292,1.762669935495496,1.4321800465217813,1.275867516123225,1.354404329024839,0.15196059191358802,0.1477141463656148,0.6738733012728182,0.6630385467211126
381,2.19582175733318,2.0816060105116923,1.3920687807134915,1.096149737698308,1.9373478457514768,2.04765404279979,0.33814057940728504,0.3340432489847721,1.0284745939656041,1.0357104568286262
382,3.3747334915248604,3.6362036803235647,0.6781378762991259,1.0791695111952144,2.926792458091342,2.658250571193847,0.18313557452561754,0.18785276487606675,0.7745694447519719,0.7805103588911843
383,1.9015823058581072,2.0589909202646677,0.7046630651837157,0.9086536846074743,2.488697022882995,2.51925655900386,0.12528528302508052,0.1214894817820737,0.6077082658488437,0.6036676715952753
384,1.59214202978617,1.7193066511894923,0.1032229143139551,0.3037868483954255,2.4046379476966457,2.3179101991298086,0.22449446114485333,0.22545953351981723,1.093795381205334,1.0965219803092863
385,3.9748467595166965,3.7673448969162555,0.28851205089751286,0.11383795742761671,1.3278129600602626,1.5841746005732915,0.35698608286620537,0.35221991306152806,1.405114176664134,1.3946346273744115
386,3.725286443984925,3.7402099915598774,0.9658026444053418,1.0624710508499933,1.6739665783775117,1.5752305170890977,0.11312409625737045,0.11249189738969986,0.4342754834791144,0.4240724544987458
387,1.7271368869918555,1.6369987129203345,0.8656795649398629,0.46973811455551745,2.8140602604339855,3.0,0.18699915201657208,0.18288276793854302,0.8798251972287469,0.8838184442991643
388,3.043365571926222,2.65645635806756,1.6791576329667732,1.4560883484412512,2.76600586278963,2.7070007250443746,0.3165184131774158,0.30351409981398336,1.1300559976972349,1.1506814080853394
389,2.4784359301404577,2.6174545378788627,1.0029150779124345,1.0202107312924014,1.53162952338967,1.5430455457946435,0.28628081270338507,0.2945379914135089,1.0567542372817151,1.0460632641932357
390,3.422126493321867,3.5234357330635895,1.1202824049513767,1.2810574706094982,2.6606766057438067,2.6143505240544584,0.16675477481770093,0.16490199380343099,0.7536963331799712,0.7562950894256463
391,3.213743216180975,3.1254176918829564,1.7551749027455616,1.6593469024864447,0.9232633672152306,0.8916578378975787,0.10368645008079136,0.10235110840471039,0.5058436378244483,0.5069931432453229
392,3.60973901129375,3.1006770882346615,1.7517073868902344,0.7881396177720498,2.5549784370164885,3.0,0.2920600572915646,0.2779273105540592,1.0083219387464577,1.0002220486266369
393,1.7334909014303144,1.785959098102693,0.46299679438318175,0.5249137103786187,2.2320626639639887,2.1578134906459896,0.364509722685341,0.35844443897289885,1.120857007088938,1.1232999861756114
394,3.507259457682253,3.3784194148089277,1.1980198137163889,0.9564021958864852,1.988064204337698,2.0955658342029815,0.07025367282006738,0.06928171049523951,0.30901175173059214,0.30691700000616345
395,1.581867186592153,1.5878259772490357,1.664042982273365,1.494717020812211,1.066162982806662,1.0149989603051353,0.09316985291506125,0.092722495281092,0.3140842686448683,0.3092964100423016
396,3.921396577339702,3.768824272259123,0.15471724774166293,0.1,2.6438323586572037,2.687984427129242,0.07312671303181527,0.07550190849710756,0.2623197061517093,0.2648710308124504
397,2.704025266890272,2.6093974238058237,0.9386668869691746,0.829237044681552,0.5162314107445358,0.4905489693372412,0.13903659660152787,0.14402825400147967,0.6889973353500347,0.6877354492497384
398,2.905879121782327,2.90424783556474,1.9529838446361645,1.7229534260683235,2.23278499821917,2.2639512992694675,0.14544052004374575,0.14899486439260665,0.49786527512773443,0.49483583646819124
399,2.076867333467547,2.1802561841398536,1.208574354377727,1.3248960578838387,1.7871560587777995,1.762991245930849,0.05270581655950903,0.052311634811158525,0.16085370545161878,0.15834086346383036
400,3.6421882815031887,3.496015106519925,1.9038468947794653,1.784575254361914,0.5339534560104846,0.5334633710371417,0.060429278419159425,0.06065358916849942,0.25740149999431283,0.25703041529387805
401,2.469151100420866,2.547431202975689,0.6753687901704756,0.7658577224588461,2.7723524974113984,2.751560334512413,0.10532638068076317,0.10601168846276543,0.3370552889832037,0.3405907421159095
402,2.57611480554363,2.774342829242787,0.8412129195249985,1.0263528046190329,0.8287117122358302,0.8370267230616025,0.30265120022638414,0.3084798791620323,1.229566574613546,1.23256351100892
403,1.8859985131178492,2.04729115423675,1.5561935587178966,1.6041439993003233,1.092033401032643,1.1457049951323217,0.08532105102388476,0.08443573089673725,0.4067303194506111,0.4015525656695015
404,1.5749605569876053,1.6996859385406622,0.6260641355990629,0.7246497472866085,2.198251836278028,2.291148846394772,0.3733007275698294,0.378635147658852,1.2632269400367926,1.2642269102840888
405,3.620504861940022,3.859577494267408,1.0199871293286993,1.2832439417830743,1.8127668528153384,1.6702417582061253,0.12389252096517586,0.12278925349376989,0.5301805775207521,0.5346937153261331
406,3.295020074780389,3.459124686960727,1.697367879857378,1.6497027790628576,0.8930445939441602,0.9219426967598244,0.10161823819119742,0.10282689152531319,0.3525561026052029,0.3551682768590504
407,2.8634857428800937,2.815710263244862,0.1423358169831573,0.19245105175305366,2.686070778779537,2.499102077773684,0.4762941539640172,0.48735085338351075,1.441894653677938,1.447665864951366
408,2.143674979300182,2.198087308180984,0.5709924044502369,0.5374644330198569,0.9831046909979301,1.0339852940813683,0.12726188554703127,0.12600456776483185,0.5230747586863465,0.5202441784356762
409,1.944577150213612,2.0342828158091493,0.6356142696904998,0.6835842628471623,0.7787919267567902,0.7873382822798336,0.3232081241527053,0.30910465495293254,1.3628572697269266,1.3606528683220624
410,3.9886607281574067,3.561734589426502,1.5760749212942133,1.3437117818833122,0.16591136087815994,0.15936479471456472,0.27830782229227924,0.2716817921089507,1.094877156330793,1.1052554718628365
411,2.815158545419021,2.999656885302743,1.649203020507915,1.799526571347196,2.806015371195673,2.7315603754205373,0.4811840366894109,0.47258068656629443,1.4849996979783269,1.471999696048918
412,1.896297983981644,1.8602756988884241,0.9268974265181562,0.8491747115933715,0.7769657541755628,0.7776113781019197,0.25478552969781754,0.2577700825866573,0.8297961712376825,0.824963128764817
413,2.2677278741920954,2.2488975173374994,0.771714861192995,0.7180179987419545,0.3706758834223789,0.34361633397909463,0.1902267979110762,0.1939404542142069,0.8375879363046901,0.833959311703654
414,2.9605836901316938,2.976992580759536,1.3944563982248206,1.2843705711790263,1.3650290872361592,1.3777185951871096,0.15638896027842064,0.15657032690867703,0.48694845752614513,0.4836930925780993
415,2.929685151093642,3.2176009102397103,0.1348307925876238,0.5460539622600473,2.5811808958786155,2.1132249997540136,0.1252313369570018,0.12966653540331854,0.6040688514800715,0.6000677073390179
416,2.8322879740708924,3.3412649792493974,0.5134149551554232,1.138966837241068,2.5660572929769048,2.17855344061816,0.2824675560230516,0.28018163205700414,0.8859466262387833,0.8829466147413653
417,1.8282425602836516,1.9386098468067778,1.3802270073769234,1.5625494734607792,0.9360489504013348,0.9274157543364429,0.3845242196841946,0.38823829295893403,1.161494947672869,1.1622225670663882
418,2.4743160995665385,2.5597834821150878,1.4912832850259967,1.4604388860243744,0.7852110258786106,0.8797999783214282,0.3950979232072407,0.3979067638591953,1.3446137572711798,1.3424516312474404
419,2.292102752150978,2.2452722414837805,1.0360834036335789,0.9676402200399143,0.50169252526432,0.5130251657251679,0.016169228346340603,0.016012021299994128,0.059511583260442785,0.059085798355783724
420,2.4922721032514676,2.4837188305741025,0.12232939460832953,0.11746267174213326,2.348756738220693,2.3438729866750365,0.29214421842556315,0.2977865149962643,0.9692109275259829,0.9797991156285739
421,3.645553124980765,3.829441224608438,0.5537538745501739,0.6044789338065432,2.154810737173025,2.2150576120968775,0.13654570964989454,0.14064083657619597,0.44260765787278705,0.4522407493533633
422,3.9947141457184134,3.9828455798289517,0.758593655316439,0.6772354252666867,1.3568003769261128,1.4154062775890421,0.04159924782394016,0.0416084497738842,0.1583829955196117,0.1584989103505583
423,1.74954641409066,1.6802362909408939,1.0727258010196694,0.9069069820897836,2.0473635370862207,2.1224202814529067,0.14903770583365297,0.15159846190570805,0.5329378590028196,0.535183386288015
424,1.7029651341514673,1.7571692356188062,0.2941159912937601,0.3387882894471086,0.48842570296273735,0.4878927580872721,0.29020272650450296,0.2889822018459847,0.9878072643965607,0.9900128392789279
425,3.2588094019617517,3.2105597314178214,0.3385565435061242,0.25961566624384314,1.2946958958183763,1.3592302306224666,0.20144339183389331,0.20776279361070854,0.6831934890794507,0.6775023763838585
426,2.56500369644766,2.3045771365832337,1.4134708226632158,1.119646179598977,0.7086793136877451,0.7137789305441642,0.2609349929328081,0.266035068656647,0.8709551464087971,0.8740607896519494
427,3.943009576464964,3.390783720172456,1.2099411682927446,0.8709651142290951,1.066764379790306,1.1255708105531115,0.2713379388638073,0.2740019336544872,0.8895025294026511,0.8995022854629172
428,3.489196211636169,3.5083944381691703,1.2641473442185371,1.2729712780949338,2.2441047139703225,2.258095438189033,0.09913395632434677,0.0951995687804858,0.41525926486209463,0.41395109407492864
429,3.276798347330338,3.181112106413439,1.0578163168495498,0.9384082634915982,0.9661720045340814,0.9374708866621863,0.39715871394267876,0.37416401140588473,1.4636895393905325,1.4536845909799292
430,2.4667561075729494,2.641816017858529,0.10336013201385827,0.1,2.1478801084646917,2.285290951796297,0.19063379518293122,0.19329086356556532,0.9350497332405581,0.9296201716005074
431,1.9428377679251603,1.947925606751889,0.4099769139981586,0.3225929375392198,2.0127498332068443,2.0884751387752,0.15314227268416833,0.15051434622573615,0.606969253207597,0.6053329820819592
432,2.0812734584075763,2.0903794333904533,0.8693751850061734,0.7850313808068452,1.0596460515469266,1.046019727515435,0.10127896547498691,0.10369960628784593,0.31779138348989083,0.31049070097873943
433,1.818733662616878,1.8947258964940443,0.81689349709411,0.8527121638830399,0.30463197228934014,0.3315806311955492,0.2607455893950135,0.26988400434435383,1.0926279735837976,1.0971488795616253
434,2.398231813096047,2.2047175279319156,1.295148478001707,1.0890295849442042,0.4037582801460696,0.38617423921406724,0.032751084732920495,0.03358645617222358,0.1516621193187469,0.15067868682178776
435,3.4225559573225146,3.031533962260733,1.3242070315320689,1.1103211559995052,0.5722235535752798,0.5603907806654784,0.285278752992825,0.2958548036724415,1.0659127300286486,1.0828754907310272
436,2.239094464753761,2.225555222573434,1.1267550372059225,1.0428089477394902,1.8767520350043925,1.990749087969738,0.2238891800302016,0.2267882225488064,0.6998851260394126,0.7083017790445191
437,3.979272882825218,3.8179743268279855,1.4964342514580753,1.3489802374176572,1.8314051054471205,1.8583087684457438,0.18048887976852368,0.18760436880975626,0.5425409441003523,0.543941368670306
438,1.9181776864076467,1.7867827036892387,1.2255529751593304,1.0336540221496073,0.04875174685124861,0.06771321626780451,0.10560584951731794,0.10465421156915877,0.45099301316573676,0.4531458438642634
439,2.4608892502376225,2.3042216993100517,0.4541345456228987,0.1830342314327454,1.611529813752889,1.835217978351132,0.14766992449379832,0.14484701893505847,0.5638859674578832,0.5651179028228261
440,2.996099142526533,3.0125137582697716,0.3123666226634777,0.22751861466487078,1.6929158341493917,1.8522905470489308,0.06783982370252631,0.0656684277137688,0.3328096814456564,0.3336501766710599
441,2.164132384177799,2.0623063358732048,1.5954198884691406,1.3974541086631906,0.39665959566228937,0.3263047899324681,0.05640625692181235,0.05706361410071569,0.2245824713337663,0.22547844166643363
442,2.7876010558642,2.753021954199286,0.6432334035739659,0.6159028695760052,0.8589305244179822,0.8304937299216382,0.13552387415320216,0.13547757767375967,0.5052641469209717,0.5058475844484336
443,3.1729753135495247,3.200216729613628,1.4061462395749542,1.3857548286654418,1.7708981480546808,1.728967798316409,0.16580579613959023,0.1697725079667442,0.6692433121496701,0.670719609484324
444,3.384542151922753,3.3207354892858643,1.602819256106358,1.4980786340378733,0.9566851099145299,0.9368184048537213,0.3838810127230757,0.389606705155622,1.2676832859326377,1.27581690113296
445,2.66419062787155,2.6216615882388146,0.9861448494352506,0.909681082621933,1.2900452484181226,1.3177386987920305,0.4473970325293365,0.44478984499865337,1.4077336080805443,1.4180412214002294
446,2.261807079654358,2.3088436917042396,1.172883421371715,1.2851682455114246,2.241931484145318,2.1820349513598174,0.2315375075111149,0.23168653485587934,1.0009600335342583,1.0038526643904184
447,3.544975482382997,3.342043206572646,0.5145356941328021,0.43669709099550336,1.959646232817378,1.949793549632434,0.2796582004057567,0.2667124039414457,0.8902501970814972,0.8870694662201462
448,2.097553570338702,2.09292039453966,0.8106205582143429,0.795331084188336,0.034914045183689235,0.04330811734921571,0.23072754406654447,0.23313050824513507,0.7501405779825107,0.7569045413155536
449,2.3366023059098495,2.563666064876103,1.4604168197438052,1.6286705074948917,0.43683912521279844,0.45353092279581353,0.14922080426443013,0.15446474884140757,0.4657129261002961,0.46266285582061933
450,2.490187063734719,2.506301528086299,0.8071590235977816,0.8066436646900446,0.9588417951115397,0.9745507499142957,0.24599894913612297,0.24750002823140113,1.151607808877011,1.1538480933078372
451,1.7778218023754733,1.7958958535382048,1.7247046595400874,1.7763036678399482,1.7906878914265838,1.6822710407275556,0.3186091975041152,0.3161307493817267,1.0850766169388824,1.0770766403038134
452,2.3038937923069978,2.4939764427890156,1.730661025255018,2.0,2.533737813104159,2.491623322226854,0.01850618666708788,0.01811375269462174,0.06071476017124863,0.06010744219311023
453,1.7435640127597893,1.5410822627631413,1.8667586258201632,1.3829016205975246,1.6687551376268976,1.6571466369684342,0.427297264295652,0.4064518948348735,1.418529797545272,1.4285297879636203
454,2.5014076381087778,2.466164737974253,0.3850343172277344,0.3604745587090499,0.24587620825725098,0.23531195132220764,0.06591175426587183,0.06458422465053461,0.23547730473795148,0.23332964425619396
455,2.023496549218006,2.2272052275519028,1.437099200724458,1.6416445715431291,1.9061298539818634,1.8974723276265788,0.22772575070390447,0.23670945048615075,0.6975441588319682,0.6945445845322527
456,2.9363892046912614,2.883482663724394,1.6338465916988985,1.556285441584741,0.22755541447808647,0.2377082335666887,0.269183960872244,0.2666963904987746,0.8624789917090334,0.8744784735925956
457,3.3274943630083955,3.3356222336302244,0.21642490807927323,0.22875806798807188,1.0989372883576451,1.0942692495884079,0.061482558808173854,0.06131848295790741,0.1867778844257872,0.18524109150550114
458,1.5838725900246802,1.7655723735538364,0.7377968448640734,0.883096818554221,2.6670053821044193,2.6276213450789823,0.2631399878327367,0.26069547752740146,1.1132924844638412,1.0925051237433685
459,2.048668635451663,1.9931708312068082,0.4398005980016666,0.376030971510135,0.1778056974875808,0.1807769492177792,0.4043218389592048,0.3990601997324934,1.4038178859330714,1.4041901135002495
460,2.1722096148532093,2.267591127603471,1.5934214190559157,1.6023215910813362,1.2321028953283677,1.2656286780096417,0.2272114615548844,0.22521887039492575,1.0744537767790958,1.0813147499512226
461,2.376186634370035,2.4564190133906894,1.6218235077146388,1.7586847958886298,2.4735670738186095,2.478424934910243,0.3187348691820253,0.3223732556759008,1.3805850894686624,1.384585073454517
462,2.2743386747523764,2.2430000398281837,1.61083830033981,1.4737510266779554,1.9996603083441187,1.9731720477452472,0.36229548276772905,0.34868381392433423,1.2050501989666538,1.2070502101643017
463,1.7796199293351478,1.8807221042225268,0.1768465001422456,0.20490130892070377,0.2288720545533537,0.20401039444918395,0.3090706296977375,0.3004988405426094,1.2430903536396571,1.239199222863488
464,2.2930249216029206,2.3588039021505214,1.227534732356501,1.4536032702562713,2.629460426608185,2.5708227913732333,0.31395216206315735,0.30643948899914586,1.0295743652213771,1.0355951554735232
465,3.7198465345304124,3.4240016752485505,0.46293944006910004,0.17158850296286562,2.495070257561054,2.8451001964478775,0.0840731681014653,0.0837334585340187,0.32431747695098656,0.3294883371086704
466,1.583836449641172,1.6457605461395535,0.7887357355071731,0.8417009133805474,0.5562769442315569,0.5792786041112853,0.384132694350103,0.3767477385284998,1.3202041941797136,1.3244856956725732
467,2.22844224589657,2.23365790691699,0.917922553538518,0.959566512597586,1.7358593115318912,1.6966221620101627,0.05308266701412542,0.05509086106564229,0.18879708350288388,0.19153637526538864
468,1.5775239479083414,1.6420269888504495,1.8143189058427913,1.8242299641211097,2.216523355659843,2.245945307119294,0.047248799672599893,0.04793177188004741,0.14856792568744448,0.14912737317294383
469,1.655779068020898,1.655001377885105,1.3611084261501822,1.2704171170438476,2.0117982035689357,1.9680884620877386,0.06748844093004629,0.06617008794118762,0.2168556528214075,0.21480610310826065
470,3.8040958442512034,3.7415879264780507,1.0923899492617757,1.061680650217585,2.097178946606233,2.1161970412564917,0.22054147706282395,0.22526141320954501,0.7696616087512698,0.7697312290565014
471,3.904043145235409,4.0,0.38904959106319326,0.4417966882666199,2.0769266642604483,2.0356591380943736,0.06030846586951563,0.05920065007590135,0.2297389984342052,0.23139554895172282
472,1.5073091724176448,1.5160112902851846,0.2969325010928715,0.2812522314304308,0.21704215612985633,0.21772598832868384,0.05392721211490217,0.05246984639778496,0.22220086049691168,0.22331327055070585
473,1.6650392426163705,1.6546587101066192,1.859934721806447,1.5854559748524033,2.7773159890076387,2.8466105483515936,0.27473419430974216,0.27898062207585694,1.0372587910310338,1.0362587843693785
474,1.811947157196526,1.7145881302852548,1.2331824122078765,1.0801512056014377,1.9176199454868406,1.8381966981925406,0.13358387779891734,0.1323619395891281,0.645467159756668,0.6456152093015197
475,2.773630537980619,2.900088365164149,1.713223563269142,1.9509661759222534,1.7222703828846502,1.6929838408836262,0.3005743328061784,0.30685719831183705,1.1600544430891517,1.1650541569376258
476,1.5548835501186855,1.6179544182006997,1.2564096828083182,1.3359302171456695,1.3501628665698218,1.3819994395131299,0.1268654150389744,0.12628089621737779,0.49236807632377216,0.4933045423120294
477,1.9305277136465793,1.9837701295835684,1.3199968656833145,1.3148600529059036,0.8516325709226791,0.8270389789036444,0.12750420313053995,0.12596246530840421,0.44427168281727636,0.4350263699498693
478,3.9536549826257796,4.0,1.7857516606017099,1.7955996186962797,1.7836527701223792,1.6948765834526143,0.28329675181584274,0.28705169603633574,0.9472744373485867,0.9403599651164769
479,2.0727112958552816,2.107786024609424,1.7432825767200286,1.636422887513511,2.965968400137253,3.0,0.24389787709848518,0.23824516270962245,1.1727742246354105,1.1691677168199148
480,3.3654290731198344,3.1657753412411593,1.4946829720819306,1.1358367624235246,1.9323780972530702,2.0076402667281235,0.030781598188582556,0.029764734443113137,0.143902971931818,0.1434535492831258
481,2.7367445860610977,2.740601946300243,0.5407313663262175,0.5919234067945859,1.335743500610805,1.2645128560766676,0.06356890823320513,0.06410744215368948,0.23647568923876483,0.23511679811722905
482,3.4758323498807044,3.2558468294473473,0.358651760606963,0.1,2.4164032491982317,2.828305607869198,0.09015684058530876,0.09175144783799703,0.27419626288986554,0.2812771119094427
483,3.6479494271270774,3.3528892053262465,1.072353862537004,0.8625132922061065,2.2935906016013066,2.258558830658872,0.36647413789621536,0.3689006923688898,1.3117447883179976,1.3147447900811966
484,2.312406035046338,2.3330381418907815,0.5094689728556692,0.495976928976649,0.6397705459905767,0.6195740576799506,0.1462850043760605,0.14669034931910233,0.5611416683956238,0.5570096307368907
485,3.7456039202346703,3.782564594229916,1.3097613673474093,1.3322627238629026,0.4822286877479407,0.49554637337615126,0.4458239690759286,0.44545879714841974,1.3378044520027255,1.3511695218279967
486,3.387985023183714,3.427962496435035,1.215006227010027,1.0447026285419494,2.144954957923808,2.2099619943321107,0.4111807211604518,0.41661298555791304,1.3005238064867235,1.286547044134032
487,2.6328462258013325,2.4809335410622406,1.9252362854531717,1.7360450480828296,1.3090846079354939,1.2548921956246912,0.10069518996942645,0.10079537993040849,0.4613053497307308,0.4638294163435047
488,1.54541995991802,1.608534664125238,0.5096877863926251,0.5276399091797496,1.2531050897370424,1.2836149758064022,0.2105243128416302,0.20783202448832724,1.0027953976923463,0.993570446557572
489,3.2862716157040994,3.4589313755446787,0.906575565794494,0.9349664700979514,0.6453206645001899,0.6882588094034414,0.36960915363287283,0.3624220450574414,1.371382775925346,1.3633826121587884
490,3.0386106373748163,2.757553810154778,1.4694918367183798,0.946046630664655,2.762604275063738,2.976308897586238,0.13701851372162255,0.13861959678378855,0.5861261878685533,0.5882080747255815
491,1.727387419842819,1.8093519481359737,1.474905929832072,1.5124610022577514,1.7491563203129246,1.729997383947822,0.20650445317844743,0.20356817930389817,0.7304881020040421,0.724093091522769
492,1.6556803694239655,1.6614440531400612,1.6075689083535163,1.7078103663304778,2.8269602344776112,2.667054116893266,0.09772618463684479,0.0987620244547392,0.44095472308836264,0.44287451335790606
493,3.0264636502908795,3.09662118567036,0.5086772166250705,0.4959094233711406,1.6453140394109138,1.6734710014428031,0.07947275918486245,0.07741104681775476,0.2959143158715643,0.2983484776037438
494,3.3583734005283143,3.613401758875625,0.38116308233598706,0.44924878256492673,1.3526139393577132,1.384450321944842,0.1826228704203608,0.18565559581822444,0.7486973472262897,0.7505097702384841
495,2.7935761505443324,3.1469621043281477,1.2773026015830133,1.5428487184311748,1.374149130357363,1.3686895023568197,0.09716799923866845,0.09190269425578375,0.3205047270499396,0.3169233050103082
496,2.3507175905669744,2.328223098095976,1.3764818340371539,1.2922254947986465,0.11287628606759814,0.09537532546005993,0.14901676862766589,0.14616472082270007,0.5823046079717061,0.5830472267558764
497,2.370419045186839,2.269047513888122,1.7028451512084417,1.5809180221979082,0.2553609823477244,0.3396278744582841,0.11285978403351181,0.11314171917156161,0.42425119183013404,0.4282821276456187
498,2.7551387205569364,2.4952242386140426,1.166803388109571,0.959525622653586,1.5639638389562023,1.5126636585012228,0.30409233730627305,0.292128325709641,1.1070565794560279,1.1188426651692216
499,3.6755450943064343,3.649416353372852,0.5962684773295467,0.6371650875822825,1.1493694116924056,1.1144035769899459,0.2990987010196228,0.2991135695474196,1.3561817713757094,1.347898903229937
500,1.8010891310381512,1.8017515104800679,0.8184539143419274,0.7658022021516004,1.4209779802730607,1.4058320517944864,0.10038683229681822,0.09971065259226587,0.3023377569860997,0.2983376559160985
501,2.4181079434517736,2.606899436936995,0.8916168341726927,0.975555287425145,0.39777850582299157,0.4275775533922411,0.16369072872323653,0.16076459025669076,0.635211721217209,0.6399991100232068
502,2.9362062437376375,3.129065461680601,0.32897328789485397,0.35216936051956005,0.6014310423863461,0.6151626971065357,0.17236001208046106,0.17204918555620202,0.5609555710081355,0.5581567485458345
503,1.6464854676365135,1.71536357611427,1.5576403528000804,1.4797470796436665,2.280853986428925,2.3003021723362735,0.32655862298695937,0.3135380384579733,1.2120887716505577,1.2020886902525325
504,2.3860598607329875,2.410376973964101,1.8207287479352394,1.7264075312723905,1.4062865213266835,1.4418040623581123,0.1828719742088608,0.18638602335984342,0.5526023956341364,0.5502793289284044
505,2.099930632364778,2.0350703718248746,0.21071044730149024,0.1,1.6717643703826266,1.7307109179060018,0.27348323353012194,0.26173086771828724,1.3213902046204855,1.332266043914892
506,3.537730630194897,3.328446538875143,1.4122741623302864,1.2826625248866375,0.7475152432842671,0.7175142274945658,0.06160069335671598,0.06099062773831909,0.25533618633847477,0.25665893701612996
507,3.927647219827101,4.0,1.9612443040489975,1.9516978341620528,2.126193261046218,2.0873315254171394,0.04046671462850112,0.03997780235264822,0.19856568612302306,0.19753652345792144
508,3.472087939113096,3.4893851070884887,1.8508249917678607,1.82904339688181,2.5439264286221013,2.4379785966607237,0.2211645396315295,0.22761202896199395,0.7404043474163248,0.7354043574577722
509,2.4584054913958,2.464023082472345,1.0984170349445994,1.0920430436542015,0.008922403144657087,0.009655018105232994,0.0910284084095278,0.09296935359725465,0.3741365628535829,0.37593810045945714
510,3.600787325842857,3.6765498212494334,1.0355199560743475,1.0261981413627486,1.4823541638652706,1.4779430272194451,0.3443172313701648,0.3400182518673903,1.4750551437310746,1.4778878303728353
511,2.268478880807862,2.3160406320931712,0.2438024755318142,0.22772530157787876,2.0360467912277356,2.06632680741999,0.04103169835144843,0.03974745407659087,0.17689054655158798,0.1771230167550587
512,1.7312722702899537,1.7487265883893062,1.925411461189829,1.8240289336499216,0.14091556760078428,0.15081543847210999,0.12302190955667956,0.1279530190335396,0.5816085261896043,0.5792033652256732
513,1.6564496994741997,1.6232233946295105,0.22690433838471796,0.20942372438720996,0.015386946680979952,0.0,0.022054571319782522,0.022317015269971735,0.07023428146685051,0.07034500133334477
514,3.6375456152367804,3.500399906951702,1.4755896929382395,1.3103712959563276,0.8993957677107911,0.9209976655379869,0.37280961195335927,0.37599027698423,1.3822948804791175,1.382182126958945
515,2.707867876180977,2.7046229311639074,0.5993396493206494,0.566471229310935,2.318124597660605,2.3468812115113526,0.16378195881533258,0.15883477962737144,0.6902157258747367,0.6873975838491828
516,2.594281092094871,2.621368031783526,0.12203741277833934,0.2772468078128897,2.913166777576701,2.6525912262138984,0.04781948184694316,0.04631652316361713,0.2089951604527625,0.20761842100491754
517,3.548526923536919,3.393790252345075,1.2408461052000133,1.098390250303878,0.5447947024439804,0.538365861896287,0.03854925997932984,0.03964606657971652,0.16898931592260594,0.17017218083587593
518,2.3623617381180653,2.472302949457933,1.6358105170425956,1.673413833059806,0.5038863276887959,0.4456849733510924,0.03153663419665409,0.03158881365728262,0.1355031965398344,0.13515440092934175
519,2.8889440265874224,3.1294002589560614,1.2478182987099993,1.472293184895238,0.8915677990628297,0.898137401178588,0.2502978824685464,0.2455934767269007,1.2264760165542266,1.23097427793135
520,1.5911962311388677,1.6630040480887578,1.6803974977834242,1.7424475067590202,1.9460991611854683,1.9099388671165614,0.042765711729910214,0.041339226736118936,0.14972817191941257,0.1458723199060037
521,2.886507312084071,2.9215570591819446,0.2388026921619667,0.20451447951420088,1.3218260247049516,1.3507937593384005,0.1547028569835449,0.15638738403995678,0.5732042282026233,0.5707528348982932
522,3.8593235600890683,3.999986610478856,0.6683055437911569,0.6873378963367472,0.3613017274229702,0.3705741514615112,0.23918176906519079,0.23714832215629555,0.738654997165124,0.7360160267347551
523,3.8039749052529848,3.376684989786401,1.8025587305516364,1.458736339579541,0.9847592854448735,1.0166453894817422,0.026920271113403685,0.027323777518641405,0.10973129622316383,0.1090217632670195
524,2.90282713257354,2.9708057038792015,0.8226162014527924,0.8270392710598938,1.1569669760998174,1.1397495466699648,0.3636568130181551,0.3510407734946654,1.280354213590528,1.2641133046136133
525,3.4726348400166493,3.5140535037901706,1.5990394149027662,1.5222501456382351,1.0371066494850871,1.0737953779066387,0.17336282123654329,0.1758766652903747,0.5354496965024254,0.5306875555249113
526,1.8089489436627528,1.8276047885062794,0.7215831877426429,0.7146813922518993,0.6854309263507328,0.7340940626849611,0.24493239573130945,0.24176511954335342,1.020168331840641,1.0255575728639
527,2.2065057112145077,2.3346446591865773,0.9754542375696043,0.9776252558289473,2.869021944863793,2.999997815197996,0.24738777445873483,0.24150909938279505,1.2003192646602423,1.1903193335852194
528,3.995745883764716,3.6864054591558633,1.3427581592753188,1.1536769762247703,0.22011005022559882,0.18288757956107965,0.02564018037673442,0.02638545082098013,0.1260400702255217,0.1262578855312091
529,2.1200419011650578,2.021657323847286,0.34806918201789305,0.3445081282306607,1.8545027200467794,1.796275423606986,0.35612908912943464,0.3554557286113419,1.083195839234292,1.102254365540949
530,2.108077316580055,2.061882803396831,0.23308811800908918,0.2103209277335038,0.17716272222532436,0.2021865306027907,0.07802713851793763,0.07728954916425235,0.3059003334311099,0.30942015195103684
531,3.1947846464378946,3.0646433345003254,1.7128468720053978,1.6020873213775524,0.8371918317032161,0.8969328924752906,0.22192034693405494,0.22201975845186467,0.8093025625828133,0.8144463221801835
532,3.159897149228577,3.0584700700572935,1.1978681470219017,1.198534880360256,1.401221641107477,1.3738870283876348,0.12415102311347127,0.12320051073712125,0.5468329452913955,0.5467034820019466
533,1.97308530373365,1.9001809924354045,0.30322414633985795,0.30435901346149746,2.208960110888402,2.069911897166458,0.3555553541650204,0.354458020575404,1.120289211017833,1.1270300696557143
534,2.5327425674026536,2.698486338896614,1.8820301697386805,2.0,1.536851304061114,1.5708049358335312,0.08913276374818366,0.08697817757098496,0.27029849771119774,0.26848356800770734
535,2.9141282242874627,2.881843124850713,0.40660282472434484,0.3094294697221001,2.0834199796720183,2.204677546654745,0.04936730159880037,0.05008644447976325,0.16050376173202102,0.15844579296478398
536,2.5505184587322907,2.6171300693899386,1.8794456462243783,1.9802733559980092,1.3309920308848195,1.3151344473821958,0.2119621540800673,0.21433444954086034,0.7104524788500162,0.7101465591276324
537,1.6269569949479883,1.5345824352331343,0.7119861380060317,0.4025619695974474,2.912105469593676,2.999999835706543,0.45662373884704316,0.4577678086420398,1.433557443865815,1.436557417150433
538,3.0268714932341787,3.081306239821165,0.5545765344998212,0.5720391196758843,1.2079742664570707,1.207823865626113,0.28954163096966523,0.30234822828583097,1.2276397699876955,1.2277654163147786
539,2.7592258922511306,2.7682487303182386,1.5390297745792907,1.624323053207568,2.188559192718754,2.126059677998421,0.2639091280573205,0.2663384571588798,0.9222280306102855,0.925228029806655
540,3.3690004679956735,3.3604063427622948,0.7665704356861264,0.7050020595937432,2.409484276184398,2.432192295335285,0.38461511573458596,0.38480944164994935,1.258284260978921,1.2450221986094334
541,2.2966319451276593,2.1679619876369878,0.6739190132140234,0.43134544088784676,2.396898519652627,2.574187315674889,0.40621737819912285,0.408053720915616,1.2762911171053897,1.2826122810194263
542,3.616685918928758,3.5722030196246677,1.6437401960921842,1.5393142153123947,1.4824789757554206,1.5288544895179097,0.39263926734744337,0.3898627089889557,1.1792227525263579,1.1769036786751783
543,3.844414928755817,3.999951895250044,0.41728176156894947,0.47499831718563645,0.8205520779544397,0.8080605857345546,0.25078505996032,0.2523174207745854,0.7990096945655406,0.7811330248144357
544,2.2363542503161167,2.223828209763633,1.608295615856543,1.5736997538630195,1.2862173475794108,1.27518729989948,0.3459499734817051,0.34437887348320645,1.3764158382660474,1.3710163488401785
545,3.705293646363974,4.0,0.8996629394642947,1.3544039846859144,2.7272626158571125,2.509866439212795,0.2869082147043486,0.28067448126980304,1.2866490754294735,1.2992514046397061
546,1.738182459726731,1.6567819907363206,0.6074473526493575,0.4854040553965714,1.0815802832794055,1.1831372973157592,0.18312612512177284,0.1856588405505426,0.5551552726365006,0.5638441374807177
547,2.847093914830321,2.6256269837525754,1.3571805097530967,1.026092754308015,2.6488717566350375,2.653540086841758,0.07253781185893991,0.0721374121619261,0.25346364251273995,0.2549718690750069
548,2.746854304694558,2.6626928319467638,1.5811362432729175,1.4703005084725778,1.3228083377449242,1.3452022650964772,0.10600115558935694,0.1078839092114779,0.3950250148246318,0.40027519405410966
549,2.054527654024984,2.043472813738138,1.9281575706078815,1.8078749714733466,0.923231165592913,0.9299982174426276,0.1761207769323289,0.17656331438637007,0.576991239572594,0.5742596671115902
550,3.400548932423614,3.410884844655959,0.9454564418732259,0.9904057710596263,2.5642377446220173,2.5262042400442817,0.07095508252411478,0.0713142673234097,0.23298029414779908,0.2355857195448322
551,2.786393525910332,2.770059162477837,0.9411939588073757,0.9232737370130615,0.13208468061445966,0.17198076999473616,0.35710793281509523,0.3521603668819496,1.213648284794417,1.2311429223150223
552,1.9426970342261063,2.031763009473659,1.9555333369521268,1.9999947015591029,2.1382752782323484,2.082004117005839,0.23669014648053976,0.23528486843486157,1.1805915497486394,1.1705914049820696
553,3.9207766847519934,3.7115884835646487,1.1514090096023042,0.9706274701517439,1.9662485504952574,1.9431008831942809,0.3149814064427826,0.305480680548527,0.9924803032699895,0.9879017668142168
554,3.9259165959495044,3.999999155952011,1.230806382872205,1.3527267954489355,2.511217056454019,2.416137185983427,0.12170381420900918,0.1276526795380971,0.44314259466103945,0.442530626090736
555,3.2820610065762272,3.5343680796015273,0.4704900371468458,0.5491241022733937,0.05475631280547699,0.03566264147616576,0.03309527128018535,0.03267797798353269,0.15140726856644426,0.15071211326982029
556,3.5482762826537786,3.305935173816931,1.7080607463678399,1.2636011749209413,2.0865276381684463,2.1963794804212973,0.31935770561633964,0.32293835572866103,0.9961752739796208,0.9855096830977965
557,1.8183648970325543,1.7896614086804283,0.3688345050793581,0.19331344544233517,2.85314142663261,3.0,0.12407360370768152,0.12461039215397254,0.5757000778084123,0.5784559889310743
558,2.88755285330505,3.0243854543164415,0.388946038792913,0.4390799446718602,1.1103236391818656,1.1417070128986297,0.03810996820052401,0.03694530085945197,0.12327001888344599,0.1252325772243432
559,3.748130936222463,3.699030227845913,1.7363812816535285,1.6598888055964929,1.3168800076506202,1.2839060379499034,0.18368274441878496,0.1823698409156579,0.7760817718272166,0.7720941795099225
560,3.739185992531543,3.4777631874971866,1.948369807000299,1.525107693972346,1.7657149956996014,1.8654353374658592,0.07221585163528564,0.06989877829861063,0.23697077543910916,0.2391429737324416
561,2.081523232028373,2.137370867416271,0.7371432801861806,0.7657347888308936,0.3568029109062174,0.3844942619220456,0.2698364883131213,0.26187508354550937,0.8743379376283815,0.8749724387244908
562,2.8914028705739634,3.2371603254816876,0.9960826545514766,1.1423751114819638,1.1688665096142985,1.2217210682042583,0.24233799158364916,0.23703942491692764,0.8687879055837583,0.8574477140956828
563,1.6549036220891828,1.699864348452291,0.3288867807579805,0.3278914962939979,0.7287126994267922,0.7193371872697719,0.2554587377199956,0.27017973662672745,0.7967125628535322,0.8000863187137447
564,3.6484629442511745,3.875779376853738,1.577039721317209,1.7401677210452793,0.14801121863253197,0.15144179481655143,0.19774691690569912,0.19821547788588928,0.6662992360849754,0.6621868270917833
565,1.9164315129645857,1.8166751722364975,0.6859602887129627,0.5635547818062102,0.0785525058408102,0.13930090546910304,0.3300392354249613,0.3436381495504377,1.482020362337699,1.4912126787924371
566,3.049069241694558,2.74462822293934,1.4806087917233135,1.0016075651962626,1.753082493603591,1.8794409110186514,0.13121873942164763,0.12769428349013004,0.4853154075225099,0.4883153376155339
567,2.2972069745431836,2.3734812971704895,0.7636164804760307,0.8136010966670675,0.7164483896559809,0.7360147553291416,0.22755402437942185,0.22796774267260492,0.8720793498693067,0.8643405312480723
568,2.957617334750582,3.2797908653982284,0.5289529923292434,0.7844516027986204,1.7193424783916473,1.6427044093134107,0.05345361765936801,0.055490427662178606,0.21509408189105683,0.21272315082137266
569,2.6164899273589457,2.738624654911304,1.3834938271213941,1.4017945579600406,1.2749082952459108,1.28640552248943,0.31713646066810214,0.3119120590485767,1.471643551257925,1.469326195168456
570,3.173218117284949,3.1373634837539797,0.733392009976692,0.7825760514692288,2.4734356092831926,2.385932500300187,0.21365913182958635,0.21231559578914663,0.8481955066652133,0.8490958760151202
571,1.6674508911300412,1.682259668317304,1.973162450967025,2.0,2.6647470228324583,2.4877882885434732,0.21474306929431328,0.22017457299438403,0.8991932013367252,0.8961932907334437
572,3.18133123305463,3.0841676798257938,1.5276580557217103,1.4049474769555237,1.1671486410174543,1.177266807350135,0.2542593362868853,0.2665072635767681,0.9328853682299448,0.9315355632589025
573,2.1180996591882497,1.8651784868640688,1.9623518619515914,1.4684019308776373,2.672701598830143,2.7740240803940184,0.3616354264205859,0.3568813541944056,1.4690166866473657,1.4850166998317715
574,3.1432417120140625,3.241347321631272,0.5664673592191669,0.7514347521627823,1.9222886756084474,1.761087554653773,0.31544067445071766,0.32961747810669295,1.1002557684421306,1.1044769128694827
575,1.6035250396923364,1.6220920062699948,0.8057689339838514,0.776946126689636,2.1357233679862158,2.099161594880224,0.3761852815179629,0.3820815176279822,1.251618940967475,1.247618919482255
576,3.599315855124208,3.2647269837250086,0.8593743496688533,0.4370015442125864,2.4583433145334412,2.810543564800521,0.1994882678453811,0.1972628739679398,0.9899113716849537,0.9881423600664486
577,3.9781253571115194,3.9989355564957876,1.0884926086602515,1.096166146121254,1.653819485737332,1.7303049248692863,0.38404330148031063,0.3896705001899634,1.2032219180438743,1.208993276116673
578,2.985131075129339,2.947814656497406,1.57702914537639,1.5382840769912578,0.06755506859632154,0.07109778519632472,0.17629350352627754,0.1728988053956637,0.7959677013583041,0.7989675836941506
579,1.9528950543337185,2.1690909318274967,0.6337685907762538,0.8205076682869232,2.4565831543772916,2.498237880076659,0.33318409087843215,0.3366522632215636,1.4997947977885926,1.4877947980773127
580,1.717645519230124,1.6975718573305871,0.7646926382227431,0.6040734121995366,1.978724151928834,2.034015952095791,0.1799100346083793,0.17759380147361503,0.556207115279066,0.5612072032493585
581,3.704069792461932,4.0,1.291961027757078,1.57795785926444,2.4330183979727007,2.3420061262944647,0.4188481419719777,0.42113857919939324,1.3189398726925545,1.314545274466555
582,3.137999435873385,3.263594955860792,0.5576465871412875,0.5759609949702925,1.488434203157836,1.5143717371095393,0.2827856421898118,0.26583324399553865,1.1945566550582494,1.188882325745291
583,2.1717046968917124,2.1709101285488845,0.5020587000005701,0.4950020258887373,1.267318960600448,1.2495901523817285,0.04043158024256908,0.0410872754041497,0.16817860247014588,0.16668231732232186
584,1.960146293054047,1.9263003526069902,1.8576707446052336,1.8731800251771515,2.8258195981148306,2.7311116071161745,0.34760000432372967,0.3585329774691951,1.2155491940869068,1.2185484122215384
585,2.074852927437999,2.0052392402776897,0.7403164479654404,0.7070602207675029,2.57639847687766,2.5973507874430655,0.3217922893611913,0.32111154131274355,1.4096161602727473,1.4203714223469648
586,1.5392321263225661,1.5,1.3611943398907014,1.2611135598220489,1.0825623570339973,1.0161759320239079,0.3660065359420255,0.3642761355470806,1.4857724177026017,1.4897723245733356
587,1.7023383494201278,1.704632148325679,0.15445024690028963,0.20371100805363496,2.099985498764904,2.0252168474110532,0.2685756025570551,0.26612232627194227,0.9565416254387342,0.9578319106311018
588,3.0874483069472145,3.369239735323774,1.3305616623453922,1.5595451695938556,0.5915250974861485,0.5397251457790355,0.1003899269970949,0.09787908765505408,0.38539174052773145,0.3893544014088951
589,3.7617773381323043,4.0,1.4170549498855818,1.7217863773889917,2.8372144349908144,2.714950851381775,0.2799024265348389,0.27774124109585097,0.8992164934607574,0.8948401314767317
590,2.6572065936403475,2.322756859787756,1.006577303959095,0.6105948995187811,2.0453815682476355,2.1763853646670674,0.3297890215718041,0.3228580772170048,1.0092537487833952,1.0208480103438062
591,3.996337014259948,3.9013443701880495,1.779332614058721,1.6488392080175251,1.6369682013773748,1.5792565462575276,0.14674524104256917,0.14991729523288772,0.5433237496016348,0.544887513555396
592,1.7520033097310086,1.7542484215559813,1.4683204616356924,1.4359758491077546,1.0063363626252593,1.0085335726384828,0.3950473234418965,0.3990999510632438,1.476896749622287,1.4826636868644225
593,1.561266074158795,1.6175428464863544,0.530997153970223,0.5297598807086134,1.3971864171670738,1.4253178693148005,0.23518131098900877,0.22588668312456636,0.8326608977402062,0.8281636416837126
594,3.251734722094654,3.2888312977117047,0.5391555852210802,0.5325263446697136,0.7140838756382821,0.6703260548927424,0.41434181815238114,0.40346223496105016,1.2972683365396436,1.2717819307920535
595,2.1984054172850813,2.1994314421450394,0.7065104281863347,0.6380135634986377,1.667196997830409,1.6639217910794746,0.2819719570656418,0.28120144952997594,1.3746793330822287,1.370013276136649
596,1.6365832092492831,1.670719922081216,0.7228119737879949,0.7523565091198159,0.7061090090359701,0.6844498277018958,0.08281012518508447,0.08331682670173642,0.28832858265669886,0.2891985997041243
597,1.5425786099945678,1.535093266971214,0.36443545912867803,0.3268422021494788,1.4520401575382467,1.4708735547838445,0.33447840038285287,0.3336412705134629,1.3096263661861778,1.314626373727682
598,1.7443290429524145,1.5486682969913996,1.3238830729201296,0.9260891643119298,2.082756361322706,2.103083967984814,0.24926811859013992,0.2443338596922061,0.9210683998107566,0.9250685700365937
599,2.996986840470802,3.242188766742171,1.5023720843076762,1.5541363135786408,1.483013336481727,1.4942640613616143,0.4076765681746012,0.40750240105905583,1.334789186906807,1.313789047811198
600,2.1198820128180573,2.067105172882191,1.5567860258598205,1.4372878236607705,0.2633906777896007,0.26588979500961774,0.10650285144151173,0.10679381784071662,0.33072339772316656,0.3296757494794781
601,2.522519146028765,2.5546810445376886,0.3478087889757107,0.4036114617353189,1.375158312389634,1.2903233170575046,0.17971083221601133,0.18379434292854158,0.8616196215399786,0.8553418402245552
602,3.7769404269580966,3.999922893448737,1.741882605032955,2.0,2.149234457056067,2.130606076057132,0.20876393086396017,0.2092635593087295,0.7831614739772962,0.7924288855469734
603,3.9509551468054407,4.0,1.764292926444141,1.7547321956898367,0.7514279503029679,0.7397815876297175,0.27203223484941147,0.27288176184459323,0.9529625342206783,0.9643237773332294
604,1.9259826799964852,1.9660445622758511,0.10374724496122219,0.1,0.5681076737163707,0.5639220850881641,0.141577232524146,0.14044617534331216,0.5363256301943123,0.5408372688427312
605,1.7805589290898938,1.7491822423479526,0.6526719401194361,0.6097155341443361,1.1330790496340106,1.1487069799227,0.24798779861619344,0.24779259067923892,0.8012341652619761,0.8003854095923142
606,2.3836984250705937,2.3180871695479572,0.7838700023149876,0.7443662334846276,0.11908729880696989,0.08140511086887035,0.28744940422184573,0.2932005953462087,1.0737487669351853,1.081825942308005
607,2.1323892870590093,2.3631423212324396,1.00325453856954,1.2456172194969186,0.557597341754287,0.5363574798493427,0.06088209524173878,0.060938354213438864,0.2730362610481224,0.2720848696790441
608,3.097220333634901,3.3418798097839977,0.37518098101450603,0.7811865133377152,2.900014084021736,2.4869545062261076,0.10021395720863191,0.09840379235226222,0.3747734209911701,0.37255425631408634
609,1.7517616450263624,1.7432375529768516,0.7972271955345904,0.7654610390585357,0.8785544616305885,0.8691347243130905,0.20701138885062878,0.20455057096324836,0.6475625525545483,0.6495249874664801
610,3.7795363018597516,3.64293023335709,1.27229484273119,0.959025180853812,2.2300655256760016,2.4410645205078634,0.31450551255247633,0.3188631994886019,1.0333540070416236,1.0371571296731856
611,3.427424627085396,3.1308784532327008,1.1281245964802975,0.8094846333545301,2.0976882253438793,2.1515238447127016,0.12927180072811623,0.12955813890682616,0.5866457036020137,0.5895401860965532
612,2.9872560476461487,2.96735758628963,1.0901618068213423,1.0494873422397373,0.13375782510733603,0.13199926099604567,0.081044535437057,0.08592249816350098,0.3904262197744542,0.39048421247428955
613,1.9002257584569837,1.929667762684572,1.9546122895753333,2.0,2.905158239607985,2.9039734443179603,0.05115991089826648,0.0522304702774843,0.17075398107380585,0.1727411886325558
614,3.752776221176153,3.7386849298132696,1.2986175976495216,1.2684896431193078,2.727795901126878,2.7840104600202835,0.01789659657427912,0.017896149058284183,0.0644556188783254,0.06381340377916206
615,1.8340869420572365,1.8482559551258244,0.8101844422096672,0.7379318738903816,0.7317959557887891,0.7241358828025082,0.28514255568983116,0.28452810223859065,1.3718897070626486,1.36532085346979
616,2.5540270944957646,2.7234655030651207,0.5442784253360974,0.6084041583694328,1.3018651911724186,1.3392094706383286,0.36476165985332887,0.35112134956969177,1.1388602224698359,1.1324247051111633
617,2.5133142190287083,2.854159257688223,1.0083402890029036,1.3205588572130016,2.012907709282654,1.9735714574969616,0.36043995524733313,0.36555654634352025,1.2182432266845886,1.1980039050419393
618,1.5388233297277467,1.5769456123977061,1.9882688798237873,1.9999989070199131,2.80229071693287,2.772462553978598,0.14525024327047792,0.14197941171520728,0.5794519499849007,0.5774519039908497
619,3.196748195401665,3.211510450400785,0.7636840466230429,0.7722921290669426,1.1666806548374886,1.1728817841904788,0.3101218490034559,0.3093526798866457,1.2842789454402976,1.2906578150836623
620,1.7861623670477167,1.8830217165678633,1.4918787849098483,1.5496550153587803,0.6140235009927678,0.5544628092217214,0.37823039063598296,0.386038382088421,1.2569408202583428,1.2573016860196327
621,3.0723544722886,2.9811331399508276,1.4505286028054738,1.5009385885944089,2.68934595586033,2.598349818209808,0.13636269677169285,0.12848395208581026,0.4707529048129452,0.4704802861602425
622,3.379014355779501,2.7721166759936473,1.7015577483359048,1.1205363985705799,1.3056709645146922,1.3305551569653449,0.1927282687686877,0.19240090956071904,0.766722721345373,0.7814721626199992
623,3.02168163831102,2.8185102609230634,0.7993369232790638,0.6992322217776397,0.07495856752626784,0.09654209923346245,0.4399070219877301,0.43530023992655936,1.4231644532465348,1.428752583223679
624,3.5856421685211917,3.623257194156385,1.7201783577925198,1.9145312067664537,1.9751056461439975,1.8649104795214009,0.03830151421543508,0.039186222511976634,0.12304208999563059,0.12600511500758454
625,2.6727257073261836,2.642326285592142,1.176334804628486,1.1009359542763268,0.03823438945869784,0.05641246051749837,0.05492726718792416,0.05391670167610704,0.1982056289229615,0.200452620156603
626,3.640529138934857,3.34887107560649,0.8056936100866889,0.7004465109605921,0.5405700355810766,0.5785030611685197,0.08081322985836242,0.08212105997589184,0.3034108307113941,0.30077347779415264
627,3.4676647786203763,3.6680303879737344,0.5060597947310627,0.5596405058674185,0.807560745581436,0.7601606760296984,0.3089665169771971,0.3064937844151323,1.2673567675589086,1.268314966476217
628,2.222478659808564,2.2369671022728155,1.6209059508135564,1.6565388869734616,2.210685266750467,2.193399220941672,0.14843269538321563,0.14843309469495825,0.4583397165049564,0.45333972358252184
629,1.5409080896432261,1.567595266994878,1.8510113726160666,1.7635126321436232,0.3830851806382587,0.3741864070674621,0.26151972443309673,0.2615678350924372,0.945828537134431,0.9428285301986148
630,1.6775187197335206,1.9252856573483752,0.2788533116075025,0.6338374524631305,2.748683073059912,2.6415307434288717,0.2974396684496935,0.2832175057573034,1.4092528531960493,1.3982528430356114
631,2.4065682695219226,2.561932187412484,1.1794614202894358,1.4323813904757157,2.382532604527783,2.355279509954306,0.27148524065829277,0.2602029778590544,1.165185873112717,1.1751971682840043
632,3.830298649716248,3.7957204207112225,1.9539629326605454,1.809992270285085,1.3818692891950246,1.375847111550834,0.2054700267366723,0.20618589434299414,0.8830994877612772,0.8785298017013198
633,3.761169859792183,3.549088140353943,1.7167592570374424,1.424166097389086,1.521916767448384,1.5228593382330822,0.38642746535367006,0.39539821928099084,1.2841296967962748,1.2848201639176238
634,3.8783004775518264,3.8756845081564903,0.893858015734671,0.8640434187650449,1.8821293997949833,1.8871936661403448,0.06809458895279934,0.06862648839223853,0.28516767944107196,0.28434687594572183
635,2.304656511635881,2.406901707762132,1.334273115464611,1.3661063266445386,2.718537313086777,2.7045970552916687,0.4026466625744396,0.4020720475147576,1.212611144919711,1.2099658194679814
636,3.795733346302036,3.6703670018573606,0.33555595494652724,0.31843359763421264,1.2443496633365916,1.236352378660529,0.265799312024128,0.26076439663462897,0.9213482152917716,0.9298046906779127
637,2.335824551960482,2.5351194899758003,1.8771256833138978,2.0,2.9414274499603437,3.0,0.25257186896313266,0.24617934910699021,0.951723294296221,0.9437232899439523
638,1.7998144502493827,1.945895366358154,1.0040244117335926,1.4189874411063836,2.5130018977671975,2.3692572807333407,0.12078231444852987,0.11876917667432046,0.5345733014539775,0.5313904815778829
639,2.5038465287590115,2.4983588025521724,0.11139080146562103,0.15274704542357445,1.3164072584270297,1.2650909727591806,0.015922761023747144,0.015781730173124314,0.06192057903385277,0.06155748967846448
640,2.3351413431496963,2.358200486010656,0.4782018838023717,0.4678250771260224,1.022578691615959,1.0382279714215454,0.10132865464637099,0.10285735695078892,0.3294057193944057,0.3276083992665531
641,2.3775281185161585,2.412542788506889,0.9202326909507709,1.033838526029188,2.3025727442031,2.2598602147043154,0.3511071622627503,0.35344261173190467,1.2970091760901488,1.29996321509065
642,3.9025044503053175,3.4958058419938096,1.6058824137944132,1.3395910102325415,1.2172241828352237,1.2220502739946217,0.28208343276455994,0.27963900366593963,1.275567030122288,1.2932544862621942
643,1.863804001908756,1.8053452503913612,1.353644500297958,1.2731693509526611,0.3850057297883803,0.39078140869046973,0.10107123306051582,0.09880701216770728,0.37428649775841755,0.37125897301655264
644,2.5992364202351306,2.532025847026314,1.216379751025561,1.1944582670762887,2.7822383268149,2.6978623826051917,0.14536527163038837,0.14559098707345006,0.5402224431754151,0.5462224504115643
645,2.1717626605887563,2.260626786543288,1.1120170271331915,1.086979685317096,0.769887462905336,0.7670390866300177,0.054896302092764415,0.05458789509540264,0.18225828473722344,0.1813151056574275
646,2.9746193005366726,3.1344293926354387,0.16223797766107392,0.13994777934246347,1.0750790904561252,1.165423234122302,0.12666972803146917,0.12955017474453415,0.609755319297564,0.6084487434883715
647,2.611251762548759,2.7094955329609927,0.8495879147297934,0.8557015125524682,2.213839449266937,2.2581672092193306,0.4367871027669379,0.4210740328271706,1.3679760551919806,1.3564772606850615
648,3.0257003148971044,2.5730550643989356,1.6549882899500894,1.2483685817987493,0.05603226034746589,0.07908045433906101,0.04896144838788036,0.04974084781444032,0.18263339840233705,0.1838023779812979
649,3.0960267264239367,3.1599096476952853,1.456704400859483,1.5391253642476381,1.9896049431796201,1.9699861505442866,0.2510096816633469,0.2428674141103867,1.1668698416983059,1.1717245874893083
650,1.7361168794463566,1.7737712379878026,1.3237447232654669,1.3192363163255363,2.2202830418385378,2.178666238253546,0.4144667808832234,0.42292528874819635,1.287021013080317,1.2862077374184755
651,2.896093282517629,2.9090694121107235,0.9662425206154832,0.9552624232564007,1.6298904387535509,1.6325700235081364,0.3317640620899896,0.33344681851409247,1.474009823703664,1.476177201985081
652,2.7863188631059614,2.9749514023172683,1.0431620839268316,1.0395829287877756,1.988408201317724,2.065807894539601,0.36211049247381016,0.3688886702187003,1.433291658807896,1.4337464878253339
653,2.8816938257937643,2.676209595648043,0.6845161787402626,0.56764737152182,1.764659562090685,1.7315958483664884,0.37037201338891623,0.37143572069706,1.143533323136126,1.1555334927600143
654,3.059418284869524,3.4342473135366816,1.8883678496512015,2.0,2.850259681680565,2.967089123724263,0.29784487605720483,0.30012754001077085,1.1702815582047683,1.1560455598228154
655,1.6085819232510676,1.6626269472136168,1.4277518604394017,1.404474667373075,1.756833539680085,1.7865007635684056,0.03444640973682116,0.03657081227906223,0.11210681934550099,0.11350333446918281
656,1.66196818960548,1.740033799230341,0.12675965244181442,0.4524933321541315,2.6141655200935636,2.277068315250302,0.25634791858696243,0.26332275859701254,1.0883686539143242,1.082030930329816
657,1.9928704171409062,2.220151629708243,1.6807269137195036,1.9625313494040575,1.6308012443300952,1.6746822923278128,0.09155785025160583,0.09112175053564042,0.37968665020133585,0.3770580215466561
658,2.127577964334413,2.0350176569589533,1.0674818243830835,0.9073412946540259,2.2411395729927883,2.261896129540664,0.3130240628978669,0.31318754389397024,1.2023362549116816,1.2033273574288885
659,3.7493113484270246,3.708511849624325,0.19350932826479628,0.1,2.768678375200769,3.0,0.156460269613115,0.1562557263357292,0.4947918445156937,0.4955985274600189
660,3.7380339569016874,3.8402417346004443,0.319675665579922,0.3386057585074422,1.1884034615717063,1.1702769316189596,0.02667124631228342,0.026997867511847167,0.10629484778289552,0.10865850151355574
661,2.7480482461214177,2.8056412801472073,1.581911187095446,1.53824242050008,2.6473212496392646,2.6473472995152214,0.3186042162180563,0.31661181766669594,0.9882982469252566,0.984984315033126
662,3.7388253410801724,3.4633029778851334,1.6709728858763278,1.3055289808250117,2.2126822028708264,2.3183150036654627,0.38183047432412554,0.3919347512504959,1.1706842239038675,1.169509122047672
663,3.3374907586362847,3.2107603175949078,0.586390849775576,0.5411625071834685,0.07602130934346307,0.08363650428273631,0.11745759398210551,0.11884883856714758,0.477435543222749,0.47681383789767867
664,2.160043428909897,2.222983058872404,0.33348136133181283,0.394705568658933,2.3887825246780547,2.352853512444078,0.11117307715938812,0.11226576449702368,0.46598428792612506,0.4670796297487295
665,3.181907590285395,3.419680121526714,1.8897403815779759,2.0,1.7987560732316115,1.7923356340658707,0.19651907321246018,0.19378048062399417,0.7500917315978912,0.7432375195384441
666,2.39556845152059,2.3295347825752244,0.5533189628832379,0.4959190186679283,0.04807775160791339,0.0877061006446392,0.2035816417761961,0.1990773939042555,0.9819647693216086,0.9819230352280843
667,2.7954875258301777,2.9722136207235743,1.9167466896835628,2.0,2.5042177715019265,2.5231975686112462,0.19029130519141604,0.19264708120395027,0.6899067037566362,0.6871132660051782
668,1.5182986407414707,1.515427785785802,0.7204449380420126,0.6727434564450161,1.109182293686703,1.15434347359848,0.3759187280837417,0.3723093204769884,1.1424132122425346,1.1436223024968444
669,2.921568693146873,3.038982901621149,1.5211839290018065,1.5817560258906087,0.24854986061016626,0.22825584951624817,0.2791968228701976,0.28006050046144265,1.155044036872779,1.1568675991602388
670,3.423007781928554,3.4787777787312595,0.30497928701151733,0.4048707634492779,2.7044971784850365,2.482100536632486,0.06452859436165843,0.06368328085007682,0.19860792285282863,0.1977418459496624
671,1.6308795864739996,1.6689528534260762,0.5736705735790376,0.5749949862164562,0.728365824101797,0.7617106366746726,0.1435417661263484,0.14102682277184123,0.6175604246048673,0.6200033570415511
672,3.4058851313251206,3.280173849524006,0.705263674216608,0.6509123027485229,0.2834574444762079,0.2880261493258015,0.13141333128733632,0.13253885076848337,0.412502895456898,0.4104759895349458
673,3.851035131382222,4.0,1.5508548389281709,1.556419085563537,1.1003245164892408,1.093214750595266,0.13599057943360826,0.13508911285057768,0.47635704748981184,0.47307346695591224
674,2.031902586852616,2.2116391211512165,1.5978346950126545,1.9648302744181154,1.630554198108193,1.5442762835962203,0.14918144483615484,0.14484300932084823,0.7157795937922249,0.7103611051279093
675,3.7029917401920356,3.54508907524603,0.4080823796255101,0.2936801546320094,2.182165156344187,2.2508981975258022,0.36608748266336616,0.37016107424702627,1.2971856369249337,1.300297867159514
676,2.917785382108358,2.8522107600777513,1.0564514632164173,0.8701365511928076,2.3923928601581723,2.4445199922854552,0.026632645655924957,0.0264776677592493,0.10740701879508899,0.1075555740479465
677,3.9145046040936196,3.5882702470844965,1.9644675266399254,1.5349256624010341,1.5354247135254653,1.6048772960846054,0.3185220478512011,0.32136722752473634,1.1187357667955655,1.1227360562655009
678,1.6604469638934312,1.6682654883592045,1.95022682217977,1.863205554923347,0.1519357717127815,0.16508007037388697,0.24250407971049773,0.24221007775597173,1.0937902646982915,1.1037902852784505
679,2.206120217309538,2.390030529080571,1.6272095201708934,1.9999745708167525,2.694161825072075,2.6017189491557016,0.3529505285315301,0.3525036547617978,1.2991838185211115,1.295184186094731
680,2.8546840494123793,2.8079021595101836,0.7696965838769639,0.7273561829077788,0.07470473018960044,0.1198653907208945,0.0526526777681908,0.05200494147626275,0.252117087484393,0.25255953967611683
681,2.4775598515564674,2.7096494695405067,1.7358108628231157,1.9550515135971476,0.7022171591856153,0.705162823386385,0.04449292742611956,0.04487838338234692,0.21023394416257596,0.20983048271744767
682,2.1181895841935283,2.333818566189147,1.072924830639812,1.425043978673821,1.7870064568927122,1.6765409699543874,0.08299794920892171,0.0851105100804252,0.2790314388469932,0.27933127049425777
683,3.940872851992676,4.0,0.7740820737213202,0.7419413333067703,0.06667111878574383,0.08522468715844674,0.43408675447715084,0.45020152482485704,1.3665165115201106,1.3545436498944607
684,2.7926930156243683,2.812342738387795,0.23909019273714394,0.2323588559628986,0.0962942223189871,0.08468141655875135,0.24700745610259706,0.23400537896593598,1.125095196329932,1.125996879070735
685,1.8253418776951935,1.9372114343263847,0.7888108913797653,0.8605602799482205,1.5505436355151396,1.5806715183827789,0.16968579737067063,0.16823475956610887,0.6051348823271874,0.5996229863376866
686,3.973420562229122,4.0,1.7409666732789009,1.7817587573199087,2.7711642474990645,2.6765630487961327,0.18115225686267913,0.17730952753463836,0.668813267582381,0.6639459703235291
687,2.3257878066656423,2.249673889084437,1.2915330219174732,1.1423908320286222,1.715534693389574,1.7689555757760504,0.12611800662562667,0.12678158362221054,0.49138821369010566,0.4973238023030993
688,3.104344050018886,2.982509005706099,1.66420568430953,1.5508083420454006,1.3423789798189076,1.2709613455217512,0.2268567365551379,0.22379437734971855,1.1133970899335497,1.1098003807894694
689,3.9006491694692382,4.0,0.7684343599686929,0.8539487344145343,1.26972943995733,1.3016639648991928,0.31691862271791926,0.31684775167341317,1.4853565656138283,1.5
690,1.5444838971801618,1.5,0.3020825113260176,0.28790898873943616,0.7455377135082828,0.7130688219775322,0.42184029283545676,0.409688307038665,1.3845949008986165,1.3963097431049314
691,3.374716458291384,3.306988563358104,0.1669281545404277,0.1,2.407905337508299,2.4252740583551593,0.19795974313640607,0.19962246300151515,0.6135047168127792,0.6089108584493023
692,3.074474224907176,2.852769109048458,0.9145053308365659,0.554309943776651,2.7065062102860695,3.0,0.1293438832768331,0.12795111593741304,0.3890171585296041,0.40141139027731976
693,2.62194088914019,2.9279836194835682,0.8114213565695583,0.9583445371651106,2.227828740587729,2.251478369320889,0.41994410808460075,0.4245994475878594,1.4208214750183665,1.3978214782561569
694,2.0873327058880595,2.1367300148814383,0.5759692769636731,0.6095491570349569,0.9597079339479492,0.9735948007487287,0.3190204366884851,0.3129173953360339,1.0346664710759803,1.041108431969519
695,2.5776868154586077,2.5429506303786162,0.8829725398673047,0.8232124354572509,0.9574505711945335,0.9699138977190019,0.10295291280255092,0.10306037449615645,0.3311721144233791,0.33341398782817755
696,3.8103435775516186,4.0,1.869873792604584,1.8687893182590536,1.151880309045144,1.2064440907398846,0.15612550927165303,0.15865196515997798,0.5060088765845079,0.5017152977006724
697,2.652927112331196,2.434036167089549,1.6403459656044228,1.3963292899281456,0.06787704429786767,0.07594773685204162,0.3351368251776638,0.33928675762009236,1.2760682652098818,1.2968129825629917
698,3.6842693771003985,4.0,0.12955191610021582,0.23240577346966357,1.859078425499809,1.7377391653850123,0.2723016775077541,0.27468987796488403,0.8919560195125805,0.8965353663159602
699,3.179018369468021,3.1428265746065582,0.7781629460650625,0.7197816445655633,0.159195013825294,0.1718094294638044,0.0553006640040073,0.055469787079752274,0.16606652963302881,0.16728117779391458
700,3.7419500976689473,3.839703326043798,1.2417100899454192,1.2388523321739577,0.6840367057223062,0.7330334074221188,0.3545745174482525,0.35085001067182314,1.1541802947389992,1.1625824956884725
701,2.2765528060601956,2.299600907265103,1.955456878699488,1.8971854856519148,0.90532289623936,0.8955689111205354,0.09920275373202961,0.09741978739705903,0.36024780598972966,0.3627402648365772
702,3.4845931526708256,3.7968776203349477,1.544918923875492,1.6996066641893215,0.4600247460570728,0.46686949868521227,0.06803032893928303,0.06718856994139415,0.2170268754485551,0.21625280857514162
703,3.2397804350365256,3.0822973536323746,0.6254208454188449,0.5405606802039038,0.6182759352302439,0.6063914540728154,0.28511686544326686,0.2870164809647848,1.411214063945033,1.4097053566698152
704,3.0321625272459944,3.2301103060485,0.6320045112748287,0.6986788316840413,0.08068816183614258,0.06982960869952352,0.25137927575713936,0.26048314373768566,0.9112744480529554,0.9054735234418224
705,2.289767800547555,2.3122777803810015,0.6744966758530646,0.6336119989982891,2.0074297959683913,2.0173983444380297,0.30745492984163053,0.29611859323812,0.9977529248582186,0.9844925021911004
706,3.19387659625016,3.072721890947002,1.5664343172539512,1.33738152943938,2.671900503592295,2.691006976907305,0.24496629617766136,0.2375909221372129,0.9769012492648558,0.9739012478795921
707,3.722063033127653,3.1355892007381883,1.8855095216553892,1.0936072358813091,1.7588296037976825,1.9253278730175978,0.0642986108799702,0.06495795771984057,0.21599727016948772,0.21802275053401282
708,3.138126573567595,3.8364985916328527,0.724508019547755,1.0682589702103842,2.1626668617356306,2.1289586837319447,0.3460622691344938,0.3424808300855734,1.045994372362775,1.0219943718217057
709,2.6450860918584502,2.5308277238211,0.8390221154064819,0.7588640048016497,0.2435611809677528,0.22297748966608633,0.06692542850524104,0.06688517549413323,0.23837077510615773,0.2384775238934933
710,3.667523028189736,3.63636630793789,0.941043482627069,0.9046039896565226,1.3290316505508049,1.2859249015073675,0.2989026657479135,0.30180836865900196,0.8991213114535068,0.8978744998159847
711,3.53514355299469,3.759679722993406,0.7666346877068774,0.8518832897104216,1.4136172144226749,1.446191733120932,0.01617732707658658,0.016731374406836724,0.05199737434190071,0.052401945252947876
712,3.895310711361856,4.0,1.6471595865201012,1.4204247033071564,2.755087202026703,3.0,0.4352596260229489,0.439677089576971,1.3240626728647624,1.3200626302413236
713,1.7576630928293087,1.7920917309709328,1.9952118614930185,2.0,2.2326805441518256,2.2729035456615425,0.03337068371507664,0.03382464830470528,0.11569035361796019,0.11656336005119458
714,3.794777749683467,3.7981290060795105,0.8765787854400232,0.8612781002430115,1.0066617672772002,1.0132670287223622,0.052220252853996826,0.05341771330821534,0.1759636329963229,0.17756736802037995
715,1.8488998232823939,1.7741374216619303,0.36055995168855526,0.3312003776256205,0.5752452269458187,0.5827211626758625,0.01602831037129812,0.016179990080763325,0.07381598105578706,0.0741226894660946
716,3.276736807329619,3.4905467373196593,0.3356589978844706,0.36173481791713563,0.5185273167879821,0.4914447865913518,0.09381513649167937,0.09631108548941616,0.37622620498797665,0.3741529895933866
717,3.814045200078433,3.61333556621753,0.9481941081648486,0.8579434381050439,0.7141885291341661,0.700973553965954,0.2679671011149219,0.26729541675758073,0.8677264063544076,0.8593332799997829
718,2.48091118464591,2.5301032297141473,0.5407538155586905,0.46521450699498734,2.0636294844355407,2.1261944792524994,0.3480440762314453,0.35517966927355965,1.1164003475669866,1.110893381875763
719,1.7470265954575988,1.674287611965292,1.1975518911759566,0.9831213585909075,2.1141278471882226,2.175209776599014,0.033418861858703464,0.03298130734561623,0.11344849427385317,0.11314968070515594
720,2.6105227320012716,2.646278498515316,0.37155747117240556,0.27409988192403734,1.7620824602325627,1.8872028769259042,0.18886157538923082,0.1936054221840311,0.8925712234816986,0.8969601936303477
721,3.9262778081471486,3.749615237841708,1.768245962670438,1.5574049129507317,0.8568993192732469,0.8869744253353197,0.14796287216605297,0.14762169104537687,0.5277465342835339,0.5294182336035628
722,3.7395978495894413,4.0,0.8338499317912457,0.8187777523255283,2.1122098068317112,2.231375051587284,0.2762184500692422,0.2773737587628111,0.9974416681653479,0.9831549927291114
723,3.6891226011782434,3.439652578351175,0.23053889076260373,0.1,1.3463079825928959,1.4518403147773393,0.2583057032398941,0.26547163023500936,0.7792047046899644,0.7688845929429367
724,3.8088548449541135,4.0,1.7455248568454074,1.834321009447037,1.3748019480104943,1.3470949506065808,0.03834881795043287,0.03939624640094834,0.15167402387578027,0.1515438090299047
725,3.1174831421893066,3.1314564512269443,1.6417456417132483,1.7180414679153764,2.0326951396015343,2.006058546816984,0.2687978082400654,0.2704863905628577,1.1744611528380595,1.185594147899616
726,1.8086309335769732,2.121520029519579,1.1029150707282949,1.3237809665242921,2.3587517673810807,2.466865671989207,0.35159875517482714,0.3496264619179076,1.1813562953782109,1.1643563644317512
727,2.4860665508614677,2.6425977383740844,0.8331476867373375,0.8890369250544622,1.0429636048012276,1.0329637049877396,0.3900978770929014,0.39575127161283374,1.3998809846889844,1.3798809915340504
728,1.6649496466945082,1.6776950653692027,0.22344839191225896,0.2316169650522845,0.2930257692461926,0.2935382864211818,0.37274155367898687,0.376552967691973,1.1334340076272786,1.136266924042526
729,2.1067602442380267,2.1877365323578704,1.2614850243349582,1.2865070608577895,0.9934212882322718,1.0133503270275646,0.30219713557615246,0.2997892444618209,1.0763925073055443,1.0779023594787926
730,3.148861740845028,3.092817669802769,1.0184991278937847,0.9376427615570413,0.00997112639949238,0.008965645010207942,0.015903533740512135,0.015376343629613726,0.0593371107868477,0.05990951935418055
731,2.5610752088856166,2.5892027154350985,1.7436278024194944,1.8925911878740083,1.7309747399316344,1.6691614142248545,0.10441281375744217,0.10587746943483792,0.32986725646667225,0.32962366856098846
732,2.543078204808597,2.4230231694801176,1.302291418361982,1.0237811654771636,1.986875275070914,2.023399005811718,0.08048632984994797,0.0819788961719499,0.33569989663107547,0.33462946796175286
733,3.068163149088406,2.893558209974813,1.1832085220707051,1.0360489876811783,0.6814934252333061,0.6862387229474207,0.3330076258243261,0.3351736057573209,1.05809165493833,1.0619198426303877
734,2.730822797793505,2.7995170646876284,0.49558373053437277,0.5869522822933724,1.949436842403364,1.9208619644184524,0.19849410751493857,0.20900035613666124,0.6407812359029567,0.6437827523911898
735,1.867113967809718,2.0150588897237593,1.3774083925997747,1.5624455380196232,2.7367915155808227,2.706532649786171,0.18127614430782363,0.19145061199662397,0.7748377564968579,0.767838339622848
736,3.2566049179430605,3.317846537723206,0.9929374077214088,0.9542587279671557,2.1750968388435847,2.247813827355624,0.18589698352599124,0.18629489582474584,0.6526383607222912,0.6606383476636102
737,3.869713525724809,4.0,0.2651720857889256,0.5495571245915639,2.9969884403808233,2.5497710872083017,0.18900130430970918,0.1871446796167379,0.5921560790713282,0.5988946044160428
738,2.2172685557741723,2.3260206979271505,1.5067519244991365,1.624776435938616,1.7156826384986943,1.7495097106916115,0.29332670546698436,0.31095489303188906,1.0921241334520588,1.088553128025696
739,3.709170420865,3.29089957946814,0.9922139772251026,0.7863180900192998,2.6104913227512077,2.5313245407101803,0.19154366924607832,0.18859174470600024,0.826992294808069,0.8316362007288783
740,3.6097056278383204,3.814143003915588,0.27770857115504066,0.28946778858819616,0.7718802639580445,0.7524925849540312,0.15794726228042738,0.16336210222081043,0.4910978264924201,0.48675112043308827
741,2.6902626434012946,2.8593124421266163,0.5428424915506779,0.6324440283373142,1.0487372170945939,1.0363559901732913,0.18710803074930404,0.18270341332171292,0.8181939575134164,0.8176239896670395
742,2.006979693994535,2.0782432413843304,1.6536191460465623,1.622083545528462,0.8762252455901425,0.9516276554471311,0.18299604570973005,0.18001981815845336,0.6551650416861661,0.6459862894905142
743,3.039181806272829,2.996488731578197,1.0705378707279232,1.217802292549618,2.253035177612262,2.147123213609709,0.35437786343864053,0.351266164808922,1.0743665418505997,1.0862573357376217
744,2.023020713199144,2.1229688346730002,0.450864610224478,0.48802710576707714,1.3011993359707144,1.3229564204246937,0.1653384092277735,0.16061014004050145,0.5872202007235079,0.5872564171190339
745,3.1054549131119624,3.3144938551587204,0.3575969930857026,0.4505684486090395,0.7304002710568551,0.6827248408340099,0.34196458320524625,0.33123782208022345,1.3415797686582946,1.3462535311585975
746,2.458107494838214,2.5335489797307043,1.3317382942557259,1.3996861636508044,0.4490531323482153,0.41756727963760204,0.3400818567471285,0.3316336512460041,1.4049787849097113,1.4034094141649966
747,2.4146090081653733,2.430604176474435,0.7452007370571077,0.7273006047793666,1.437116889860481,1.4657227121957603,0.11242918269707562,0.11086023160718468,0.40076210774966814,0.39670291474943836
748,2.2133539262632835,2.4737613021771274,0.22527536281405175,0.34207941994488383,1.1532220167228358,1.15449218243137,0.445925743230104,0.437898917985156,1.3474236597799505,1.3334324908658481
749,2.5913929190900262,2.6082152797015716,1.546539987748554,1.4807312035644535,0.3671609252348117,0.3432251951463952,0.4283442842233491,0.4435265825337267,1.4105652129796091,1.4134433585974981
750,2.536036172002384,2.6702464733162157,0.857456925593464,1.2035918754181338,2.4047936524350875,2.2423188306081716,0.2631065618568117,0.25680932053370786,1.0508070754608163,1.0518989593670252
751,2.255694292188742,2.278379419449289,1.0461732455108566,1.058172383210125,0.5458640482860733,0.4815262014141446,0.03527824153251212,0.03490683746495357,0.10809645231369422,0.10865640557977457
752,2.656570588446675,2.7429817456047765,0.5794246878451861,0.575634573810121,2.422501625536576,2.4694736761988763,0.19734240884454074,0.19825150437408773,0.8634515958076132,0.8570514903617312
753,2.6682939100483956,2.6206919779104503,0.19332943964330607,0.22447850570443081,2.2211886727551247,2.1765775877901423,0.17392289304076583,0.17343753097652448,0.8561238795831151,0.860857900324832
754,2.6628875854652794,2.5467113029129482,1.1991428008195837,1.0591273690268364,1.0440918945904907,1.049010221948182,0.12176842992438386,0.12398148585989853,0.5490629732271619,0.5584966308446991
755,2.764610820541516,2.9396862582837047,0.10421460743535248,0.3978234057647965,2.5898433179354745,2.1611491106799243,0.14816850603393772,0.1493765628186876,0.4624236639280783,0.4583046303238592
756,2.145240139309847,2.1915112643092285,0.1520207683014406,0.1,2.087794271260873,2.2775322802079274,0.02691135441831482,0.026243694920409597,0.10882707695810366,0.11006671684056904
757,3.3474270693920687,3.1501502017892493,1.5279896959678736,1.1309054643917755,2.1569292767142842,2.295024800915944,0.3096114869548566,0.31885090920772863,0.9660763637866677,0.9650459514930172
758,3.562370988327425,3.215020553919544,1.9058201927632938,1.5548291965888887,0.4264541949265461,0.49316656242767026,0.25933707672181294,0.25743850023243625,1.0385552297659806,1.0386918175210806
759,1.7390630937823524,1.7425857687243715,0.5511249649247875,0.5220808227199367,2.0339294992428973,1.9978419552650597,0.03958951169134816,0.03835699716050233,0.19206394972121582,0.19351048299455315
760,3.254026307809394,3.2666368120094105,1.646150612904918,1.6472545136132801,1.6108979011581361,1.640676457583308,0.1360658735354766,0.1367329830476514,0.6010238990894669,0.6100592731043539
761,2.9325146319712285,3.0688504507742285,1.6188414930815185,1.3917888736732966,2.7323360544984316,3.0,0.13669096355446514,0.13713353439999196,0.43572693888189834,0.43344673218136753
762,2.7310486181206866,2.598679995233118,0.6675942565927376,0.6115533661362459,1.8925596735817707,1.8111041558530943,0.264896843690386,0.26474184964465364,1.321351383254874,1.3247053100525732
763,3.8797490767351666,3.9999999263069688,0.6076583820167828,0.596322818119467,1.0980178766356339,1.1256411272116673,0.30316571089351285,0.3164200848301768,0.9467584653978365,0.9506545330239611
764,3.657375540674578,3.33231020308037,1.0074157750707506,0.7738691829327565,2.024875081176017,2.0382791011591914,0.3003684557050689,0.2995261675093983,0.9765812558824071,0.9825816059628715
765,2.9541545356245003,3.2157179450989606,1.5924146288325052,2.0,2.970894112066994,2.9362146866204704,0.3738266943996955,0.385278097521796,1.224608067282218,1.2286079189377834
766,2.5435412717978947,2.4932003440996025,1.2445662688934942,1.1929039555107135,0.7437548450790317,0.7196071660875911,0.18102854753914338,0.18094526208008122,0.666209530446208,0.671279543681085
767,2.3870470445775793,2.650168755314332,1.5056823000334503,1.9958538830038237,2.8762590533738743,2.774824638604146,0.18088373824862936,0.18080305860062307,0.6891428338402106,0.6892296733741216
768,1.5095570363385966,1.5258450778682364,1.9287239287160547,1.8387375708543952,1.8791593839118925,1.8120936480037175,0.09263702642834465,0.09642820764881525,0.30567022677780226,0.30545556719057637
769,2.4262125257386353,2.720569595830127,0.819365747654049,1.2648132620626509,2.9464158903301287,2.7940264144215723,0.06298865347569138,0.06194066812460034,0.23652290885441468,0.23608836877226413
770,2.788723236443557,2.6120761826143637,0.6652716819238398,0.5874481921286686,0.1725802494297367,0.16178725257930357,0.12713179515765,0.12711532548154558,0.4594777725311318,0.4615385212936548
771,3.432144913841161,3.1018506661343785,0.7454204219602006,0.39013715384016984,2.7661945501284713,2.9999999308352963,0.3324911146524871,0.33255119383170906,1.2645076831733995,1.2636809226597938
772,1.5414353384507105,1.573811993037492,0.37589593946737676,0.3484280467961686,0.8005220494451568,0.8302566205790555,0.08151827689962052,0.08384655715560978,0.2644954939242809,0.26647096874221743
773,2.101295201858402,2.3145961322307995,0.9165736845710181,1.2851671645733131,2.461889045026041,2.333783169372218,0.06581352782099198,0.06474697929560837,0.2952243825030082,0.2910810663273241
774,3.003220668876018,2.930085922905306,1.6948949570873786,1.6053057451783923,1.137909582254356,1.0662429425771491,0.38086278157625686,0.3832555330351449,1.2209413686118207,1.2159414147728884
775,3.9292681380164085,3.9666939212125545,0.8146379106325456,0.7485922062501613,2.1967134363203775,2.3040497573822174,0.10753866872808941,0.11140764971146658,0.3346014391094975,0.33413123571527015
776,1.6624367119686443,1.6662149958890657,0.2700620967889466,0.28962488414682785,0.8186617799751211,0.829484021309332,0.04471842236052055,0.046710890203807094,0.1781973535785838,0.17896254754758728
777,2.9590872826368853,2.6968276801076296,0.9647659487048039,0.6467211072306218,2.4876452821652437,2.5864448687809336,0.3067381334851008,0.3097858892643352,0.969937849299248,0.9691760904842539
778,2.820170234467209,2.8924462309763626,0.2923642777028038,0.2927754494696896,1.4086555098335634,1.4400685784748513,0.22253697078501122,0.22570714719885102,0.9243970029896352,0.9258744001065772
779,3.8754788100909185,3.7076895227958775,0.8912183720283889,0.7634484777363373,2.970866668829744,3.0,0.039701988830933566,0.039459163170937464,0.12223209679180089,0.12190528069920123
780,1.6755430038300385,1.700722673811033,0.9458883677161013,1.1904803208604533,2.5704968450983694,2.4061569945552708,0.1572056736725484,0.15367159868472027,0.7556050593089707,0.7585765930967596
781,2.891143210655424,2.885667528703895,0.21324840921577715,0.1,1.7278482016420122,1.9138175879409292,0.147752002312534,0.14672453325958426,0.5391925927876592,0.5407718527337332
782,3.156267127780123,2.836793239004972,1.3474562551583757,0.9203417224972601,2.0393313856813355,2.153877230832042,0.1797546591150499,0.18073280643198442,0.6305377837673207,0.6320452498306359
783,2.5977587017397625,2.4860290863437133,1.8096903367965964,1.5608540743553803,0.9010931412224368,0.9091304452796048,0.06965596059270222,0.07007881188337793,0.29354111649849673,0.28924455415720396
784,2.3548285572333043,2.199741812052872,1.7199266140624734,1.4588563115977906,1.0131968434181928,0.9997234031495487,0.03018855285953752,0.03085042250838035,0.1413859601282596,0.14182324957905063
785,1.9473208135633253,2.03993488910513,0.95353505949049,0.9956009269681005,0.8705566513088094,0.8138125979352863,0.3223918360258252,0.3205658468665246,1.0247726292048525,1.0232822469423384
786,3.92874435226561,4.0,0.5131876450286661,0.5567871072915656,2.3591984898568947,2.31035266011118,0.11455404904499819,0.11604666347530301,0.3942594307274663,0.39232694279374625
787,3.221873192873378,3.1587554760074212,0.24982465844544166,0.2344242415947848,0.6771028440778479,0.6915839890380715,0.040936961139200846,0.041379809159197756,0.1602907761322408,0.16221332408631528
788,3.546436182099272,3.6085878206195816,0.30530690306370256,0.3020395062156752,0.13589400586634592,0.12702856082757094,0.07269045015246232,0.07094249808316465,0.26949497850326504,0.26681444670386806
789,1.649640491678573,1.757171735629702,1.2829053050151136,1.4275215921661202,1.778847440440225,1.7966891243882928,0.10499909631616923,0.10464557669249572,0.35517183078242137,0.3498655723925925
790,2.622706282951837,2.61923628573774,1.264555409548647,1.1209802906125483,2.944708814539422,2.9999996807128464,0.24370626957334615,0.23444614515720064,1.0186659910840954,1.0086658011296739
791,1.540632846474928,1.5786547877161057,0.6438896966796388,0.6184541095003367,1.364914101909186,1.5351362569776699,0.04177744675986333,0.04307412361077354,0.20153188315870607,0.2041116966007674
792,2.3604047407860698,2.2793929260005816,0.3671301944375852,0.3473279808126122,1.5971373873108992,1.6169938133840267,0.36652996393955667,0.3739891897565939,1.2946041861624926,1.3096041851608309
793,3.0696826404647135,3.344834020120139,0.23493278563506595,0.3341576838565687,1.6065431940885357,1.5959070432462397,0.2015955947734931,0.2026324962954548,0.7931373465589339,0.7875022925651768
794,2.7464526243507636,2.6471500843535183,0.713390755057697,0.6163029442816194,1.7055524831061368,1.769825439330364,0.20788108140171432,0.20823266281334102,0.6384325522676471,0.6446802207564553
795,3.7082211272189793,3.866984138918265,1.4297227826551364,1.5609017688790225,2.8663808371787285,2.8322448201004042,0.20114314200997704,0.20449103151031786,0.6685490641095606,0.6680622771893326
796,2.1983810439864975,2.2321764628019416,0.6787216726390005,0.6646893991799678,0.22569739789965326,0.26147348753421185,0.08839077247265473,0.0884126900000428,0.4220648030040279,0.4254761854633971
797,3.3596206423468096,3.1739311640273007,1.8207715796094617,1.724657497582724,0.34362367830465945,0.33040463690356314,0.33427451974064265,0.32100954169930346,1.1850083654357826,1.1863908259585099
798,3.65394695400241,4.0,1.1747548320867371,1.3349637472035496,1.651993452562665,1.5926427986169867,0.1629122296910896,0.15839362749651592,0.6138247081773164,0.6123970006474344
799,1.7900536564453722,1.7987511551124977,0.6036366565997228,0.6121129257418423,2.4649376057796175,2.355120904138621,0.09230496837639807,0.09516762067899208,0.3534178305570237,0.3504966788558769
800,3.749111419187198,3.99999997254087,1.5756416561496567,1.7907856226180456,2.7384490636804495,2.7001975491502073,0.20302305317964478,0.20059765634025295,0.7142566633141371,0.7125801379003425
801,1.907058583043628,1.9451767084509384,0.38469772554283,0.37784710502769087,0.04536629970664774,0.06592115063365674,0.06809872061827142,0.06909060302144929,0.3282871242764591,0.32781032823845546
802,3.858201800404541,3.9440434944238882,1.900466190941622,1.9186212427138845,1.8685739731334774,1.9362603651298769,0.2707215525223153,0.27078647909288533,0.8948827750614817,0.8901814976278604
803,2.164896717222165,2.283997941589005,0.6006749327423698,0.723028165114796,2.639401640465091,2.6209759706104525,0.02432982396353924,0.02416135552423082,0.10121218293628328,0.1016061020522458
804,3.7400437397586637,3.6075091469289626,0.41188746431816037,0.37351092851266543,0.6185502808663177,0.6242783373838765,0.06384384308343594,0.06770299765967422,0.30630023708602455,0.30535337144506586
805,2.1568054029958432,2.2178576346594996,1.7093510818980664,1.7671236987517709,0.3546068641822039,0.3721244050473713,0.1307015445496138,0.12961667498282223,0.5261272362023787,0.5251236712981785
806,2.948502051728158,2.775730775916502,1.6825149280484233,1.518481444113959,0.7127502952932819,0.685615647838173,0.053588536137781,0.051704665213998885,0.16488946339069815,0.1644024310455634
807,2.033895986886198,2.1456080754141476,0.5656392489850283,0.5929881273683846,1.1278799090889868,1.1637447424400045,0.2978917362814507,0.31292145723658016,0.921016189886005,0.9193294532522847
808,2.2402319949995406,2.3121013766837635,1.0679622551468495,1.327015252732593,2.3391876081127765,2.154552653624024,0.22225422213759738,0.22321054432408355,1.0166427055172498,1.0186427176774298
809,3.2604167518933416,3.619138582402064,0.8729869621825843,1.0473788270802886,2.0798973970737102,2.052732880470241,0.21093163854110955,0.20330920274286085,0.9252435581738726,0.9136366298857813
810,1.8581173280341483,1.7910304437738138,1.5834802837927056,1.5446376319897706,2.428005400531384,2.286994808435482,0.25764473123114934,0.26380320618941494,1.1916395586228434,1.1951613217552903
811,1.9402870464613224,1.94206539573936,0.34522870320125854,0.18047850179462582,2.5701984569944427,2.759161167193254,0.07207094842718405,0.07111246846818549,0.22084568380234149,0.22367116923076938
812,2.2007374895126692,2.103416907974611,0.4139914995543641,0.371018964510775,0.18110627318659955,0.18320029740828828,0.3484165798335717,0.3492300700969554,1.4619305654140533,1.4695388771058537
813,3.6344359520408767,3.2999560625407742,1.3362602765958285,1.1294651886217228,1.9306597767611349,1.8949035524343398,0.3074823440439878,0.2997557241055451,1.3548659006795134,1.354862509662809
814,3.4569691346535727,3.506088059878028,1.0849551355226803,1.181525953496933,2.2027658411245175,2.069281013931948,0.23781899498616008,0.2356120861741952,1.0963460908046911,1.0881583446302268
815,1.962156299157902,2.1792381470339315,0.6628515580681698,0.8042467477285329,0.8109964724518074,0.8446807407882972,0.15218633932474562,0.15555996642008746,0.49092316272731096,0.4853560966503905
816,2.210647343099181,2.1399525029424344,0.4674089777919809,0.41443322218983625,0.7501551842582247,0.7594201358955412,0.2820351486053915,0.28110877983948823,1.290063172490814,1.292534150404718
817,2.369635728530596,2.4844384124621555,0.6195479314166665,0.6470732204956963,0.03298790770348892,0.03854826477269886,0.2441216258165577,0.24524506966190396,1.0577962090004456,1.037931129718785
818,3.4189429901979898,3.5855812744586957,1.927230306373053,2.0,2.9365724760115532,2.9834665911100022,0.07418385011664179,0.07454689558300848,0.23350899044560164,0.23382603397468107
819,2.691397249807907,2.4863783624001927,1.440733267964202,1.1672669082987484,1.5875666212618817,1.609746005388225,0.1723948345386468,0.17539364611926164,0.6111465220806447,0.6128220842589271
820,2.0085722902895164,1.9279846429252723,0.22639834314113208,0.28040375307470083,2.031922269472526,1.884409601575391,0.4337780915512535,0.44341675074774123,1.4473144136752114,1.46727609597046
821,1.987541703477692,1.990219828541095,0.9974075444216054,0.8493001870257397,1.8946358433381025,1.9707169186888325,0.09777066295248446,0.09600360389311838,0.29437347219998466,0.29307440420614006
822,3.2150289309589293,3.715055810669252,1.501459948545897,1.9999528219024238,2.32218674846819,2.134918394819045,0.2666326493782361,0.2640657979758695,1.0663670747054637,1.053367393545002
823,3.338822897818895,3.2559071962714294,0.7979198326531182,0.738533522466889,0.8583334380442802,0.8899179904075173,0.26907888876633645,0.2701112756460547,1.0388552946275276,1.0441348528106498
824,3.785075594601153,3.785423757231392,1.0381647005115082,1.018772590683949,0.3985612273228052,0.42077187661434373,0.04075070713724948,0.04121570137475384,0.17617662613189916,0.1763322241647957
825,2.5368228739512286,2.8676396855910062,1.03618203482285,1.2994403755580008,1.2665628430938265,1.278817352518658,0.34799364962512036,0.33984039810595057,1.2455404949936653,1.2415404429901216
826,2.1481674274289086,1.9830663042539673,0.9509009380335911,0.5151193839237734,2.5315273040139337,2.7572928587416845,0.2680984128468813,0.27039881650629244,0.8091676331657873,0.8221676379419341
827,3.110611152884446,3.185423675223918,1.3554481862124246,1.47615944818737,2.8480413164619907,2.7556637277926104,0.2694536030214938,0.27105441124062946,1.2569654559945365,1.2608927594530772
828,3.6647279044895247,3.8499542512706113,1.5041005016363,1.6257596027738375,0.5976720341894485,0.5493438372851431,0.09564258525568126,0.09840740847692861,0.436430464538256,0.4411001748947881
829,1.553939518098184,1.690523359606894,1.3736646683490246,1.497136445700971,0.8450635643349045,0.8393449192389799,0.40794022576657873,0.40121103346607967,1.3440207942621276,1.3440203199536152
830,1.864234851602485,1.821906384065329,0.2140280509754183,0.1,2.4006050592201413,2.445270946133125,0.06400124253502304,0.06477746745779295,0.22843539537283175,0.22734652845192535
831,2.2308231676758177,2.304163651652864,0.8313312390935431,0.8665446117203179,0.06958030571194695,0.056351179733010084,0.46366764630248547,0.48701913639061745,1.3940735752999436,1.3965273248532295
832,1.5211129087908914,1.5176365591107397,0.2173144545445557,0.21902682704458773,0.9130768522605714,0.9046956329910546,0.19972555413271087,0.2002754544661835,0.6188900862929706,0.6318059658012682
833,2.566090469002021,2.550787336140495,1.0209172084371552,0.9646640235385281,0.16225870862094882,0.16838234876929642,0.18405623011991948,0.17545993274955243,0.8460576851304461,0.8497564777161845
834,2.3491891249899175,2.3814775143788056,1.7542896562254078,1.768432167960539,1.6982236483102622,1.7359812968367359,0.13462169366558893,0.13639131735806237,0.6717734023457476,0.6736615565217853
835,2.195456104175828,2.505341460671781,1.2377776972587227,1.5042207535844843,0.5591704825298659,0.5615272292867448,0.3832604998569239,0.37606233823744833,1.2105269183224188,1.1905277520335054
836,2.1989050436259427,2.218604854714029,0.6972680387590451,0.7268510247706579,0.33253711848670564,0.32178407534650644,0.10902853273999387,0.1098846408377965,0.35762011394225524,0.3554693310040637
837,3.6449633835272683,3.583478170994416,0.9410628760808283,1.0699533677025284,2.1232685052865374,1.9640292421462078,0.06128119523116163,0.061941621124430496,0.22044035512405313,0.22084327518922575
838,2.8565705546843194,2.950547443391411,1.7436982995259205,1.8086768854348505,0.594708729990828,0.5977142998181542,0.37717607331712355,0.3838558033523394,1.1652360738144012,1.172529243666498
839,2.745467151074045,2.5347863896710043,1.6465023029481567,1.4602614984772881,1.6025912522443364,1.5466944082990945,0.1451960280897287,0.143168072672207,0.4426011710730428,0.44567405688978956
840,3.086427104627533,3.1652262661056234,1.7823937365965556,1.8717764705620161,2.1031061608633004,2.0846658582898594,0.13446148902770433,0.13689441646786168,0.4391049678141053,0.43436630114823016
841,3.974339249291777,3.8780544065525224,1.9986398744355112,1.7736142835726414,1.7935891330143203,1.786860024371572,0.1391737867392219,0.13707600668428904,0.4800644653004567,0.47129738679346334
842,2.126657390963392,2.2478315731155294,0.13498929622092184,0.22416137540559938,1.3019305402474357,1.243785587193572,0.2816466551332978,0.285755226555997,1.218922511692539,1.2201001323658835
843,1.5801935113472463,1.735007424154718,1.5926711818493262,1.8160806446122828,0.1779614820543347,0.17920718844598874,0.1473720777473565,0.14401384463894826,0.4974227800528453,0.4956225384878851
844,3.348342759781647,3.410582785060094,0.32129814798278766,0.3397732641785641,1.6234017022171596,1.6399969879875314,0.04077002523751079,0.04257413273000587,0.12849224042925594,0.12963861587820996
845,2.778006550036634,2.7957825576307958,0.8308022076015492,0.8078807405850106,1.1812488354843746,1.2179492617377439,0.2608362194891794,0.26097656334841685,0.9970819414474742,0.9908173100312626
846,3.810567146115236,3.7824276310382894,0.20166665825414798,0.22550081229729493,1.2097667015117364,1.1351538119823725,0.12915523656574426,0.12511587928368845,0.4039762649982224,0.40262394024881903
847,2.65804469121739,2.755667174695245,1.571230983879772,1.6928737006426535,0.99737849232049,1.0255525907022314,0.2569062164524851,0.25553632104929147,1.2722608929775305,1.2829127603318227
848,3.9607441025828924,3.958948729071728,0.22717276843178774,0.21611520779639337,0.8309114940977846,0.8683250979920732,0.26820694100639203,0.26642630721403393,0.9311524482633511,0.9408588121854214
849,1.9382346851672645,1.9101571096494858,0.18242253997348623,0.1,2.192505872342203,2.2598484432699344,0.1717221631194787,0.17065125952458304,0.7767031139511399,0.7835668240785124
850,2.3549626560640258,2.4470651415937774,0.33218664071156245,0.3976717174482293,1.9728669687854277,1.935260886964161,0.27047947488782265,0.2680895909587567,1.038253423558619,1.030519233252493
851,3.995664471756939,3.863086619423628,1.8723276295650952,1.677802673105639,2.7911609636882835,2.876753023012759,0.10289312431629205,0.09789066947189592,0.45905348721041,0.4568432068575292
852,1.9329642471905915,1.9147939894753139,0.22666817426623714,0.1,2.34363863214638,2.497568622676319,0.08051636118619353,0.08178987976606981,0.3914761892538866,0.3931922863617955
853,2.461913972780983,2.424558302586066,0.6387628336398751,0.5817593296180217,1.0111363933262667,1.0143902787655534,0.16051758428393406,0.15717002714807374,0.5901280346014358,0.5952053145560099
854,1.7590960142715555,1.7168943194325226,1.2237570427481161,1.1695227935172874,1.536058036747857,1.4452481550868201,0.27977569658355317,0.28411153880445006,1.0561708391811244,1.053633373513665
855,1.8909291550021212,1.8287741978652552,0.7010397417862863,0.5943712271236458,1.0174798885254674,1.0340718355143166,0.4384283315814884,0.43581979690701655,1.3897378224558963,1.3862193652567563
856,3.3623680049453197,3.4411913894549673,1.5139550179459262,1.7349410752288814,2.0847853002379653,1.966222676080798,0.19966281383797535,0.19497615993754921,0.6596484606151879,0.6716701030961572
857,3.1028772145898103,3.2056201423347646,0.107935168058869,0.11243437208262558,0.03823362482356163,0.023514816546884535,0.3004980998929203,0.29897617970958196,1.0651539119282716,1.057521453427757
858,2.2533573250631473,2.2563290229869417,0.3715196465404329,0.37525697183571133,1.0238628077893592,1.0091759260827748,0.0525779906503377,0.054307109279798614,0.2561311964433626,0.25590274087254916
859,3.707860901543941,3.769979705831651,0.21901847868811483,0.25338895252976007,2.2014201461188234,2.216661658501981,0.22761750743058803,0.2240494523048387,0.7026493409929975,0.7059693525920296
860,1.6543240587430734,1.7252657087933143,1.2562784228938582,1.4699500529556044,1.127132027013944,1.0716019673521717,0.053055029568411405,0.05137887664006354,0.19519696279062015,0.1947810352997701
861,1.5333967206940422,1.5344943931389767,1.3508241039853948,1.092695689948872,2.1945210806417665,2.271586095407051,0.30352132713462154,0.2999024752292109,1.0571052677686354,1.060172281791218
862,3.3854438907491406,3.2083928727515767,0.9806471078886635,0.7509602268757287,2.261618985493197,2.3815401552422433,0.3912613469681115,0.3879802268452114,1.4971590965468402,1.5
863,3.8363254739866397,3.9999777003619434,1.1450180153916198,1.1138922754751381,2.160502482595306,2.275842806378644,0.30169430613926757,0.3076399879343707,1.151971729207688,1.140971602506144
864,3.3793123608752387,3.4082891290240696,0.5801338975915654,0.5046345683018489,2.271877789734159,2.3511643321458098,0.2363060367048267,0.23403464196887017,1.12124145985767,1.1219564494890466
865,3.7009192250308036,3.6392460073205135,0.3463006431780436,0.29525246316499343,1.6426848027465166,1.7081593891323255,0.29625911794322507,0.3018453443516006,1.2208957023287441,1.2272226930048544
866,1.9532123862417676,1.9416952709623467,0.1678331657305632,0.24158093028445898,2.6393520148826735,2.4550203107168684,0.2785655240488348,0.28023705469221705,1.0986527858976658,1.1051306075533973
867,2.8494289196673828,2.820118849699899,0.5702213560250857,0.5408026832270367,1.6239502688193932,1.6161239333832706,0.14858652820942758,0.15287128394766805,0.46336579960064095,0.46884219604542854
868,2.4955482911789852,2.3067179229600225,1.9582134084682588,1.2204157138622613,2.7607912294096915,3.0,0.2069813463846686,0.20555664621805636,0.7316959885781518,0.7278958264919888
869,3.3622138033956563,3.415112793019007,0.14467019632918782,0.15701968287617477,1.8766686118804738,1.9012232823679205,0.040513291561088356,0.04095713815076081,0.18252018546865784,0.1828363952000775
870,3.8914735354303227,4.0,1.680182796133354,1.7125507243806712,2.560766456931144,2.599953839799597,0.12162997039707288,0.1228718541395618,0.41125749227152525,0.40941072579464816
871,1.5641831450322443,1.5739241803373205,1.6375302722907028,1.463331326187611,1.3659453583803218,1.4669532485894272,0.18633018262377457,0.18439649252603368,0.6687980454853307,0.673030220023032
872,2.9304218194230884,2.7271012957237923,1.781706705243077,1.2546158752797976,2.0453901930232,2.2570685834135973,0.2610842435212145,0.26037751932108844,0.8635996293483958,0.8634270496798939
873,2.1180347044377026,2.1196922262062543,0.9681272448085976,0.9225440034136099,0.7071022782986751,0.6643547777219929,0.39406203563616315,0.3841420306925085,1.2436890662732152,1.2377195623073138
874,2.2635265609487707,2.2572204060538463,1.4671770930245411,1.548911389995361,1.3655154072477838,1.3215942474093194,0.3561217385794453,0.34746386658894857,1.1295739733862558,1.1495741218072992
875,1.871754579811244,1.8522097493265923,1.149715893405993,1.1816652517666,2.5119406535557003,2.4757937507077763,0.15379057169742483,0.15691218837741683,0.689673503940564,0.6924694579746965
876,2.3547974155475977,2.289813387230828,1.5940271545046245,1.5444592683190148,2.080401138723979,2.019266400934867,0.2234943876821492,0.21997660968811616,1.066665756752354,1.0760924864170414
877,2.535307971598531,2.4295061542226635,1.1272207870736604,0.838683489078996,1.779424897451569,1.8679137917711892,0.29887898761001364,0.2974610413485497,1.0169666484547042,1.0152121242573844
878,2.403169720313648,2.355235585443458,0.9690414910178929,0.9364818506177431,1.4287459304336416,1.4271479677163168,0.2250876853298503,0.22803262916045416,0.7338003033247051,0.7376390213306842
879,3.7637646638935447,3.745844229740264,1.0211020709796412,1.0042502170684044,2.1813485382593516,2.170498731797118,0.09530773451086498,0.09464401799187831,0.43655191275699096,0.4357059272102034
880,2.294315410226839,2.2727602760449557,0.8133812368370649,0.7190578233550133,0.4449275027249321,0.4605492702026704,0.3592193519275684,0.3572776828406033,1.2744611428280723,1.2869588365775186
881,3.7680095094162165,3.950217080006157,1.3720230764122545,1.3435599754951244,2.829091784779456,3.0,0.17930950558005007,0.17397620616795753,0.8070957754544515,0.8143402095896004
882,2.3969396816448487,2.4644008004021303,0.46610006195603904,0.4595447654318676,0.37919564908421954,0.38002751351952685,0.06718040639974274,0.06826291682976363,0.23042157622128412,0.23142157532872545
883,3.5917301785236018,3.3494778406465127,1.729954522830091,1.5317253254850784,0.6149860849450979,0.6472498682361083,0.060020714184213134,0.058378400633770006,0.226275070064746,0.22865609758815758
884,3.3173756184895997,3.4302483355931326,0.23274453460963496,0.24948688036980604,0.015961131503645087,0.01589570031859497,0.04366609687067212,0.04449728404655272,0.1952188527573529,0.1948852892585043
885,2.789725553369039,2.752314527296991,1.4959052265198522,1.4731262725890404,0.8784672171088918,0.9186498258791788,0.3934636397806395,0.38740515918117935,1.3305586498834563,1.3347860594919734
886,3.3647322261739205,3.553457761891189,1.008071462233029,1.0749847899016665,1.0769769206347708,1.0663344298640327,0.3275359721953053,0.3266864670382118,1.4948680409638926,1.4822573317446135
887,3.513100762161221,3.2605212794128224,1.0221853984111953,0.8675583056280601,0.5131818774166451,0.5343515773807239,0.12614288625730702,0.12800657547126823,0.3970908601407209,0.4009451918857872
888,3.4194582020507,3.5363273997847533,0.20935892813315263,0.3310912759095594,1.9303227268823924,1.7719680039513612,0.09984371695189821,0.0965410415918546,0.43625806255470234,0.43218794365315594
889,1.7652510867683622,1.7782114903105273,0.9207790208707989,0.8356392257719595,2.0005974258231816,2.0459655402191506,0.2915110331282468,0.28664304114000533,1.2458482756978622,1.242101316231958
890,3.3484534613696115,3.374897332382334,1.0782375232417676,0.8928066138617049,2.465860141848797,2.6927917353758564,0.09224668280313264,0.09037844045370536,0.33276373850067437,0.33061607400025883
891,2.598596578909766,2.4455065778131995,1.5171195910782858,1.2140067373164571,2.9052939205317427,2.9820881025095196,0.2261091542946074,0.22845099398760532,1.0617547807511474,1.063754775485712
892,2.208739865466494,2.0853310949768367,1.0006365007075917,0.7824904361041507,0.8668287890636751,0.8728766943225968,0.21183474865957796,0.2128891862997786,0.7598652540337875,0.7650346427152229
893,1.9060535980152256,2.077078753776406,0.3457292675252265,0.41427033074567066,0.893892835325192,0.9068941104728259,0.2600278399016619,0.24455696616906744,0.9469633947774336,0.9338605406631825
894,2.7518621906708445,2.911285615629599,0.2949557236645901,0.5343030286027056,2.7968442073185886,2.5164166190749326,0.05810543750878948,0.058762154742185595,0.19390949962124115,0.1938275645326763
895,3.673853300740439,3.4048462445426892,1.5309441629905731,1.124260640055561,2.065930865465053,2.1702141662819225,0.17825786015964415,0.1771721224761837,0.6260065669567382,0.6210166650400211
896,2.9697153527206552,2.9743813331253435,0.2561586222122417,0.30003447465926625,2.919481313000212,2.9026507112014865,0.1793274541726949,0.18299274907025045,0.5615602076891766,0.5615602059667619
897,3.1949044512541827,3.062516597061598,1.758839139986039,1.66726640740643,1.2261497153397394,1.168973501686323,0.25866141766006107,0.25901262115906454,0.7904401889676648,0.7844405215841231
898,3.86667247249095,3.6636257007469846,0.7395078298900254,0.5811184941701779,1.9900217163603915,2.0471004435471496,0.27449793084198093,0.27956557689552436,1.3281250317735773,1.329523806482266
899,3.886313336862414,3.726711667179332,0.15497958307459953,0.10103690232864243,1.2002360669898797,1.2376255410524648,0.10583399053062223,0.10654174870716068,0.3865939039041172,0.3873451225695948
900,2.589342195928258,2.6381446626371323,0.3364855854906467,0.35124846381173885,0.08438761502078718,0.12640997212325475,0.148437310119212,0.14769059182100394,0.6897877415683271,0.7017144333982436
901,2.5078386637929535,2.5856683030299767,1.643570730123268,1.5356521453329597,1.932038127365605,2.0375110807453547,0.05034105585797741,0.049978050681697986,0.16002704523880112,0.15792625732740462
902,1.6898090744454732,1.7086681546072884,0.907295585923524,0.8709662841874158,1.0018639970607328,0.9612514817628262,0.27867052115864555,0.2783687282199434,1.3043341645779118,1.2882283915977468
903,1.57728657582996,1.8065255816418482,1.3878395541224537,1.612605091697575,0.24853760353293208,0.2776646090458538,0.19823389874961583,0.20284846402620976,0.5987427048006941,0.5835499191081386
904,3.252373480297794,3.104056341938119,1.9958872450113643,1.7242542576843385,1.6632650548067822,1.7097512007774631,0.09289600735523089,0.09331700933942011,0.324823669899303,0.31975288835443844
905,3.436041283674023,3.5105696786577867,1.2349794050735068,1.3005372958074481,1.1290171658680779,1.118191360936497,0.1891109525745761,0.19096897860261347,0.8020330781842304,0.8005196824612011
906,1.575199448959693,1.6590127750372212,0.4736652434141162,0.5770751762381102,0.7859049940206694,0.7593726909939854,0.15558052100526384,0.1581166843701108,0.6804033952787449,0.6778304969806569
907,2.0781959459136834,1.9205550520757302,1.6245068112591838,1.2221988179544239,2.5998616579103455,2.7520025839330744,0.4575451688408186,0.44673356936115827,1.4443843457882577,1.452384349299872
908,3.086112017072144,2.9652532899676873,0.39724525364719077,0.3656775597673564,0.1557615768970152,0.1283019583151063,0.31115176488645135,0.3120375187291996,0.9524581334110049,0.9752109710529023
909,3.00111106864704,3.0000588972108453,1.8929916951485475,1.7230072688472187,1.6200687950689567,1.5992672678269584,0.21618472412390669,0.2219965029425566,0.9148762167981995,0.9135196642268717
910,3.725592932256629,3.6606850122353642,1.5797535368537603,1.420873090502061,2.8384702256754673,2.9261740506430938,0.022535912087020295,0.023614231702546562,0.10343414666146805,0.1034991706853884
911,3.673752143133917,3.9531467464977057,0.9926347911462544,1.2298546025500183,2.4658689301284076,2.3887944891514117,0.10258984773999934,0.10230432588027273,0.43186539395650797,0.4289751350758665
912,1.6923260647757263,1.7304623255016824,0.7836435807762245,0.7458194008256462,2.2654057701182317,2.3011427391220343,0.19134759634628418,0.1916990491639323,0.6005521299074225,0.5945521147680016
913,3.7144374774158906,3.4240454153066127,1.906818833198187,2.0,2.4988153615172775,2.372961974088936,0.3271882368806452,0.3290804573007302,1.0111902864118754,1.0361902705702746
914,3.6679686478751945,3.5753534755694956,1.1798791435920843,1.0919291214963627,1.3105697380332364,1.3631039795622664,0.2985315571372395,0.2981919652803387,1.156370633114352,1.1578199670876395
915,3.1554686963813303,3.149991144839656,0.38679065072881635,0.3454365609751779,1.1065260647728588,1.1161120621376082,0.23141615451304598,0.2304398090715075,0.7587523180401536,0.7642084804683291
916,3.0674714733795447,3.091857522432605,1.9859201151686605,2.0,1.1420597949495492,1.1434215442934101,0.039217643540221045,0.038712973999866035,0.1902827751093198,0.19174452031931385
917,2.428344188366026,2.4421665805185206,1.586278287972517,1.5594057729071369,0.7996431762326037,0.7858602603626964,0.1539540781208387,0.15924368443670575,0.5406521047288801,0.5491227516586947
918,2.2819789032556193,2.242547474521711,0.537376175756194,0.529356408049113,0.23701047759022398,0.2508981948107414,0.309923112722011,0.3112561793775995,1.1624615777149723,1.185803293569066
919,1.7634984277803063,1.8535155008518431,1.0786789856742418,1.0971594526034767,0.5101047736800414,0.44262184628911627,0.35758164498143563,0.34996931848819396,1.4164342257066995,1.402550598581499
920,2.099669244279403,2.0498083575220094,0.4860930529005937,0.2234486677145813,2.783951372486923,3.0,0.27611904871539183,0.2687631223007842,0.8697766318383698,0.8661952212677807
921,1.8881543243182926,2.0924359916803468,1.0683664006576064,1.2196748103637753,0.6752358839928884,0.7189570709702078,0.31161305107829523,0.3147710985004925,1.354043200922961,1.3484852469328992
922,3.0251278393888485,2.9777786837601417,0.6805652505570787,0.6335294933037461,0.37654094530265125,0.3803388804349196,0.08941692487017364,0.08989971044767284,0.3750138992421746,0.37272811498129294
923,3.842238993605557,3.663099646824353,1.8133142849817214,1.684137893972948,1.6603642395465879,1.6529107371068659,0.16764452828180085,0.17177423541841802,0.7470951410091294,0.7644753853178209
924,2.137337549681588,2.230898870779559,0.34959909868480865,0.36715382002850055,0.18245893466388796,0.15921028041439322,0.08328186457475983,0.08691692013179685,0.3310283313302778,0.3329233116990598
925,2.5657102621168044,2.7430029322735026,0.43874796182802245,0.6163790026973269,1.7875415690643843,1.5955624764930603,0.25525977369938396,0.24579530024302526,1.1768916928707158,1.15573922895453
926,2.5853605721809876,2.5840390992549986,0.1033697093466806,0.1,1.4262097840867987,1.3937640765023036,0.15875208361178136,0.15751976052071748,0.6049068651294001,0.6053888267940698
927,1.9810077031263837,1.9662641267962604,0.9108557708578835,0.8401508572381695,1.7744139337285687,1.7691916099910334,0.06330553578033321,0.062080691086107094,0.23006703074574858,0.23166421325656147
928,1.8397787077982666,1.9246134180027241,0.913771069097446,0.8574781180835795,2.676284877504516,2.8772567903096133,0.05422479557879297,0.0550310501732323,0.1837557032428539,0.18183879082904722
929,1.620001514110296,1.599558493885469,0.6079261231413207,0.6401409203970638,2.3339359436317793,2.179817470685583,0.20264173619815762,0.20606447705411987,0.7300537826052838,0.7274696921621644
930,2.872032639461235,2.9496573314917636,1.7647424073999343,1.8931812652752462,0.10321568862867248,0.09882870605306879,0.06835084087576566,0.06694138982407728,0.24530551823351726,0.2457079742123384
931,2.9119372817681217,2.901979009455412,0.5711971209221351,0.30906065274537975,2.3525643318682907,2.673981973713498,0.13849918449697834,0.13499288749211344,0.6581273738140987,0.6503112504204233
932,2.4746699727893184,2.220807953584,0.99162345668325,0.6638784752563279,2.3114048248889962,2.328096982689007,0.07921670518145622,0.07942847031520213,0.2718612248969292,0.2709210277261125
933,2.720743458907587,2.774775416648241,0.7897280088451468,0.8312013750725578,1.2968902795370734,1.3049953706122432,0.04879328971900983,0.0495156575217204,0.14834382809870253,0.147879027676403
934,3.4837437275662904,3.306910985850484,0.5279864958799874,0.4989841370077063,1.9136285081095479,1.8890150749129635,0.2791431930348078,0.2789371456795866,0.9261062366529904,0.9343319227870779
935,3.1808939054973875,2.831586191430334,0.6036748421847968,0.2593261529851295,1.894466635518957,2.151496309270168,0.10852473224047604,0.10911055235488805,0.4428149620196763,0.4380999943423383
936,3.1908398090727426,2.898193786050828,1.570726420634561,1.3124213225457093,0.680826732751979,0.7299164081094307,0.18637665455462882,0.18411559565223862,0.5859553731939796,0.597799431351322
937,2.925792710406249,3.032327484635138,0.24042529152139866,0.12119568284261385,1.9944222668948928,2.2745017244377337,0.10142440038763909,0.10054420150274619,0.3094961979473403,0.3079335981478094
938,2.7284560642378186,2.7741910966849144,1.0483333273619804,1.0417277083496044,0.029586598514419804,0.050756262343247156,0.064609604563129,0.06518674647301251,0.22200223779152217,0.22181197194263133
939,3.2543193788110667,3.2647750080232836,0.7469313399603932,0.6062451749845776,2.5719871099260985,2.7224225700742752,0.2326670942181237,0.2338676699694556,0.8037898112544377,0.8045550322846203
940,1.9108457886886532,1.959492080784463,1.146926076299698,1.0988397242907368,1.3717807770204695,1.3607248514685701,0.0882389157725822,0.09275668147519055,0.3177624153338495,0.31682652307234405
941,3.890906039295527,4.0,0.2673920339375421,0.2680834058453663,0.33078580145753245,0.3663603037553669,0.2296241239686657,0.2222479273553193,1.0647365496025991,1.0591536948555575
942,3.1734706347280746,2.7164330936208976,1.5656134807723323,1.1108893136123827,1.8330571181073436,1.8839398651844317,0.2698784286028447,0.26245825093219294,0.919256001754816,0.9354123234416515
943,3.49782564746572,3.4627171029526975,1.2131264835196087,0.9312702093285332,2.6757511001282808,2.798011095525184,0.49276306268734305,0.4921719294878543,1.4807353293685022,1.462733865174756
944,3.560245617173186,3.6902247621274364,1.418305977060415,1.4742016194228806,2.990295935971768,2.9999998021315104,0.022910801508027705,0.02233267623425658,0.10487482499370382,0.10480363092861275
945,3.074041788725379,3.3087800199687685,0.41265351334202516,0.6388497086961316,2.3478107560036174,2.17571964932508,0.1323058333809629,0.13107331880388007,0.4404335680290818,0.4417430193060462
946,2.6731446864184036,2.794172657154157,0.8381853064408696,0.861485036744188,0.208755868072372,0.24270000731098948,0.23710545896666754,0.23792495270705558,0.7817754315806026,0.7760768410045621
947,3.2783944655286827,3.3347696948933176,1.728102603418179,1.5992607380273247,2.909427263497803,2.9895572065216163,0.33475963789401264,0.3382896678949377,1.0185897979650995,1.007589809296846
948,2.450615478854846,2.561957520307726,1.0971901298150888,1.1813355787665594,0.2852561941078795,0.29565139072242613,0.10774799103598008,0.10835028684331653,0.4405912715534441,0.43885212751058084
949,2.0701627633706963,2.119086079394954,1.6376993757386242,1.7036460445655501,1.9605732656703225,1.9416008610610997,0.15979067746998138,0.15985486794948764,0.5313569607783056,0.532287882432773
950,2.716962032949485,2.882221536474396,0.4823448865025778,0.7349803733445522,2.7509999687360547,2.498255743187345,0.1880306603042758,0.182691221470316,0.8472358500232043,0.8403586670416616
951,2.3322203908890615,2.5857554564618495,1.426180370390735,1.7914051263811834,1.511389593059915,1.5046277957074132,0.033960076286631204,0.03439582427963932,0.1596736087368807,0.16046142101042826
952,2.7265888686167337,2.734466736290212,0.40379562696878324,0.3480359964365104,1.6746049810482755,1.7353896247317524,0.29732567685622574,0.2965697691944415,1.074670882943846,1.0749466813820947
953,3.304593068661867,3.1765826173177416,1.8677819244925153,1.6735661940300002,1.0459751888390076,1.07098691329036,0.08638377771003443,0.0865826741009021,0.30097370607306556,0.3039737008100474
954,2.029617817984122,2.1776254701381053,1.6956565777950454,1.8175797359083496,2.1732073574164508,2.2395844359430654,0.07707186274442758,0.0754068792880409,0.30030900113030495,0.30047649362025747
955,3.565596181359605,3.4094419983526,1.8418558358394064,1.891725695352178,2.436312832847206,2.347392037177911,0.2994866327298677,0.2998760714630293,1.1914810139760783,1.205093307471601
956,3.5442813523251484,3.476187690799001,1.8441245665671537,1.78541354456361,0.5364508589600653,0.5510936192222862,0.22871270152887685,0.227540598764265,0.703079964408641,0.712640914003223
957,3.6583941904539787,3.652914763435553,1.4046948091485716,1.354571515927418,0.21858295803425132,0.24113882411024865,0.12795898132090736,0.12918813296013273,0.44563600620666,0.44534967059554387
958,3.381634709922557,3.4897062791364886,0.21583164034142366,0.2203793356449712,0.5420982010072648,0.5662645531299418,0.1336858035774685,0.1369219264515214,0.49336517671848956,0.4837849205635948
959,3.139766686726597,2.750298024684116,1.712994834750449,1.2718103317872007,1.9997392707188943,2.039322374085257,0.2986237618339122,0.3004463238386388,0.907320168890557,0.9131356490501684
960,2.075359817448626,2.0008098807472607,1.7270017696767628,1.5181578158005842,1.0846493636388477,1.1022148307727277,0.24860469397285076,0.23354620009680388,0.8231797359397631,0.8247629410295132
961,2.6424791668775622,2.5884534848675442,0.8127316960718353,0.7499769242371201,2.6743263193233275,2.7475421738617634,0.3481774055631952,0.34821209157522826,1.1468247003093686,1.1555813892872018
962,2.970329236624308,2.9049922392221355,0.8212053285899077,0.4896073117579869,2.6879434733570537,2.980179219583626,0.07506488102825942,0.07375872261343544,0.3002672709571525,0.29598191093225357
963,3.7305893306220432,3.7665095697305304,1.396536242647981,1.4134051903838731,1.7385404287025121,1.7272165099409478,0.13162549895497558,0.12380426615576073,0.624500869623926,0.6239869290207491
964,2.7707175467877816,2.757330377309671,1.7834229264395094,1.7470281650633626,2.9301618786937813,2.999988713831346,0.1813768825568437,0.17990060504155345,0.6937621245368192,0.7040705273003207
965,2.86664277006257,3.181797712596885,0.7047489322110484,1.212580352338672,2.8590042604012864,2.5955179593860764,0.18278269826365404,0.18485385255281553,0.5995996466395364,0.606204718408216
966,2.217507992103356,2.085928478477573,0.5530793133502346,0.1,2.536561821070918,2.953582760921828,0.13160527441500727,0.13218574397339664,0.48179088867687014,0.4800030488080269
967,3.9714812086061517,3.5418579489541617,1.1710403840927615,0.939345927688186,0.033699972797589295,0.07886840186251773,0.18579421896555612,0.18329044662165195,0.8690241564471752,0.8753782897929132
968,3.11657987956526,2.906797076548521,1.466883710861848,1.2026268408523508,2.209656326828002,2.2518678081668084,0.139549083156631,0.14309693693843936,0.43894970940090905,0.4431829785064826
969,2.0094851072863467,2.0471909165918114,1.3939557462410532,1.3290207136841716,0.7758071507726991,0.764689043365131,0.1561415312799906,0.1628638336461021,0.7458857530826244,0.7343096950711498
970,3.0630150258289564,3.0977438399096493,1.4491856205916227,1.5850688279131606,2.7770459136258387,2.6702963765403247,0.11528170302405732,0.11604302654668344,0.34841961548288075,0.35544344811519396
971,3.0240345475679504,2.6973542673818653,1.6780475325944717,1.30295626434537,0.8765580012118165,0.8672663090717175,0.05390822786150319,0.05303783179662373,0.2502639477278133,0.25040301114370084
972,1.6078844870873659,1.582556660942664,0.7479302316485272,0.650150344563682,2.10062857845145,2.0867670370871636,0.1920099348238652,0.1954884924907908,0.7527793973818362,0.7467793905020229
973,3.892673828705633,3.9204119211383146,1.1187781122101943,1.1063786540206546,0.46840685956157013,0.44564104750457845,0.010822690757099053,0.01078280236379817,0.050676496090496854,0.05046192863419578
974,2.361561363048324,2.317215072268298,0.8577797287667176,0.8403694036935702,1.760195039378997,1.7726070631620987,0.08603337417219564,0.08384917513901784,0.3506335992333545,0.3546939115301261
975,3.2745956435319648,3.194109558635502,1.4412617935635672,1.3425417562267543,0.32964622633576857,0.31965801307501024,0.15222749840688424,0.14790373915910654,0.7095795678987108,0.7119551882009486
976,2.388197073548735,2.283348258077352,1.3528651055458345,0.9199712206821915,2.729281143254536,2.9975494167147336,0.32357393463905626,0.3277190068035098,1.3004876391558096,1.3066213260289874
977,1.760044528442961,2.1582606761305736,1.3509822015260269,1.7744972683046198,0.1837171665862699,0.14786784214903945,0.30443488056896817,0.2944552702176451,0.9797752027674772,0.9567755913158149
978,2.994493880509336,2.8818614821144903,0.9123529642430542,0.8677558163118146,0.2337511655472363,0.23767531304654593,0.09842000724911273,0.0988389401017898,0.4732175685396289,0.4702961645173668
979,3.4241858938194136,3.481515670294671,0.34961927622826855,0.35906187353162816,1.6382482941403325,1.6625539756612557,0.33744062630760274,0.3533305624718654,1.4819931758198046,1.4815277800989533
980,2.3221010229304166,2.3474563162924236,0.9405097798873642,0.907281012890296,1.2328273200866777,1.2501917571486985,0.08469586965830289,0.08437419449531583,0.31863053383076173,0.3175542299025029
981,3.758686492062372,3.475396223502417,0.594978470752559,0.4809602275501689,0.1834587910470794,0.14789439562307635,0.23434119593214445,0.2449322778103614,0.7844986316252158,0.7818970007241175
982,1.7637615461855836,1.9846173360347457,0.9032634224581685,1.284790845094606,1.6773590332353778,1.6090661948919496,0.2949286111571252,0.29348860064803894,1.3150944334190628,1.3190944510288498
983,3.858351716324188,3.7243041766649827,1.1835006531386394,1.053035714878774,0.1027630992315508,0.11941712695755433,0.23325386297966552,0.24691694373824313,0.8486973888835576,0.852157890674334
984,2.67769254088187,2.791610216784363,0.8229699268209827,0.8507285877791756,0.5338582670922406,0.5780229336492303,0.4063109455231515,0.42958056618147394,1.3256396626788791,1.3306399434026948
985,2.832113306271773,2.7167667758605765,0.9757514968338773,0.8094366461785887,0.5671136475081124,0.6200753964301514,0.05426036959436217,0.053809825559358475,0.22262568209274047,0.22209926394248392
986,1.7985425944966544,1.8322390261755952,0.12748347516996603,0.1,1.5905437587261169,1.6128420099665564,0.2855299467740177,0.29010847458061717,1.2406015420438024,1.2347260861418263
987,3.187597276097754,3.012619004167913,0.9591151253822857,0.8443103097004141,1.99644741856326,2.0110322139287478,0.2544296629404854,0.26024601675880177,1.1509245942385586,1.1554267954463646
988,2.3803071527514494,2.2822886635453763,0.8416749852861881,0.7469765906952712,0.16301824949582622,0.17522408172922171,0.30664596815226264,0.3061323906567121,1.0733725409659258,1.0779733937239142
989,1.9922069023782658,1.8919359752634037,1.3332555130998043,1.1520746037342082,0.43101615000386573,0.4242845691640199,0.06146160826641829,0.06202979677378247,0.2965919324312214,0.29324101677517167
990,2.849284702017677,2.8730861712785423,1.0872990927354473,0.993257460029845,2.934402890275492,3.0,0.34177389965015265,0.33368607337486994,1.437944430056818,1.4343305988075685
991,1.7517365831289375,1.78078885508535,0.3627112115709784,0.4231462992448964,2.6033888714806137,2.552930619412102,0.11896625467334906,0.1218633332802353,0.586641750169222,0.5895608114895803
992,2.179548947870325,2.2474179654040976,1.3624401063449176,1.545068158795638,2.877566112239466,2.819732473147484,0.04918787371166504,0.04917037027158332,0.153330796192202,0.15384416166803108
993,3.66276813638526,4.0,1.2936484803005106,1.5082492993964836,0.7761037077454968,0.7685021293053755,0.3664017922064949,0.3611239265971766,1.197484520382882,1.1891546226277796
994,3.7152665483512854,3.7854850386514456,0.4639328716290364,0.44473391038324506,0.4204024834632837,0.41639629542498163,0.08187574994699602,0.081426662610231,0.3606518685762123,0.36047591567861476
995,2.2578988202801558,2.4407820467055386,1.2764329583946226,1.398178615155328,0.6804347900026834,0.7048906521801731,0.24647788781026259,0.25443246908182265,0.8505300101427076,0.8643198063563148
996,1.9583015123483782,2.1495912067691654,1.7356401356766193,2.0,0.35427592290391074,0.3595192055327895,0.250575722952631,0.25535093894510846,0.9114916673214795,0.9026737784977829
997,2.662671027725036,2.6862439431091434,1.2920696900117594,1.2729302926049968,0.2667062285120554,0.2666891541341914,0.02760389302453526,0.026918766877413514,0.08728146818554372,0.08770291934567194
998,3.5754280353675005,3.761346626016738,0.5711077855201314,0.6161729544236447,0.6301143021939627,0.6268277641948772,0.24031538073571843,0.24154778787897777,1.010170161914472,0.9958942412728121
999,3.678513876361675,3.613353134108685,1.7166115335418424,1.6684165684115388,1.689356802659813,1.7049766223423033,0.3951946421957686,0.4009293842667744,1.2217713928572242,1.2307804091208623
