,a_true,a_estimate,lambda_true,lambda_estimate,delta_true,delta_estimate,sigma_true,sigma_estimate,ndt_true,ndt_estimate
0,2.5024408784837933,2.734996748805487,1.6636422697477686,2.0,2.227692500412032,2.243747043578294,0.1922111188258468,0.210583947037993,0.8689974327649083,0.8949974189206262
1,3.23936252180165,4.0,0.536084898728165,0.956247597841994,2.4401266267898234,2.4278205283314778,0.0318223634678584,0.0281680816802232,0.1213515107203024,0.1149095094026232
2,2.107656812621572,2.1621561744831883,1.9693894003550927,1.965904705733685,0.6727615876456079,0.6924898631926784,0.3439794254462753,0.3696897032394242,1.1394178506854502,1.1584186551210904
3,2.128938369153252,2.528002477731464,0.7019397180045601,0.8974333048724896,1.713642289493302,1.6486667510573287,0.2704578071166039,0.2602017071957381,0.8588476062497469,0.8287468022862043
4,1.9515310167026625,2.0276318764791923,1.9017979311645523,2.0,1.7841933478724272,1.6315933580753466,0.1323864341665659,0.1288903123695602,0.5365457875342018,0.5372082126585546
5,3.5896710290550407,4.0,1.049134060058594,1.4217721118013271,1.9140270672447577,1.5863255640415213,0.3633878498979518,0.3253549836630978,1.3206695568605782,1.2858809079138471
6,2.488921891036499,2.750225893348558,1.998658958154598,2.0,2.4027179213020067,2.8658940497434897,0.0433077281516986,0.0362133841315,0.1726353012209759,0.1705791400735064
7,2.825127738824075,3.3167601563279385,1.3288410392448111,1.8556686512103755,2.8378060388072677,2.5737661162948076,0.2750101903217875,0.2770924733810946,1.1039063082171132,1.0969063227526663
8,1.8677482812129895,1.5505421726264332,1.6037491188399953,0.9457604689289234,1.0009335649527706,1.1944489165519854,0.0466433141333447,0.0427218919118553,0.1620140241260428,0.1643006648314041
9,3.231983267943894,3.4166485611751662,1.8625468408181296,2.0,1.0032844274132908,0.9864068921369726,0.0412211246677957,0.0430612680337248,0.1481884792255227,0.1424251674793037
10,3.0932237808492458,3.285226081044981,1.587712911188662,1.82079956391898,2.666706337120668,2.698246852065351,0.2024637174026081,0.200917542066308,0.8984412908268283,0.9030108927627528
11,3.405219791601582,4.0,1.2266095064313989,1.738306041946304,2.6682118077430133,2.5634374201061445,0.2477162973919797,0.2558352148752817,1.0748464048042283,1.0777422139723087
12,3.234476014523026,2.7068368048296008,0.3781952581751798,0.1,1.9840632148293589,2.0603266790822103,0.1020931010200463,0.086906159394294,0.4955774474291748,0.4913449459572915
13,2.0574527418492545,2.153712973696524,1.2891343944267275,1.6155378685099802,1.198552513889276,1.3626681782376364,0.1767562266614087,0.1720817822660423,0.8542717558889684,0.8652717395314116
14,2.181897918336926,2.3609285141406295,0.2952145528911482,0.3008355832052255,0.488413734584708,0.5011911806221094,0.4648862934042194,0.4479819032391413,1.3952749613457676,1.344846913379692
15,3.525031397407308,3.9999996702174063,0.3346277266451495,0.6858813143826024,2.90273523260856,2.567419932528069,0.3963529916426582,0.3722415145767336,1.2847368279707871,1.2777368688426312
16,3.621324067920877,3.999998935956992,1.9568525763525528,1.6788951586126886,2.57997587137639,2.6576393631871507,0.1683272624272682,0.1585292069291511,0.7841817212586152,0.7581817358796228
17,1.7917742298746115,1.5,1.7828487832097049,1.3458075429284213,2.9706486897324016,3.0,0.4034421260240852,0.4072376462953285,1.3063982043285831,1.3471927441181024
18,3.440980076639264,4.0,0.8665423628587966,1.3903789370192383,1.1064705426986148,0.8730316246620901,0.3415905929961549,0.3397155799598986,1.473590610865691,1.4626914311352217
19,3.48040733569034,2.8478926699425315,0.423339153781172,0.2754706616105833,0.4443432936680679,0.469599025851572,0.2999031990910823,0.2886308186766217,1.412064396615945,1.4034176174949995
20,1.9900923053960928,2.044706434770055,1.797274104747996,1.325271670099048,1.9038437452465269,2.061996064915625,0.2579656598979797,0.2624353402298245,0.967041245566706,0.9340412432425484
21,1.6977870575506548,1.5,0.3525438375564123,0.329213229206435,1.6267005468502451,1.591510999079068,0.3960375991688917,0.3938810367812441,1.41730607308073,1.462502842666506
22,3.894820866333972,3.286642037019142,0.8999371758734118,0.49641995213571,1.6848130594920614,1.755200485370666,0.2322996547586391,0.2290488600234777,0.8093791382457299,0.8129377994963607
23,3.3804022145871326,2.560814813775245,1.9670771578481736,0.5927390416855102,1.604263979571822,2.4051112928649463,0.0794454589871869,0.0806617604952357,0.3044464115741638,0.3188608873241427
24,2.9048071932708366,2.44535324477711,0.6371431727862086,0.3082481497107308,1.7946700409297196,1.844472421537172,0.0774027649408377,0.0778983797747584,0.252761652647812,0.2506251179271564
25,2.6747603023697497,2.848391427096609,1.8626972630809873,2.0,0.9734492562913236,1.0357699922379748,0.0627727226319399,0.0697462565305953,0.2606911325643432,0.2613027728541066
26,1.5707448108606066,1.6037740713564022,1.274399196973621,0.5944635145736086,2.2406109487356427,2.9226252586858186,0.2953975873844114,0.3059542641163707,1.1203414129484006,1.1423414954519284
27,2.69835488168356,2.6958485083172787,0.3096865938583869,0.6881415392140419,2.2497422343379574,1.9100709654738457,0.1344048844220508,0.1177975317605637,0.4126091471074921,0.4264249900156135
28,2.436565224776951,2.162026000287958,0.6946017352707738,0.4777182546761508,1.7936928667289198,1.9121130285764931,0.121357305018667,0.1383624651404665,0.5619123060021355,0.5717001142415019
29,3.0870865771599307,4.0,1.1207921169766284,1.8724618258784975,2.277459343960525,1.9323735003570264,0.289546698531028,0.2620820503496028,0.8707568997434911,0.8081656209241433
30,2.8094690808161182,2.498927991138023,1.4802916734067004,0.8357268445337516,2.448210448392268,2.535244354184307,0.31518281263215,0.3121189048410381,1.295478847407625,1.2654788468311302
31,2.4309807518255857,2.3416903221397956,0.5883622766185497,0.746119497197478,1.3515091707203315,1.1037645375884504,0.3470827246877169,0.3283727098028037,1.2669374478513813,1.2799372529706592
32,2.254593689286746,2.470719714994236,0.3393020908223028,0.2830585564497394,2.5970269263241654,3.0,0.1676916856253981,0.1578452412642915,0.535305917188643,0.5225271829973767
33,2.3478678132348736,2.0986354709631536,0.7147075502310697,0.1000000049783241,2.1833873150879937,2.4150467902348667,0.2804532462681036,0.3068511388799478,1.251700488112376,1.2267002899974984
34,1.5202191407917638,1.5,0.2965626528881881,0.3091752355924804,0.5335575725973724,0.6690685976309089,0.3314184603255986,0.3942945800982058,1.0145642830822712,1.0246726569822793
35,1.5094496647548736,1.5,0.3941556006059266,0.5119053703904587,1.63435542383067,1.337429039595764,0.0724505716111927,0.0794283834413944,0.3089346493705084,0.3059289725612799
36,3.256698959236176,3.330171648322706,1.9595728849519884,1.9999832873820016,2.7825205363646988,2.736554489111472,0.3300682679402373,0.3733496694246965,1.1919810185277384,1.178981108376303
37,1.5993379193096904,1.6052435944912995,0.6550489621218695,0.6693237050928217,0.1530719634433015,0.2032050789216528,0.1689894172881272,0.1783410478148917,0.745234723104912,0.7647955597171469
38,1.9201307059450936,2.6248715415246764,1.0154814812392294,1.9620957301949016,2.285282723610063,2.0282685326251357,0.2572773250660106,0.2600419341952849,0.8818701659526726,0.8747522251875377
39,3.051261725715305,4.0,0.405266047779157,0.5887954346714067,2.564226896462141,2.767176229903645,0.302345310663936,0.3036491894590078,0.9272062084167852,0.8762062016802843
40,2.4559393660204174,2.57584113213479,1.5417748461915393,1.69747504051664,2.7610893308507687,2.535886052319927,0.2136019615250549,0.2423410991820237,0.8871481379390632,0.8781480962109233
41,3.597313749613033,3.435344375486217,0.1322018421589866,0.1,1.6654645608350114,1.6336859148496847,0.0729170803470334,0.0711928617468496,0.2295132162625424,0.2247621875629088
42,2.660180826594879,2.250261731858687,1.406618494694751,0.9383341498279708,1.1131578115834992,1.3151403527489902,0.402404887910805,0.3906976393243989,1.4330448228912582,1.4957673887086995
43,3.5162333942738484,3.3487673489463052,1.1599959248347096,1.22330222277469,2.734094828223786,2.6832868715470166,0.2765934869632347,0.2884737307486394,1.159502652068295,1.1735026551960357
44,2.034753000890451,2.103667615191772,0.9433303285249078,0.5692633091347107,2.417786656844779,3.0,0.0880948669319227,0.0894307266399932,0.4031650263898402,0.4007742567683143
45,2.465159654819328,2.1803906951051637,0.5315139200924057,0.3347870036496145,0.7469216810656228,0.7822872417655585,0.2959374916950534,0.2871330414528041,1.343055338389587,1.3255710121046795
46,3.86424741586977,3.555797941029961,0.1687635667095208,0.1,2.9883022992222124,2.9586700314402212,0.2150075956933622,0.2131550059683263,0.7465365747508698,0.7491500887959511
47,2.6125894665299483,2.8979811762122356,0.1275846646565711,0.1,2.1481930386952652,2.44491288858901,0.0454900163693612,0.044076714921578,0.1958009725420977,0.1936879587492235
48,1.7715483205142413,1.698665708095818,0.700144817481271,0.613408346435884,1.2601433986409312,1.183887752119234,0.1745168806069707,0.1695904271172041,0.8643110570063501,0.8725584327683708
49,2.8191632419485044,2.5997826145775997,1.0476469507948192,0.7517393326944868,2.7778309663728806,3.0,0.2766076158787091,0.2906082054626581,1.2035662878278544,1.226187241885929
50,2.056544166868691,1.7396328374585175,1.6663389461789346,0.9498542672137412,1.5571357878236434,1.7453788646505677,0.0775878803924845,0.0850325222791841,0.3756053802906692,0.3750724065260243
51,2.781512993640466,3.735381111946016,0.2758806218265541,0.4825829062890077,1.0603932950450727,1.1498344537664955,0.4023836094144535,0.3968354405841658,1.4890098552087772,1.37446722594049
52,3.197292480855656,2.864575315830888,0.7587177700017486,0.382790279098834,2.9347035787769418,3.0,0.2001422579611389,0.2071227971418782,0.9785022870986262,0.9810251433727624
53,1.7770049504433136,1.746272576547744,1.641679648210152,1.4543827728300045,2.1372679462309567,1.917345837783568,0.2334681764398802,0.2611117177694474,0.717629386298596,0.7202969207205612
54,3.9608001681120726,3.808752723895003,0.9761526102292132,0.8889578839945322,0.127585830315279,0.1221376942390591,0.1304372099668166,0.1273476771887861,0.4270628097099545,0.4188415976820965
55,2.1550530879582928,2.2138454547677937,1.53378285563802,1.057174314294718,2.339335070373238,2.6258393863173133,0.307844974455752,0.289040290380787,1.4270024501554273,1.4250024546904057
56,1.8806889440365784,2.0256729175081993,0.6115036425815653,0.4772922787664859,2.835182328810499,3.0,0.2638200314884392,0.251732867598454,0.8999916105327828,0.8855903940097879
57,2.614544374241104,2.9036867816575924,1.8247952173697992,1.97100936650297,0.4703839238711966,0.576195659141782,0.119478384114805,0.1222519810629776,0.540972023935133,0.5382537891185342
58,3.044737060237493,3.758158426714008,1.0457132272487824,1.9999948774463427,1.7563917543280727,1.4034979276796795,0.0163604585037742,0.0161407089914643,0.0613059203582841,0.0626809571677639
59,2.147318040256026,2.69332153974124,1.5940940317877017,2.0,0.4400550847403672,0.3298624776086258,0.3256570617484999,0.3530621749714788,1.4852486374560725,1.434456343214411
60,3.1431342467465244,2.6507963438940703,1.459944160227473,0.9299126039813193,1.0021641534928756,1.206830829200451,0.1834577557226532,0.189958963247346,0.5925354110737295,0.6149867583242525
61,3.524434022551316,3.131584155627451,1.0559351214020831,1.0755182003226595,1.319811662159324,1.2389846551382075,0.4170760093547907,0.4083663525917345,1.3447513623755984,1.4170490052344298
62,2.839263701873699,2.9724238445761735,1.0627578907214226,1.0798679914256588,1.6559921792860597,1.586386360621397,0.2470901961807587,0.234383468233043,0.880391757614242,0.8733917544405939
63,3.5182576034150075,3.11785732428908,1.5694150098548043,0.8551487633897216,2.6849748770730164,3.0,0.0735897635284322,0.077202488404681,0.2968313295988365,0.2983995166661654
64,2.1117646433527537,2.0425680382334614,0.2109474314859698,0.1185216649396267,1.160251324215784,1.211683663895725,0.1698001113592083,0.1586122607898163,0.5308881114138151,0.5381743890227341
65,1.63235656540102,1.5,1.6304364960440685,1.2727985781905722,2.2978730919718906,2.3019689385283555,0.2638764180029015,0.2983910774341978,0.9925073391292716,0.9899941467355058
66,2.9243517430923305,3.269626096543825,1.0019542718615129,0.4621359726960514,2.282459563459973,3.0,0.2520429640663623,0.2411980958612972,1.1463008630438418,1.1076741612499434
67,3.030832826768587,3.2172291303741525,1.0217116597899043,0.5674073343252197,1.905052523377028,2.407978564919155,0.2701426843637031,0.262446416236667,1.0902570916341086,1.036790571682492
68,1.629568682995006,1.563357096828185,1.628592716420295,1.2769206143739882,0.1254850423246065,0.1688919580038575,0.3211727341563956,0.2913399196120826,1.4434723133330971,1.4474723431219267
69,1.6934518410778108,1.6575076503866768,1.6999603329193325,1.988309196344142,1.7618908828025834,1.6308101371098591,0.0600445907497898,0.0644330873318494,0.2370547418921645,0.2358373760423155
70,1.923659296950046,2.1589902995669257,1.0784295051348776,1.169069806848186,0.634779255015639,0.59075877514363,0.0267232601410646,0.0286650229182969,0.0936769566131882,0.0978119007642911
71,1.573541191164416,1.63285087603792,1.8911360786834452,2.0,0.4110318789278668,0.5244220059481423,0.221991110829887,0.2200302782362691,0.7509111446663677,0.759207550254497
72,2.3666085363391884,2.5243684808782514,0.4096496673041782,0.4716477625270411,1.7204638456887418,1.8660207759655612,0.1839716269196913,0.1756146174255109,0.6432346647479699,0.6322764843167687
73,2.744368337571732,2.8786751052370936,1.1110790820872345,1.1356280134589016,2.3225649280361713,2.5448664653474093,0.0522554770037615,0.0501074340213882,0.20928842181927,0.2089986046419359
74,2.06821313581783,2.2618499387130253,1.6561405906899591,1.6757146908655884,0.552123769158347,0.6992278755464987,0.2348663440561302,0.2456788390521969,0.8716862785226897,0.8199193929795652
75,2.7043735320534728,3.0099449958902023,1.3039481584931385,2.0,1.6370400020516995,1.407013320936472,0.2051736004400752,0.202369835003902,0.742845195716771,0.7349928431779402
76,2.726417111463929,2.4039352777341265,1.670164156900768,1.136576982404103,2.1146797200907246,1.972566969496674,0.2655877759657103,0.2595371804887867,1.1203835098395405,1.1321329856129625
77,2.04108783769663,1.8816563377587243,0.5058656964452233,0.3344046827331081,0.3456883718676898,0.3590186320103226,0.2207571176396774,0.1960458213559756,0.9060739050064096,0.9017155368672344
78,3.1123186529445523,3.999999583627066,0.4249252731296801,0.9225503761017684,1.8045238633182032,1.592732072776792,0.0532632826572648,0.0507665399673605,0.1853060095132336,0.1838679675958787
79,1.8801251012332936,1.5387670794172958,1.13089041843639,0.62023503873067,1.7484835668260497,1.6048120399517756,0.1406894839154979,0.1407425932814111,0.5219781643853519,0.5479779266378233
80,2.4384468834913755,1.9993393615315271,1.480628848581372,1.1390795647162326,1.025080432654543,0.9388806361084534,0.0169861609003912,0.0179816649400554,0.0558411186274772,0.0544994957169613
81,2.46441257196625,3.2599443777491808,0.5979369947977643,0.9106610679097435,2.251245711020244,2.471825975182161,0.1293161279653279,0.0990037977643363,0.6305083644164958,0.6221989081314031
82,1.9408704944128496,3.5433015581599983,0.772948574444024,1.9950593967156496,0.4617555473089343,0.6656169447440243,0.0570882613407398,0.0632028998009436,0.2242657370781394,0.2254161152304178
83,3.3204021259655536,3.906281779901638,0.6146989587840995,0.748902128057768,2.674528574062394,3.0,0.0315330709290029,0.033884625276277,0.1022400621914244,0.1044139173576011
84,3.3687152209879176,3.0808316432781715,1.30971755526295,1.056940206821788,0.9857117281012376,1.23005729379914,0.3185368207045681,0.3093768097687128,1.0125078860471226,1.0606858780394113
85,3.01497612489758,3.3503859658931674,0.6614435175362793,1.24003408614945,2.983808209080397,2.5997292818990316,0.2047878941989681,0.1983186609738924,0.9330161475116532,0.9448868346754667
86,1.9888896255595967,2.6107963392585507,1.415140571058858,1.9999150884243784,2.65147173261291,2.4900931801680706,0.2252775925287272,0.2085641055373188,0.7801400217108618,0.7368852755387234
87,1.5949339804312328,1.7348617085925897,0.747560798710638,0.8615179068101947,0.5373131693085275,0.5894997884333922,0.142235968172887,0.1421125145616482,0.6102951937603801,0.605282478336632
88,2.7817029212573936,2.5370791011594243,0.2916954439988777,0.1,1.8649473991836272,1.8283958620286231,0.0693432969291789,0.075132848573021,0.2557782741595039,0.2633467673101939
89,1.502399320019229,1.5834323663982166,0.7432502061281133,1.0753807341336272,1.241513008185693,1.1782376820940654,0.0480180170019549,0.0428809724329005,0.1917675443079876,0.1904882074746341
90,1.6501942284907278,1.7365882840337594,1.6548767965113036,1.3749674151159672,0.6740291088065072,0.7213373611544978,0.277965562051855,0.2627468116459297,0.974879709942894,0.9540131118050408
91,2.406361978554461,2.108670342926998,0.7849580612062034,0.6823178919613027,0.867941498558349,0.9783066949147292,0.2721008275269748,0.2848153305884103,1.172416869202617,1.20366622655845
92,1.512772514810777,1.600123783621476,0.1555100788849805,0.1842274052874596,1.0011396054865815,1.120943421783454,0.0226563412605741,0.0233970855753207,0.0975367349728642,0.0992002747301021
93,3.214934850464964,3.3962301364955687,0.1431923536186294,0.14065610620197,0.4025885775849998,0.4982085531173332,0.0441880098268037,0.0453710606880784,0.1919493380773599,0.1920722054640424
94,3.283799823642044,3.2925978070331174,0.475894646564707,0.3197912096037549,2.545275888821148,2.685618986260182,0.1347525352344469,0.1345541701901801,0.623250988142881,0.6235185354340199
95,3.900817685299588,3.1721229575611583,0.7105838418094211,0.1,1.2386690321620974,1.8927287261011536,0.3461510799869194,0.3595940332071892,1.098999412780488,1.1310485240155337
96,2.861808400668816,2.752133305463891,0.2541552794425586,0.1,1.5693008698040305,1.7992487163697728,0.0613799465562203,0.061049066446725,0.1887880716107616,0.1843069577874389
97,2.6215275061081913,3.3870846735593423,1.236523872406164,2.0,2.0106278277311587,1.8809700496065451,0.176879622886289,0.1818561413509708,0.763651906285162,0.7455975171094484
98,2.7286889580369675,3.084047820510159,1.9582738827038992,2.0,2.4437674059281496,3.0,0.1205674109574015,0.1300745665295032,0.5174085055704563,0.5254025047304992
99,3.984326558164059,4.0,1.608938656378445,1.5461725816706628,2.3278344255989825,2.334614194833009,0.1788899871704597,0.1918418386745975,0.8287551352792965,0.8348280714427545
100,2.5970001703152974,2.14606937553592,1.1037025257269402,0.8159599312995812,1.2982323770432513,1.3201127549480094,0.038344359997281696,0.03517189448146376,0.15199309662522487,0.1538930546200859
101,1.9682080495866734,1.817253805754125,1.2952801906838185,0.9233839776509232,1.4298686242712342,1.61722795355879,0.2978827706449919,0.2835292987816281,0.9437418567940908,0.9577417500836274
102,2.2501324127307516,1.9103035577866228,1.8943952839310916,1.4219770402040321,0.6175296620626041,0.6400636688710313,0.12256164130932105,0.13328733113366795,0.596618325316378,0.6066868661554272
103,3.1228085000574883,3.6098534058560396,1.0451290915037004,1.2324361010021387,2.0292666776087898,2.068038727078882,0.22786529285743856,0.22760230900975614,0.7470788973433252,0.7190788189076
104,1.6151606371461764,1.5648821491193967,1.939948038966219,1.4766189366815399,1.9674732330732654,1.937769102899487,0.33148758020315583,0.3424406991416959,1.4449411349250783,1.4379412362024597
105,2.315202164942712,2.6439852110918105,0.8387590694256604,1.424015603738773,2.1117691667628677,2.0199286596828747,0.17367252626598528,0.19189045831552656,0.7848483724618002,0.781848547827119
106,3.796942196069485,3.1627995658054235,0.9047083049845396,0.4838167644226329,1.5655599129253601,1.5761680636769984,0.2721761373371619,0.2656422438512245,1.128068813187218,1.1650688082846017
107,1.8890225967812397,1.8439944674250004,0.37065989517273035,0.33420831601243206,0.7346363238807746,0.6844648914954234,0.27006424256197836,0.2680971768635253,1.2099904482671455,1.241049771390833
108,3.1545693622280613,2.2999848405899166,1.5330739015387136,0.1,2.1528128656067063,2.876230145840519,0.0778336511588533,0.07720919961867957,0.2521230779241922,0.25379070939290505
109,3.9382808127418683,4.0,0.2610639692795953,0.1,2.542891349439456,2.968973861844311,0.10725037560493375,0.10247317630880823,0.3255242828872701,0.3149119978341958
110,3.5187586682488208,3.8726759660149495,1.269527927758346,1.4978792518968829,1.4036211924825754,1.3101262017584143,0.2304390763705384,0.2468214904415595,0.8891037157426399,0.8793563046437988
111,3.093336443779233,2.4816119617337256,1.4789772647045847,1.055123608707273,0.29487503240494073,0.25267488924725173,0.37730757592231234,0.3438543467467946,1.4796599756180047,1.5
112,3.391971269411175,3.0736367790546737,1.2817150776545378,1.1813724585758747,0.26606854247402956,0.13777939375996098,0.3283737701287631,0.3621019433506176,1.3535871395567354,1.3502214373939978
113,1.6988444649121892,1.7625286403079774,0.6129024929392605,0.607380848561472,1.749103463268575,1.923174155071509,0.22440470689237774,0.2275451531866514,0.6824158941210163,0.7199237926613758
114,1.889944319304868,1.7028754797800079,0.7435726245044931,0.20360052033511952,2.0489555882853443,2.4454787514366965,0.11038310239276014,0.10939528900119752,0.36362417975986594,0.3597681250972566
115,2.122483229929632,2.7739156943637644,1.950520013208958,2.0,1.1536676871712594,1.3004240100865743,0.28967414995328294,0.2518866786640471,1.3155624558664425,1.2198774218323079
116,2.087887456332448,1.7366511643551297,1.963564080954085,1.53419769237706,0.14368929935796537,0.2755233631729432,0.1877333545837763,0.17074179727138764,0.6681368080740752,0.6739217320952259
117,2.5344349804075477,3.1005033056643967,0.9522197164809624,2.0,2.2045054690148502,1.9047823070440748,0.21243888803914887,0.19699407333494678,0.8797706890070204,0.8555303172243102
118,3.581814063497965,3.450514418083769,0.6873748406881569,0.6752823603901464,1.3439954702806278,1.2172634963420412,0.06398725522837151,0.06021169631243385,0.23165177351299976,0.24533137286864803
119,3.1419483532606582,2.9635369128148668,0.4227561825287044,0.7586283163382521,2.3087900773379393,1.9879268682753404,0.36269754845372026,0.3100781746737768,1.273101274248036,1.3442992921121688
120,3.6652523482017543,4.0,1.681635164537786,1.579371216564912,0.0533844263248896,0.0942501719293509,0.18316594857125565,0.19458048168810385,0.8707485169455712,0.8365324332862464
121,2.3764917900896423,2.2807992588524666,1.6831643980439472,1.856327089341502,0.3483804937494348,0.3832371677003256,0.2913020353276148,0.2914248664692674,1.0532087566874933,1.0821117231129642
122,3.0823208930814694,2.384574605617007,1.7301148806259852,0.6079189162285467,1.6588016065508784,2.0428818366594355,0.09574580273125412,0.09302226234939899,0.4477091749695479,0.4550810395003062
123,2.2338796924784,2.958769444745921,0.6081924528450395,1.4120818497038015,2.5711311097909393,2.4898957101139616,0.2745751131561093,0.29469259752189836,0.9737453434026412,0.9617453421824153
124,3.8621676529372113,3.368118117929495,0.23475992721157837,0.1,2.4365868522652914,2.271337361399847,0.08185589211167102,0.07827234577259051,0.3587623482169354,0.36007348312450527
125,2.7913152098633787,3.598927417570529,1.0667725018600338,2.0,1.972917025993083,2.054623727832174,0.2116141732954444,0.21058927292580698,0.7750980103053082,0.8049067760626697
126,1.9378827029648091,1.955959668805579,0.1549307212905532,0.16468673375192427,0.028451342174607985,0.0,0.2222574958029022,0.2215561534195123,0.7083212937179895,0.7134774614240925
127,2.057753374866644,2.2669008638760766,0.9571840640620877,1.186064327755181,2.9184848299986124,2.999999825931609,0.4913996851544148,0.47551202578380675,1.4960545929412328,1.4827453729278246
128,1.9410438676928345,2.3209488265593103,0.7535914396353546,1.2943420351106318,1.9677841877309827,1.9334650335157568,0.1472791613976439,0.1523341645915311,0.5991182576611,0.5946799804082183
129,2.6302969880226756,3.3283432705690785,1.6788073466187912,1.999999998329055,2.5041732535386387,2.4861037939448773,0.29330927356929176,0.2764324574489593,1.202309152646792,1.1553092719774072
130,2.5664792976192983,2.556716191040456,0.14019378364616294,0.21476369416159224,1.250343513126527,1.2213376608976236,0.020763241642124227,0.01993651275108123,0.08042287961704098,0.0799724992241031
131,3.671212874828666,3.9244422833561687,0.6641683005985999,0.6733286929171491,0.547327903641564,0.4797488786353512,0.23654919150329645,0.23604370252815005,0.7599561874612423,0.7653492170019305
132,2.618685544318776,2.5535459825749465,0.42490593238826835,0.4309424425871771,0.4842319842104864,0.43211307649904573,0.22917025141253777,0.23609183862900057,0.9091692967558508,0.9285969043087595
133,1.9763394837908406,2.8487544340825606,0.40089155506359064,0.8381294560331778,0.07030228158323493,0.09264674456814032,0.4265068050315193,0.42673018736433954,1.340825666469173,1.2722388924249728
134,3.5299430194365433,3.594072477877481,0.26785216776709814,0.2686455101935686,0.41367987029597575,0.410659239409712,0.25107844573460736,0.23309036225899016,1.04527567358463,1.0523924890721403
135,1.7499125672597156,1.597969802240415,0.8153532041992954,0.6073743824773776,1.3867372883730018,1.2591238957156785,0.41803518036420706,0.3785220614926678,1.4380929110432699,1.417965084950475
136,3.5649696015677477,3.4451203536917023,0.17030542354668898,0.1,1.0593488964382962,1.1703987790747405,0.13272436271722524,0.13871135431824344,0.4620859799584991,0.44651639533663245
137,3.6177202937927846,4.0,1.3443470490008316,1.514525556912709,0.2784919505358361,0.3239788642681476,0.35092307328019084,0.32614924876984763,1.4661630959401708,1.483611987723216
138,1.754558616403612,1.915747681319141,1.3705671966067208,1.745000735469498,0.4548488792764436,0.4949793276748279,0.20920964505656575,0.1991836165559442,0.6596541658903204,0.6853137393808207
139,2.3847038300329304,2.340000043210319,1.9761087136942737,2.0,0.8268186216036246,1.011876545059736,0.19327063085488055,0.18213054793861397,0.5819785441261593,0.5943405833463349
140,2.1462698508444262,1.9284491940686495,1.6562030740968308,1.0591234979997568,1.870394568934854,1.9525708642539508,0.35785725847578864,0.35938929501722217,1.3306239641186708,1.3406238077880404
141,3.6133850220070625,2.81609287144576,1.9960223514172735,1.350432305282129,0.599325038318217,0.5455632483855989,0.07605648612524232,0.0740590460073435,0.28896044124610093,0.2814502332882449
142,1.608409479139083,1.5768783485328892,0.4110767083995812,0.5534957781294093,1.0411816299671783,0.9629300599960363,0.20354743225927585,0.21038564171523658,0.9635313124799233,0.9584145726389586
143,2.677572490518334,3.2529543345685537,0.6064484000338195,0.8137312305537605,0.3870240092061965,0.3137747097400259,0.18077821093450486,0.16304390261594648,0.5548157330607258,0.5564091849695976
144,2.5457160765898563,2.9981958038890806,0.8801914445772469,0.8111679361489739,2.256834141053442,2.1988526922844143,0.3351560442515783,0.38061361156620155,1.4080620590160133,1.36006205167412
145,2.1692648139967785,2.2085578117040208,0.5399205956066785,0.1,1.2819503472498932,2.004657410520584,0.1007746062908544,0.11211806476608646,0.4119820097107589,0.4229820013224222
146,3.574003525460301,4.0,1.2342653713613767,1.0796140509677135,2.549474838685914,2.7955007718125278,0.020298944730460622,0.018824682374122666,0.10015322691091891,0.09898756501020303
147,3.553878644688493,2.75883033006096,1.5577368259971327,0.9198652415447182,0.8136019160040807,0.7255723433978823,0.02120610807951891,0.020020700899059517,0.06904857867744371,0.06665811718983847
148,3.8837443598820807,4.0,1.5632425495601907,1.495598227096062,0.5585799080278301,0.5400195999405043,0.12218492882198642,0.11946542860337976,0.4153509827113751,0.4209258568664012
149,3.5257511262685544,2.9481449695128,1.0399671117639622,0.11405085570428439,2.3700803180865186,2.9999662427246907,0.3771279956179793,0.38351043448639105,1.4442619140401638,1.4262223268794907
150,3.5107573360932802,3.7897598294178945,1.6113523915989318,1.6189020569071515,0.636744874449655,0.6171546874437033,0.3721021717934918,0.3998028180108711,1.3662586914177273,1.3523713314337436
151,3.5018790108609927,3.669629507897808,1.8780043580072339,1.9965067243678798,0.11626800317376462,0.04668733544306304,0.027883405589667076,0.026147824088589598,0.12254243535393855,0.12825283307256974
152,1.8004032530601333,1.685836836814762,1.9392875564322622,1.4177953982369584,0.9239018643526674,0.9936627870657583,0.3004297566844303,0.35979711719569224,1.4341936856778417,1.4471936545794577
153,3.029867951908338,2.9845755232283895,0.724233190988474,0.5656698010017682,2.9610353095242052,3.0,0.3555492812257539,0.3637891739996623,1.283703556268907,1.2749961304458641
154,3.007033826190807,3.249931156728381,0.9088857576063634,0.9002609302188574,1.0504795082556009,1.1112528091289364,0.3689908238090535,0.32314545796006416,1.224939211336909,1.210485362856552
155,2.911808290499337,2.75395277653896,0.7071727113804862,0.5588853952009776,1.0455743000559965,1.0565410046336852,0.08348794900469513,0.07636113309066116,0.28711085180844664,0.28302369269273275
156,1.6320819029862919,1.8412812639159912,1.8848773782252541,1.6840882386157183,0.563288579195245,0.6628816230325807,0.30066168342635985,0.28883450763467133,0.941662687803224,0.91954646874241
157,2.1682971198444037,2.3288849101301325,0.2021749441514372,0.33408820456015004,1.5330590520619087,1.3822875667035635,0.3160161363933939,0.31425154180072923,1.301268969012517,1.2864549878709428
158,2.0049537952332686,2.107299312598411,0.8059275192171022,1.464311603385054,1.9492900156620285,1.797177994519092,0.12113720063685411,0.11417525369800259,0.41040418487150665,0.43120560602448976
159,1.8947022156162905,1.6261870601452288,1.7433647872287423,1.1109282202048767,0.6379418975161708,0.6457077499341989,0.2930545391693672,0.31563177731200165,1.1719579512088245,1.153405297200658
160,3.5708976739354807,4.0,0.7689967135013815,1.0559763129353292,0.4467026106923897,0.51257454224832,0.11045491438846991,0.11033284844051597,0.3598913121454165,0.3588925390714573
161,2.8239955415142184,2.4095890984702386,1.709485454984537,1.2922062927878866,1.1079961170944435,1.2236072263909512,0.3046787820864599,0.3266427383360374,1.196191339995504,1.1941911633470204
162,2.1857030410758016,2.2179864677450016,0.15677259365118829,0.1,1.8862298431453204,1.9728199756025482,0.2970076879277612,0.28683901627841557,1.4205931880989098,1.405836736035032
163,1.8592570684008454,1.9403271707883665,1.312117304863207,0.9416419345370778,2.569258615568865,3.0,0.22940521119973453,0.21182190466241851,0.8294035126297069,0.8333535672401291
164,3.8256293929556304,3.3610331172841326,0.6359767993677714,0.1,2.1655446326255765,2.842274957813712,0.028752276956586626,0.026764707293514833,0.14144278579368566,0.13958296671363216
165,3.2113113052672353,2.6857221229710175,0.9620129305978129,0.2765256725077164,2.824004378323643,3.0,0.2475416452296092,0.26882111956012605,1.0175297739234617,1.0197770828994472
166,2.1467340211588506,1.805878919280105,0.345281839470301,0.20323379978687364,1.7901590357788602,1.4849088566077029,0.020277304542863167,0.01960978613984811,0.08215262632869702,0.08075700535165674
167,2.0100305816473183,1.8544122640623595,0.2200306814063926,0.1,1.5512116818241548,1.7381259005669787,0.2121392529117464,0.18163392354415178,0.8428054942360446,0.8756745185209963
168,1.8923741580657591,1.7184131241301053,0.20077126608592077,0.2680851583369155,1.5324477531934555,1.2731462903450355,0.320611489770214,0.36535057348814076,1.1268642889221003,1.1458643229805507
169,1.7322077305791077,1.842152820510994,0.7541229996235399,0.9304220533909183,0.23491375313746599,0.367483434718442,0.25877304102827875,0.23830988241405163,0.8072391313817819,0.809471106731108
170,3.9209399380864602,4.0,0.47248674080528197,0.4788772994241182,1.2672322475898206,1.1675717415277436,0.1570017909547043,0.16690780462077065,0.6748307542930669,0.6714826020516148
171,1.8345115669404988,2.179155404915339,1.7434766453311437,2.0,0.4441320894593561,0.3266964868880417,0.3647837775052958,0.3828073474755119,1.3827493562470488,1.3773278639559041
172,2.293099283881645,2.5777613370607004,0.35315206616784367,0.5447499930621843,0.6125832362622335,0.6667778389127789,0.23397020558134,0.23697151554813942,0.80022105271408,0.8009865043476851
173,2.133098565026124,2.1197300153557967,0.8250311240282322,0.759885860901889,1.4004014138655376,1.428505409803982,0.09819841017391893,0.08826035054059429,0.46705336790790547,0.4472390298231102
174,3.8023462336502556,3.4127175847103985,0.9253179011234207,0.7046200537437708,0.7654513676391153,0.758552617537935,0.11537199099960435,0.10406413432092483,0.5059266984896342,0.4837175697156871
175,2.474564805696292,2.3920745430098895,1.3266869885529124,1.188369123740819,0.039107390624746885,0.09016314548450746,0.1057751913169491,0.10434227204096475,0.3702299805896975,0.3656942733228838
176,3.0955733432972656,3.496141471081778,0.5453768681524578,0.623214080452805,0.057137794447108314,0.09075402457690392,0.14479939877466805,0.16053110102979457,0.5306718237205398,0.5226738310958117
177,3.8041792398433296,2.8139345308794845,0.5588710451594016,0.3227614460936951,2.196706835289714,2.186170420945707,0.13151549983413113,0.1297730936606975,0.6163297881047259,0.6411331683676932
178,2.0355775120732518,2.1043357733600367,1.6192918107505092,0.3080892203223643,2.1189173477284386,2.9999998310208635,0.3970861609014774,0.4082756091548716,1.2388272918012229,1.1918258267747168
179,2.0012180567737485,2.2411499579920964,1.7563513548123504,2.0,1.7865124289371521,1.7536677901792366,0.12889003533066282,0.14759471031788549,0.5616727615598588,0.5616727509457422
180,2.426039922422823,2.560614663822629,0.3752888628924763,0.586893970332036,1.9456606106171448,1.8749880668678283,0.1741481530163591,0.17099835635113045,0.5863783230854595,0.5843783508835878
181,3.241544017682394,2.984318320299507,0.23125735333868291,0.16015404407044515,0.7994670800901744,0.8979552150341529,0.28562393597408253,0.2621032370853009,1.2578017764318743,1.2535144097671478
182,2.5489761473853836,2.9612680090325414,0.8714097836000485,1.1195009675162069,0.6300836990249538,0.5078083025375452,0.2569376448931715,0.2090299140999036,0.8574535920799798,0.8446459071511425
183,2.0941996263175557,1.9114881594478557,0.8201318335677795,0.5528319541632707,1.302191640184031,1.3382869898163068,0.17639743055094811,0.15792469542407228,0.7970882205719252,0.8012461978355739
184,2.0120451685669596,3.0060356245525277,0.6783050559887741,1.7190020417089193,1.4737201490552376,1.4884876231863529,0.3333526774222692,0.3174735146318482,1.4089978775834657,1.3939978539342697
185,2.012714920233087,1.657766896141191,1.2810808965093612,0.8582698950883177,0.4458576520070575,0.5200208374205244,0.3359510954100724,0.31676811049915016,1.1279854098657718,1.1658685332875747
186,1.9759970940072156,1.8692198370838133,0.6731298757715589,0.3988097849863817,0.29444783536108543,0.19297330254009093,0.38027909954757766,0.3729401807876123,1.1843844597676538,1.1503934328024203
187,2.6243247111295163,2.993839631667443,0.6537644697880209,0.6363482550175016,1.7364282757366762,2.106505895354862,0.2289903864459337,0.23847542416956524,1.048964562024999,1.04239441291265
188,1.8614890203668952,2.2186647399941446,0.8433817650954311,1.1223323625381811,1.8894825615260682,1.9515114409440821,0.025393509572346703,0.02492626377181202,0.1051914720257409,0.1028094027104701
189,3.1605384997037667,4.0,0.2180759496307243,0.5401386103562232,2.309432248593711,2.1414147104040375,0.09686263233613701,0.10181314916110029,0.3375286543458532,0.33026159887584605
190,2.4840187962252056,2.6980899246705388,1.770226926474504,2.0,0.8399849703405817,0.7177052171301427,0.04383717364295549,0.04685212780726874,0.18537517018441135,0.18552838934975743
191,3.8544555760506647,3.7915540243987618,0.33225447096453287,0.1,1.746812272936306,2.1942293496478515,0.20508223406484677,0.2036437032608912,0.7283389625362732,0.7113340742522366
192,2.2789158300680032,2.6021867050387577,1.5805453603838449,2.0,0.33819953281541504,0.2693633957875897,0.32740480290283236,0.3127667452582299,1.1212203877791582,1.1222197227766049
193,3.2782940637612494,4.0,1.4585638881344902,2.0,2.6665660220140626,2.378367604942756,0.3141676589870407,0.3439444005491632,1.238075245555399,1.2130752379875096
194,2.2063383212211813,2.1278161196131355,0.37534117861742733,0.2800445051952866,2.932755658147335,3.0,0.45721551359623147,0.4449158463666515,1.3952972691589696,1.417545891053998
195,1.7531519967888167,1.9087311238707816,0.8095002150118803,0.8888966831885415,0.0986750179308098,0.11543255705798541,0.3159125881401351,0.33393798760630566,1.445907295827514,1.453313502835127
196,2.319754821266445,2.066403768704292,1.9618471509809552,1.2671155725140058,2.5520777471937715,2.723054991503231,0.10040681543077684,0.1058210062309745,0.30876091749569884,0.3117609175506329
197,2.0542069657844184,1.8822448802862715,0.16482563050663862,0.1,0.3706292881466148,0.2921269285328907,0.4258951710750608,0.40395113369282637,1.3004716143018187,1.3243708336132902
198,3.797113501788261,4.0,0.3828057006335278,0.37817114249324724,1.0194906188779513,1.057853004840353,0.09582732670007724,0.09767784500954062,0.31462874596857765,0.30521333735044137
199,3.6916259284018214,3.4748615335268225,0.25943024333684694,0.14097572498003547,1.6200387335315458,1.7561062455245116,0.23478655429873452,0.2452907540803469,0.9947581429602838,0.9663903395900827
200,3.549128493847842,3.759244789689909,0.17894372969715067,0.1,1.9302173451996791,2.0679466690985704,0.29799116316733876,0.3104174708521457,1.0452103294093842,1.0306254062647189
201,1.8572840732675289,2.0901256890702253,1.1073172083332548,1.1757806595688152,2.6205995628713277,3.0,0.36010156998773457,0.3915726280741956,1.1804491200039642,1.1794491184180764
202,2.4002432000264733,2.194326434606887,1.8580532897095887,1.3164852479035152,0.5475875212923375,0.5806307878221788,0.17510069646628018,0.19300028143929543,0.6532306300136164,0.6418430577012575
203,1.8619956801590385,1.6998681536418878,1.6611492756110628,0.919127532138881,1.906637449956576,1.9804480489637677,0.04951597455099037,0.046992809419517646,0.24620094908982043,0.24169252222164506
204,3.2001977766199134,3.5540365665001072,1.7207136844596524,1.8608309172723005,1.315640100762728,1.3478235955003945,0.1221598739646087,0.11756249574778237,0.43263010494804577,0.420796736955348
205,3.1914347083314967,3.2210325417059646,1.6396641366818592,1.6382882911388057,0.9685666030518689,0.852835381816847,0.3044609742242617,0.3118411643503491,1.3536499479417499,1.334650068548704
206,1.7429922893000867,1.6610243997180278,1.1359158633035467,0.22151754575310206,2.1604160948440865,2.8889717962967287,0.20663514813594533,0.2405285053152369,0.7880212696820817,0.7920197318283468
207,2.995422384044335,2.5780806167226666,0.5041409921915443,0.1,2.1093743573116592,2.307642737991614,0.10775328945442043,0.1261588285301775,0.5072600071926339,0.4970726613072819
208,3.907959209308874,4.0,0.927079152253782,0.9397223160153662,1.4810808539424625,1.439183401579942,0.38589272681616976,0.370647531754237,1.2452899743755226,1.201062108609823
209,3.53694772204566,4.0,1.8364430413798891,1.5608757491941578,2.1126867069385167,2.3616917170883025,0.28283638927869154,0.3061373026740595,1.3230704806770832,1.2920704725003633
210,3.3011511439619414,4.0,0.9738546878535691,1.2810323588113752,0.28083474671979947,0.3093759075178107,0.17481221964778937,0.1505193619961473,0.5626680524828319,0.5546696082224606
211,2.9952661056088035,3.6170529590611418,0.12189880409315018,0.2891113516828079,2.930256604343461,3.0,0.1046322453140865,0.09475094089622581,0.469762726833336,0.46194209306278183
212,1.68357099681876,1.6103624228834752,1.375754077927792,1.4555688116276047,1.9054635941839335,1.676737718942582,0.20429716771304998,0.2210293677887521,0.6263163038642686,0.6497226625726691
213,2.8224772747390343,3.102747419556025,1.3771015828469368,2.0,1.376019756038552,1.0626889452687376,0.024111482929181558,0.019682262303926876,0.08761889377612742,0.08378859065555938
214,3.490233887655865,3.1020754966788897,0.3456623717566073,0.22914909663802283,0.6878022234628131,0.6561697055093939,0.18038627445135214,0.17751956711977537,0.5929475465555076,0.6139164730873751
215,2.5507650997038223,2.925309016530629,0.9307439396311282,1.1326301419915852,2.6867257684534387,3.0,0.08895371589209426,0.07992044546457795,0.34127975499241603,0.338086567971295
216,2.504000718066438,2.3292113622029453,1.129026813767928,0.7378102473288821,2.927205623430461,3.0,0.3564068087325396,0.36031316261367174,1.1194983314782063,1.1041095512047971
217,2.159454612380336,2.139695139923509,1.5034673920841517,1.5754407506203356,1.7701976494092233,1.7648567241755866,0.08055515304268801,0.07430778789974352,0.25405006235270877,0.2505710178687801
218,3.9218432211777463,4.0,1.076001685608655,1.375582317869725,2.186329363670181,2.013173134297386,0.11473010843218545,0.12067058100427096,0.40447534007846814,0.415012204388481
219,1.8763887575166123,2.454444678171263,1.1645648533798432,1.4978673355421652,0.4914907904684255,0.6339099840586427,0.4823847791998099,0.4790641136270946,1.447234085323386,1.3909463125362012
220,2.6799109099019263,2.914630732290842,1.4224780184342785,1.6808506831196284,0.26187961937224336,0.1832026622730862,0.29538756648588715,0.3208391200805486,0.9280693651960461,0.9301473993276608
221,3.4178567071676538,2.416558334781086,1.6372888743223253,0.2667512982763526,2.407557016352281,2.999973734733621,0.38200730047410414,0.40225652669845346,1.3533928943416618,1.393392909476729
222,2.2065114188936485,2.6939750954812745,0.27770412542701967,0.3765753758847068,0.7879374190906698,0.7690037449151358,0.13637168734278957,0.1382292230315445,0.6172795340597523,0.6084504165880162
223,2.4936033144079284,2.87327309948331,1.0364543848265428,1.8329674433282843,2.5601543116600514,2.078208498053736,0.0852134577851201,0.07859474382575413,0.32512926979949314,0.3244580801943313
224,2.0554016180654937,1.8586114729659986,1.5705878350658113,1.1602579180133226,0.2529271561005284,0.1207487683943309,0.1402963666899285,0.14834239890027473,0.46028346721430524,0.47228315847473373
225,3.5410929721479762,3.9688606424089374,0.19758382878985595,0.2648649084519111,0.29390993154898715,0.2833718215978782,0.07300948748153241,0.07581284854242824,0.30381475563483024,0.3047013806055236
226,3.7364999290242764,4.0,0.38585879444630455,0.2487443775618879,2.4030237073859255,3.0,0.01765924076870521,0.018864221491294214,0.08081034806426983,0.07821486547692859
227,2.199757293817686,2.2605008048069926,0.1754266021714911,0.1,1.9186272825849864,2.177709207206123,0.19470594835150748,0.1761888430901234,0.6435322162802575,0.6602401406358247
228,3.4586468608257346,4.0,1.449761704877389,1.7752174604148176,2.862006694064364,3.0,0.4973490672397683,0.45536910010436815,1.495011449757067,1.5
229,3.665600431935203,3.8920746778088606,1.3633569054981143,1.3173458873231227,1.8700347836851337,1.9980604301443945,0.2024710458550662,0.21282723145795118,0.6423279681518316,0.6506687138521945
230,1.8047061620753813,2.0464473005494472,0.7176723370267131,1.0051448878830862,0.8838625191224226,0.8001452714161483,0.09234205738406026,0.09368311484924612,0.2908163374171436,0.2896178268516396
231,3.069429057871311,2.8862502102016214,1.0537645398324116,0.7085056228790062,2.7344789406900705,3.0,0.1479487302457565,0.1422043568530107,0.6143489812549104,0.6299097871246008
232,3.482788366132504,3.381342615986974,0.22499398523160985,0.1,2.0586211486803117,2.2790050655811465,0.22475292913977257,0.21553853391660105,1.0357309972264184,1.0417310283451349
233,2.9221403448982124,2.4961579589126615,0.9615773309135779,0.515379171339917,1.0612772213432717,1.238784608763105,0.37371961782421553,0.39676104041074567,1.1428743753093862,1.1677283510624594
234,3.861232758538384,3.8399166218790803,0.52261146932133,0.47088941803941103,1.8096574909881156,1.7402454728320151,0.09557892409785702,0.10611230769202204,0.4677709350766492,0.4652027611518375
235,3.7983761595988925,4.0,0.13866178572297166,0.215135435865748,1.964010405682087,1.9880902005616576,0.3807161869907587,0.39033124822892357,1.4487386710366306,1.4818661359939131
236,1.8612888587523575,1.6607785886679407,0.7266516476002854,0.4624188544954511,0.4305466210247193,0.4060330277348689,0.23476199961627922,0.24148017985467543,0.8715189069660925,0.8357870024848907
237,2.1356509941915007,2.1000603034383345,0.3881697285591843,0.35819782278574475,0.40497571422238543,0.4091487048052865,0.06237557380448816,0.05902412652842269,0.20938359627020459,0.20458119184784038
238,2.0037686758889417,2.6719733797833745,1.4342831493148154,1.8615816518156996,0.8210714951746051,0.7961877629266736,0.3147309745741219,0.3177831128287488,0.962636146581965,0.9376363537851405
239,3.202802136556227,3.6576659441276167,0.6427208317766571,0.6872724192264097,0.8259567162331409,0.8273977554043338,0.450976979938321,0.3974602849920583,1.3543171849243363,1.2717665425035034
240,3.7899263350394,3.150940643501194,0.5351969971477237,0.1,2.0780492090349982,2.604064383062742,0.4145613488491601,0.41047749520464205,1.4175975943776766,1.4721761132516353
241,1.6932674157335625,1.9512061506307798,1.1237884534791587,1.825035186717011,1.9433854593629616,1.5243134902366509,0.16219437269673034,0.17060448558408237,0.7012465239943737,0.7047968629300423
242,3.9500923070381164,4.0,0.832703238577267,0.7094052429569817,1.6476613372413973,1.8393696983656116,0.18212292044317072,0.17764778147721225,0.5999192456006659,0.612821223793846
243,3.2792575760825073,3.408794226464294,1.3015260675810196,1.2657080077315512,0.09617924440330505,0.09579640302883646,0.23828337272935957,0.25636045681750985,0.8670095382345531,0.8865137619741791
244,2.3629147642649793,2.4046907049123605,0.31478678290855033,0.19778532856820058,2.495037282583532,2.846902924192749,0.014118128726192523,0.014178498442652268,0.06517747607634188,0.06636587980022052
245,2.097330929645459,1.7473880065111236,0.27775094507927345,0.1,1.5063867952634187,1.521189939454282,0.10617329282934547,0.11306491143817209,0.47054884759771703,0.4884643004080425
246,3.7404432663323584,3.9503230438030745,0.8722095334691349,0.8721741023635028,0.3417828128208644,0.2562496898323219,0.24419843612054776,0.24229558128885798,0.8624882008830063,0.8419702485416214
247,2.4703295632981694,2.4229031832297276,0.21445591678519552,0.1,2.548475654243317,2.6775051047497294,0.04936847119300951,0.0542158739710945,0.15183019682473117,0.15091520637217926
248,2.0651550107329597,1.8261963984004779,0.3465679591679459,0.1,1.5821444027686598,1.6574195664351976,0.27462495751222876,0.30842237774787873,1.3324315702872835,1.3404708873336684
249,3.249135900099229,4.0,0.929021396213593,1.2162538829798368,2.8898283138203404,3.0,0.10044407208081829,0.09960066881005562,0.4324555224242207,0.4259026909563196
250,1.7574605680604372,1.9454236233122395,1.319935435568099,2.0,2.4667625502871573,2.394333996927812,0.352158828086958,0.34488363838817715,1.2161716634596438,1.254171672229738
251,3.6706248136505053,4.0,1.8647045611541817,1.8513533803696778,0.7642254521450317,0.8245507662088338,0.2892058356563147,0.2961214915754141,1.0723914787794697,1.0246209311446024
252,3.0286217464770684,3.90045989567649,1.493104540538848,2.0,2.1383435523351966,2.33534321465482,0.31718309071337947,0.3071532681908028,1.1260293803977832,1.142029378640153
253,3.168044959747521,3.917909177128226,1.367805710189262,1.8389871428659925,1.0101377429184089,0.9481100627092341,0.29915974677701024,0.27745611540264215,0.9678653640777701,0.9925914299987484
254,2.4875147777798565,2.7112556013890936,1.623809302753235,1.589308865195839,2.48975442486913,2.4872139993029885,0.23295757281029758,0.24769185053612314,0.9248073062199446,0.911807306757334
255,2.992543326779737,3.4638236518634944,1.2230322804048903,1.3470752453392063,0.2501701055826222,0.2525265245568545,0.07036070468409794,0.06606051457031176,0.26123446666283023,0.26429097085198033
256,3.5868355549048943,3.3714669227468774,0.8278496359282715,0.7004331288063597,1.6189569987267554,1.6593985252446655,0.2679227254657314,0.29856585846421546,0.8473649857211067,0.8820298196529552
257,2.8160045627230144,3.371580933486008,0.1196728855549701,0.1,1.8440450502445893,2.1387487030041306,0.10999882318377306,0.10670949147255646,0.5445950165554683,0.5318869456658519
258,3.3388044987373013,3.81780337289215,1.8157005595109508,2.0,0.39268310504562554,0.5515669110409803,0.1945333853817685,0.19207343294641627,0.8475773208451197,0.8584291761452176
259,2.452441419378386,1.9274341329409477,0.39687577824838105,0.1,2.4017206237693545,2.5696848535111414,0.4136082586715947,0.44716429217253,1.3641189305014305,1.4563851029683879
260,3.406923932659047,3.093101480697952,1.7519279013037659,1.48682491261525,1.6531368827906276,1.4978452662528552,0.39133710350832995,0.40939583638647037,1.2963741005312996,1.2878807977364266
261,1.6605994010992475,1.9619451115154367,0.3132206336483245,0.5756289548817888,0.3553506132742542,0.3075014318623047,0.1252651996894183,0.11463900985859847,0.4368694474886751,0.43356663610658613
262,1.550111514231147,1.5833605198730427,0.12370564040082192,0.10002073787761331,2.126996112490375,2.285366815051061,0.28176670161153056,0.297711591548287,1.0572633898522896,1.0482634620962852
263,2.8691856963544633,2.8539765966731983,0.7758026818641812,0.7173818288879639,2.9936161759347506,3.0,0.03718071799735027,0.03784345459995596,0.16821808186708717,0.1687040792734225
264,3.935139128769573,3.1325675846742667,0.5717362100842807,0.2776532290655171,0.768698122953588,0.9975476510773669,0.2171320836108068,0.17518353641402132,0.8296121961090024,0.8468184205673415
265,3.51899652307715,4.0,1.8782017130287552,1.7752327185212895,2.258583085458437,2.7107532992391974,0.10296737652586853,0.11721854274908214,0.4411966656077204,0.44819663733120296
266,3.0019742715766826,3.418743081463732,1.9381227966753538,2.0,1.7880728199756053,2.1150928248102145,0.16987840373369031,0.169519325177282,0.671091255603033,0.6568485971300301
267,3.0730349152259286,4.0,1.1302152792319442,1.547418669911934,0.26103545414983287,0.1707579506553072,0.42110505667177434,0.3691374924642203,1.3525665372939943,1.284565629844351
268,2.3412111909477336,2.3959412908830178,0.881075927149665,0.4098814038980196,2.4077606767280266,3.0,0.11174225137702051,0.1046373093668094,0.34122178878903764,0.3262289349015462
269,2.790997047148359,3.0038467918041807,1.2780379632310284,1.8508420644919004,2.841116698508593,2.7988240396629425,0.18120943151763597,0.1497757393176132,0.5875147636248413,0.5937700856702773
270,2.6450770204705707,2.5794605647337048,0.7597959436530154,0.17258214225330312,2.1493228927249515,3.0,0.17274084405917928,0.16400830136642683,0.7050400743207347,0.6910400672764442
271,3.6958138592331027,3.7364450537996894,0.8945280660950731,0.9179177521013832,0.10319218842976396,0.13286086688525997,0.03874579244687292,0.04073778550833508,0.16683784556763787,0.168701180120928
272,3.9306865009688927,2.8161447771738,1.92319811503049,0.376724323398931,1.9706547701951773,3.0,0.3531801861142574,0.34467825344167924,1.2279557143338173,1.246165365850617
273,1.7301544807136362,1.6902686295413494,0.5132033455805138,0.1,1.6435510993325124,1.9968090570928432,0.1950320341453705,0.1925251812312319,0.8194963048891847,0.8186326210053102
274,2.1622850728384844,2.343127637580765,0.1525487548786443,0.1697670211378219,0.4691233416787255,0.2922961486566427,0.23849711378093913,0.22209629350679344,1.019923121782557,0.9798460426037233
275,2.8566454781376827,3.901554852762553,0.7709646619875955,1.5768117260149745,1.7223146508572467,1.5363099037318864,0.2317923821741452,0.22717361910172268,1.1329338153971131,1.1290984518377656
276,2.018335423894925,2.6489439142119835,0.40386854417042306,1.0685722920364085,1.9708660066536448,1.706391005652818,0.23992940569045895,0.25751783784432514,1.1324233462379731,1.14765158104568
277,1.5261975869857372,1.7439685550885016,0.8096961392621926,0.9901780701823589,2.9641970409843297,2.9105140976567383,0.2730069317984832,0.2763296479396213,1.0153824786902146,0.9903824849913695
278,3.816747754210385,3.3521439291598245,1.6551485135173312,1.0485150045404406,2.928237824306743,3.0,0.18402965336346,0.19884436302171485,0.5772605832482423,0.5552605871741227
279,1.898455809636643,2.10182700282928,0.4140749732940342,0.5021493600909939,1.9623292194966155,2.0256549984600656,0.04699710640960967,0.04806357889782493,0.19610843319564591,0.19286666724844304
280,3.1356903671015943,3.5884127103236887,0.1630540309348183,0.1,1.3164580528477419,1.6746923836343612,0.0109368777346874,0.010818949900097876,0.054563530161279385,0.055725596602993185
281,3.7557266060550685,3.6464102419158246,1.723128917699699,1.3382993224503983,2.4928910028581326,2.549900512646496,0.30452384915360486,0.3163259971122568,1.4094459656823481,1.369445325297184
282,1.8943336417459888,1.566416500917342,1.6526782966204825,1.4406356319544034,1.5484694525750382,1.5221419301963928,0.35318130865386743,0.35798851296547796,1.0799962010408561,1.1329962617621145
283,2.0394477281425463,1.8349346581260368,0.7431409339693458,0.6311347104322577,0.7415692043034041,0.6991703231720356,0.15665534733187178,0.15962926461892224,0.509842126629642,0.529712939358059
284,2.13589815885236,2.034856445611309,0.8126407255532958,0.8304199173956799,2.3201989288081792,2.597693137686658,0.1771276847657915,0.1914772396059835,0.5408640302668005,0.5958640166943914
285,2.132684584760737,2.4406052820578816,0.12873195544957217,0.2377310919914187,1.2840409190597972,1.2694888495010188,0.1143259694445088,0.1124033624094527,0.47289700801049017,0.47410866533455925
286,1.606007630937924,1.6376650487184943,1.1321151657664585,1.1013799013103613,0.10326017264913168,0.09810024830564243,0.13962746690092004,0.15058903454249822,0.5048402300870893,0.4982818769840541
287,1.8115892924237984,1.8903712500462582,1.9521035438215972,1.9999944278357755,0.7129259598415415,0.5890544137169285,0.35907425692037026,0.38083889108991853,1.3355775745572478,1.3465772165586487
288,1.9207439018236223,2.173527308565503,1.8388253885161439,1.893309587518437,1.8049899755352792,2.1064010613303727,0.19990217388663706,0.1832808241100949,0.764231024324428,0.7512310292007606
289,3.044439956382759,4.0,1.0649630957491878,1.3880446090140914,2.3496598069518324,2.7709297681202827,0.037008368451144594,0.03588588330478656,0.11375212002916926,0.11225157614557647
290,2.559719332110304,2.6754345339141254,1.998681399215122,1.2864544221249115,2.0274699335512967,2.4039922758946273,0.14625581545648722,0.1363491200627278,0.6044698643504414,0.6020588804605733
291,3.917009919481361,4.0,0.4650547500145279,0.5279105771767687,1.801290688436799,1.8757677164614897,0.27606123004753,0.26412253588444,0.9605272935090867,0.9922902808581264
292,2.6207165025398496,3.001375872588142,0.7293516558961133,1.2553666694258863,1.7663967384124146,1.5452111242311104,0.015494438423776161,0.0160785580307792,0.07686362199780881,0.0780879116451615
293,2.1430109739682326,2.577513213704745,1.808232427716552,2.0,1.1542679333219192,1.234593226907619,0.027757114420901802,0.028084088063448243,0.1364088245055453,0.1295271865377487
294,1.9292041901271393,1.8780413432728162,1.3631953373220715,1.8131048052355574,1.863861074185313,1.39982072219573,0.0632040268180295,0.05773298008848686,0.19180879595257722,0.19473983573483006
295,3.581821149465751,2.9989007456147347,0.8731209410907251,0.43793920390320107,1.5829454372200853,1.6663299538975334,0.2166731694564123,0.20289097582268772,0.8773362829211447,0.8963114075745553
296,1.6778908739769036,1.7789337951852906,1.5291073392619945,2.0,1.8330517726235909,1.9074404511711924,0.22158212819698053,0.23226025837022274,1.0067421479406973,1.01074214572156
297,2.047392962954201,2.530431751878501,0.8660472213570521,1.5959350042380351,2.3777116096373128,2.534175803218492,0.26376857072812326,0.2953389601731716,1.1689449377373915,1.1744466284118071
298,3.9172031372165192,4.0,0.8841177672091828,0.806352614505075,0.6714270975018407,0.7866813819219339,0.11480439783410328,0.10157744678700639,0.5477625007258026,0.5427566796639038
299,2.980741985239858,2.5297579180066143,0.959243027994277,0.8394168632928811,2.317491533948255,2.2483309163075957,0.22654082328427555,0.22145255226811797,1.1252665928691334,1.1822666015492196
300,2.466361325243965,2.9907949573488684,1.3763947648060149,2.0,1.8304049255830317,1.738313625386352,0.30320637658357025,0.315546922446146,1.2076563355457666,1.211502508465675
301,3.8493244748887356,3.0584543932149706,1.0898466119775612,0.8514708277460474,0.21050892217162132,0.348537842772308,0.39024912157067315,0.3770874144098,1.4334170527848196,1.4997851777003013
302,2.941443611373013,3.213718211726821,1.695742039408601,2.0,0.5640390713171002,0.6475908384935963,0.09373704524402858,0.09808982764392504,0.4019645998213285,0.39564276289167555
303,3.909300592953743,4.0,0.43006647817545385,0.3530356214669739,2.031071897648622,2.2761942195715887,0.11873830814985518,0.1264611940092389,0.41859325208774373,0.42383317893711353
304,2.6981229049478355,3.0862098517753034,1.3976403681086367,1.9905171213826123,1.8801905143761521,1.6334998731351624,0.16458768061685128,0.1668555798797476,0.6886216826076333,0.6749448211520267
305,3.3145221570330623,2.5625304114142264,1.9150807797173721,0.7967528338287886,1.2554742641474412,1.41765077544766,0.16725562968583593,0.15875628512095027,0.5285961079636436,0.5239484243396999
306,3.9531865028251265,3.9581751537880376,1.1136856041773435,1.1173833239827315,0.1909348019141941,0.057166101585972476,0.17754396677630227,0.17602284299513077,0.5401162652356543,0.5365061419041617
307,2.258747714525998,2.7366112954457886,1.4210927225334513,2.0,2.876275130937033,2.9543342965375556,0.14780875485472958,0.15310539368390622,0.473872695333116,0.46013727321571957
308,3.842345086835278,4.0,0.21839434618607811,0.42915929385494117,2.2152926394703725,2.057993573149186,0.4070563594264092,0.36451177189566536,1.3297060703193646,1.3310109728946091
309,2.216047572712249,2.0089520894201343,0.8000197358831165,0.6263166384097977,1.040965611253963,1.090173122173448,0.11574635883995114,0.11014388825912318,0.3825847207513209,0.3753629308646164
310,1.8209456389944156,1.9803260629383244,0.2639545890218399,0.2445868754390508,0.5708318101736356,0.5731006377335349,0.10897566147682813,0.0975013854015636,0.4076008164761767,0.3884324998030849
311,3.6425064401373,3.1554999005721105,1.124468557715483,0.443932879103122,2.463952384238216,3.0,0.23981757774735932,0.2632325452185247,0.8754347861608365,0.889435099401152
312,2.328006585843677,2.998819195648691,0.7625611461689057,1.2541991688417664,0.11621873088986301,1.1598646625686982e-07,0.015918990824160227,0.016168787678769246,0.07385165122945003,0.07300039182389334
313,1.9573952165726647,1.5649957915222972,1.3373690339889697,0.572533464811611,0.6441180373667632,0.829128223770287,0.2381546289090755,0.22872718054429278,0.9235516504411339,0.9190062322153506
314,2.701475287779739,3.0017604483541143,0.2937504571605256,0.11666014705966182,1.1343412371889054,1.6153830974575734,0.1793110639955758,0.18130430289817973,0.8130988595840242,0.7925353092633937
315,3.048507858582267,3.095591547129504,0.13078625284388018,0.1,1.902020020269462,2.023628647625604,0.17312386380427303,0.1675097018721346,0.6008745726568606,0.5790309516157492
316,1.587300996419045,1.7357335624440566,0.8994693383847407,0.9711591531183823,0.152361406879708,0.024031792867815996,0.2932345883483872,0.304089784515995,1.3995525554312735,1.3618455406835484
317,3.019714785027193,2.74665879210155,1.7750566851116711,1.3714701150623538,0.549291404254589,0.6239973697904141,0.2151613982789929,0.2009145899458104,1.019177882806414,1.011410825070576
318,2.75542425808069,2.820896576798039,1.7500713098423946,1.7492327027944963,1.0106223288147262,0.9311611486111255,0.14781844247029782,0.15480587960028747,0.6039289109575999,0.5793673316645043
319,3.346632912856359,4.0,0.9364724629643971,1.5309071755337427,0.5383718188886462,0.39131925983105237,0.15806439941157366,0.1603682600480135,0.6493951907713672,0.6498861049060269
320,3.4306749637934066,3.0483917953664124,0.6929477831705816,0.26876582231128415,1.4970705869209127,1.7347303839226476,0.22592906739754323,0.20868564622643926,0.8596854327695181,0.8461531494328218
321,3.8490455798962904,4.0,0.7669830811304909,0.6172592799749569,1.5496551357061428,1.675243423514842,0.06493595801039517,0.07146008071536529,0.276453587325505,0.27004159521365767
322,2.0613443019474467,2.554333785516965,1.4715941078723962,2.0,1.4040210879867425,1.3228018896749643,0.20616950256175565,0.22167996249447158,0.6402519372176625,0.6303454845109764
323,2.283110730527469,2.0066375532617693,1.1664710446787527,0.793634985322067,0.5679123339481755,0.6236736554937008,0.10432102969052728,0.11087552600792279,0.42530171408981077,0.41748272847553763
324,3.379933933416689,4.0,1.1695763462810527,1.5050001780383242,0.458362221255634,0.5448740960216151,0.2718958573684186,0.26300571374376436,1.1872473265486305,1.2044587848126047
325,1.8107784529158346,1.8052866810589863,1.4351329365964285,1.4258417060973954,2.222463748783932,2.1466871540676715,0.08419625345075221,0.08073148280632639,0.34418445172240314,0.34642197480905357
326,3.999900478174929,3.979985524454584,0.3187802230802574,0.22225961003920258,0.37474599003339426,0.5496003360708477,0.3505934592158821,0.364930802696791,1.1473232781424183,1.1633213478284898
327,1.9447883168743647,1.908449727390258,1.6246126452145153,1.3934724194984058,1.1759085445610227,1.2092447923486924,0.1772798743983668,0.15590303290943333,0.6857285621819935,0.7077285573204702
328,3.644535247933356,3.47518110195746,1.8992474362695377,2.0,1.011956952760046,1.0475296287379916,0.18166908780234917,0.16020933710864124,0.8899003482719499,0.9201869467441117
329,1.7049647272378694,1.6306301435276807,1.7478246775438806,1.9999901342325823,2.970510985261286,2.9999977254065895,0.12005803987793148,0.1234049416724954,0.4184798956685064,0.4324813039773878
330,3.6624966334155395,4.0,0.672754553646742,0.8342281769918083,1.682669165230227,1.5638283462284772,0.020010282852465904,0.019592472332327512,0.09116304000480782,0.09113775854930482
331,2.936839813736661,2.6305869901110737,0.24345971677981473,0.2085710409083946,0.5692524855427302,0.47394987212729234,0.37292934184205967,0.3914843014027698,1.364820504898406,1.3621799263140884
332,3.8600188821015893,4.0,0.3753568417474694,0.4064109508491555,0.38657075909239214,0.32683941481945683,0.21002106557764283,0.17533970173074265,1.0095333262045578,1.0128892950007409
333,3.9989024619733935,3.939960485092853,1.3513593603898826,1.0892725912338295,2.8128496478158755,2.999999541254965,0.3136834286300203,0.33068794825976,1.0036454735663827,1.0126454871947619
334,3.967383444253867,4.0,0.5429963307429254,0.5098511780054412,1.6339892121209658,1.604177530243873,0.10421251468944677,0.0892836235065039,0.5043619617743103,0.5082172037385962
335,2.5332695908919183,3.131726053277097,0.4654364659477004,0.9065230419834878,1.902109037243358,1.9160844074738168,0.23766411875962062,0.21646210757349924,0.9444498037083809,0.934160528408426
336,2.4182068837091126,2.339673454662586,1.3499182800196992,0.9202364184819318,2.0933595707139503,2.2302424948185178,0.14849227267165147,0.13720390385170547,0.6381455210488375,0.6431454925776624
337,2.957881565528722,2.9357528589318136,1.1260148236531875,1.1914858175777472,2.9545419416260508,3.0,0.145294514820609,0.1676960272158096,0.6764487252302858,0.6866906738452205
338,2.1228734939976577,1.5480706170065235,0.4941208233793961,0.1,2.154824337481615,2.1320156485223554,0.2987192043741902,0.3274874643222063,0.9819187284332673,1.0600313657166474
339,2.117436888139285,2.390094170810796,1.074922759420524,1.2735323381515187,0.524348863735557,0.48780357101568855,0.24058362283239695,0.2751397313460804,1.0157420974677973,1.0070425722032117
340,2.2163501493051827,2.614074188353201,0.9762748885636797,1.1442875232203709,0.18346476179303606,0.22454328397250795,0.06136413997564462,0.06398612181391636,0.2520161289872713,0.24973389404591634
341,3.6078318134713245,3.299044488317071,1.8776560580329091,1.7182447238324037,1.3488547387084315,1.2953585243349137,0.17551722156635932,0.15138669820051165,0.7640674975819695,0.7868672073223314
342,2.9501440170552637,2.820334360631687,1.78514293687949,1.605473606192204,1.3567586899401634,1.2832546972737355,0.23069241030502263,0.24183522195941698,0.9967870478832238,0.969974624804153
343,3.152291524860964,3.500326857819014,1.6660586932611516,2.0,0.5894244997733411,0.5222526790588636,0.014560820677453287,0.013921503917784885,0.06333414085785752,0.06248665350634819
344,2.842833263239311,3.061857728394524,1.9503854132002885,1.1653459549310157,2.3956598414185697,2.999994965280516,0.14355999723524396,0.15131816650923827,0.4325919948742603,0.4095920468455707
345,1.8985168723419048,2.2243621047733866,0.8962215298211278,2.0,2.469422556479226,2.279341420036253,0.04665800087662171,0.0496435887583161,0.15713682669698642,0.15668421673968483
346,3.913279268648612,4.0,1.9330925470902844,1.6169070905490086,2.8793785480607452,3.0,0.12251662891927015,0.12498272002707993,0.5598576038390156,0.524543321154283
347,1.778972824510885,1.929720878973531,1.281975012394971,1.080797890160322,2.6027452272373814,2.999999958769216,0.17889376596170525,0.16410848980417134,0.7852295138443033,0.7922296505591995
348,2.84387300178242,3.740147397414624,1.1705123644841997,2.0,1.0302812056786483,1.0019414732453833,0.3314056023525841,0.2778617135783444,1.3848486072251633,1.3829818452643756
349,1.9296467254971197,2.4746481233442474,0.8971465391388239,1.504655176458322,2.1685331573853346,2.0405994537559735,0.14959472015413983,0.15539276852993328,0.614235053508539,0.6027905936755924
350,1.9182257172655839,2.227614763622336,0.43284895393265677,0.6972141093435491,2.9343065929844827,2.8613276436026167,0.2973686032985302,0.2832729242582668,1.1875866095439398,1.1705866566437062
351,2.9779299926185008,3.8099356562145115,1.5537337546715093,2.0,2.1109250976194525,2.4336517105079487,0.09875252890782193,0.09460214376054858,0.36513979164931126,0.34747066493141454
352,2.325451243576225,2.0796927687051374,1.982849625970353,1.6702716290307138,2.528929375614835,2.652138232736557,0.31897167434787754,0.316158658664179,1.3944281849726572,1.4224281851246308
353,3.5161619555513264,4.0,1.1063953783556488,1.3987446046445933,1.4177985856959596,1.5732476310538177,0.04528995292694284,0.04101983347706128,0.20095096986436212,0.20353282690903882
354,3.7027216118070436,3.9432828917031557,0.2991853671290349,0.3425603148251021,1.2069347244134463,1.2773126260253325,0.37515854910686314,0.38006489655661446,1.1872956814050515,1.2012956784633089
355,3.0962338753436365,4.0,0.9755188175658922,1.2959239193597378,0.1411669802429375,0.20589700608333342,0.015314376733618868,0.015479430942536714,0.07186535517639202,0.07054812606592561
356,1.895862850001048,1.8439005607234646,0.796335886705292,0.687851692267262,0.6212691030072955,0.6903492843818054,0.07227338192789338,0.0681258547812823,0.26719290499731785,0.267642323181422
357,1.9951390150059383,1.5,0.5238197644624939,0.2514701907389251,0.016856620783976872,0.10258804279319624,0.39125811727899645,0.38713976625362245,1.3930578154228246,1.496444460882595
358,3.522599123674251,3.203619915126125,0.46843627968027635,0.33655074206772917,0.4897587519719545,0.44593535843059257,0.12900881152457552,0.12485338044278661,0.5518566521160057,0.5616266277746387
359,2.8651908712496463,2.7929384488314373,0.46782758924196544,0.1,2.153763055129618,2.916945162893029,0.23803621440369094,0.22294016451898788,1.061583567425395,1.0897581770932954
360,2.726375146914678,2.361650222505021,0.5437069888357803,0.1,2.3189522585049867,2.669068562507561,0.3712197555921976,0.39622653909330574,1.232757184185997,1.2380796235148264
361,1.5442947484692089,2.1007587324177237,1.1853270261551667,1.9999991777241526,2.5157144875332005,2.9999988273481453,0.277712350709394,0.2831881640582641,1.2488664894573476,1.259868188154199
362,3.7339802822175354,3.3552524745811922,0.31069066823356645,0.26717007101725854,0.13937413771975327,0.05003036220107098,0.1670238030195516,0.17138407073824577,0.5601531622716253,0.5689890171762719
363,3.663256129791809,3.7497457331459456,0.6630709787897241,0.47523306478242455,1.9883223259804412,2.3270498456834785,0.28205876338687946,0.273690381479549,1.2616454843019633,1.276645494622334
364,3.468273839740847,4.0,0.6590163278830452,0.9393279282195159,0.9630001280070168,0.9584402272695007,0.12620128132185077,0.12265399579928331,0.44294582486224615,0.4635562558904278
365,3.7688301733929683,3.612550242716795,0.5498344163716918,0.5189489869628244,2.93261444339356,3.0,0.07990112215604567,0.07779990036654111,0.3641890856909775,0.36539534412236496
366,3.956507688134709,4.0,0.18897743234548073,0.22981736302051284,2.3330506455689948,2.2980889020390407,0.03671498264263935,0.04009690360594938,0.1828005185503992,0.18592791801709752
367,2.4803303706436557,2.3816778402770664,0.9697516622466638,0.8659329101059543,1.0718865579950634,1.1189015720256705,0.14452970057700887,0.14120387888753227,0.6584774055945707,0.6747914781211046
368,3.5805555013336425,2.960127800167099,1.9928827089718448,1.4184892198642385,2.0051094398492175,1.7961524589933133,0.23847832195958146,0.26614961272298987,1.1122970754278014,1.1069876295631327
369,3.94134359398514,3.726166970700062,0.7422978939470535,0.5828934219151284,1.361498907414898,1.5660142949188098,0.2205370602495546,0.22703829510696774,1.0491882544509126,1.0721878112132006
370,3.043909040638927,3.999999961081315,1.0748515885365568,1.672856696360274,1.2599384738201365,1.1912144077269118,0.27889347711798196,0.29752845059322375,1.1582879863008253,1.1342879405442647
371,1.5116361960960574,1.7659585904323043,1.2131939065424575,2.0,2.1421791514188233,1.9880781423261862,0.1947553311351361,0.19681813716875057,0.7826504183241013,0.7794214049398747
372,2.6832520632835797,2.8365762184055217,0.7140006443609351,0.7617405436485817,0.09027045613504692,0.14321846253527787,0.15302450016559233,0.14697172044370949,0.4760978857508702,0.47348774245336744
373,2.0983802647658534,1.844987832612589,1.6908479153723128,0.6177480236490778,2.2083992234790895,2.4767311562108625,0.16184566653126858,0.1788129572933111,0.48886165447859475,0.4770836567819496
374,3.47568535513519,2.559599470287049,1.976127281271809,0.5536668565998115,2.2603422622165836,2.6752524620337033,0.08739606182855122,0.0900023681370242,0.40160130439412445,0.40692877450536574
375,2.1849952370247347,2.308651211131195,1.364662448867956,1.4244561184268862,2.025634070654904,1.9909801752389447,0.11881514774769009,0.1289664962710014,0.409937315843547,0.39482555352212234
376,3.8933413802103836,3.8112176094860426,1.560839435881906,1.4383144663699359,1.1715523884992645,0.9095677376984603,0.36314323269163823,0.3716772383363134,1.2868810450207357,1.2513759558433064
377,3.219306945670053,3.2400477516607946,1.0787081842794473,1.0795441477205385,0.304865591676887,0.38244894588889644,0.1038748660031272,0.09821598416791416,0.36478775908130934,0.3646699347719895
378,1.6579807092603238,1.6487718483198608,1.4047437740723594,1.2861929444888336,2.8189322255291045,3.0,0.05149010853617079,0.05626284470462203,0.22424053538501315,0.22865552865372946
379,2.3641088611122725,2.328369117871307,1.3541303935406959,0.3906623434635431,2.3829193272541973,3.0,0.37632599823894836,0.38546375625799356,1.1902003812236819,1.1594073436141474
380,1.7813400908447694,1.7986980155034562,1.9634126533928593,1.9999999171241556,0.3998554164185133,0.5741780905857063,0.0815876782357828,0.07569623636497613,0.3362867704566272,0.340086893511921
381,2.9330908094021684,2.3642867767719267,1.6349114563576734,0.4910268162537683,1.7113087988397044,2.4714421266108126,0.15193316662476833,0.15900335545736616,0.5390132313870524,0.5570472027349898
382,2.2550120214465093,2.6048663460164856,0.1900183852448085,0.29256057866352336,2.451305971667271,2.747892976969487,0.2978715659725505,0.32937334290924386,1.3459095476920666,1.3319095408710067
383,1.8587756860720603,1.990773717038369,1.3796911709393584,1.4773372721898121,0.4581567527772159,0.31304165683300456,0.11181190929946369,0.11891862843049765,0.44510988502318616,0.460141923061464
384,3.0201906739896693,2.603096233720705,0.6174395336273906,0.42900396484863734,0.6389056513430731,0.6523001167434357,0.03450938369059217,0.03639672327934732,0.1608396552715703,0.16135151939164744
385,3.2343656243868937,3.0639243099203375,0.4316071289064767,0.6602278855022287,2.919453593423102,2.5130517583574083,0.24372097960931846,0.2063248535012034,1.1752078696070785,1.1927380073633893
386,2.571315981600671,2.8638504108391696,1.5666070633444202,2.0,1.7025684397684329,1.7431988544056616,0.21047622294117263,0.2239450949794707,0.8521463260804568,0.8547642364205614
387,2.5918941849124435,2.454831241947675,1.291268507166254,1.174217928176429,1.5146873956046218,1.875185388428122,0.3774482576104393,0.38304603284777883,1.2526011191964557,1.3366011861105347
388,3.6213320718513398,4.0,0.1348795623086093,0.4504429613105399,2.688698599833604,2.260984032480691,0.30776604140840114,0.28178178573738843,0.9596714966250837,1.0144800571060402
389,1.7381137564569928,1.5,1.4083842668389512,0.9651439876150365,2.726701660652053,2.88731883865866,0.2650119733262006,0.2526584212328553,1.1132042260226354,1.1282727737576377
390,3.2514909010716315,4.0,0.331966865181925,0.4324557019815531,0.7450558908579143,0.8076907378590898,0.14553269922213427,0.1618627626694658,0.6571056445348729,0.6772911527975805
391,1.9227893752060632,1.929112605201595,1.4914656887789486,1.4505780047783403,0.26758389541196437,0.22193463858194135,0.02655249595964692,0.02789560184194253,0.08255630174852202,0.08119407455149744
392,2.7119240736123666,2.578514013493856,1.3008800416433293,1.161864671489059,0.6794648830125375,0.5823728721780986,0.05158851130155634,0.05268377095837304,0.2071194940219005,0.2025685280698981
393,3.1953451922053753,3.307327205463458,1.1367478393859092,1.04370707627583,2.8258671496852243,2.999993802834469,0.2942507503802922,0.26377348998235944,1.228710833494349,1.2187118820523068
394,3.9914966972702945,3.9503955108228843,0.37824810550326715,0.38569241514977715,0.24575942962053232,0.23275484709368047,0.04353339462363379,0.04140695826405146,0.14021160085045528,0.14769089978509348
395,1.8226414453976605,1.7435368852279027,1.2894827287456159,1.1397765797464434,0.32950770677666585,0.30667859687923554,0.18122881718313807,0.1689017249592032,0.9042428408909176,0.8980036742888698
396,2.6262958821468088,3.2024912785778454,1.3563628615638608,2.0,2.040561637686404,1.9132359481318209,0.26144893859901713,0.25764971945120263,1.0682945782411981,1.064207109745699
397,3.6943606717434636,3.5811756482540966,0.5241631282007281,0.386022940178378,2.5874605069294914,2.782071560601363,0.28228222232614514,0.25078126633246334,1.1526889616914155,1.1607908970399756
398,2.92554835892644,2.6801115677108895,0.5443139127884843,0.1769900514001388,2.6419370454500086,3.0,0.025400549829592816,0.025572643696841254,0.12292081071086847,0.1233960935496835
399,2.9309689998675026,2.9497847465094,0.5094044723957626,0.45515840447952566,0.1524545739324633,0.05018128450038414,0.05680295238178223,0.06143570882580049,0.18081263199724912,0.1896577075885695
400,2.326481794201578,2.3634659595748406,0.7001701169917702,0.43696193775447106,2.0597189233986186,2.2377776142385084,0.024804120972780924,0.023715209137831338,0.09069761885919991,0.08687689219980986
401,2.9087552908417864,2.5626479892865173,1.1571984448974628,0.31107106267081625,2.490396170897153,3.0,0.2270228368399686,0.20932062476466434,0.7850933989361174,0.7636303504472698
402,3.0280648655989983,2.7549969704138975,1.8197603432759586,0.8758266211052332,2.478960816535636,3.0,0.03790941455524553,0.03658202359830025,0.12380577854202507,0.1205656042256896
403,2.137655720863613,2.3934667969072247,1.2545167240720487,1.409926560301772,2.974723685380095,2.9999997160482943,0.40772830646319336,0.37441296113995937,1.4237114399514494,1.4075135568005566
404,3.555752234839429,3.477584267932418,0.5713954947046708,0.2895684828020404,2.810377176608988,2.999999987784552,0.2939917190664607,0.2827403751089309,1.3530223223322206,1.3564406622017025
405,2.670176903959498,2.823750353231795,1.185929360726463,1.2143292356906343,1.322171346601561,1.3973993286860757,0.2993863548467229,0.3273976273484195,0.9205500774480574,0.8932493248524512
406,2.4711050229420106,1.9963306088787767,1.571577003254918,1.1011446451795703,0.215206197888565,0.10254889899324193,0.18315997320440458,0.1716067715759487,0.7683074145880916,0.7566334201250005
407,1.519796619085983,1.5,1.0214284198880879,0.777878813477383,0.6101596788020219,0.6143430512910444,0.3604381869360528,0.34054253936806705,1.2819366512745807,1.2829814213807549
408,3.2827052601810442,3.6446021426801485,0.33726697853931015,0.1188411130608214,1.7591803551078127,2.4926347745418274,0.07091110637032165,0.0735340513676398,0.23834981427022905,0.23347563266879248
409,3.0480313081737327,2.9376698932950482,1.3630029511992068,1.250629717656441,1.3433412787462742,1.4204510964698727,0.11771552646748107,0.11006173252401227,0.353228702489457,0.36522857662285246
410,1.6184036723323432,1.550373723646964,0.6169504955667338,0.39015647778789403,2.7990321515427663,3.0,0.10989402518287603,0.10663421931720943,0.3413083837302526,0.35522377476177996
411,1.9037413005984063,1.7646016666037916,0.32898138538469346,0.1,1.653729314062968,1.8088888036897977,0.09036443022854221,0.08437003752065828,0.3464942142001814,0.3603271416147459
412,2.4665671909261064,2.2132694560052446,1.246930385943425,0.8205364038087016,0.16503954476108051,0.06243292234442631,0.04000290785215565,0.033802417129349234,0.18853817173202853,0.1870418217825901
413,2.2950201009033546,2.2586212563952333,1.0582954177960775,0.6276307103395029,1.7920397590997816,2.104676156454485,0.1727901344663375,0.17971068520964584,0.7851988094946819,0.7891987583788858
414,3.4531935314850157,4.0,0.8863118232026558,0.9601487889648599,0.7806181706972152,0.8270472477449661,0.2633060351774333,0.24333528054196163,1.3160230928310883,1.3022134986721174
415,1.9219612353384026,2.6173372589555646,0.831465159613671,1.5441238518737495,1.7435338256448576,1.6709369061716821,0.18485733180704667,0.16182005144866657,0.6468225356487645,0.611222921586744
416,2.4271917560158416,2.854639308883024,1.7889347173887837,2.0,0.24299590793148618,0.17176954816447287,0.3482215579871748,0.3305814854055131,1.1932532915198906,1.1456056503201109
417,1.9932432687890789,2.0349363116407537,0.18468659610102,0.32203427190511735,2.283814285706331,2.1997850480938475,0.2274481357768297,0.24605073065535624,0.8535732264871634,0.8663811002659784
418,2.7510346031117905,2.4925081015454413,0.9615606695771967,0.5333718384160805,1.840215621090563,2.124724027702958,0.13994403034787725,0.15567446873696633,0.4368755373245831,0.461359260999556
419,3.28726898455852,2.894413673191221,1.4145005431165922,1.0139660325108653,2.7727545291970013,2.594820286889905,0.22714666312299453,0.20299423675443967,0.8911052943216865,0.9025920838209283
420,3.4968785140233116,3.3837411147574032,0.3439535522955329,0.4312611919947398,2.153449970386391,1.8489074498216491,0.09004430886564269,0.09591585230081257,0.3080281261467729,0.3021794845387618
421,2.977076189903058,2.7450268453512123,1.5258944490307762,1.1904966015274385,0.6974635630506021,0.6253664321369516,0.15235459494869,0.14800145636403966,0.6688096271091244,0.6349240655559683
422,1.8570075861693653,2.0376694513578473,0.21895715268099486,0.2097753899355729,2.402948444118712,2.605029159088778,0.4037823575815636,0.3837862384939489,1.4399314883951346,1.4472109951490317
423,3.848337088645796,3.2717397772750694,1.1764790355060453,1.05641073917004,1.1842011081510888,1.0860157919205329,0.3059439029742285,0.26926100189772795,1.1292470497333562,1.1742454062191916
424,2.61035635117439,2.3337070579038617,0.5056160524476347,0.2927298238431245,1.3945104740093157,1.359501553028354,0.07756808987984609,0.07456718371678286,0.289377605288204,0.27297425929650265
425,3.0558572830338355,2.3106803698513336,1.3443736134469226,0.9828096371248858,1.0827166507718897,1.0333429939012917,0.1857023028383598,0.18336237364163932,0.704836242779497,0.7240552791586814
426,2.463567311662651,2.038871811471406,0.5511112536141693,0.34629096592788244,2.3687440617933953,2.2782215408800006,0.2635683982208646,0.30072191110801477,1.0978742904190206,1.0958101405395102
427,3.50491512219185,2.8010511474944995,0.5478397316770831,0.10000012832140465,1.392311759962946,1.6414287755094343,0.25724732829579855,0.2214990336191816,1.1342001240381197,1.1109120659173242
428,3.865571900156465,4.0,1.6280637479549236,1.4390479012071136,2.2927675869947173,2.3125473210757685,0.20085740558941634,0.24350929545928682,0.8365601344197523,0.818728904769881
429,1.8328452685853167,2.0573592979923223,1.4801959955025839,1.5480931971166632,0.5681620797765128,0.5869223151393281,0.4017526771997988,0.4090329558574016,1.2174881676294356,1.2174866799064767
430,2.704341514664415,2.696833298393641,0.39502175669121875,0.5428137280267328,2.4664058230725865,2.1879715726474758,0.023892392329493636,0.02522172260006007,0.10714451407975303,0.1018027385407851
431,3.836652651614641,4.0,0.8602138653507293,0.7989282915588622,0.17596139344580874,0.1447428628739149,0.13822166561416238,0.12952396493133014,0.6343549504952691,0.6273518747012817
432,3.0494263831006734,4.0,1.0477088535027808,1.6425444001895948,0.4339430483358875,0.426104934945095,0.16719779890508218,0.17573295426970525,0.554405644128085,0.5480791752392173
433,1.69605180795354,1.7243391984029268,1.5193381545238613,1.9998872967608938,2.340746833582963,2.2787636369063606,0.0776756618453812,0.07078817735261558,0.31223851052684704,0.314400239146424
434,3.7404801938182866,3.855707041129908,0.6181314381767186,0.6490413080278454,2.9559045650033515,3.0,0.35749723432545805,0.31282906048840636,1.1107709832378947,1.1000553121402963
435,2.328693629573077,2.438595369570034,1.6897131281816995,1.9999997777448628,1.9439435971619177,1.865394984390776,0.2161790030193521,0.22674931102755816,0.778382305614326,0.7903823401398128
436,1.9489905682042405,2.790558666270477,1.0422143595384685,1.999999809260044,1.2406305493938126,1.294532725974657,0.3670677419999816,0.3792462999159919,1.212143283021159,1.158143069479142
437,1.6024745298751308,1.5,1.1884578410427877,0.8639539172906251,2.0152897589695646,2.1164730293562566,0.09655208126907916,0.09869341283609316,0.33267716742253234,0.3324051720375941
438,3.036999963035226,2.5190706726081986,1.3872244525141708,1.088539410054652,1.5299683167229539,1.353295212329514,0.19075318482447898,0.17734996040951664,0.6973193202645271,0.6973204396156203
439,1.5551019079580637,2.0571210378344795,0.26940396563031366,0.6203701566872557,0.8281375459302422,0.9079094820769628,0.27059061978727555,0.24204081809474823,1.1527303508623843,1.113730360747583
440,1.8476135853550733,2.1189908029090283,1.0993127552411044,1.4110705177872744,0.9894717176265078,1.0213016155437533,0.2080191749686978,0.22467973507272787,0.6305785592697218,0.6503815582387792
441,2.1732426695771654,2.3491108958573848,0.6005558172291853,0.7661272628093044,1.0731535605889588,1.0345125099124348,0.3281082046663011,0.3010879519344068,1.2091463122312502,1.1664484840434162
442,3.5507108953385575,3.366177770584775,1.5548215913415653,1.3709657926848875,0.6074481440002478,0.6884008308692136,0.057332959719582674,0.05863126989011494,0.26354156116404087,0.2629440698841593
443,3.845842907424895,3.9172519594856574,1.0168881459414738,0.8998999515360131,0.713177392923833,0.7512694179791435,0.34707269367626686,0.31382661317508087,1.153744374366066,1.1158173558558346
444,3.4030536877120356,3.724191199460882,1.1019232592314225,1.3227723324516867,0.6091679466604453,0.6191080458905044,0.23749754618078567,0.23184639143026187,0.9480464819784108,0.9135151075296142
445,3.6949195617094945,2.848480880601611,1.7735068396398737,1.0714142374066362,1.7776233552877603,1.6636354774146294,0.21162502160821853,0.21598933312312898,0.953243438697655,0.9755306182651688
446,2.6327589500506754,2.506136396471228,1.7674721078333906,1.7104944870092085,1.8808302009527855,1.6860771644300248,0.10960719443033205,0.10824948178938315,0.5020075399044759,0.506353076376247
447,3.504208008734857,2.5846639192514873,1.6905373774353472,0.22556047361480255,1.9843534813389208,3.0,0.07100674614542793,0.07508373777007168,0.31321271673567846,0.3180755593781255
448,2.504514023914824,2.7528374162714977,1.6018622042661597,2.0,0.5987426027696731,0.6954876865534171,0.17277131366438092,0.17672723353042155,0.6420223527529525,0.6497770057674167
449,1.8138599494368695,1.6994358599200183,1.1672497822834231,0.12174007077865863,2.201937027410129,3.0,0.09141527118742342,0.09039911008947088,0.3144631242213118,0.30914665709082284
450,3.0885024427628855,3.4654605467664763,1.2147249472772534,1.6130477533745569,1.4433801567821,1.3849591391312108,0.02161536585856711,0.022621490738802295,0.07077083925697794,0.07002456687606604
451,3.2548519190392176,2.9207239661759212,1.635763276271212,0.7806987966144888,1.967485758056374,2.232637691206346,0.0749862877059402,0.07124289439269894,0.33674119583662504,0.35132798065759774
452,3.1169495646490506,3.750409338729153,0.7549484332029294,1.0868563317526738,0.8291191266933514,0.8269775258729386,0.2380776309563764,0.24865707705131457,0.7455838241162668,0.747853169005215
453,2.575209038635266,2.500233562560939,0.3467175043991626,0.47957962503058604,2.390228483273656,2.043584842726693,0.09008342452148549,0.0877676044042025,0.37101068303716006,0.36010092526514426
454,2.2027751155494313,2.9267000078760224,1.3779358420447614,2.0,2.009448295060858,1.9778620737851778,0.19104072763307067,0.17498114349860105,0.642733411362783,0.612325562248823
455,2.470905908362349,2.2571514234570147,1.6562498837453599,1.5687785930432483,1.1264609043240617,1.1072931611014658,0.16463339982331243,0.17233939868226128,0.5274499837764985,0.5584500317646222
456,2.302046680053599,2.9903632038539927,0.3832868479053618,1.2337747170543931,2.8421608117482773,2.5770126726192073,0.12200127343673281,0.12179128905015091,0.40299359490185915,0.37677739921535086
457,2.491148198502698,2.3940754329475675,0.7762925699540026,0.8854858295171093,2.0024121052851607,1.8177928865937376,0.017402672838222475,0.016559542055973327,0.06468235255854012,0.06566300336640758
458,2.579182510563701,2.3718886492483926,1.8185092678960546,0.97501278647627,1.6851039976747968,2.2167092704401945,0.16187893681154522,0.14568532484351507,0.7255532672324023,0.7303353109018158
459,2.139911409763629,1.9462325294150062,0.9265983722418984,0.48320423775091914,2.594377638818347,2.9999996841665246,0.34604902813174354,0.30869942737662276,1.3952316580745991,1.4322317202912922
460,2.9898761840330037,4.0,1.185529331319164,1.6635991705397801,0.3171741138646894,0.4322661056259625,0.030928329060849497,0.031873711994400256,0.10504606235895578,0.10799952195687519
461,2.966154849309593,3.436983680248944,1.1860358572220562,1.5222913810758862,1.1962273579014484,1.1418013458967686,0.16079048125477138,0.159520960283531,0.7294573591906095,0.7034096835918612
462,2.9912498163506482,2.5577815627695233,1.0444256823424842,0.15061968377948176,1.6076499043671295,2.368058930160587,0.10511085555301078,0.10245077858783698,0.3317961629429817,0.33102937034020385
463,3.2403424801348457,2.718831344076115,0.8952968900208328,0.1,1.995903831487357,2.7805984183484784,0.02691879958001929,0.03026713893432254,0.13037756702905967,0.1289362096730761
464,3.9463489092501165,4.0,0.24312822932562597,0.3034549531472566,0.5371705962689841,0.46384633520435503,0.20888103572010774,0.23352897852700685,0.7923151557304325,0.8088111766239735
465,1.8150582389802592,1.8495807745942923,1.5741324709220372,1.7039106201681915,0.19570635577376172,0.3749477184364871,0.07125114076323132,0.06578723903815965,0.2759420581343094,0.2762152511787589
466,1.6578075488315975,1.5492923794806377,1.591597562870084,0.6040284700911757,2.3599769983217556,3.0,0.14901625025673612,0.17994089370030825,0.588159135490121,0.5846258026939384
467,2.5225862123697964,2.0328570810427244,1.7985215962242016,1.15528022476082,2.3256998840014713,2.3403895466091287,0.08891984859722375,0.08685704374681091,0.34873567577359726,0.3517112869299912
468,2.6696082488470516,2.447508344197586,0.14824166896828128,0.10269265592188626,0.8485236978423729,0.7624449232987449,0.03846671883617295,0.03789179524003825,0.15523732652546773,0.15564138996672472
469,3.5950148712242864,3.7292052804486904,1.9715435794319702,2.0,0.28860004877425016,0.3976195490249831,0.15808197210858094,0.15742939264473427,0.4973013325980406,0.4796825191563688
470,3.8863253992299995,3.7074085722652477,1.1126660471499188,1.0333917345976091,1.6547720605835252,1.5867738284471316,0.2011398748316609,0.18443880016548542,0.6966513101811533,0.6972265900493317
471,2.5379333387362433,2.6861899351757357,0.10736223312625144,0.15482721120537254,1.0442300000737095,1.1889641942075024,0.07069323704417087,0.07455167685167878,0.34124827313373074,0.3571279352237242
472,2.840063386267564,2.80825380543912,1.8861847017030948,1.7208695997625083,0.0185711749422639,0.0,0.2755909221160242,0.2798884386537822,0.9255886020072809,0.9338736610883193
473,2.5903844005211827,2.286611288919981,1.5188201449683711,1.0398526779344486,0.9676825106437268,0.8870694556928475,0.21029434757606202,0.20741762844816256,0.7799273576756911,0.7671251678556126
474,3.923112463036828,4.0,0.21317419497436713,0.1,2.123243139378301,2.4249015123244515,0.1693581896815465,0.17708813398543466,0.5658988816385886,0.5658094852297649
475,3.5723566273099294,4.0,0.9416562731830097,1.2147236287106364,2.1093967007642673,1.9593952442280325,0.1451657823256883,0.1342556460388234,0.6117934052419731,0.6020281384734681
476,3.633707808930338,3.9672304683476964,0.3913777133782995,0.6573124019036293,1.2882455368558254,1.1720244003443732,0.025332274646654895,0.02402336022596183,0.10969237383057805,0.10995602159066335
477,2.66656795153583,2.128457340140413,0.7333088114690232,0.5576393789910655,0.44959005021583787,0.5079936373481394,0.2218581609091281,0.21303815045328367,0.9613855714699951,1.0178662312644933
478,2.5419937353707107,2.5303920278312826,0.5679793024525532,0.5196398534142702,0.6564911553963925,0.7020611635112607,0.4553547192927859,0.4993561267227777,1.43614810101902,1.4452498884679292
479,3.83569204837817,4.0,0.8510594761401089,0.8212349707420978,0.10276923248683478,0.05020545848972115,0.29482830867817394,0.27693995537720073,1.4598820552117202,1.474216924663035
480,1.9710196281409558,2.1827785950658742,1.6211009081096972,2.0,2.250703751039872,2.2515264770657146,0.11647919759323706,0.122156742058591,0.45360170165688685,0.44279468645264974
481,1.9165143117665875,1.9194226520566937,0.7715965636551467,0.1,2.1466888708573646,2.7372906038525926,0.1234294394822234,0.1282950727133882,0.4025373775982,0.40504464972660076
482,3.715021084233263,3.50221221269205,1.4747439625836252,1.004078461706678,1.6779730561604018,1.8909441233382953,0.12852883637819135,0.11824177291432146,0.4271796170940761,0.40520744271882986
483,1.6669788656284468,1.5,1.8447720488545056,1.5776781245572857,1.9008444260073054,1.7974107529343861,0.023567494216368088,0.023987372788963943,0.11749917401439726,0.11713230609182343
484,2.909037117190973,2.8677909235644092,1.6270360119596294,1.3349466558742713,2.3383187511927344,2.5797598245021005,0.4106636975727207,0.3971559405231435,1.4408362564663544,1.4398362541134522
485,2.5544451018273486,1.8064978639464542,1.845171908421388,0.7001101870967861,2.8460471760724007,3.0,0.38927052548653485,0.39896728253461666,1.3863100194945854,1.4203100597107938
486,2.1751613016401987,3.414684412637647,0.8248006860612979,1.999999907753499,2.7500306295686707,2.9999999872304612,0.21163050239471914,0.24473214941600419,0.7088330080353845,0.6692369684530358
487,2.2280020804018874,2.0380772068311312,0.7060394500457873,0.4371453591058681,1.0805496153369223,1.1510536223528531,0.14941579328420296,0.14662394409261587,0.5908175337339718,0.5762314238907181
488,3.128658269859086,3.6434133760037555,1.1880372393423313,1.6774971716168943,1.1225397879475136,0.9319595120486864,0.35224900046611196,0.33826742075173477,1.1359388853166865,1.1065610066328195
489,1.7425925538066775,1.688293091453779,1.991119214953522,2.0,0.29818752406027416,0.22365437975224056,0.14304972677561914,0.13452266259903814,0.6931201721774862,0.6980039869794822
490,2.650348902841555,2.411091839225147,0.6319361886603739,0.23720427462769914,1.444787793140906,1.758456862073058,0.14221598545680628,0.15204831850767847,0.6968837788302951,0.6823963811577387
491,3.6819709547561503,3.982431449660538,1.4966818811627263,1.679000490002655,2.0801933465555726,1.9575757813320516,0.09053564519220295,0.0880896538644429,0.28633749052963936,0.27167294993857216
492,3.539774364055683,3.4184243082677854,0.3296865477427994,0.2702274551592958,0.29590141283854554,0.26833079739651733,0.21476708967532643,0.21837097663721575,0.9221358190621306,0.945758732562424
493,1.574609635980736,2.071208965530254,1.0004204429646097,2.0,1.9715843998746623,1.8039376522516255,0.15768691589098002,0.15935053980613967,0.5742859215812276,0.5679639341064827
494,3.444264479048303,3.2633377916427513,0.5099219540717209,0.4519936282225286,0.7631357596884643,0.6523054437024617,0.15813523278363967,0.15974895154630211,0.7227228306726302,0.7312602189541634
495,3.4161874860396404,2.451740895224169,1.9471199953444556,1.2136306360383529,0.084329226080188,0.0,0.23811238176216645,0.22686294770785362,1.1685775077717893,1.1860769280895767
496,3.844102872918523,4.0,0.24695122356208812,0.22913159560951557,1.3028622783337005,1.344214010791343,0.22863249470876207,0.21893711657095666,0.9421479190054999,0.9271479091768166
497,3.9810419022433496,3.645234685047596,1.1302978998150244,0.7253608360620316,2.877725117929746,2.9999868882828657,0.2755451468482289,0.2678961862827899,1.3523575759564093,1.3181229159763665
498,3.3940149159246564,3.19846028448025,1.264061752854077,0.9906502172479685,0.9714213039485352,1.0353663008583656,0.10456811523931989,0.10398265624510819,0.3247186394159041,0.3335939302641776
499,1.825440299469564,2.1462548607021477,1.7162408952152362,2.0,0.10298688809672651,0.20134485755179132,0.0632370504413358,0.058185680067694645,0.2911491335695198,0.2917024667693724
500,2.254470724970927,2.1657351990343754,0.614214933128807,0.7812065098519971,2.5732499548287686,2.37979036190884,0.17470931307056847,0.16942377564364045,0.813269369616045,0.8136438357864939
501,3.985548488223881,2.796559401927737,1.6446643400387704,0.9935149393938536,2.215397556318263,2.3204374753089505,0.3047362085148122,0.34029390365801543,1.1459628791962486,1.2140141727885907
502,2.5328389861214164,4.0,0.31197402904710314,1.666944020229425,2.913192170396469,2.4940131203990923,0.11568493014672136,0.11153874723088941,0.4724516513621803,0.46845166741518346
503,2.8625154078032895,3.018467639545251,1.2482867461868612,1.5023050992269793,2.3484288318382784,2.1935606844904774,0.048836523093843925,0.05019524547701192,0.22953604549712125,0.2333083257616313
504,2.2774213622143447,2.246477353415577,1.5551984053573087,1.7058718638603392,0.21806586020562613,0.2832421006528733,0.04062906924997479,0.04235862027399625,0.19979803907547494,0.2003345641366391
505,1.634462721588802,1.671049449477087,0.3037981953077421,0.1,1.7867050563443434,2.131191910797705,0.24914180596742852,0.2612734324323386,0.8598436314266867,0.8642157833596641
506,2.8131350746084403,2.4136884226720285,1.9475571837132415,0.7652043240924054,2.0562734583271456,2.4433598720819623,0.10724015463704352,0.10879303048762179,0.49429905821866954,0.4771466833163573
507,1.9614222050424743,1.8530757244927147,1.2590455176354345,1.1508205386489576,1.3404544759023194,1.0765740896736988,0.20186246895045284,0.2024607003816444,0.6653765107169448,0.6481613239875313
508,3.983193924206895,3.831265243168098,0.5487049796907364,0.17888069770394083,1.9998032413889022,2.610518582281261,0.19002115089095,0.20971349530592862,0.7545568011183192,0.7714703169751269
509,1.5148675296711296,1.7314830654375772,1.8310601629932086,2.0,1.6258411333805913,1.6605354997815422,0.04121752414168919,0.04794780021171871,0.18720943725369332,0.18532607676770288
510,2.632061152890693,2.8763084778946193,1.7796783969074752,2.0,0.7660137106806131,0.696463881864739,0.08995212487657528,0.09232051379559462,0.4179024647984695,0.41300027655629873
511,3.770795447560056,3.977764891070666,0.12234247092234735,0.28384641239832703,2.3366544416715316,2.148307060586159,0.1737725005624548,0.17828325921404858,0.6798164518867291,0.6907795144436535
512,3.525052374605602,3.892080315230997,1.4823733539155908,1.5009834998124107,1.9421122163510547,2.021139686065598,0.19581792644313487,0.18400645878048028,0.7684755747027723,0.722475573813262
513,2.6337794268706145,2.6374128401518604,0.9268892799134972,0.6046102048550628,2.5189768820658927,3.0,0.11495358521223065,0.12286562950779793,0.45976012564106516,0.45426401484436024
514,3.9221124555127433,3.4767837199776417,0.42854829150983176,0.1,1.828966585689972,2.2968631826240924,0.153309950814061,0.15972853823886193,0.6771747392544799,0.6990523745701791
515,1.7351860856626795,2.0619164065940025,1.3907604130498552,1.8315370678781453,1.2137978221414674,1.0782256921512055,0.2013153008037079,0.2094929245447587,0.8529727561634838,0.8457036624905374
516,3.9995482661154735,3.910030227806015,1.998265222838737,1.8775332102209794,2.845725035189474,2.999999781502688,0.03234254365951976,0.030244681899334016,0.1286139355812806,0.1280776204702182
517,3.3758622185385536,3.397311544933972,0.1950596406847384,0.1,2.5233276918301724,2.7282476683161403,0.15774175889438852,0.15239570438069355,0.5114417589393292,0.49221814492514493
518,3.4350898446146214,3.39052117492452,0.4243506700019406,0.1899827750739894,1.3981171015317768,1.7056118549917894,0.04079827496799234,0.040032541406643564,0.1355563963125232,0.13514795037673322
519,3.680816305667527,3.749596893019108,1.1880615191454198,0.588674862839575,2.5211529760199825,3.0,0.31400371224973667,0.31749578063191775,1.3755807788351146,1.3568378195763129
520,3.7076741194156755,3.357558681276123,1.6584985617483805,1.2101856593183422,2.7072721719875696,2.8901647388070386,0.08372150933499192,0.09318290860339812,0.2614928937531485,0.2664928869923185
521,3.371399834487682,3.45389579210304,1.8661263510452852,2.0,0.8131945868591621,0.8341130624347532,0.19926176393009948,0.1796424477264,0.5995715640188348,0.6198286008794645
522,3.9540375244127226,4.0,0.977725542228357,0.9997163782536539,1.8693020580027908,2.0004817624486058,0.08578837683056377,0.08982104099928029,0.4261760229153917,0.4371760205092899
523,2.9100707376001616,2.348595493004245,1.477928666963386,0.1,2.121556145261561,2.970717123710913,0.27454075117680843,0.2832628835553014,1.206827756653691,1.2088270769690213
524,3.347830316771949,2.6732455046708203,1.1090252658922204,0.6639431438534047,1.2502843826877095,1.3016347476697117,0.2611340135954967,0.25344266079017613,1.154527282701138,1.1625771570914099
525,3.7193724929013876,3.999999950891919,1.1143321332353566,1.4086434582272354,2.611158272209262,2.569229158897138,0.18802706524924473,0.19822044957552432,0.8411616427454162,0.8171619277772559
526,3.746351204931139,3.409013734229466,0.3901943134794602,0.1,1.667475781108426,1.999922155786134,0.23154979809274429,0.2835328797686645,0.8503727892681092,0.8292485098462145
527,1.8752444138707083,1.6554644543017996,0.9176328036577842,0.659161579964707,0.3938436466327223,0.26666887708087844,0.2781898485383459,0.2824688435775455,1.042581034209549,1.0650956989232188
528,1.6541229125115335,1.5,1.913717528559606,1.2850857696864324,1.573316917942551,1.7186920399600345,0.2710272026428621,0.25741740545020914,0.8942955593138383,0.9138771071948034
529,2.3774702330201256,2.105794707274243,0.36201315600829254,0.3793421724974395,1.7479244503368059,1.5194831772269703,0.17622272576469672,0.18126515296709073,0.8533503087951361,0.8751319355427436
530,2.182063078801005,2.425967626952457,1.3708854988594903,1.6822267246578506,0.8571943893801475,0.707324445172537,0.18497430300477713,0.1902991305450183,0.7743605188981887,0.7973605239889325
531,2.697322527771706,3.0318087170262804,1.5677401572771046,2.0,1.879975215119207,1.785928301343765,0.18836967292781023,0.19838776404285494,0.8874180688237431,0.9191683464926041
532,3.983831368724215,4.0,1.1424847968705731,1.0619913210943561,0.011400772993707786,0.02973271598887359,0.23631844667705657,0.22763442945456872,1.0611200620515462,1.060933133215953
533,3.6074060664965537,3.0774304298470456,0.560376394442224,0.44317274629211256,0.40298784621553474,0.41565853759961346,0.0748133814395479,0.07018245283236198,0.2660585377452327,0.26837863658852534
534,1.615371332705613,1.586694218298529,0.2149105050015808,0.29366393490558623,0.9322265182542671,0.7938434705581296,0.343047124627607,0.329097794333489,1.498744703951176,1.5
535,3.2175108901062375,3.7612232843228304,0.10397627020256762,0.24513290875157911,1.695422687741969,1.7438361099266988,0.1274877388677377,0.11692027760137617,0.4891336566277772,0.507995009394665
536,2.269693510537647,2.163064332361386,1.559869530773432,0.8041319593727396,2.808456718828796,3.0,0.1637006269030458,0.1528559405622202,0.642343916883909,0.6279267228817677
537,3.131997071378467,3.1332847573546276,0.6205095714773123,0.5399511850867913,1.8804798763624961,2.043831616005139,0.3606194819971551,0.3840504465763458,1.1116673413047842,1.0951558789572893
538,3.71836108505752,4.0,1.051633285354494,1.2503993701523328,0.9810806403848855,0.9939166813043109,0.040318895410283426,0.04167122408022174,0.1261690479867865,0.12250159991575785
539,3.241339087689461,3.569130076484687,1.2041856211533415,1.6396469484761829,1.702679955467384,1.5643523059676303,0.14176094150485524,0.12501183727667106,0.44556510673239663,0.4650010537549283
540,1.5055531196130607,1.5630292564483175,0.2663986533130547,0.1,2.148358363721933,2.385629954036019,0.17835854915468058,0.1874882371995563,0.5960530696671538,0.5818076097208007
541,1.7533421176753725,1.8259686814404228,1.8802027478194072,2.0,0.1895063928943307,0.18435483340614792,0.10160895997994433,0.10078681405501835,0.32470389680829187,0.3131477431832279
542,2.0525061294194344,2.374468903649386,1.2304413917234998,1.2427155413458453,1.9936124881969421,2.329546241948754,0.08080483343610856,0.08497224456718876,0.26625960233733453,0.2618233399824324
543,2.692028441274117,2.9233283569828106,1.5297532808008394,1.1306571892651582,2.154953229609861,2.660001216776153,0.2688920003128975,0.28142542174500046,0.8937905556011017,0.8677905697233017
544,3.451769856355642,4.0,1.0873605942788769,1.3105098257226255,1.502348801222495,1.4915489727675955,0.05557700643019799,0.05234223173311105,0.2179838369695779,0.21252229886162954
545,2.790406686464352,3.014865634177262,0.37174906123099116,0.3891081232124029,0.654103502221157,0.7704649464746667,0.26390239325600195,0.26342614194908137,0.8734978079251967,0.8885159611454768
546,2.2795699997273964,1.822607611359923,0.3549528906644357,0.1,1.2116068640550708,1.2838874600918355,0.3316998630374994,0.3206863998858314,1.336418710387104,1.368164112800939
547,2.1822423994348745,1.998914220280914,1.5531316372112365,1.316133002693646,1.8415715795367524,1.6585753233305383,0.3754579717546417,0.39017908482683383,1.4868745632344023,1.488874646014604
548,1.926168861880889,2.0681481647979085,1.4546814735463032,1.999999606214034,2.684035150752971,2.8352025394590337,0.2371800086100022,0.23839373659175578,0.7251494158611282,0.7431493713755809
549,2.2553921429146273,2.3925944375852852,0.44827061775313215,0.503720152963205,0.6789578261184268,0.5684947238632538,0.12114625938549134,0.11946589309208028,0.4363986298372252,0.4395293215259219
550,3.0487902048650364,2.466438686230266,1.8198060969666396,1.3799946842095916,0.8594527879342784,0.8536327773732009,0.15421933735880677,0.15581674550876434,0.5385879113812092,0.5210597632694881
551,1.7693328163562094,1.71337736694047,0.8080595315203396,0.7184125040300855,2.60510101387705,2.78038575273441,0.24192746486120753,0.24382325600906982,0.9973858864122815,1.0128421160435788
552,2.83090954270366,2.351059622012511,0.276149318122813,0.1000003332299002,1.6414927349404178,1.6718280906950793,0.24798689319467426,0.27423422087256827,0.842887010748429,0.9084315868710651
553,2.663327396074724,2.8670264504115424,0.3597244208278092,0.43171183480403547,0.47349007244255736,0.5840709262124849,0.38391591207107567,0.3801169557723393,1.4928138220825011,1.5
554,2.857018179505425,2.9982346121980603,1.1532106842246947,1.1322630594473404,0.11581991131597424,0.10123223589060636,0.07821702051220761,0.07685792607116304,0.251178390809007,0.25517839244933843
555,2.920490351375706,3.1111764035564105,0.9688464893519066,1.109854772227475,1.0525457958819067,1.1351959924658597,0.45769597126208783,0.449387110611972,1.4162745748329248,1.4472750019005347
556,3.2768600165733592,2.118469531879407,1.8875962678458005,0.6016725513771253,1.074592488822117,1.2218851091220593,0.12895782812010922,0.11593041811479624,0.5894483705050876,0.5849637529660185
557,3.4206685876047738,4.0,0.2392361646128679,0.3366541664825645,0.6597729142840638,0.7677300555005153,0.19136497173922293,0.16760878051294714,0.7357865428341843,0.736344938443138
558,3.2576083474188784,3.051519435733017,0.5076293992975572,0.4915280485568414,2.9932006756128415,2.9999961252182032,0.38781114220164187,0.4484837220621346,1.3273054230353039,1.3703053332193638
559,2.7742958118813004,2.433952151586278,1.925990991808267,1.46119207505801,2.963246351894256,3.0,0.27111067046528753,0.26835600238150026,0.9621200688097996,0.9751200743036528
560,1.6918970630092103,1.638586804925637,0.9565129507578948,0.543007553733879,1.6039462582053252,1.673250850144297,0.2601562190046349,0.23059294029105673,1.0757019792925644,1.0617019629690991
561,1.8741871931657585,2.058529283652175,1.0658125939393508,1.3782766929410684,1.7637298717076444,1.7322430209516233,0.019330018872695736,0.020502413068693194,0.061706515050678354,0.06005655033118298
562,1.7294311893663068,1.5000006222844067,1.0676357380127033,1.068438716628331,0.27862276476285674,0.2500863597106389,0.25004089798996354,0.2213661400200782,0.8358673814656689,0.8558655262438899
563,1.9748812284091404,2.118407492594544,0.9015410525282032,0.728527316239123,2.9473142445273126,3.0,0.05525636179458744,0.048780997544803924,0.1993423224821685,0.19463227975919162
564,2.6583877509623264,2.910088119523362,0.9358834196750552,1.5283425960800154,2.499782237202452,2.206914205672196,0.336117900850208,0.36154320241707766,1.0468670350550853,1.0478670482464048
565,2.6283742371738885,2.424186709344961,1.2808974646968863,0.6937397485900054,1.2253447381360334,1.523051929175103,0.3477240265929048,0.3063625379063524,1.491664718247378,1.4556647035027321
566,3.3768623596110783,3.651539551879341,1.9908754790960215,2.0,0.152118784684235,0.24033966687698083,0.03232192474407956,0.03265714484062372,0.13278341464049087,0.13221349071924132
567,1.895828610734532,1.8660152410126978,0.6167224598462346,0.5163776762184198,0.6576724525897779,0.802885615963579,0.38707795682029617,0.3338211578214372,1.3362637042484862,1.3852637007658053
568,2.147771669939824,2.410617080197103,0.754392332549894,0.872437164930634,0.4060302262386919,0.2161707380038195,0.02011954912720133,0.02068496757592971,0.06438250170393976,0.06504093780412516
569,3.4050210219806862,3.4474115053715866,1.7540001631913102,1.574595852248817,2.5060595027588204,2.855069806672727,0.15247236099053413,0.16641613866976834,0.4942591347945173,0.5112590887010307
570,1.5716401438061862,1.5551311627640771,0.21004330812354954,0.1720753768354894,0.02976613695784802,0.010877702569118236,0.26920284944234685,0.2304056352925088,0.829612244832307,0.853219479038752
571,2.1770738129217895,1.7398919297613338,1.332156508346533,0.5434562353126207,2.0937927983355946,2.3489277229369403,0.3136060619661356,0.29551128551763595,1.1344384062253627,1.1784373304035456
572,3.416608058523911,2.5921392359160356,1.0274731397105543,0.14446408906085798,2.1499207106359424,2.684132749721841,0.2213582799098371,0.2479709328935118,0.9006211104997202,0.8886211178353683
573,3.098060752050977,2.3557098745440146,1.652335933156025,0.2596688732610071,1.6741022058547816,2.5044698523105637,0.09999637067754535,0.08914363323665288,0.38952585030340076,0.3892810990252333
574,3.4023837106856436,3.083051866252235,0.6199034967338815,0.7113906308985344,2.596352206203169,2.1797517824062798,0.032326910903672665,0.03479265347166289,0.1421343626882118,0.13820916422327945
575,2.9023086160296345,2.9308837759484314,1.9947979139780396,2.0,1.6206411458434298,1.4886405091790291,0.24580627460240687,0.2526395164369981,0.8166419042737585,0.7976418966400451
576,2.3087919982421266,2.3456023081046427,0.7377101604385001,0.13093876814504257,2.175280348239461,2.999999012673788,0.3803819495113505,0.35506757393267185,1.367510728416956,1.3298837523213096
577,2.6489161500815834,2.3224859432479708,0.6266175371895233,0.4911516425415999,0.19418182074806412,0.2102747241934293,0.28710922438799985,0.28473573722017576,0.9887273061289633,1.0030292172019895
578,3.193544799803114,3.927965833962836,1.6410201324158853,2.0,1.8460307175287487,1.8137131910409023,0.032299641978342744,0.032443586040256316,0.09927803958832307,0.10049809528285028
579,2.370746773795579,2.5959575416219867,0.6178975988219009,0.6977708207317417,0.6292884299192861,0.6665581703620729,0.07672088884737334,0.07089581254197094,0.25429174219338796,0.24650475601332686
580,3.1111881669041717,3.407414573895505,0.5103390418147512,0.504235788598642,0.5094271763559701,0.5312273182585248,0.39498235205116417,0.36569462574809836,1.377311006671085,1.4145124925355081
581,3.899190853916569,4.0,1.3329962728586435,1.4049210806736805,2.5395240600103213,2.461930940844983,0.06442697571594756,0.06485987396840395,0.22337266687802848,0.22400058940723522
582,2.854221185621631,2.321427890171072,0.4296678142831908,0.10000000000000002,2.1523259199275406,2.329188465008327,0.4105013483571657,0.4446169055233563,1.2677384613560243,1.2837387544933363
583,2.5450627228912146,2.250109520709459,0.7587175606898331,0.45435280914955206,1.2921374899232327,1.559230791399188,0.28330673934591405,0.29162825281322385,0.8879134576397303,0.9134955107743818
584,1.5256660025010311,1.6443757247774187,0.41291725115540523,0.4189746979029373,0.25288532551426157,0.2862577668069336,0.4221871202604368,0.4199167358914696,1.4803608309279825,1.4293603151653487
585,1.7431541861724185,2.1379607399125007,0.4061012956774356,0.3997182765410742,1.3400627554396738,1.5238360540986693,0.35656488894133476,0.35644448344241497,1.4284463813890131,1.400332630068125
586,2.230231468161887,2.3387342742858133,1.8553407432592768,1.6929726050241791,1.3522939942838386,1.2140564345273273,0.08286752863218656,0.07822299086467877,0.37468267337335887,0.36602659736070203
587,3.9846899775872537,4.0,0.5907828465926338,0.668757003786874,2.9501306915320016,3.0,0.4897069452466549,0.5,1.493797264442967,1.5
588,2.9382201921030884,2.1024576021143044,1.8786394898453096,0.4411167224738099,1.701445961946487,2.304521601296661,0.2386920368642974,0.23382961061689564,0.8718633494190766,0.914339253342634
589,3.853122349610089,4.0,0.37792380270321,0.27484265056684193,2.851498608354068,2.852150612937735,0.34451453007409627,0.36721667866648866,1.2208217869323235,1.16752802438278
590,1.986324296755298,2.2652141382901725,0.7771908624802145,1.3032924470622256,2.964015745132159,2.7010306726736726,0.26659605825113164,0.3162521640893712,0.9390692021372278,0.9230691873263243
591,1.8874884250746626,1.6653812041340426,0.9537696846702906,0.5355663788039098,1.1957894788124115,1.3812872908900486,0.1518443575503714,0.1473104296157529,0.5571810510906243,0.5572667497286453
592,3.3709245806649286,3.640816759544738,0.8667121889691084,0.9545298461914686,1.0388482266754087,1.0633062643043998,0.4026006767507595,0.3487318520810221,1.4491606885018584,1.4941350390525554
593,3.6818081275261094,2.9893360988841824,0.57971197236205,0.39484382647849914,0.09488781281947745,0.02075655058211293,0.06060595873245744,0.05927027406604199,0.23663387792245066,0.22955617805664913
594,2.3093793739931363,2.9279341936262346,0.6516304399233225,1.2684961185336665,1.4233924600136725,1.2749661508175298,0.06991418499512095,0.07116842716217205,0.30750684523704275,0.3012452519863478
595,3.3680962733910915,3.3858430178336856,1.0467919642999395,0.3897121668410791,1.2179593984965658,2.1799523645818994,0.16023189091576162,0.16502376759153922,0.6939020668752094,0.7070851926452877
596,3.9062003502316918,3.845781715163567,1.8466893898943662,2.0,2.859800350947992,2.6045418723735336,0.3719080123976607,0.3588316404436198,1.2097772067104686,1.21677716992294
597,3.9236040559041068,3.9712519724026976,1.7742901762793444,1.5274133350224715,0.8812544604167005,0.9222891536156218,0.13751446634146314,0.12906501139619192,0.4368537322835789,0.4350509120563394
598,3.2810290073183297,2.995279721147731,1.3825896883592794,1.0858371573349137,0.296089595189315,0.2065620318913089,0.3193520483500983,0.3435927436024737,1.2011373352710937,1.1981375237754102
599,3.312056531225297,3.5077646762795953,0.9176947208330444,1.0196396487518873,1.5516634869870458,1.621908174072919,0.2248346360573874,0.22141091667612256,0.8000460851296585,0.8180460579291641
600,2.649575185971648,2.678520806359863,1.9960420839189432,1.9999711606168453,1.3499579393712713,1.2453370799650152,0.028063070664753463,0.02641341219999127,0.13196670792787657,0.13190482936950138
601,3.8070420989350082,4.0,1.375497970934058,1.4241468650840396,0.5780029010892898,0.6290065326467691,0.11475165708570288,0.12144985402819539,0.3877931846382448,0.3861978177267706
602,2.954948783731422,3.0963487661339797,1.1243826049700776,1.8264005365650078,2.1729673670922063,1.9134392903068413,0.18530100639883973,0.20743383785747938,0.8845147091194487,0.903128406724801
603,1.6330361692137512,1.8791663542288883,1.680167110130804,2.0,0.22237926811816822,0.17264687260935352,0.38334434540442497,0.431936002329728,1.4547363053627382,1.4577363034689284
604,2.318131110273563,2.3541700507107066,1.0739150666761967,1.0606667934887004,0.8976828298271072,0.9697893214057197,0.06567375399997057,0.06920727252473338,0.2542327443480132,0.24530222934694557
605,3.5412182503093965,3.8219840018899847,0.8435086505986098,1.2120499626495518,2.0670018461046418,1.737183864552447,0.1609345433673014,0.14569454578204957,0.7288245861593736,0.724823945075837
606,3.4436201985109154,3.2740495900928885,1.3655226685490671,1.5916751368600464,2.929897142949982,2.639715942142449,0.1671976864643024,0.16200772141276046,0.5652456267618997,0.5922456207896039
607,1.7032381726735542,1.5,1.1608344612318269,0.48467600952115353,2.3012021620320495,2.608467698725791,0.15397294246447846,0.15305977611918425,0.5409633261609007,0.5406390502787578
608,2.4046928163814485,2.211393239764013,0.5326416231854998,0.8998795317770096,2.804652007794039,2.368397089319698,0.3220559961267436,0.36525062015439314,1.0923051769669339,1.1143051815163156
609,3.057286330287299,3.591827890564562,0.8538281672845186,1.0433774066798522,0.5811065374852185,0.7991479049322789,0.34249599663963626,0.3980960600032931,1.1161638079849792,1.0601647190742105
610,2.347532797162166,2.6926034030698043,0.736310682226472,0.9958968194176971,0.6137007619466371,0.721250314086806,0.3264899345233222,0.33725104451812127,1.4501266358490186,1.4622595057367
611,2.1195298054192144,1.9079900350319923,0.21052888060647593,0.17005553721064245,0.34322586173237646,0.4383314076890063,0.034528493038665654,0.03556221670042398,0.14890241838508012,0.14622287585180604
612,3.936136669145435,3.1934399208165125,1.7844450370887792,0.7413579190794892,2.7267362821410375,2.9999992741083386,0.19136365292631421,0.1851046032446103,0.8902634496790248,0.8946487449836948
613,1.6618354380865696,2.00036432620609,0.29160471483924744,0.4261865107550724,0.46927335321594066,0.5437558596020003,0.3475152467392061,0.35369992960005625,1.1851095844105766,1.1883912762349433
614,2.225167338764998,1.7682002189098112,1.2929944456062785,0.8888494736179625,0.3384508850207414,0.4460407921490849,0.34299192059584427,0.3245439229116619,1.3678974468856984,1.429987536541311
615,1.8169530678884,1.961314963085602,0.8880854175371453,0.6290068977773056,2.8782285593940977,3.0,0.11972119574732404,0.12240532201226242,0.4955514664038307,0.4833629453800128
616,3.814669204515183,4.0,1.1825602521404357,1.0253869614068847,1.072252463044845,1.2811611610580846,0.18480405042150308,0.19316102601337043,0.6959865917440236,0.6933566992934146
617,1.8196052538568392,1.7253212536442286,0.41511381093720545,0.1,2.6933629368067953,2.857379018141904,0.18753830700317592,0.1875034870101319,0.6361774773111458,0.641177471903124
618,3.0191877574234898,3.120893038546038,1.474037653125292,1.9999976128969568,2.8923431119226275,2.6663635524727742,0.21686502596533613,0.20320572864560293,0.7432237656066786,0.7542238027180337
619,2.6611895691079717,2.3462345738950896,0.9272281064176179,0.6868704220766148,0.16310806033088077,0.0828069658603168,0.1277249937750165,0.13265242002933683,0.6189613042093585,0.6218550817434861
620,2.1196457000972515,2.2796158270049998,1.5523804541334985,1.930235253605505,0.6305076449335331,0.44880636059987306,0.26903258773561833,0.23194814251525855,1.0870933120067263,1.0776332979971095
621,3.2504538264269973,3.277546792503718,0.47614365537414083,0.5434164669302526,1.2647413501906069,1.1779911218704209,0.2739325215152428,0.28058443956600226,1.3549259573672323,1.38848078690826
622,3.5530042931869916,2.8101956873894087,0.7382741556828638,0.544385744638942,1.2195573900610528,1.0616324632892693,0.07676430267168,0.07663228337317082,0.26320773133104375,0.26545225250606524
623,2.9662982896930234,2.8658729956901854,1.0169520249055188,0.818398239977507,2.881330099074994,3.0,0.08301737015272094,0.08039887013954475,0.2939255542178574,0.2961513480072032
624,2.306418105169607,2.249215976035437,0.8675268525610825,0.7544232984744512,2.854943935566963,2.999999454709128,0.18278564728274213,0.18029939091013092,0.905524447873472,0.9175256570866921
625,3.6524343844529636,4.0,0.6672885793589309,0.697575970513495,2.449140598739427,2.417578387191436,0.32808167331039495,0.34446141954004694,1.480888305279272,1.4503857639352558
626,3.5939441879282676,3.999999945501493,0.6644791937031985,0.6108090664788806,1.50865860883982,1.9380262255621323,0.3195320101883128,0.35029585970527544,1.3363611259016772,1.3233604926869758
627,3.288805908912395,3.0754204741862234,0.8100987780101135,0.5049799768061348,1.7182638401965205,1.9850091759845432,0.17335577215321563,0.15399962886229923,0.7793780082965037,0.7595568916445352
628,3.8258568062419145,3.2359886517102097,0.4958383721487414,0.1,1.8814302741583075,2.1762876735785994,0.2110441287629085,0.18509291658959712,0.7590026003992697,0.7685762365210685
629,1.5423293935088596,1.6043114423682567,1.7370522665570698,1.6864778018667739,0.9975950608326506,1.0683356468321101,0.045890512463238435,0.0401290049035538,0.21219565363722287,0.2109903259855711
630,2.5880137073257794,2.9608353278633506,1.1623367869411565,1.630591332603198,0.9174868770889767,0.9170763753022187,0.042829438916238326,0.04320924884377895,0.14714388001047304,0.14073006675358996
631,2.785498292785813,2.8082701176759035,1.94886592021411,2.0,0.9731740589642206,0.8244817861292707,0.04771325901406828,0.04733948946636527,0.15600850505623326,0.15331083115627198
632,2.7423234727287813,2.7257364905666597,0.16213576610208916,0.2841696388809733,2.589705533692249,2.267141466923844,0.17465781231534785,0.17641437708183186,0.6122744245314756,0.6009290258196641
633,3.3074206287057537,2.485948537600358,1.7477255557300921,0.5585154559603344,1.5688518090228918,1.815186909437633,0.15106545860869208,0.1571691998202114,0.551473998213685,0.559200630098264
634,1.9112944046418705,2.017956008096557,1.432504024873604,2.0,2.0340707751354836,1.9506721800137092,0.22913767340648303,0.22113972374898913,0.8450737106624651,0.8510737716838371
635,3.6955527278163,2.975506589500183,0.7691598709344616,0.23940413792879567,2.4652191480716246,2.999999984824932,0.4567099193830094,0.41844749774736567,1.432280503804251,1.4522804509504796
636,3.076997359884118,3.7857927430439795,1.0253040887461566,1.4918537595497074,0.2219577925708165,0.13777898025524055,0.035957544102554855,0.03501983674491502,0.16870371171922285,0.17144724539687012
637,1.6894484477105016,1.5,0.7689853755651022,0.6500449029820966,0.21061178398198133,0.1915105521938445,0.3512451072628036,0.31089196046696593,1.2696728796568653,1.3293234509498828
638,3.9897938241693836,3.656428122264708,0.6052508017555556,0.5265940635963713,1.1563696647450925,1.0647728876408762,0.3457703383017364,0.33446844048442603,1.1712477407263533,1.1974885062999743
639,2.923689817366806,2.821864025073731,1.7611971712924874,1.241846665300318,2.4243759169063424,2.7014850420914818,0.3239328717352461,0.3340475405965033,1.3227362983752933,1.3287363016617166
640,3.3119475350186973,3.2465553610807785,1.259498404925058,1.0248832227276596,2.9426136521798503,3.0,0.30540032570040054,0.28644056790597516,1.3690196966188162,1.3510196966748031
641,2.1765566883471714,2.02417343809682,0.4741409033213899,0.3043458513973954,0.8551030156169656,0.927872983171578,0.46230103112710913,0.4318866511692474,1.4765478484812737,1.5
642,2.8868178280783114,2.6641219817717845,0.5541500194521379,0.10000053926558987,1.9787148683309592,2.6130574517938854,0.08841283754894015,0.09120688843174529,0.4375812714907347,0.44377195014798554
643,2.1097011522837823,1.8636679694595313,1.760423372255518,1.595115203115228,2.894407931024301,2.748057594268585,0.4490724648509466,0.4476731493199195,1.4483765557565786,1.4883765538156837
644,3.3300602540694455,4.0,0.3719033165597092,0.44565649779189714,0.17876411766707767,0.18625267375605004,0.24547562542367435,0.24938809742182833,0.9339399307586291,0.9552737824975038
645,2.856527020258193,2.8404662229821076,1.4056660551489462,1.5045118477142343,1.233628020272768,1.4243548531707464,0.3137730370866344,0.2813567470545849,1.3972000551463324,1.4528616638188163
646,2.012642938614346,2.1465934464376852,0.570208837525695,1.0338853704261353,2.6112215136167753,2.3702751829082525,0.44695728170106946,0.4151456661872539,1.3692157162613445,1.3942157470670162
647,3.6094711374997837,3.042366188759357,1.867884352301001,0.9929822565306251,2.0027591898538617,2.559080636763837,0.38912336326470415,0.35517845764467515,1.4078715223991194,1.4148714048377684
648,3.0096733188156293,2.660298443970919,1.0636499321858703,0.986236619787661,1.978419614799322,1.9703425394079108,0.2831277612978115,0.26672797951987326,0.9852820896279211,1.0032820667788767
649,2.80052696647666,2.7657601876559177,1.520645018358875,1.4572599151338876,1.6091549612571108,1.540425361527949,0.0886931024033734,0.08946205810048664,0.2974740184502269,0.29659985164414304
650,3.7814976363863555,3.307199778686721,0.7318499908213664,0.28807131625678684,2.7412522181343193,3.0,0.21574154348310798,0.23949554527118472,1.0760617302122342,1.025493144077343
651,3.155373636852044,4.0,0.7912430476119029,1.2502295995595614,0.6000086685787277,0.5830080388799893,0.08688495913638394,0.09718224017769905,0.27045034951337105,0.2704012501843823
652,1.8809303375047075,1.6984223469286952,0.3752776741949343,0.22827652915807212,1.7345262198659859,1.6011875395012887,0.09720759917665278,0.09246419777955875,0.3305711470881712,0.3345049796906098
653,2.4707623794133706,2.80814328244172,1.356512214426116,1.2156691648853195,2.7721470848324943,3.0,0.238854342229435,0.2284523723695514,1.183733135156318,1.157026626284172
654,1.9009368412028311,1.7189486149075615,0.5105115336360428,0.2645931770595649,1.844215170568762,1.6732273094321382,0.017268932169578487,0.0181531800149291,0.052649942171356955,0.05505920788024493
655,2.897789758941227,3.3221849173888587,1.8260796431166069,2.0,0.5339890413677938,0.5643032780439631,0.11144102945500545,0.10948852463152892,0.36609419876950905,0.33474653123050346
656,1.8335771950892938,2.0466801130929895,1.2934616953836622,1.6819296755225297,2.79594938256676,3.0,0.056923372139511444,0.05964712951362528,0.19485857863269074,0.19307565315863065
657,2.9989256592048505,2.6000836048344405,0.16650861213734003,0.12870652225270338,2.9957845287905873,3.0,0.43172574595367574,0.4281249993677935,1.3397910294939661,1.4087910352973638
658,3.650858709084317,2.9416644207488876,0.8496353074156107,0.24171655245129073,2.8065606487522308,3.0,0.2472358220876765,0.2519833061574122,1.107465137243689,1.0804651144677813
659,1.5536115675546742,1.5,1.0346017852607237,0.35105401198694197,2.026487358316627,2.4719515476744074,0.25966262189826916,0.24755850953545971,1.2253040210701533,1.212756394135262
660,2.0781808910835644,1.9591040031547091,0.2603228942013901,0.32562575316726494,1.6307490166781247,1.328813291236541,0.3392025092974206,0.3069326661719085,1.342324358703894,1.3523243616904086
661,2.749006002611564,2.7518075451552706,1.6646853352426214,1.5739179636217375,0.7200978547737457,0.6491709175350312,0.2522845295219663,0.26145943738489885,0.9617517457718523,0.944496899007766
662,3.139245387241558,2.8051366705881935,0.8033246585680516,0.9754275711166959,2.195495980336417,2.0400063379387072,0.0364902600659079,0.038787108742904475,0.11282544293588675,0.1051562911626375
663,2.4199423625501293,1.7722917643096654,1.6271242564903377,0.6546031155339491,2.9058729736058835,3.0,0.4052191284198848,0.3699484131922003,1.2380948873329616,1.2616249411699576
664,2.3527473179544094,2.977250313350882,0.9642026129811677,1.9999970923275816,2.8132836965079404,2.815177430153052,0.1446997833030604,0.13653033516575697,0.6335730369598969,0.64451379301854
665,1.6747188011584195,1.7712123586179191,0.5741870705983377,0.5473913404229573,0.25467005590218794,0.21099558414931882,0.25006317365858144,0.25387445469944936,0.9901741967402744,0.9669632608263303
666,3.6369060712655314,4.0,0.7919701853434923,1.4889251876301717,1.56411978547031,1.3766524082425444,0.26701604018071984,0.2495035684566062,1.1989120999513965,1.210406593476776
667,3.965481278885385,4.0,0.7223170706220156,0.4023713469559583,1.5646643494793975,1.7416862339159775,0.3025192547976908,0.31506275175668336,1.1760967942271046,1.129304021949457
668,3.6243386960626824,3.8347647944037004,0.2296713394235946,0.2902756485026122,0.6280129334784876,0.6243776951525375,0.2237826236935704,0.2356221125125728,1.0689307151809706,1.0716091151816265
669,3.393201475759256,4.0,0.5358851882532305,0.7160730745444435,0.0018879846811332701,0.044712870108033154,0.18733444450226422,0.17620336070372836,0.593026607288166,0.5790849056133599
670,3.5393833682952427,4.0,1.7065662534650492,1.965478959006155,0.11539440869079598,0.08084732579108311,0.0838134419087849,0.08206970396786177,0.34528432086154087,0.33405012079263274
671,3.331559773546667,2.8999449383494382,1.274650013095298,1.0965586779464855,0.7480163737531402,0.8138182011556717,0.21019874136737726,0.22768424114079697,0.6873158065392074,0.6922979774424898
672,1.7438697990364802,1.5347555732392624,0.6214031133283882,0.5523258940920688,1.8331852406912967,1.9124957433425405,0.21893278165637478,0.20264196720898994,0.8451068857961958,0.8936738868909997
673,1.816274437642152,2.1120532992690015,0.7143751967822501,1.9257584622494288,2.866211370876319,2.2761930337046152,0.01693810137042839,0.016137847228802335,0.07952670816011842,0.07838727615415124
674,3.489656049720015,3.1268797087662974,1.059433154281317,0.9313530621160317,1.238322934536532,1.0274895171136076,0.06821200433522809,0.07343967676948665,0.21857088860438634,0.21824731578789455
675,2.6725758684505667,3.536514891024167,1.007208694759174,1.6859965203620195,0.4555988469121386,0.3992694832023673,0.3236016939883747,0.32812450484232947,0.9998874966105535,1.0050637962452522
676,3.159376413354259,2.7421392225241292,1.1430683219714397,0.46954557281290715,1.556869214504734,1.871499148965611,0.21258345698120862,0.22162204159364987,0.6927419725266777,0.6735318705804448
677,3.912895570519259,4.0,1.5523680472288202,1.4811936266435748,2.0358936206611804,2.3406955557957896,0.16461267990054065,0.1474085089754748,0.7510203261906099,0.74978987989424
678,3.5397533309430775,3.7833275244844216,1.7999631323406506,2.0,0.2960648035094343,0.3392931540778753,0.20808412022899125,0.19021045135998035,0.8717799657453573,0.9012026773948475
679,1.5562193924355348,1.6031169367971339,1.407591796200725,1.7453044070650583,1.7862007766700447,1.5696142457391373,0.23719320623385765,0.2230179383401465,1.0380397974044888,1.0306917085507818
680,3.279521100811175,3.6400661422424356,0.29162974105358686,0.3368439458261201,0.1885639665623895,0.13848459387150303,0.3410102232802266,0.2915354171464841,1.3602455902008392,1.4265616571689528
681,2.200340152862724,2.2676213846416893,0.5413100608412227,0.4850120595299659,0.8393467455008873,0.9239713353234686,0.3292494075419792,0.33537734091698057,1.2536890418352824,1.2591793198455168
682,2.0842809179895037,2.4667593445165075,1.5603763561695605,2.0,1.3085887317853953,1.3959291670422338,0.14293347428583253,0.13505064822567292,0.6448005327764235,0.6614848859220551
683,3.746443093520631,4.0,0.6022732275589272,0.8013404378416105,2.9166895398222983,2.7244963730528946,0.03299221121745842,0.033483738869124216,0.11042382475889603,0.11266059614439705
684,2.8090115732549816,2.8213369043011434,1.0536560260024754,0.9591334896328075,0.5654845709924711,0.6466269341556089,0.07564323305253598,0.088203218300302,0.23207512461893254,0.22742477128632366
685,1.663155472122686,1.5,1.822820922368681,0.5514647448743241,2.3668413508334716,3.0,0.03191840470865865,0.033151298070768366,0.14321018879547953,0.14517568326906227
686,3.9643605706325022,3.3471837844723082,1.3672120414101916,1.1428724601210762,0.584989645776845,0.47265965075255334,0.1801698257041001,0.18828997665249783,0.5674870412396401,0.5769599316236174
687,2.0802364768852177,2.276339639156797,0.5315159756395106,0.6472991805404903,0.3680982653523882,0.432721040501673,0.28619905510363963,0.2655328553237798,1.3852712161125527,1.4089430625484
688,3.3425238709835696,3.677333692128634,1.6723262039501143,2.0,0.9393723507142469,0.9278280489154526,0.2731968293118941,0.2830305723937768,0.9015814369058044,0.9179412671032852
689,3.1696828472974774,4.0,0.6057967411951782,0.8740222130842485,0.7185433932947409,0.7250927606046249,0.09922322057018465,0.10406836133167202,0.3727005585556222,0.37604566768852754
690,2.0553349989099323,2.366719105479042,1.417813224775498,1.656109862896015,1.2637029859701892,1.2258584543959177,0.13104867342582419,0.13272974482384664,0.4276295208006872,0.41504730502251214
691,3.7787873830158754,3.9999999598667015,1.7736882357770785,1.6603414183762228,2.0419845928848357,2.312720979850501,0.3071347731552569,0.31848932970293975,1.2710940798290424,1.2801602207788596
692,3.7129983104738367,3.543680980576795,1.2159613307776296,0.9272067983917088,2.9482286004085454,3.0,0.11712074694668721,0.11682699030420465,0.4677035748754505,0.4515273648719211
693,2.246813535865573,2.652452065628444,0.8575587484355053,1.3363994533285048,1.341087427981154,1.256352441238118,0.25606585853128433,0.2596766466943116,1.0716424721367752,1.0733992643762975
694,3.4956049939282283,3.0070882009059394,1.4974899710732847,1.1756808382980146,0.12225032634780031,0.24354113143484415,0.35270789156241394,0.32549610524371925,1.3555394594530874,1.3586849317610883
695,3.104202356573012,3.304334157499016,0.10740720645214946,0.1,0.8002601001446904,0.7930475724757511,0.11959279053235303,0.11660260362596,0.4846486096324568,0.5005050146064325
696,3.7117207668038206,3.7985419349239278,0.5284896501992599,0.5327162971511392,2.266935844248385,2.3306089129038026,0.0331097746194965,0.0300699140852838,0.1528818853582361,0.14774383705573926
697,1.967993093470794,2.131982231758982,1.9119308053166126,2.0,1.5639567125168359,1.5803905514097336,0.11359397075310877,0.10437306571811103,0.48528821157033386,0.4800797542013722
698,3.3675813632166793,2.955019361051816,1.3609328469890425,1.08197794581321,1.5086590268090347,1.529055700112539,0.10476593676921336,0.10871719074586085,0.4318514064069908,0.44799937733535156
699,3.883560252325526,4.0,1.8287886874099435,1.974456839203789,0.48563060891991383,0.6258037065919524,0.3281613850972385,0.30793576394567995,1.329644721825161,1.3407332695768768
700,3.5172782035381958,3.1832061715498576,1.1860068368658452,0.9432114200586792,2.8564955642624574,2.986722042065406,0.03978579343419854,0.040662652812449254,0.16071343569839505,0.16406282289330706
701,1.918141838310784,2.195072254689221,0.898772119950019,1.0150660423622404,0.5751440100635484,0.7277742184916689,0.27341772039403434,0.2876297167160442,1.2802668961421872,1.2579440384187033
702,2.8370680123721477,3.89821066309062,0.4913067622212086,1.4340822672000186,2.2140928597502194,1.920967299081825,0.18571271371235185,0.20809737843926748,0.893217999082694,0.9063663059876428
703,3.712281507141799,4.0,1.6138107798763202,1.7849395702754494,0.9459155722258998,0.8375411402882419,0.3056781091399462,0.2972141815692431,1.2005039543104348,1.2225540597224882
704,1.9978351130558878,1.836486526580001,0.14139473791206866,0.1,0.9294423686841983,1.0045974073569652,0.3228039607421895,0.31049870886000647,1.1206463394597888,1.10380834832564
705,3.274266202349658,2.983991841658182,0.3204801682990024,0.436144763004121,2.5232906126824224,2.1417059681260686,0.07431592279970733,0.07342996070040202,0.2932675658813612,0.2861189441709621
706,2.463640614388664,2.2698504458292184,1.6819284404362973,2.0,2.607287062457102,2.1887213649403536,0.07547896025569542,0.06248744376065318,0.24961513932638668,0.2539736836220537
707,1.5442229855024259,1.570137058650685,0.8187533641354621,0.8274715543978549,0.53295501040064,0.500432765822959,0.09640894918942931,0.0831133189190708,0.45652115173174,0.4659683993605293
708,2.739467902586728,3.9471342752113316,1.0528514813055192,2.0,1.1157894531111863,1.0036895829456614,0.33273255281118364,0.30616738027615736,1.1709097072517816,1.1329097057504405
709,3.3965445286276625,3.1203947194247936,0.1605980195528988,0.1,1.3725373988449157,1.2828118067121275,0.13930325078945108,0.1443261890345539,0.49629263205872665,0.49244082911131565
710,3.930666703980892,3.286234742331126,0.5642816363662857,0.3760199174250035,0.33147504544565787,0.26924577859310556,0.3500448821086498,0.3565615233004307,1.3732200279649558,1.4019435031885294
711,1.7344016819975347,1.957955505861007,0.9007069181187886,1.3668261940509505,1.3069612202242786,1.1310151738977474,0.028820977322667522,0.025963415643689355,0.09418816981564676,0.09538825875700782
712,3.169826771874601,3.541712381624835,1.4081970687759553,2.0,1.9575787721187319,1.778676667560645,0.18223449479368542,0.1712353195305486,0.5851698643255213,0.5861698637611308
713,2.690512594087553,2.0726139129460703,0.9693743140578743,0.33567777408920857,2.9152903612570524,3.0,0.2952357059152144,0.2786516558045643,1.466974697287388,1.5
714,3.756944456998941,3.7219106961370043,0.7016034473129773,0.6633280146986931,0.5635467213895141,0.4892332701055061,0.26675054797910003,0.2473537899011146,0.8343778684611102,0.8313624124924418
715,1.8636922181734334,1.9743908465807907,0.9495584517155988,0.8181954423072937,1.5414710257321707,1.502994160779819,0.25010549935425713,0.23486184268469476,0.9325770892542147,0.9040849258045753
716,2.07959153404077,2.516918187545314,1.637717812269175,2.0,2.116864885255844,2.2045043843163175,0.4201918081889154,0.4231925152357075,1.4487317976151222,1.420731796185434
717,3.649191346560905,3.5404096900634547,0.44698020105551495,0.44303250444585446,2.5335071301089256,2.4160133119866227,0.24338965177864536,0.26382392650214437,0.7987679510820055,0.7977680210714391
718,2.3006744961410215,2.2020451909487084,0.3699033287894833,0.26340148491368104,1.2093602456370234,1.3358337222328007,0.19333141811866728,0.17929775719886834,0.7043164713561361,0.707499691835482
719,3.93713414888271,4.0,0.7101685749771746,0.652867074576056,2.1480989375692747,2.3936084107706614,0.06218081547780727,0.05982259624342046,0.2141925883098092,0.20645445108655727
720,3.1039466919377086,3.119335816863259,0.32267747927611606,0.29501648674014636,0.46511948721529184,0.5377265492086694,0.42063375554445387,0.44904415016053595,1.3480410593959464,1.288848002687149
721,3.861075670839038,3.9999992937780844,0.7267421492621532,0.779814032547881,1.7409359466885501,1.8975151831234118,0.2881631969053722,0.2778996834271331,1.2782117405413234,1.2752123872453702
722,3.752775924422449,4.0,0.2548858948969355,0.4792094887733982,2.904651194644827,2.4063166618510476,0.19125829710765307,0.19567881944026458,0.7710505889934607,0.7745298463903917
723,3.521317513755632,3.7003356289316844,0.5412284437882027,0.6037413064418999,1.349205283963086,1.478481998200105,0.3062399772117871,0.27942376387512013,1.4584093252489656,1.452231672145489
724,3.824644710117134,3.7070985385075197,1.3023985236511055,1.1704858595866738,2.974380327562464,2.7267683703018184,0.26467352457452176,0.2766843025614801,0.9622033747519486,0.9436659612097444
725,1.682006131554814,1.5,0.5577017336213562,0.1991846866217586,2.4832280908942432,2.486794349582072,0.30862526451529454,0.3036907780119187,1.1916691515956626,1.187894639093907
726,1.6790720513344257,1.5,1.8266357867453167,1.3846131976750098,1.6241387582602256,1.7223247634462262,0.07644770049530103,0.07026210900816837,0.2753522706955651,0.27187770619889673
727,3.275919633582047,3.417458551552629,0.415872011570519,0.49762452638591304,0.7209589034975834,0.7363900505939248,0.24283455216831734,0.23597979165689087,0.7522146218506118,0.7408337637224457
728,1.8906053777974723,1.9229079277938776,0.5489699238496539,0.6738367361143902,0.3674221196194679,0.3683502407453329,0.30408334008716603,0.3228199090240567,1.4366730109473878,1.4666734404341253
729,2.81518376426994,3.185711205481405,1.625243307840397,2.0,0.644482415244839,0.6455860053947372,0.1159984540751276,0.12653447165965995,0.4203540246268878,0.4448642375651362
730,2.153195017380457,2.0776748702569945,0.48438578806958266,0.3836645618027132,0.9236143526751815,0.914953181381239,0.14306736202745096,0.1373829201501137,0.45960497341489887,0.4315838749268908
731,3.296521823263631,2.9005106732961505,1.5093180472234875,0.9765586643660262,1.0101031639849332,1.1672760674541294,0.24167334060469994,0.25869330098625165,0.985892895964718,0.9707696173566736
732,3.5741208329310936,3.659957259307399,1.562061103160114,1.8866201795150672,1.8646340149475817,1.7901915597477338,0.14875431697338828,0.15287609617731387,0.5429320639842969,0.560836978307127
733,2.209606375241886,2.455420152220831,0.1293537815448948,0.5249859622263039,2.3374698175756574,1.998708485143099,0.022318224962637974,0.02150030351234156,0.10433538258588887,0.10298176972130071
734,2.1205580424817354,3.0576246246467926,0.9067975413597748,2.0,2.8689265238160537,2.920491374419264,0.3557100680656262,0.3446692610784625,1.2729266514849502,1.2409266492177722
735,2.267822950671812,1.9501647723620068,0.5924097306733491,0.5466281059685956,1.9478783251906153,1.7506403331065288,0.4194626846143114,0.4546077818186981,1.413417056716892,1.419415976569531
736,2.411640575800087,2.6251675617100867,1.5431814447921886,1.087057434829164,2.535993081812812,2.9999958161091484,0.3412780692984118,0.3433638546678942,1.055636273287057,1.0576359069395478
737,3.5997415580557917,3.664476244662156,1.3562952522488496,1.1694606574084194,2.461448327198161,2.5268777124635773,0.2911875979065609,0.2763979432064607,0.8776562509604114,0.8326562470941972
738,1.554249720821645,2.576409932244377,1.170983457403895,1.7199970478110993,2.0153362125986165,2.22262015881889,0.3786344327104872,0.35635585443170836,1.2553535367530149,1.160353529973889
739,1.7471070207358812,1.588686736319311,0.7355248514169163,0.8271975248852572,2.6041944789595406,2.211050030565718,0.1709757384855627,0.16334792697116132,0.8346600381441054,0.8567728144927607
740,3.6197013061901235,4.0,1.3777217925612548,1.6371192745088459,2.8761964493472982,3.0,0.12963370245269026,0.12435689722469272,0.5325417541998747,0.534541753321965
741,3.146312532041979,3.3203812457933957,1.6999358533199858,2.0,1.1277686030781993,1.1163777393780832,0.29182384724361426,0.24356340939490034,0.9483523180584532,0.9463693034298694
742,3.842704651420664,3.9999331246667764,1.5906579765425366,1.9842911513826365,2.4867100577174526,2.3923519902250776,0.25150271685626846,0.23690368957577987,1.052602846944248,1.038601622645106
743,1.857041701217502,1.5,1.7627753488699174,1.2936189929346642,2.463219253653742,2.3152693832388476,0.37489181891577006,0.3775335804949157,1.2283570971332298,1.2593570967921401
744,3.549760615766796,3.9732519090241776,1.8936724226802484,2.0,2.807037298354259,3.0,0.1359967892368261,0.15308906016490662,0.6289497165954522,0.6349496416987989
745,1.582900219585277,1.6267750567438664,0.5713059814812428,0.734634152631296,2.4772594924726743,2.216986163449455,0.4150567301188536,0.4274127911939821,1.2793757346304784,1.265823503342866
746,3.227151687596491,2.41314160906756,1.3420934233263526,0.6141209826938384,1.3400251317150844,1.1848433739798676,0.0639891166035691,0.06265060348825213,0.3191580901353287,0.32305724718307677
747,3.8660220913724057,3.748143667140772,0.8701692000069488,0.8056029286612085,1.877178759064045,1.8985902915222628,0.014763819763417427,0.015394813346941741,0.060956300251757634,0.06320851649650969
748,2.769358486468807,3.533326648505301,0.8748646026328617,1.3179115477202572,1.217890139212042,1.1960535166870114,0.17035560758951993,0.14740496300136086,0.5193019407437658,0.5038393696034204
749,2.348930206347786,3.684930870112284,0.532246943124919,1.622439019130345,1.7258856882802154,1.5811256745871927,0.16384711011171327,0.1722325622695911,0.5808318679373853,0.5665717914310153
750,3.9192452709746854,3.503968634308028,1.8682280453640172,1.1615801529732286,2.7518234052930097,3.0,0.2556121037862356,0.2313389019207377,1.0686123588138277,1.0686123546036397
751,3.2644445817207135,3.584798906017626,1.7217927997116813,2.0,1.4421629354507526,1.5261292157340982,0.21383814918224736,0.1974616952300469,0.713104137864339,0.7054418088039326
752,1.7387380211286914,2.1822881735421253,0.48776825022260717,1.262423670733077,2.9676602907080665,3.0,0.3639604053962284,0.3334105989486856,1.2985946869207674,1.2779577726730647
753,3.7353976793831816,3.9327763017412702,0.6126048784701904,1.0010765874208527,2.431821001592121,1.956004235494925,0.21416461750621169,0.22754062254487778,0.6756111441881298,0.6481356351190941
754,1.8216271131548663,2.603417715921493,0.6245625876114005,1.1218969526464138,0.6779439354245798,0.43874651313822444,0.321117171011606,0.27247538297576956,1.0222584851606873,0.9211490030592071
755,1.7948920675765712,1.9217651852218474,0.24064821723339427,0.1,2.050724169194561,2.0782742539561543,0.08806714225075726,0.08744498860310565,0.3678108416306492,0.3786170426706092
756,2.6253911734094233,3.212102805621268,0.26549645208693146,0.5925018459583807,1.243270318042695,1.0600393027488018,0.2005987114824195,0.1895574811437314,0.7903844825709915,0.7698181887972538
757,1.7957667706326363,1.702111894321409,0.6708661972458475,0.6482469471284504,1.5657543003557808,1.5072133542591881,0.27668074392158765,0.2912571971253947,1.0240966343785947,1.0408815492971037
758,3.6169236681686794,2.9114625145430564,0.41303607922361985,0.1,2.721709761731054,2.788734155745815,0.2830229278234975,0.28796132987279466,0.9620789390418023,0.9890787822638563
759,2.8142169864045528,3.246502995119722,0.820099189878972,0.9305632994594002,2.3771579836582024,2.3765603739097374,0.11973224166723945,0.12410830245041243,0.3685661859612077,0.34289492880185524
760,3.7706280267891716,4.0,1.2642982209072156,1.333200565025771,2.1465958213795853,2.315255873969765,0.19949826509314947,0.17787133399080962,0.788154957495158,0.766181770218523
761,2.5419793143492937,2.3117893910609126,1.0980299294469686,0.1890798223116147,1.446219930924852,2.0150650901820626,0.17054998597516197,0.17341346245158312,0.6492755309202883,0.6136842421145907
762,2.7415025813909475,2.965784918540415,0.7119733593135377,0.7487668467553198,0.71760379177322,0.6816259885093225,0.2934938971543586,0.26970034191182124,0.8884356121980127,0.8839306665983805
763,2.9851184745274857,3.128578482477894,1.4561693334531156,1.670129415468392,0.24204560698997124,0.14703829198165186,0.08004041834820408,0.07442941835204024,0.2656144541479055,0.271716539049448
764,3.56107204678586,3.000303508661239,1.2012595919485627,0.9705297421723033,0.7740266888360805,0.695571618706119,0.3843466295255732,0.38370198495109176,1.3360902037355857,1.3377978157394468
765,1.6622230725116487,1.8548023806807301,1.7723404011509059,1.7319970913691993,1.6513509977159404,1.6752464893780425,0.05324851615105126,0.058794760738920905,0.21561737804615172,0.20860606108151247
766,1.5392131776158375,1.7207799056263393,0.9930623792550831,0.5889642919299299,2.579869473490064,3.0,0.328441423258382,0.35500897366967504,1.1012864301613088,1.0994243798873564
767,2.191630313013148,2.170193877244603,0.7302109565144579,0.1,1.9505648542210678,2.6809861745145147,0.13595100406955246,0.13441987123679147,0.6240366276552476,0.6356981021765956
768,3.597708422910611,4.0,0.40488603902000064,0.46773597184876764,0.901933374560248,0.9448006235311145,0.07756393783151233,0.08533787953480058,0.36886082850942703,0.36587307837190974
769,3.1239919548129604,3.0471327475068395,0.786644562827783,0.869116079591899,0.8511198076450953,0.6920570280349931,0.3314819167616858,0.31230813383061184,1.1091036658541313,1.1601040673106813
770,2.351548582467991,2.9637667321007735,0.866640072604671,1.3381604764544133,0.3924372557649738,0.44273619596233377,0.375010671014675,0.3384181872230688,1.167404624960564,1.144403917656935
771,2.2751091996352457,2.8509203850578566,0.9322366725900422,1.6129174065990566,1.8002121299215896,1.597169469523746,0.14517190127100854,0.1434035205906513,0.5445059418076501,0.5342579294914102
772,1.6224929791479514,1.595348934969119,0.4446057954968402,0.3894033109667166,0.6363408623064427,0.7414044611817585,0.3255230483353943,0.337603851994777,1.4467909722204315,1.416787418844483
773,3.160626342527253,2.651227570090745,1.2431363492667529,0.5696470763641022,2.0779154838270184,2.2210141716526666,0.07998377425386052,0.08137752546042884,0.2655591870397469,0.26798022453239234
774,2.175691282326208,2.119305520868437,1.857324735212561,1.6338166683017588,2.662154049354154,2.684002951729322,0.016177278870595092,0.0158975106162043,0.06431307995403593,0.06436527713051662
775,1.7999303142707843,2.002179642332547,0.20611525046532916,0.36517868437255013,0.8916339008955565,0.9611193927297053,0.161360502722497,0.15766555367212634,0.6545805348868966,0.6561548471300757
776,1.6102309389132703,1.8359007936103682,0.7757196036972394,1.1021810607529803,1.3578597070352751,1.475167528361108,0.0596469671032044,0.06258590544594285,0.1835642475929425,0.17421209426077744
777,3.578730320657867,4.0,1.6199682976860403,1.9006024432194115,2.893429866911373,3.0,0.17938572892449145,0.19327343150034892,0.8133539325550704,0.8209208151291799
778,2.8596900630920397,2.9554259709717865,0.9900056364585026,0.9174066711704653,2.364247282573022,2.386393555113524,0.3391466395818703,0.35058405902225015,1.3104988254011067,1.295172908723157
779,2.1580733242916086,2.6676268392811506,1.6743433291556291,2.0,0.9601218335178952,1.0187265416445364,0.06484140244171378,0.06592007561887285,0.19876022890428363,0.20256269432484808
780,2.582364127114482,2.898702253522719,0.13113501075036474,0.5658632622195824,2.4465356549186756,1.805779415751831,0.10347145967592214,0.08921666432314783,0.5148050016323981,0.5079239864586125
781,2.5555157929755836,2.3521663303016638,1.846914472308258,1.5002259426268434,2.175985243625259,1.790744439669062,0.2324936169779604,0.23039696747075575,1.140421742628207,1.1147677197075176
782,3.1512951897762043,2.9036466851267884,1.6214842421985505,0.7017164372352357,2.239106712578524,2.999991893918194,0.34593448079115,0.3389109583792474,1.0466616680729117,1.0440385634026597
783,1.6763212944240664,1.5,0.9287432726581293,0.652511724384198,0.10121240738831827,0.13059367475715708,0.17601009810630353,0.1809597220053857,0.7495467111746863,0.7571501424522261
784,1.7858387318270323,1.8266214109670122,0.9865663601358428,1.3106277813217204,2.5636873668753095,2.4347228176403295,0.10915706372307371,0.11100798015402409,0.49136592132173296,0.484035427656499
785,2.7656276612904804,2.924177474065048,0.5358829808722433,0.61610007047617,0.2321147758126142,0.21193051134067756,0.23345582389952835,0.23907836591605863,0.7210788526969671,0.7145839028567664
786,1.5863324159119474,1.5,1.9801070922914537,1.6230798185916349,1.1551821699719167,1.1875863602497372,0.09747425644817229,0.08692786942923462,0.4301964217163653,0.4440032134782689
787,2.712734576734304,3.0488615851229497,1.621854604433727,2.0,1.2538716946497634,1.1856998557758023,0.10121815607572053,0.09832712632657337,0.40619749676379846,0.40542470372685036
788,1.599976371408984,2.1240487007637965,1.4361560912593916,2.0,0.2071844600613656,0.37323455154153196,0.21720993615486678,0.20183970496656076,0.9035752328198751,0.9055713147165394
789,3.35315916344387,2.6026546462802127,1.4070045014800525,0.6746067499634237,1.9022047079037963,1.9512887361111915,0.17632673403900906,0.17892019730460257,0.6315121117371622,0.643462421195613
790,3.943933012361575,4.0,1.6288924221783754,1.4186961684626116,2.4579354666744866,2.612225203465907,0.18542629768902202,0.2044844699255155,0.759034723440261,0.7606939598270863
791,2.445642451767177,3.1699473155386424,0.9661579442684064,1.2446220894338942,1.3117884487267029,1.5144846001349006,0.3344561626608239,0.35856878644666895,1.3150903254546096,1.2774292685448243
792,2.9006789915708384,2.531623294177135,0.532314511101972,0.29746014625363,1.0434603887712226,1.2739699093150287,0.07288179265773138,0.07608077020565147,0.2296285455252574,0.2359525876387361
793,3.1502409050888263,2.519754913680676,1.614389707032423,0.8957482233950549,0.7261640205347378,0.9313391683166895,0.3264511800264737,0.3269135808485926,1.0178245302860327,1.0267160924326875
794,2.227414115201045,2.361700752393735,0.5242411481055625,0.6107982813619,0.6179027753755716,0.6237398600415511,0.4555880799719166,0.4724155083321879,1.3900256047413542,1.3915459665247116
795,2.4620480213981564,2.2401917894857077,0.280303971551341,0.1,1.1907575957227858,1.3482576717031167,0.16119106954583326,0.17199616646686533,0.5864449705422586,0.5861227381363153
796,2.153013906068784,2.5433624115640825,1.4810149678094533,0.8700578831565591,2.7058359817602486,2.999999849829284,0.34069257700477806,0.3223504427559606,1.2339429157211896,1.153943950141767
797,3.372664871821848,2.6704742516122195,1.7871758411784509,0.8995015532796051,1.3342997311423632,1.5719272359619112,0.2378267569105637,0.23267910757706914,0.8011204058830148,0.8130195463639508
798,1.7767745843968652,1.634265116219743,0.7058543256103983,0.5471993150028814,0.38080006179697423,0.36193258398657635,0.42871565422752755,0.37905105806076234,1.2885562964921589,1.2822362056867815
799,3.794098830874277,4.0,0.7756791286777341,0.462115183547881,2.2849553041944466,2.645324148532424,0.2122540970792347,0.2477938433884428,0.9159988921218742,0.8865792837481348
800,3.0756372539251027,2.974874590258105,0.5221944187305898,0.1,1.9632745947305341,2.4835472123362328,0.07585224904400992,0.07953618964692366,0.336513034410013,0.33569062357479523
801,1.9632276509490338,2.0433857416127856,1.1253431647050258,0.9555228162648757,0.388607983208172,0.326293706976159,0.36837289437229914,0.3239631859308335,1.4484000475834555,1.4323992407921973
802,1.7336026838401781,1.6195624209852026,1.0717263227718372,0.6808380436343139,2.9148819490574405,3.0,0.21629971683664972,0.19982524094112072,0.8183585347513493,0.8313585360424933
803,3.054558975150882,3.039571410470403,0.6802657810553311,0.73596944646349,0.6295947753615178,0.6089171521138276,0.1039101183092551,0.1130348071651123,0.4121889851762522,0.40786422952427753
804,3.0934644303591954,3.0339953053617017,0.18975611835483597,0.19971700461640046,0.4811172045429293,0.5231796358584921,0.253065276151315,0.227497158996182,1.0950471742265109,1.1160925510363673
805,2.291948946581482,2.3107434536771594,0.42634513188709666,0.4107531886172025,0.45162119155126235,0.5349802595986265,0.08545722234707862,0.07886414339516698,0.27298416615591525,0.28335640690836933
806,2.3129155862520543,2.1022390313980237,0.5085278648414414,0.23313239401813615,1.0864998634449372,1.179497570458514,0.07643517593729034,0.06877743625005163,0.3226971597984421,0.32648275097563445
807,1.6686434393043488,1.7113094488346652,0.4634757369022605,0.39013566832198676,1.0593607370032987,1.0285033145202909,0.12216628263027764,0.12458810036574716,0.4937872043540149,0.4830734210278892
808,2.4017675543424057,2.393541354604132,1.65126625595427,1.4159930272703067,0.46404181563346136,0.6140202047440048,0.41670474673757757,0.41063268426224026,1.455324775261814,1.4991909581906446
809,3.4281714923916233,2.6068646005076093,1.7508337672062655,0.6842925841680051,2.230749226865559,2.527440466938394,0.25824854848237117,0.27826619735630576,1.1786920064058337,1.1826920028186725
810,2.3084355924635878,2.1047692723192286,0.8650207606354892,0.5362385221144343,1.9859621710896096,2.200833419039607,0.07996553951873105,0.0813427793021106,0.274381240770875,0.2691815539455469
811,3.5158833600822677,3.989111702077543,1.333772638501497,1.4848109716782432,0.3642130645587963,0.39877710260011634,0.29084977779162474,0.2972235657434088,1.1798289050074022,1.1908048079571025
812,2.141347993336538,2.5544561865416555,1.236512750697812,1.7881395257774255,2.412584358638424,2.001676818500214,0.18828626858748362,0.19212249075691848,0.7398486432843061,0.7152152003956217
813,2.838556769193133,2.8101349128016606,0.3483640116493629,0.277084209292557,0.6019060795725913,0.5881235838171178,0.34698020757906023,0.3253385516369087,1.4629294483314663,1.4644330377184567
814,1.7254022246168785,1.9053185512831792,0.5513967123919298,0.5887198562395904,0.10385457247454555,0.04721830096745383,0.14656040654563462,0.13372256639987076,0.5280505091423846,0.5065862579422046
815,3.6631318493623892,4.0,0.4221184020474934,0.3032074041713548,1.429500336931701,1.7932345735762756,0.31417253680294577,0.3409746697595392,1.1630690515970785,1.178832108023817
816,2.1298779275939275,2.4038577948020476,1.7166349566383112,1.7512072951321245,1.9253772247432752,1.9735032755351938,0.1548732556993807,0.1492949406184909,0.5445945199309266,0.5396478231765369
817,3.4446205607311424,2.7044286334091816,1.9698692331697212,1.4068161473105154,0.8986154354502313,0.9862986787821109,0.2353174712483768,0.2304867426864922,0.9653179634670815,1.0230995908353677
818,3.379554467855097,3.3505548391962425,0.6334698069675734,0.6088846741526343,1.2021794264012584,1.0970775577391723,0.11144304711110867,0.11554742343294043,0.33481678134209164,0.32683757188087537
819,2.0930765072264297,2.07657119249326,0.5471583179880269,0.2343244671446471,1.9762552817021217,2.28746850957198,0.07207484450564446,0.06738984424348612,0.3211554017485255,0.3271553856924819
820,3.912591337491327,4.0,0.9251643547070038,1.0711490485920465,1.0963520156279323,1.2250644070650323,0.24039327946061734,0.22190318715746005,0.869899380055985,0.864483855169424
821,2.0807024413835444,1.8954308027056153,1.6285266409033938,1.3839810542661863,1.4549481581059647,1.3476890719461991,0.10143375836797962,0.09305336312284306,0.37523781745073576,0.3890326285481803
822,2.632658956938986,2.8336013125051656,1.496954703549909,1.857599282188933,2.874129290708906,2.774935528244571,0.0769702712013871,0.06848718025296853,0.2591787047223907,0.26372547227609233
823,2.5920632792292713,2.902648724593438,1.4436352289446674,2.0,2.795863882756554,2.7671946262969964,0.26840492050725456,0.27389507967376236,1.2445401342642841,1.2670348102923084
824,2.611248803826932,2.2998113137479086,1.7351510358009228,0.9892487523040365,2.076246893832896,2.1295208675111637,0.1472207689212562,0.13357241421427524,0.47709373484999557,0.47060059269234034
825,2.3380042524030524,2.4370220650041103,1.6875695269782163,2.0,2.4444286034996976,2.76380167473229,0.1190030318827721,0.11610208440146119,0.37848958198894833,0.39082523858289925
826,3.1284628615484475,2.3489425176722607,1.802462637324982,0.6029370277391656,1.7413700049954262,2.2525707228367957,0.37669167644737583,0.38546541094087144,1.2055426132938754,1.2226210938687014
827,2.036951195480073,2.001779188777747,1.8298904897760284,1.8063419120279511,0.07227654880291812,8.686737640036494e-08,0.14920442725595737,0.14049406429867642,0.6817112459837006,0.6814758866423318
828,2.351101598813568,2.212998916270438,0.2424426578232551,0.1,1.0771802198411877,1.1128898089208836,0.212013578828302,0.2154623037986003,1.0301010976085978,1.0798276096301844
829,1.9044911580742285,2.054823180297971,0.713051772942842,0.7792746883211127,2.74028533516901,2.9217670702865357,0.29183994969167676,0.2781750091257411,1.4584511221362475,1.47245111762193
830,3.5593107370441803,3.7601373751535627,0.3239545454084759,0.5055238642441836,1.279198696705429,1.2468123106242754,0.31705406142526626,0.28268195241140126,1.362104777130115,1.4391048159465354
831,2.666229303334343,3.1243999811318006,1.6788558550051134,1.9441447643284606,2.7048098875551063,2.549550711310755,0.1953775950114335,0.2124920865201854,0.9693832270528445,0.9363831985169253
832,2.4267417790568917,3.943515544721346,1.018002695535651,1.9999973557056923,2.745913905083886,3.0,0.45629677588499523,0.432079001560715,1.4268900598027907,1.3878897609353924
833,2.227224504269044,2.212822101237234,1.3486352065832303,0.9382705906705735,1.0886362433249013,1.2256162826299277,0.05822710325061245,0.05895845521037693,0.2409741937535521,0.23521315399078813
834,3.121856903910264,2.6985813995421424,0.562262186617893,0.3703020840296765,0.49752002132748674,0.515184447862591,0.32965613020368534,0.3174780072689313,1.2854921549448572,1.3015398319545555
835,3.1419605825831987,4.0,0.4754577806902691,1.3468189136034778,1.9323286311158205,1.514820430649558,0.07934384090169316,0.07347706903493048,0.35982335818666816,0.3434024038132398
836,3.2184008278626175,3.574203250244812,1.83181901412903,1.801275160287008,1.220893773210307,1.1887994391695533,0.12083769896182223,0.11570565265609636,0.4155899575460389,0.39882879034552704
837,1.6619156377142528,1.5946339738673079,1.9457975669487066,2.0,0.4715497962394889,0.5285351239421885,0.29666799691394186,0.3146426868061669,0.9964009121002412,1.0344232920511898
838,3.9561871902592185,3.978636594107514,1.687635906021072,1.5598378033274036,0.7653705057555009,0.7708487042645419,0.37774893334436355,0.35345022604782994,1.4361150256867279,1.404214146913937
839,2.1169046653285104,2.4175936104384244,0.37920903484067325,0.6018608420607683,0.6812369952730306,0.7059244754783595,0.3058059796925315,0.29654287809135216,1.3235048785438857,1.3476882822926468
840,3.6559705777794,3.3826725956825188,1.9217403710178056,1.7567749442249383,0.20661281279963817,0.052268457341805755,0.1255362079041018,0.11830106212813413,0.38186775592526606,0.3906620679287193
841,1.6678432948646686,2.0866664392763004,1.8347119116352282,2.0,2.8610200403209105,3.0,0.3186851462555501,0.3036875895798973,0.9724944184710458,0.9364944114396624
842,3.590039390383358,3.99999914878466,1.076800402346426,1.2569264925182133,0.9837280618098697,0.9656157383409081,0.3000417212484334,0.31631770708197793,1.1162404273269269,1.1034063506149734
843,1.6023906567477013,1.560041683890211,0.42759471254676895,0.4269861287743321,1.7650882014034643,1.6299260257217405,0.32384074373349375,0.29487608714763264,1.2809319088452855,1.2822067693306172
844,2.565164266809592,2.464002194597712,1.0043107474050212,0.8194343042873622,0.10623007158194486,0.09932864294378482,0.2341828531969238,0.2073270416198954,0.9763402995435149,0.9786347870476595
845,3.76483915747567,4.0,0.5898428528693236,0.8178085605040653,2.080080424757705,1.83620529014692,0.026953561626886127,0.028450851281884463,0.09612929596540817,0.0984855188739824
846,2.6034859156375125,3.0026030781585975,1.2575444795246846,1.2205809977782458,2.2703903898878552,2.671578842908996,0.12737259394419564,0.1342249332270588,0.4921539892388652,0.4847953180914353
847,3.7855190996436066,3.2719716229057925,1.2726164602138978,0.7381510811927059,2.3494697260553323,2.4038764379176807,0.23633426631389712,0.2576284685034344,0.7458037672091163,0.7404280251974046
848,3.570013444743086,3.235434967036843,1.0189146604183887,0.8192089069132725,2.7490536503746026,3.0,0.4302338057846042,0.46558435767408757,1.3067992484425557,1.3257992553800397
849,2.1103241139985034,1.9104064903545186,1.7015535371002215,1.2402484100090667,2.9300369018433017,3.0,0.12562317558753405,0.12008343780835244,0.4467166681859402,0.4533915533919717
850,3.3369301857932214,3.24626899490875,0.2997414706259688,0.40516362620766394,1.5110582219867128,1.2725520247996407,0.1964037064707848,0.2008422058812228,0.6059589573553626,0.6316838454446814
851,2.2193025277396368,1.8716860199199155,1.0881359548235818,0.1,2.413562892994115,2.6754533866745205,0.17856091404099717,0.16829980958938964,0.6741047392509306,0.678965385767999
852,2.046188051725756,1.8589978408734864,1.9045679638503414,1.536994322222534,1.2478818322323069,1.3772001086714432,0.2814932479589024,0.29792734351538813,0.9374498129174872,0.9537954974248521
853,1.9962954857659396,1.6923592142489257,0.826276988793768,0.5773967241841433,1.974409116384082,1.852003455655304,0.013298543937625501,0.011938746681518664,0.06120806357634409,0.059847751165679586
854,3.56022226044055,4.0,1.2021176706407364,1.3444926887628872,2.5667371414073186,2.5276740735804117,0.25220681005238965,0.27597967629256204,0.8129268338735683,0.7855237441679422
855,3.7403875370810074,3.0636634061446326,1.2987733797887828,0.3753584401733995,2.4440605567984415,3.0,0.13839785591074713,0.13758654659296438,0.5046230323502138,0.5129857879420056
856,2.3743036326602445,2.169642229917603,1.6304160902733096,0.671993063634033,2.2379526879495923,2.8122379507242234,0.3284621761388807,0.3020601667086571,1.1227423043921811,1.1017423070638794
857,2.697940635834227,4.0,0.8362282630383777,1.557855131077021,0.4538292253031958,0.5662101360733278,0.17862858266942755,0.17252598981674425,0.8298931976279489,0.804662495959659
858,3.1857833450529975,4.0,0.5424693469742998,0.6062961368035594,1.9672156412238666,2.2940055119587064,0.2445773903426962,0.2359767712291873,0.740026568675975,0.7149460350548783
859,1.9365256653670382,1.7093241314043803,1.9449307099608524,1.6811829709364496,0.6264589045528753,0.5112317942362248,0.34981875709332577,0.3930500288286318,1.434863492100002,1.4938635152408808
860,2.35034009139336,2.6420950888537664,1.6150679891874824,2.0,0.6662422592956291,0.7562977860523314,0.3008377011596881,0.273834960482119,1.011982578889401,0.9834109369604074
861,1.5129729430060077,1.5,0.18786907164959454,0.15586128346108372,2.6718062188945098,2.622166375439147,0.39339395789612563,0.3580600101236038,1.266097512858694,1.2786070856074967
862,3.2338959354206422,3.0574719205670533,0.9149922007743011,1.0416123705422964,1.5012831115277898,1.4845500762528732,0.2956278292420227,0.2539038084241245,1.3236062885289201,1.3427772848171657
863,3.9302091900884153,4.0,0.28803731664312393,0.1,2.3024502595686656,2.873118680604408,0.20903564179771092,0.21379682822118717,0.6876699681086373,0.6931027367707825
864,2.243377088709595,2.3444553078813635,0.4107226512254888,0.13793333306841815,1.6616877658056899,2.2125750472898202,0.2203687489490206,0.2179446789332492,0.798072373362583,0.7616488924443766
865,2.489604633186424,2.7475560751304533,0.5334829394430666,1.2975785502706763,2.4913210598569426,2.089454908180177,0.27302147110110464,0.2852383472624014,0.828008676181435,0.829640716655693
866,1.5087059727763061,1.6724219270597926,1.498554610784164,1.805027229268894,1.7627035075175088,1.8026096449946494,0.3872920722990775,0.44049136759745944,1.2130139651092788,1.2300139737019946
867,3.531595250412387,3.8242017787004885,1.1366390626214016,1.373370030390849,1.315830310458817,1.354208942438443,0.2236192164925067,0.2562129147675071,0.780154807817006,0.8151548310536401
868,3.4692137273789037,4.0,0.1856550588028642,0.24281646255874528,0.2973341522692632,0.43087160007946745,0.053191088112680404,0.05409890605235321,0.2220059351022115,0.216572440187759
869,1.7148617940575734,1.706076634634819,0.5470496129652723,0.5475495347666723,1.780121720347399,1.7592721130733255,0.3390688373073026,0.38633353218379424,1.333932817858361,1.303932835397152
870,3.8075904124376927,3.9998920287765536,1.6735443566709127,1.7726433826468122,0.44923792974289734,0.3986968319665992,0.05640679188889879,0.05455010110057984,0.2819605360793795,0.26457370544563447
871,2.9914713862244744,4.0,0.5385173442880895,1.0603807426913092,1.009210150334646,0.8731164799425241,0.3362553715425892,0.30982218471652073,1.2550506227774354,1.2199168766823252
872,3.91766364464246,2.793061665839071,1.2923403574991714,0.6980404650151449,0.4653197612628295,0.4578262630817458,0.20804940385083392,0.19759221933014887,0.6353535663413851,0.6502425680344617
873,1.610866471071565,1.5281680715487058,0.19828428752904179,0.1,2.1899872063566104,2.35292563139546,0.1543229283727449,0.17012965190352833,0.6268699251207837,0.6349451311238725
874,1.924052478982548,1.6277964986651172,1.9241182478447967,1.3060903260614278,1.067290778805345,1.0583412075898413,0.2700921086332362,0.28477649879492933,0.8445927264357553,0.8552944969985935
875,3.7898891034205966,3.999999963244707,1.3431327143405691,1.1770999222072076,1.3004360120354481,1.3842036309715036,0.07216452151167413,0.06879714667689023,0.2636934946155817,0.2624945167309807
876,1.9977221053009306,2.1559226482246143,0.5934725353831417,0.412253347056889,2.884643466447283,3.0,0.21968135213494072,0.2142619133888175,1.0882967571470787,1.0664791047665931
877,3.8817632190568965,4.0,0.3710679883998186,0.393823035528919,0.3195151719687701,0.3400180784094918,0.04421335616667536,0.04270391263590588,0.13617924431178882,0.1331777423078685
878,3.7407575012353167,3.5001815896317963,1.8781540041313072,1.999999105406026,2.671280837659543,2.7324842308654693,0.46896228909652937,0.45362116120411283,1.4212799402120586,1.4472799704664998
879,2.7872768075629377,3.3406908928939982,0.3809973982175928,0.7009660457816109,2.0441067178616965,1.792066789745717,0.10049501793137725,0.09250971078527331,0.38092860486003827,0.37813063603012115
880,1.5269305445744048,1.5,1.5222672121810858,1.3715162598286867,0.31263139209707635,0.3937924066802911,0.08512708801022184,0.08781954395044474,0.2658617937916128,0.27026126402096834
881,3.322199186188379,2.6890032473542314,1.8678547360988693,1.2610075302747572,0.18967937850123784,0.12623560656815683,0.40932136427316124,0.3769093850572555,1.305614828821248,1.2751980102362908
882,3.166686785812771,3.415325307520023,0.7166729268756544,1.270872826381182,2.7813543444294053,2.3239615968447582,0.3416399325057017,0.34910081187278075,1.4278448562023471,1.4418448559569705
883,1.8865639113461414,1.7521326702847397,1.820598877806619,1.521034566368257,2.810614545482914,3.0,0.4444029813543451,0.39182813172800857,1.4528885433483318,1.4598885266040682
884,3.603857564326966,3.72078199848963,0.2762354834744676,0.4083271885416137,0.8537913342471919,0.8134060406772757,0.3625171876485664,0.33101040497620215,1.3985455934219286,1.3867195522288733
885,3.3684466834918316,2.889537984170938,0.985228260458504,0.42423849573064837,2.6823709676716097,3.0,0.2670624162606087,0.2628209259832466,1.2004871034105236,1.219057196292096
886,3.4847392372936974,2.5111475454412453,0.7201110598815912,0.311264915161479,2.1079956109479614,2.0560004127857687,0.18259033544448655,0.1842475968209465,0.9000813893927717,0.9290813892862955
887,1.7805232814506367,1.541393167530423,0.9476901737745684,0.5656141839260307,0.4988431879296106,0.37291745788097586,0.2285060519858066,0.22835056082691219,0.761991579940645,0.7561573671598152
888,1.8914338845499377,1.7659502615150415,1.2352228797832638,1.1189737741716286,0.3059700233082471,0.28457563895557575,0.11048674782871697,0.10495135227800553,0.45978738115637036,0.45283200121226347
889,3.8159248914454817,2.888203060373291,1.834189581023502,0.1,1.740927419106661,2.865152250985907,0.17068479739942727,0.16287173221114754,0.5707297902964145,0.5576090729451093
890,1.7625580900418059,1.6673517123965356,0.6080934693462382,0.5586136441846539,1.6952972844705494,1.644770170046659,0.18563026751482106,0.18535474930445592,0.6766432681186645,0.6964674098934459
891,3.0746186097500705,3.061991664620314,0.6117145269410799,0.48088061066493987,0.899826981320468,1.0271184304490943,0.20171391434956462,0.20605681827097808,0.8120713934601643,0.8092392475811908
892,3.6241619365096165,3.2251547966057075,0.7045690155427282,0.5956801289150406,0.004479947104873427,0.03780962979023712,0.2703152445657774,0.26769429391683075,1.105054715287197,1.0996032918826155
893,1.528565477161793,1.5516243781579864,1.0920585149711306,1.2302352201762126,0.46551387401694466,0.49297703920046876,0.07143070953247001,0.07719772404706636,0.2795932279672953,0.27210216418400035
894,2.1090273321204736,1.5518794698750877,1.5028848714301508,0.8998194804555075,0.4392074226529382,0.45409558497629465,0.34044019236828515,0.3180949331319602,1.2647910902065207,1.3484226242782178
895,3.54694095715369,2.984436850414438,0.543062426987913,0.13175492028241234,2.8027934572886153,3.0,0.17586189658369927,0.16361423996463229,0.6996686223754831,0.6968766464407126
896,3.1288864578170887,2.9823941824103675,0.39116291120345015,0.5709547618489068,2.8678546951622694,2.37460682350457,0.2841214676619186,0.27223142538998063,1.2203626045470592,1.2336821980137982
897,3.3647146794447913,2.7272250850138273,1.5001399944719147,0.19605376400843727,1.9138217959320662,3.0,0.22684134298495978,0.23923982930582138,0.7388214100152602,0.7525912655746687
898,2.4449386491868905,2.378953683604381,0.3074691077533618,0.35803200697177007,1.082021814274348,0.9184709632683283,0.030344179383891546,0.030963764404744885,0.12694367778802437,0.12677251084225558
899,3.9543561666944513,4.0,0.9766915683135705,0.994633236717927,0.718457828044147,0.7300384861868917,0.1798538534184691,0.17116672782509088,0.8104505254426612,0.8161938292222038
900,3.9476507122005344,3.9285835918384318,0.49583291531300633,0.5059213846580412,0.22033111911595415,0.22337790513621564,0.39163562641900107,0.3809127031980922,1.2748451110688865,1.355075588067434
901,1.6150331725307354,1.5,1.1212785231531441,1.054141470835511,0.9386594186010786,0.8693701412385152,0.03002315048801539,0.02926922309761901,0.12259901020040843,0.1253479265072717
902,2.326963137854128,2.337638910016859,0.1259667879562308,0.1,2.6050762244198724,2.7012275434898134,0.16816186144845105,0.16219836029219228,0.6818198702322258,0.7071239880276335
903,3.6934335629329853,3.619327845739632,0.2082356765985965,0.19289587322365942,0.39814025057332747,0.32158224236194255,0.474768129812075,0.5,1.4389004601992605,1.3399580468702095
904,3.1069088969812366,2.7093132472510435,0.3642281601866163,0.10000003306631251,2.582651754212397,2.84993155744138,0.40615389022850357,0.4048441724734696,1.3097600057122107,1.3357596630462396
905,2.0113627162975094,1.7136545817339979,1.612093985669053,1.1398674775752766,0.9645607595813915,1.0890917078119426,0.24959154263369493,0.23480616250875935,0.790787103809413,0.8207870248673557
906,3.9276721704238975,4.0,0.995455148340926,1.131635826821614,2.957486371789913,3.0,0.31637881414238467,0.30651902341007703,1.058015176164334,1.0850151726530837
907,3.7613901997721215,3.534124133109022,1.5760611716891653,1.5968527678485793,1.0518152320046998,0.9010976601264165,0.10210825050673114,0.10778021958376457,0.4111234719408564,0.4146799651450972
908,3.2438623218458753,2.6459072084811854,1.5403552386743473,1.1628209829801672,0.7836205487473383,0.7982695479666957,0.06139011745082359,0.05602688123717732,0.21736528070628675,0.2232435553851992
909,1.6892984181741748,1.5,1.8979230470445072,2.0,2.9891052200131614,3.0,0.32281224683465637,0.3485659593638028,0.974396609249517,1.0062913400717612
910,2.9487377237569636,2.5665139835249446,1.6511593994541789,0.934461850521205,1.996422656293813,2.1131096062795356,0.43746370306371596,0.46444743179476367,1.4571904384543555,1.433190440951777
911,3.6215190321661708,4.0,0.8443752696168463,0.9076179059953629,1.6760656890582935,1.8004098179460906,0.11903605139786583,0.10661331631300937,0.4354180491661774,0.44932835989424125
912,2.799134334123549,3.426307192771887,1.8870340592957928,1.9999978310342614,2.7358958125164587,2.999996986216221,0.2492552114657399,0.22097230247057253,0.8538792234303113,0.8538799358007236
913,2.8957145868006497,3.3810473093033564,1.4563535047977736,2.0,2.8023377054390792,2.5346094389205454,0.18887049848001253,0.18781822575884208,0.6047279451548376,0.5976268816193834
914,3.371537452859684,2.868796643313615,0.4615965404156025,0.10000531541901073,2.3956713429712697,2.843408518399252,0.2595593971531748,0.22747750226091404,1.0231292974514006,1.061098980443329
915,2.882193823317401,2.4619191832428244,1.754315164010922,1.3557774868107644,0.010115443824743608,0.0,0.34450894807347865,0.36388385345989416,1.4612117989732354,1.4722118088569691
916,3.80536407300776,3.260170914370148,1.1031463704532796,0.7635783825076078,2.9290829187834504,3.0,0.3738337156691477,0.3650432454117716,1.463120264268115,1.4923595538630992
917,3.8873364444852188,4.0,0.8478967818821015,0.9800951041881795,0.7747151012518916,0.7445308917048891,0.3469806924752812,0.28714074946153834,1.0894812181392095,1.1056113657707531
918,3.2038852393994914,2.9340345300068527,1.8311399089887035,1.2714412231867551,2.247243019883207,2.461656455241458,0.06003711190185064,0.06227919473830456,0.2151173463344649,0.22818093645048315
919,3.3505352225371254,3.449849923079906,0.6612628315549314,0.8073301528439895,1.158856719194028,1.10390066596552,0.19932294027506736,0.17798013243655092,0.6442858342231459,0.6558154648451242
920,3.9208541441171034,3.2346157977561147,0.5814524964078538,0.35833033445865387,1.3071276592303007,1.4108533971112636,0.24915473615567524,0.25616249672659197,0.80353071310578,0.8369260257258
921,1.9671891171090676,2.482929083704961,1.2191489246201572,2.0,1.6910620324979713,1.5673134866496221,0.23143430675884036,0.2444394298570314,0.6997874042514693,0.6657873826102565
922,3.136927178255604,3.086106506132183,0.2132949021447118,0.42223642279532286,1.5020125702269653,1.2461665349354354,0.1869897224852497,0.20997786670165233,0.7312138996196349,0.7318275771696088
923,1.9896934743650305,2.1976081589044494,1.3308146388715225,1.7622627014558672,1.4414114996278289,1.4852837094481885,0.1019661506019899,0.09160021268155014,0.43419614490796465,0.4390793552883125
924,2.795679885252004,2.419117159298093,1.8260000911920695,1.3426752889284177,0.43309682902846425,0.3706710577336701,0.21437947923639464,0.2122226106442469,1.0098302613225332,0.9725103591391927
925,2.0182284533462056,1.791532469391492,0.6586429962075392,0.4944975217576826,1.2057281455510063,1.2547655088191725,0.19699886991653856,0.1760286435414386,0.6823622630707628,0.7048270041487458
926,3.520532134278284,3.2520349667495676,1.6728730927560014,1.2383504714484257,2.4654602004433643,2.6259503198259506,0.3499647590734637,0.34322323780565056,1.3501637653381806,1.3541637679861336
927,2.619323847385333,2.826757477637598,0.9586814892154903,1.1614766896092503,0.12980920338373947,0.10162414034992512,0.08486775240379828,0.08172944679070006,0.36150697484096267,0.3618944338702137
928,1.7777640779583315,1.8776117955143903,0.8932206472788008,1.2129367496908894,0.7425868100587353,0.6667859451747205,0.3284917968340764,0.35828241665630234,1.4323097426029812,1.4400478208311527
929,3.0953380047168,2.846570317989375,1.6263048675631568,0.970678650655178,2.7836158254851067,3.0,0.2711951394752792,0.25010581189202724,0.8509767684166699,0.834976764390224
930,2.9442809456382886,2.4240509504015852,0.9443625965182986,0.3926823345340096,2.0457379592790907,2.2739828330697085,0.04239371530684025,0.04005522892334362,0.16731085064384854,0.17109467005087242
931,3.499040214093055,4.0,1.075737215186768,1.7782180417565634,2.400104819560989,2.102065589052205,0.030241032226673,0.028270907860096468,0.127003604003342,0.12495632199425608
932,1.725246984452476,2.1068788282247985,0.27187490211583215,0.5669247211405444,0.2987736345892378,0.2433920038398112,0.26026144226861886,0.23648158236006708,1.0679070037241598,1.0627013494136845
933,3.2937481418852768,3.665137629313632,0.5944727476411896,0.6461853847385558,0.719147968862378,0.6205990694940379,0.20761282093958217,0.1901207488164264,0.8866851519430639,0.8889716169007738
934,2.7967211005577326,2.5138869393597103,1.2439415364216466,0.669050965465573,1.934861582509434,2.139597503459191,0.12693402380380572,0.1303428550740784,0.4349991749115261,0.42786936599037695
935,3.803706915976017,3.821832216541483,0.29087330661499733,0.2721893661966531,0.7377189933652063,0.7769770471368618,0.23642392205544507,0.252533733959922,0.9965985485372544,0.9772922804138003
936,3.3364148893845247,3.8757472556123314,1.2354994625154838,1.6421299162803058,0.4749707274823012,0.45772778168482775,0.3200978682737703,0.3234581587629915,1.1389398693566781,1.1004133496076745
937,1.681221775771674,1.846111924088923,0.29320193148606943,0.6323288174294664,1.5988575226598223,1.5702499504176273,0.3060342668002421,0.3035720891137695,1.3809028293217402,1.4072681538797707
938,3.0754231872334055,3.5140575509797074,0.40673437948434943,0.9122025025195719,2.907849357471679,2.6285001016001805,0.08662124824639901,0.08664437109074,0.39265511603753017,0.40007702660830435
939,2.2979844727040994,2.319830570800879,0.7550136410828213,0.1,2.2578903642296977,2.8253892707488233,0.2444430987806239,0.23723401639703806,0.8949123392231644,0.8490202653493713
940,3.755067133294922,3.4573439305141593,0.8477477684780506,0.6541276837047162,0.23525219187466317,0.21587658567139698,0.2643134395065543,0.2681083149695292,1.230798194722621,1.2170422999436759
941,2.6998372301211178,3.6500333014582074,0.5446208742803476,0.890704520618718,0.2742795503519475,0.14773703964283544,0.3686820936409583,0.41165826148043405,1.2342608633596197,1.230190594697898
942,1.867272821042265,2.021547245289055,1.8850263725791156,1.8175254063794917,0.5522693433924363,0.36546496137640544,0.14925106317771394,0.158462938904681,0.6642655825273448,0.6492655772167677
943,2.1098920027207995,2.827503847909909,0.9685810615083983,2.0,2.764633527760447,2.5919309215029918,0.15270631629819445,0.17842601131396144,0.5029783945238044,0.49797849721717447
944,1.5816471314401532,1.6734059592740023,0.1258214552430944,0.10176630096397164,0.3996958714279817,0.5213490911305606,0.27131564832299804,0.259927750278614,1.355571231014071,1.3657110074585466
945,2.0362763112511777,1.8382210675731114,1.8341685169686532,1.1984174651907722,1.3514810879130543,1.4116117421660517,0.263062342835753,0.2593103595647575,0.8353574117667386,0.8313574592382136
946,3.6216037193445225,3.1584791459179127,1.1696706337911604,0.9975572506147569,0.9357429050963163,0.8447264225071913,0.021775268564054918,0.021502972347548752,0.08222580643124672,0.08169291326612826
947,3.3925544411297395,3.3592168782043443,0.4936812088243967,0.3583276278461658,0.6833464673081013,0.880637128294387,0.1558478015765858,0.13545509117090346,0.620608483228129,0.6182670881199762
948,3.817221303803997,4.0,1.313613540964734,1.5930734272537446,2.0179059745906662,1.8631825444463395,0.3481755396525609,0.34988000232887034,1.469022762574225,1.5
949,2.127434429001627,1.778053343864694,1.1442171436754827,0.7481411278955237,1.9443703335671074,1.867989235886305,0.21831129123488197,0.20593299892865966,0.6689837084049868,0.7019836904833654
950,3.2399133048231334,3.918341210189661,1.0442009610523577,1.1593723847557187,2.383325392655339,2.922520990727321,0.12666663819733015,0.12475789564429304,0.5834337459273565,0.5822496963457325
951,3.5920873287908477,3.8068960148799422,1.9350315806742924,2.0,2.851563056059361,3.0,0.37184090537999953,0.3508059596184806,1.3212948994376863,1.3352949159112153
952,2.4424611950303268,2.4468927122765476,0.8371229277067215,0.7622285551907063,0.6071452614163233,0.6207794017997239,0.3856048663286562,0.39208675204911064,1.200008175817155,1.1650338470703478
953,1.5166038832008701,1.7037471572247491,0.5835969205204221,0.620664625074662,2.9828953783886103,3.0,0.30035297212702505,0.28470468135377025,1.4488504930784596,1.4268504797512342
954,3.243659655921719,4.0,0.38503827902527477,0.6898321863099371,1.8703868463016389,1.7316607302598044,0.2845956450331164,0.2934491475471101,1.3240702451275905,1.2980685328328676
955,1.5823953454804824,1.6479741224618163,0.7593514402260467,0.7159203900501391,2.8348191098277633,3.0,0.02612918180055441,0.023863670301901566,0.11733874606319061,0.119283897962723
956,3.471431991930773,3.554692594436289,0.5118494671160678,0.45584552548019563,0.8150782228966246,0.8455747199025667,0.28192566963481275,0.2579575692212913,1.145339344420184,1.1125830247022928
957,2.3456824218579,2.038243628708111,1.0073065579194236,0.8360307000584742,1.958847192084858,1.947494568845176,0.19487598245069487,0.22090956957189462,0.971369064452469,0.9864524028735807
958,3.9752144499516358,4.0,0.35894198558054635,0.42129740974389623,1.9773943723964407,1.8095478687686226,0.2356212278201976,0.23766758630216994,1.1138168159546251,1.133864797715723
959,3.982605400767533,4.0,0.2824674801631586,0.22166500992397692,0.4355242237322934,0.49658816495202707,0.23266424672174335,0.22896436208806223,0.9204668147072954,0.9042637036080172
960,2.701100748194693,3.099362110542745,0.4928747118312411,1.1263784060641546,2.3399767902103843,1.9005933577655645,0.34515360069863665,0.3404426236892165,1.1026927126320927,1.113692721490666
961,2.7674093356626646,3.145803716123302,0.8030368108289014,1.087583797883367,1.7957668191909528,1.780255144351324,0.2661594637212159,0.287777946961578,0.9612845974980408,0.9462865629760242
962,1.7874954866795862,1.60074627427479,1.2657478444154697,0.684444293240096,2.9430375603114682,2.9999998481488643,0.271321190575774,0.2746066938252166,0.8495948456568833,0.8585947620329659
963,2.688446061780087,2.9153245713902662,0.29802088273543303,0.4588953122410548,1.1596001417498636,1.1912585143747205,0.34815210125276186,0.36999374450434075,1.340915265075384,1.377659425888582
964,1.7646457257031096,1.7811521624605258,0.4251147802068863,0.39130586599554057,1.460645084056886,1.4514121971416238,0.12852637470276168,0.12760729590142314,0.4193094575491353,0.42198678230220577
965,3.748883766422325,3.790512629474907,0.4806091929424563,0.40905915028059164,2.1627734307295134,2.211103127847795,0.12847638986617232,0.12349396089588241,0.6062888429533096,0.6058294414394447
966,3.6626033389877004,3.332146308854322,0.1653791855119141,0.10946414619978032,2.221129181584805,2.022382393189712,0.26865506684791873,0.25490479506200425,1.0439131619652973,1.0304880727379158
967,3.8535047853261277,3.249345397716012,1.1607217671586174,0.9914683417824421,0.17762202879275701,0.1699732584287254,0.38109853966501894,0.40608832274008555,1.4022323089868778,1.3959907242704626
968,3.0670787098500045,2.7689383330582116,0.7343948240846704,0.32598108241999235,2.588007492584813,2.9999995195844673,0.3836320187749919,0.42816643155764067,1.31621617428207,1.3312152323334274
969,2.8850683720714603,2.579188974772275,1.1769678057681119,0.591266586373441,2.5742765907612912,2.8973016078267073,0.18946628747203753,0.18152400448600195,0.8681950992833387,0.8691708088422468
970,3.6955683679912963,3.973760484793703,1.113251200232195,1.0334183617269765,0.7528683804083277,0.7844072794255467,0.12030704092243824,0.12167956494884874,0.5439987449679786,0.5451902834731102
971,2.3968730586098443,2.272371361110406,1.550910006223847,1.2110454103832786,1.2428688971987045,1.2354553529416827,0.13202888616783143,0.1330967284065214,0.4507954694973542,0.4583488682970388
972,2.9204149265225983,3.4315013751655377,1.5479265723019606,1.9999987613082664,0.9894696436259485,0.9972448154861131,0.3688728423662151,0.3642019328833186,1.1643262534775352,1.1393206488217298
973,3.912195354811115,4.0,0.9582304515833737,0.908967087123091,0.9271940646751725,0.9366840523520882,0.0758641967555452,0.07108807092736752,0.28822526679426935,0.30192882728835807
974,3.3837286574297734,3.782937881918392,1.0963355438397147,1.669701105757464,2.6609994997634434,2.5012734276087616,0.25905677006019323,0.22693610294223693,1.0391935871090516,1.0646442207840965
975,3.3849232330273913,3.028327030337284,1.8729607474598517,1.08421527365737,1.7766185058468267,2.106285821696644,0.03402172711320193,0.03603642419518136,0.13077602213949693,0.12794354159999827
976,3.5534800927995835,3.1701611208796807,1.7258186322088656,1.308690551529177,1.6568860486825443,1.4483669310658842,0.2389561072634031,0.2134988322203816,0.9438937704713869,0.9334827843491493
977,3.859357566866022,3.3121768901198165,1.9726601179380265,1.6759161198194747,1.904623631468604,1.8867248852475873,0.022669485558649713,0.02353433052405336,0.0774061128047475,0.08235851328227961
978,2.9069166092015855,2.3961921514886892,0.8442920319090864,0.3720318711718756,2.151834836033169,2.093719349717696,0.16550827748382824,0.17227061592710552,0.7214651802386375,0.7281380751850378
979,2.476778111221547,2.407985760450961,1.402973268836506,0.8283991913110145,2.543257460265387,3.0,0.29406824072659166,0.23799254626210198,1.0735107596995122,1.081704631401462
980,3.0480876148792024,3.2988651719876927,0.32455336971261983,0.33455038541641047,0.3475105419520873,0.4087954617473647,0.16824987460809518,0.17773059268948935,0.7212379757308301,0.7078530526308059
981,1.9188671214379538,1.7187284836570003,1.4281231857948598,0.10990900195623038,2.2814182951401176,2.999524712677976,0.1744826113665926,0.16379935473323393,0.5827607025331256,0.5692029602515621
982,3.5776886795507488,3.482402303851642,1.8670600592276427,1.4969494809400725,1.421016737440964,1.4397911958327005,0.36812423571192215,0.3539531781691486,1.4287777373367128,1.4739542119757456
983,3.169959471054609,2.739676618922596,1.9933379498630976,1.1634995254368332,2.3532175475223975,2.48106511424142,0.1325851976339217,0.1272972524922199,0.602145851525706,0.5938307790631367
984,2.3001344734439524,2.359326061294613,0.5370742231166441,0.5243537007644108,1.020286635240618,1.0675656653985621,0.01791969507353592,0.01815831595572584,0.06311995044555585,0.060391031084328646
985,3.769578961167617,2.5290241963903703,1.7117559519413783,0.18558076580336277,2.1949842799388226,2.8910518637472276,0.23875066225669855,0.23922966544815474,0.8575561391981322,0.8535561233246071
986,1.7933866715590625,1.929394647848606,1.8334622070400308,1.9708365050760173,0.5623539321967985,0.6236400462079377,0.018449236633546817,0.020217800409501226,0.07379300367513597,0.07025532547962962
987,1.5628588025968657,1.7644299846586475,1.4742559980559218,2.0,0.6880102779013402,0.6370918479084152,0.10453724113839823,0.1052565489421096,0.3294411867544522,0.3346837671285325
988,2.9864960524616158,3.173180677321645,1.1252765734738097,1.2436364160313236,0.4629767276793817,0.4601434935573059,0.30302986385282504,0.28750467889391007,1.3675936013105812,1.3978529330062297
989,3.1053728819637962,3.839283803339775,0.49530295465257923,0.9955600266027146,2.4858334424172424,2.2391458392649097,0.24286122561678142,0.23402110862376257,0.9942621219688041,0.9451858407291455
990,3.7209324412829496,3.4396023340436126,1.6026179240436533,1.2794439340786627,1.181625144145475,1.0296003099388373,0.4667164909620467,0.46432782491157054,1.4973495609999257,1.48634925971086
991,3.3553533445684547,4.0,1.171403439411761,1.4484014674688224,0.21502559011952138,0.11197416640193304,0.17228896456655635,0.17939360008351593,0.52488050209831,0.5090559292370728
992,3.683183835125739,3.71007270389999,0.4810726364181068,0.2985696925699735,1.5753196558809108,1.9507267134365047,0.24126997901858513,0.2521059261066832,0.9819688808527617,0.9796209711462389
993,2.703739594909834,3.2260860842949612,0.6904994033310197,0.6882510006991277,1.1095280549428974,1.2032046673869503,0.3914276945268561,0.40039071795421227,1.2952014231497266,1.2522380115900693
994,2.888119427659456,4.0,0.5650319312082763,1.3648305854979617,2.8801551356792796,2.4767280583104463,0.3760839043050265,0.3715466277008966,1.3285666532996474,1.2553705048662671
995,3.1219567681638183,3.2606562264810868,1.4761311106858155,2.0,2.7006559380077793,2.369854119028438,0.11405605957269038,0.11279398966739997,0.37077388507145514,0.36704265727755436
996,3.9291952984440766,3.9900372018538954,1.9180367582400375,2.0,0.7158503651836541,0.6774460113713371,0.26520195072978126,0.28060061215477955,0.8635302025961535,0.8460289800586845
997,1.8110684055993362,1.7915931869399104,1.0385944786806531,0.8911786670002666,2.926241656754249,2.8180912957320725,0.11224270752877696,0.10468215698781971,0.47891606396252795,0.47291605667325326
998,1.5436923678066934,1.6818179839067544,0.2836377397924792,0.5615607156231042,2.970729589598565,2.918107161799763,0.09403429095931953,0.09186632639509376,0.3522057827443378,0.34820577181410806
999,1.7763321802281022,1.5,1.9226075484384226,1.1110809076699089,2.060994639618608,2.2104898142460248,0.42413508944270983,0.3943299145361921,1.4265305134552813,1.4411849104550314
