,a_true,a_estimate,lambda_true,lambda_estimate,delta_true,delta_estimate
0,3.410122752684926,3.139167595231524,1.4597881478345065,1.3147162956948422,2.5354461138598214,2.555403859833702
1,1.9182775299918624,1.8304281599319012,1.3376792785649771,1.20080864800342,0.3845658530125773,0.3836587564953845
2,3.9143941613001294,4.0,0.4629036699522701,0.4698862952435415,2.0911035131847058,2.0654353760452633
3,1.5967453922713108,1.7924298226555553,1.501151731376289,1.669912588990125,2.4632270735331567,2.4526544646316664
4,3.51346865477803,3.294120528909444,0.3460447019077757,0.4209931802305142,1.723993289073389,1.473856584777594
5,1.500769255898167,1.5761344215806006,1.1736686907069696,1.2259828313422616,2.092268250930609,2.208379667646619
6,3.124444260262957,3.364722554462031,1.905732222534455,1.9811511697064992,0.7472386483639758,0.7413832962468817
7,2.504680940799376,2.403241842218026,0.2336399232140546,0.1942424092387891,1.264958406226405,1.2540071105668749
8,3.808092808999763,3.6379809868064377,1.4221185489797132,1.3642082290793556,0.5518207191657423,0.5489884809066379
9,3.2934831387605223,3.5776681345041648,0.701440699933104,0.791138134548402,1.7906129214797557,1.7491210322384545
10,3.640831439877808,3.402764119397028,0.4558186761532917,0.2034801471202594,2.4857553464577844,3.0
11,3.3062180096811513,3.8421787212053937,1.0246313661200273,1.0956604378032402,0.289798424923253,0.2616421779046995
12,3.7649429952578575,3.3579993439587232,1.6537606568182042,1.5622632458124803,2.392272007485783,2.4857284860031976
13,2.393472898262485,2.2619657660435717,1.69293670348433,1.4531693632870808,2.6645606588714177,2.762860324810576
14,1.8822931214562264,1.792850043959603,1.0090849624800575,0.9377273987023588,0.3395384169368992,0.3490544245074607
15,3.717926680648758,3.891427684510111,0.6903851528146258,0.6959716720957132,1.2530368291735294,1.2517685819769402
16,1.896934280448461,1.6071696605788592,0.7517040816529065,0.4122616705980747,2.270522404731844,2.464399548170938
17,1.6081173069056864,1.6634266638344075,0.800804726909126,0.8268117692650516,0.197626480747509,0.258548125188006
18,2.87805399195644,2.602059607496929,0.521795463542857,0.1841258769838959,1.8068246654200752,2.3117049184107485
19,1.8264483493243584,1.9852652595654896,0.7206733022587427,0.7660143563146916,0.2727681023815417,0.2729149505668481
20,2.5994380598097893,2.5805732791904523,0.2538967746485721,0.2909054748491883,2.30650010869111,2.1578675880089553
21,2.4160920191959674,2.5224139622760116,0.3787534859442795,0.3089405694798928,2.757022870098703,2.9740377390754644
22,2.527809509768444,2.133237802380659,1.6647633650946931,1.458813890385963,0.4191360653629908,0.4348193622288072
23,2.7490503523248155,2.7349377822772887,0.6448022988946988,0.6569547273510618,2.0427253879131753,2.0268515055632035
24,3.768930275771021,3.8006963287234994,1.0671419979091552,1.0591008161688469,0.0534729214405034,0.037304053244666
25,3.7545637796089686,3.9452262267996834,1.1477736418502782,1.181936606619759,1.995354918586296,1.9967282624113392
26,3.2040598277618297,3.1902285727927744,0.1090521810299613,0.1,2.7397821285137867,2.7589798977182243
27,2.881103819195026,3.2912529321775987,1.8611789205379616,1.995039879565458,2.2377944177958673,2.053948700476807
28,2.540661490062427,2.5604435221834048,0.1276834560527334,0.2644395758809993,2.4048094569892577,2.1895777842477293
29,3.762010851473641,3.831455870936109,1.2099289607086667,1.186209050852541,0.1657023993682581,0.2331260254451845
30,1.932731944573988,1.6858772653145415,1.9222322025874488,1.3857973363087377,2.7233808006665874,2.999999793664242
31,3.706485369872037,3.875488567631758,0.1300835907826657,0.1448219252722129,0.4613804265469857,0.4162653956679227
32,2.43619019153424,2.38283245844677,0.6199868663778979,0.3054572735905611,2.451451120463446,3.0
33,3.564620423020567,3.733418877217063,1.6065695949159422,1.6189455209391477,1.3415965360492068,1.2849286976295442
34,2.9868948121964127,2.9782836773380974,0.1784485821085106,0.1682971132101335,0.4963154416404919,0.5088756998279054
35,1.5995170989099097,1.7072317405968709,1.39431730220277,1.464843231606383,0.2512183001616926,0.2127579450774463
36,3.3731383806268003,2.624496059103239,1.4840942456696915,1.1251391792800751,1.933589570592514,2.0279483958581044
37,2.1421763130896014,2.18075960197389,0.1690219373659139,0.1632861316432541,1.011817064808967,0.9740768212480758
38,2.1382890469135676,2.2167743895497343,0.6164515693940633,0.8578623387687294,2.5977054269172437,2.351138176396778
39,2.984853954533288,3.082000665854572,0.3372830235565844,0.3177198452989859,1.3347460384306566,1.3841123415579497
40,2.461249882683746,2.5764508894978215,1.3277512211043598,1.3834831335535087,2.0706435414422053,2.0229871803585295
41,2.309949914264351,2.599543909106762,0.9723552229800844,1.2502536274407283,2.3994257067804674,2.1277217079075745
42,3.449069366735213,3.741885891790991,1.084275099744052,1.1857428301316175,1.7233680674444782,1.6963795175911105
43,2.069364746876124,2.184695075849636,0.330722997354566,0.3721608153452384,1.2604946508909198,1.2237066513679178
44,3.445118851979431,3.1653399787204703,1.250081280931958,1.0314644073668473,2.06791019351394,2.3189979141596333
45,2.825685452100935,2.992264680914448,1.2582158699182309,1.1939886555247037,2.0829472403532305,2.158819523932526
46,1.7667309757911565,1.811889819243514,0.1271383916657439,0.1383397781467855,1.653594506551982,1.799703873275842
47,2.6277704811314377,2.7625182715391032,0.502751467237757,0.498698077791164,1.020824477270482,1.0276885477053816
48,3.5991828347721513,3.37203037342312,0.6860881760025955,0.5142580263591833,1.4078537703067693,1.6484423287578345
49,3.577704825636705,3.65972719305021,0.8752751467601801,0.8544662646206143,1.1859585114414457,1.1696117339011636
50,2.662196296296508,2.722009522041361,1.7129078905047173,1.6699234959026752,1.7572567484331063,1.87032747213056
51,3.8102040895040874,4.0,0.7488798169654086,0.7432470028503809,1.4373071000351014,1.4425734869730948
52,1.7131921768473963,1.6853275036217168,1.7812646925386764,1.6753942004446196,1.572269213696355,1.6532323237580568
53,1.7643872568465544,1.873110265901767,0.2857673050911711,0.2976885896842988,0.9624703022887492,0.9483668687818998
54,1.5813748803487893,1.6341011261778229,0.5357473400583103,0.5754302225809957,2.3437410330620168,2.3103190211007414
55,2.781661312243923,3.031978567399037,1.4025076611887248,1.4958539192802205,2.3029444742832452,2.250172584230945
56,2.2728182160620327,2.346352892372935,1.4161785623798828,1.471749169139163,1.992991704481947,1.9964865787707664
57,2.7198188079259644,3.049616257012064,1.4768382643676845,1.568419850174838,1.4833651080721395,1.4476804281892963
58,1.9871437948632815,1.8638090027076155,0.9032219028009112,0.9044327436010646,2.0391737430256742,2.0401776843539983
59,2.2427853710479626,2.3177439209291,1.1111357896502208,1.131981337275867,1.1419080527056482,1.0175979199531748
60,3.5919218504230788,3.7333936012699303,1.7532791510120922,1.744572078439277,1.690240399676307,1.8477535052932677
61,1.548266725458995,1.7708266196394606,1.0683032150410745,1.2146502406174795,1.3136688442631677,1.1365468315836051
62,2.5459446274386863,2.263600486182987,1.1091358193910632,0.99760072769195,0.8408275478286272,0.790242222145888
63,3.5762116267414408,3.7100146342493066,1.6158292251635662,1.6611264997469075,1.5712792356898289,1.4940010105410275
64,2.3053087636989016,2.1866124889237377,0.3309688845113777,0.2901552229698737,0.8091755036482791,0.7719575551299817
65,3.418243220475282,3.580999855662949,1.7753063744221589,1.8349413409299864,2.6545015132940666,2.578150996515374
66,2.1973218858470536,2.239056967452984,0.817465675887433,1.0967037134606463,2.931761386722732,2.684318437986718
67,2.9096824897389952,3.007369916085852,1.5783237092872382,1.717993145940349,2.304861880270704,2.0158809237182904
68,3.063740017415123,3.037640828217601,1.1098968013118429,0.9809119949830124,1.5017282906712608,1.710127527882374
69,2.338362362351619,2.613576219409516,1.4573914332714846,1.4792410612836884,0.6138081646325021,0.6466346116821772
70,3.960285553211872,3.8711503425235745,1.344818777341425,1.312178555824809,0.0970111888546217,0.0724606417102657
71,2.5394277065937785,2.6517222298604866,0.8524489899017363,0.8287556694135653,2.9232791038681465,3.0
72,2.477762846864644,2.4261973317214807,0.1618207780793955,0.1691580133216386,0.0838617601279182,0.0863656364532549
73,1.511380649959333,1.6226559542543746,1.3447224251844874,1.6067063504392305,2.5386800415386417,2.3279040619595697
74,2.3004408132243928,2.186838994559474,1.0891449771726585,1.0488091224025011,0.159144720331078,0.2111873694684487
75,3.334874987513359,3.573907784103859,0.894656310017136,1.0298762817198728,1.8635849953585313,1.744316157376124
76,2.2351871409413193,2.058653332081999,0.6182924463359417,0.5401292391915247,0.4660231294353919,0.5503731174122009
77,2.3966806353289956,2.3204417348239383,0.7959286012530057,0.7243297872615969,0.0417586698705478,0.0372379478077235
78,3.673957684573558,3.4989076304034405,0.5627709168745064,0.5578609039157597,2.198188116276272,2.1372584514990582
79,3.8659472806993778,3.901985159643303,1.618446491931136,1.639286542998555,2.6847413252827907,2.510413590988547
80,2.3933972580372895,2.5839874561348184,0.7651575060438497,0.8101517266397703,1.7697715064123272,1.79882595291488
81,3.46997341939615,3.5396297776243104,0.4668219118582922,0.4650895608202582,2.203803380059883,2.2672671551599244
82,1.9473896422756076,2.156019124795542,0.1855687733912721,0.1846249529250848,1.1295218799509532,1.274072839030833
83,1.7591726766900009,1.741925532910391,0.8905673461846909,0.8420739237300113,2.8039186159750984,2.7677527286192753
84,2.525461639975444,2.4174755629466262,1.4648351283585976,1.4489449335043754,2.103656069764198,2.0233026114746617
85,2.6346261502766573,2.7458767136881557,1.2183229230360877,1.1550611988994264,2.282987360649873,2.4392605027854657
86,1.853513194067954,1.8137092395070995,1.9217158184019696,1.8693981078909037,0.4736533054640116,0.420902247471796
87,2.365849856260091,2.4630875347054046,0.4450773449404896,0.3344967171255937,2.5483889578271643,2.7966021206439047
88,3.6469225721570746,3.62338723539218,1.1530519564483217,1.139390867732449,0.1452811217679906,0.1610376639071156
89,1.94219053051337,2.1626100370910653,0.989644273642964,1.254919113520345,2.1373580687742693,2.0748388210809794
90,3.577607133248078,3.77428167188683,1.1724978208581818,1.2086697370181447,0.6672517564610547,0.6756934640416763
91,3.9260798613541974,4.0,1.216172356767293,1.2321517846371215,1.061639295799568,1.0495561043936676
92,3.636646652357773,3.73072457296264,1.2940468745878289,1.3010558846512552,0.0301400309915655,0.0366826576390982
93,2.7471143980775588,2.992204001250363,0.8116836166915795,0.8760863678223805,2.134756202739083,2.011636195508556
94,3.1713155470574983,3.1470209760842627,0.1378948222583342,0.1369621436749187,1.347375243599224,1.331240335664763
95,3.2792794199317568,3.1928351014870735,1.646229675192707,1.4970480791770409,1.4360623789101163,1.5160299009160436
96,3.73376046638295,3.741022741292345,1.0969822110663885,1.0370923155137903,2.555934777623667,2.8020061642618677
97,3.4973290575674825,3.8861110670972407,0.1931425202830624,0.2690337307094638,1.5589242288767329,1.515673343798777
98,3.073622502636093,2.989636874778004,0.985465221244338,0.9515242597703312,0.7094370072904959,0.7252525753342799
99,3.0907228420245088,3.138361147496655,0.8990825335515945,0.8653275446717013,2.9394033435107647,3.0
100,3.744346302984278,3.6004591892699076,0.6876808001015855,0.6740568520948627,0.6374336240989376,0.6610613445790922
101,1.6653077996679961,1.8532630470176554,1.8530098887149358,2.0,2.6270091512335827,2.6129676868753307
102,3.21718261316374,3.2473405368200767,0.4504242232954957,0.4267514779750995,0.9610564344496981,0.9332703564125303
103,1.5614565491792916,1.7734411191767125,1.756720937201549,1.7425535817525142,2.81491814072986,2.896478025572772
104,2.3220156520384982,2.1626814715249534,1.2380884443574651,1.1338384802543204,0.20102781305907635,0.1883665878163017
105,3.476285429201459,3.237860211781772,1.0119365589966702,0.6352595317403312,2.295208337681424,2.754192178808919
106,1.8318330999906458,1.8875043176720685,0.3883199823535566,0.3350419937191425,1.4535541918424988,1.5304952138195014
107,3.363165060344226,3.3739213530552137,1.5223772719103486,1.463405548385134,2.733579192599083,2.766704367557396
108,3.3452947686772303,3.5754297411297378,1.5566237601381194,1.6911651006349542,1.9153678266772265,1.9243698623330847
109,3.2304348115858543,3.2121068657336105,1.4346067744820832,1.2545293841577945,1.82228764674135,1.8988354922800277
110,3.6497497633589373,3.304212699063044,1.2493248833476602,1.1878878078043895,1.0806198181428144,1.0718710765066801
111,1.8517075963065621,1.8567389941606183,1.554226429234043,1.4960594276857453,0.1707056010702248,0.12252863411867605
112,2.5097838958301386,2.6336449764930014,1.475795129563831,1.6243486083546639,2.5388979995257324,2.5044811993199607
113,3.2127018320846203,3.3043145252355646,1.3962632841706022,1.4283844887989612,1.1828971707872658,1.1632415576989703
114,3.2598850720211443,3.110910996394374,0.10524090394559035,0.11244176636667516,1.3980141906752008,1.2892724737770944
115,3.1954881293355077,3.3065684842897904,1.0818703427773317,1.0239190914698793,1.55642028186683,1.60136185297272
116,2.1817518033141168,1.6890770170085687,1.8794712396326436,1.651577949228964,2.070709194832498,2.0332591593447837
117,3.217430217188228,3.321758138630072,0.4569605905546644,0.41885454030659425,1.1537566301162665,1.1894113479239143
118,1.5921572145226546,1.6906338265501115,0.5008150189601558,0.6144411617318085,1.9900050223125112,2.0211180409205967
119,1.6062119722399921,1.770949408178658,0.5422674662478394,0.7439679792008875,2.641469148515074,2.454670874395856
120,2.6165033205097386,2.3211283470898687,1.0954063737689543,1.024654772178127,2.861449550593254,3.0
121,3.37173634768658,4.0,1.5036700680115571,1.9567886011592783,2.93265367786353,2.6251268545558775
122,1.5905950547235757,1.6147796054828694,0.5692882157398671,0.5579223154890653,0.006083981814444028,0.0
123,3.9448171409559256,4.0,0.8609591353623638,0.8431794726747238,0.4714118981494414,0.49561730825919403
124,3.686140419874326,3.2040935572895193,1.0556752629591808,0.45350041311967265,2.1229871255191797,2.9147787116975645
125,3.15846583434531,3.1384092154552903,0.6617673738247069,0.6241405797831266,1.5514990985659336,1.5146161223955172
126,3.3597415671318105,3.3080091738432538,0.6640481642722834,0.5608066420333331,2.1688962980553286,2.3950496898197007
127,3.630687406350561,3.7668086297470302,1.6495172484914795,1.7392800526603294,1.9051001863097654,1.779988252080132
128,3.8987293116126045,3.9999999237015302,0.6808377383344265,0.762726769090307,2.542018221625371,2.500680622849184
129,1.6012817525460958,1.6457644782366092,1.185879004071166,1.1689583180540317,0.43181900812605023,0.42654184025442726
130,2.3669068802229405,2.556529823437111,0.22452266159097464,0.32010206712317,2.1945728357802508,2.197956434513956
131,3.6728938869661425,4.0,1.2218848940785652,1.2774700307988884,1.3612985227551748,1.3011098381354633
132,1.5589680599102729,1.5,1.021907119113854,1.0448815065875017,0.18167566437583282,0.2888537408020472
133,3.473956337141323,3.5918645747954807,1.9557909575550079,1.833976133231732,2.659958658620759,2.743923988614955
134,2.448889740138937,2.3506900501589842,1.4913954823041216,1.323793550293665,1.985996650136348,2.021778648399817
135,3.0723514918378707,2.9588247092537023,0.6399460756673099,0.6224200224803355,1.337213865204518,1.2767829324669
136,3.1181937118773257,2.9539067274989463,1.3768615000991238,1.2132731166162996,1.9819195580846907,2.045661820772531
137,2.4130965092071004,2.5506352232624105,0.46809614899499674,0.4759398042085765,2.840066446635588,2.6536669740111862
138,3.9062016902511822,3.7879683496897245,0.4102124435859068,0.39123928723407086,0.82142465788455,0.8170194076601298
139,2.2834533182297676,2.3290261504310688,0.9524951756732879,0.956790233228693,1.315722984708231,1.2160935634790997
140,2.5272605842929172,2.494718792846521,0.6448516128205961,0.6308124302487493,0.24979611591652162,0.19855678876061075
141,3.433720088707865,3.7793220279301867,1.0895025315476639,1.0842727238473697,1.2420493396137342,1.2239614825543175
142,1.6019349915307486,1.5,1.175905036804422,1.045255487604794,1.3371328938977063,1.3962212165219776
143,2.237289682048558,2.2517305807021053,0.18751867255268057,0.18876288337153152,1.8474939518829614,1.7875942787401515
144,3.268990204903229,3.474126572395899,0.1161726979815581,0.13635350812552594,0.46071117052908994,0.46278310364831055
145,2.0732570892979636,1.8702531998982677,0.9959281865744569,0.6891298627798097,2.87478067615245,3.0
146,2.39893221144167,2.492214967505891,0.9888483871962354,1.1283406113434777,2.2168951795941774,2.1825517364231755
147,3.850842647721256,4.0,1.917295687658248,1.7928018454185535,0.6618489291509569,0.707179454001101
148,3.1407685255340354,2.999845587894802,0.43443629384725035,0.2620153635531282,1.991604368699765,2.292612401069018
149,2.6214605840070035,2.584695676885338,0.6529344020804233,0.6209139340969778,0.5599392886833643,0.5406164728678384
150,3.697256767353162,3.737535413997901,0.1536854305844107,0.10737883929562295,1.8252254709999514,1.9678117317104376
151,1.750246541036383,1.934888296549227,0.3373439575132186,0.5836055997586449,1.8773239487883528,1.622664335970669
152,3.527516165674202,3.127473741685232,1.132293653099365,0.9947251761288988,1.2066352738730526,1.2653793478214326
153,2.1081468102159184,2.0316504130614677,0.5172194820699949,0.4507745990641415,0.676668453815691,0.7070881192567404
154,1.9189826872122173,1.8773576138148476,0.14403090871600271,0.1400703612063385,0.42811421314841136,0.4414074914477866
155,3.238673286124582,3.5287129003264863,0.7025050313703534,0.7938270482800451,2.760837963036723,2.6697585182148913
156,3.6556393559842286,3.469366266464561,1.29719881713347,1.218662681634643,1.3974669007950435,1.4546454472250774
157,2.3174815813562524,2.2341657632385625,1.6102242360806562,1.4818098202060717,1.2181839616051289,1.2663703634020915
158,1.6599512829810978,1.6610001708582376,1.360119352553154,1.2215100099749319,0.8474295000049997,0.9687571838726625
159,2.0189163237693584,2.107249035776733,0.5266505107248065,0.54662782783071,1.3448416705956139,1.3465869088590179
160,2.3411103830870514,2.1792136239742526,1.0886933829481136,1.0191190195229158,0.4701154154976652,0.39806249008785327
161,2.342585065457731,2.365159105863422,0.7272380667408134,0.6964682043350504,0.094623413554635,0.01075620778646924
162,3.395914725373415,3.4165807392476006,0.7102761774627115,0.7153203937938472,0.1664775606967428,0.19986348283183006
163,2.4230428984810546,2.2219702887997954,0.6798216759707356,0.6161284117341622,0.16623114993236987,0.1416953473670665
164,2.4193313024003555,2.38206310883502,1.769333134747891,1.5913406334638767,2.7863363404977486,2.9096897716288286
165,3.622970071895757,3.5594558944486296,1.1470764542763128,0.9772908364868088,2.0754775065337348,2.2060406903747762
166,3.941757010123431,3.8866086681707257,0.1735124480380164,0.17098015439423364,0.947156649321917,0.945303385204445
167,3.06180332585088,3.2599989101191964,1.2678006548218397,1.3452144528687775,1.01485822633764,0.8929060607099847
168,2.886949545107226,2.8152378300174568,0.32465632650986,0.30366401656634023,1.4717271934017297,1.4923821809667415
169,2.7525556074767934,3.3270411972887888,1.4146624558650396,1.762126268912936,2.1742944986220474,1.9896522627364448
170,1.6753401465405817,1.5,1.3268338485910416,1.1700094986898428,0.05155699528306312,0.11843010959059111
171,2.4479619779057975,2.513943671806596,1.9030131069376965,1.8878540239682362,0.37124570638713184,0.3439627316918838
172,2.28893447051283,2.2655066275393883,0.4263643319458752,0.4188060214597599,0.2753805774751825,0.34971670487929724
173,1.6067373278301762,1.822059219116216,1.1546059105851239,1.315812790909174,1.4049585883889415,1.4150379152821972
174,2.4185587218680045,2.338967046235629,0.20455276482408902,0.20994948685670156,0.6347096338735223,0.5728148389879236
175,1.510130568281156,1.6523058521041885,1.3580193129668976,1.3448808308144797,2.3561003515714845,2.284045765725243
176,3.9221159003794543,3.863160216766108,0.6881111987596623,0.638269677006279,1.7472034745806209,1.8053117733081114
177,2.6664758586807853,2.5204205178204595,1.6345085753497104,1.4441954733841447,1.77874075032698,1.766564907740895
178,1.9157074618338634,1.6428151955819215,1.7422352467701043,1.431053605503348,1.969505122048122,2.1588266547469313
179,3.489492181104022,3.5851107170871157,0.8782917321817572,0.9036150047983288,1.1587810054426593,1.1964832838185981
180,1.9080298809549143,1.5754330517581323,1.2027299612543478,0.9695082470037544,1.0655434804713462,1.088046173225182
181,2.5528312008822662,2.560876772654993,1.297075583938243,1.1717611366124365,1.2647823779454632,1.1960439795335083
182,3.52391981164625,3.5651011472408194,0.1731919607262009,0.12959324547961448,2.876420591066355,3.0
183,3.8992207859190233,4.0,1.286245759797657,1.2642881206141285,1.7697300995697525,1.6468303177180852
184,2.5881239556177356,2.538988637708263,0.8805760209356123,0.8529485968023978,1.9535337269888444,2.0316505503022704
185,3.8433745770807426,3.631961032090633,1.057368725037901,0.9960570023496388,0.013414525531613375,0.036268277318083936
186,1.9893576187134516,1.6860988867145588,0.9578936777480325,0.8407140073759436,1.9683439591021121,1.9164083006718435
187,3.7231047130489725,3.637217811672649,0.28469848588733315,0.1,1.6469890638672424,2.08352054818046
188,3.03251746149942,3.1976331661707995,0.26758511431047377,0.5218735559138589,2.5079225671657364,2.141211642485029
189,2.7088651207048233,2.783554705509276,0.2619676241119217,0.248072876297346,1.3373819228143655,1.4438854511443417
190,3.9924903834806793,3.9852239014442237,0.6027338546235645,0.578395052557983,0.7771000840448418,0.7554801856155049
191,2.5061071875731846,2.841307979720631,0.9083493115584157,0.9245152634768342,1.3573443804249097,1.3292383958697633
192,1.912655992023979,2.0165019408331313,0.590103989213258,0.5965203483974751,2.039743269617412,2.01389506989123
193,3.610087078497003,3.8626762786440825,1.0399405605166951,1.0375598121183167,0.13338493651386119,0.09686275168636728
194,3.5923522070224045,2.9912660216390843,1.514449080941554,1.2995204322482603,0.8776676053899688,0.8379148949755651
195,3.7485252267864686,3.964177937555316,1.824341234049325,1.8007979173650157,2.020300534869439,2.073863664114412
196,2.293444278087896,2.160086424066825,1.022408305053548,1.0045635205866106,2.682070239650611,2.618594370228986
197,3.5265623982478225,3.4897456387658425,1.2596205510661596,1.2134479958205389,0.8689684839554128,0.7997663862106588
198,1.9049873328112643,1.962039383013087,0.8936037553633737,0.9221419210896301,1.1194527328138748,1.0387656093400546
199,1.5315897980767037,1.6720060796138065,0.8262063239347139,0.9729349685906531,2.707157263858973,2.692167007582538
200,2.2956091702235506,2.0589643143603396,0.6982003294387198,0.6522542397479805,0.7299459066611956,0.6991093944233723
201,2.161016244616067,2.138401869814234,0.7035900266570404,0.624146276726187,2.3027870334841607,2.2593853820513288
202,3.742864892690655,3.475257711249982,0.24213935537034417,0.19201515935507338,1.381460435474776,1.3667650982131827
203,2.5873600641072385,2.5708007645079713,1.4894045459225662,1.365119933411674,1.967438109025681,2.049482447094994
204,3.7674198259069174,3.611959077669424,1.496059268023547,1.398649747057825,1.3723649499664632,1.4172118894358237
205,2.92235653164645,3.0190204373095013,1.108760406808488,1.0881403457844687,0.7030564956095934,0.7865871019201035
206,2.461293257154209,2.4132751679387017,0.2005567043703485,0.1,2.2850826625622407,2.491722636813787
207,2.8886341646965725,2.9659747692463663,0.6138462580317041,0.623705264986053,0.9507668422388504,0.9404010144977047
208,3.6087867407415666,3.7906053460753912,1.5847426744750517,1.6552816130222086,2.2145875504369985,2.254838579831517
209,2.2579155887644347,2.651594105736079,1.194538700346183,1.3639816893367864,1.8823005507184898,1.7866273969972564
210,3.7299098673676214,3.7325279553035804,1.3999827019528106,1.352753982642441,1.6651162703562448,1.6700125900792313
211,2.97446989844699,3.189521802409768,1.4820999901620195,1.4339994922262007,2.1765366203700616,2.3164459543740987
212,3.1343888897280507,3.0642209547866233,1.884462993763112,1.8521364067062902,1.1846079726913121,1.163361948883534
213,3.6238556383913263,3.6985996156912755,0.13418021799196259,0.16643791341344583,1.8549242382186504,1.804314478202996
214,2.272176963050123,2.25457720971236,1.0802660681534202,1.0708026839519975,1.9078321579374955,1.8164890198887866
215,2.4666842595260494,2.608240287521539,1.4970903152307047,1.3905351036839646,0.3175124471538373,0.22714808518827045
216,3.253704951431921,3.273961415342742,1.0544060855972048,1.0881965258755568,1.373624851122745,1.3021534721382115
217,1.9478003089352058,2.0006520537079333,0.5083599380248828,0.5336839046103188,1.3603042612933949,1.3474621268533176
218,3.7114304678627263,3.274701592070406,1.9875253282643388,1.7972830957135215,1.5131049919214934,1.553356544392324
219,3.6677839911849692,3.9277415030894454,0.3958982311635749,0.4412567017933865,1.900447436373314,1.9283606032163092
220,3.8868493118903036,3.94873837971358,1.3805242662324297,1.3799654566722461,0.06708220575325718,0.013543462014095842
221,2.2389886187662844,2.3573357083221382,0.42704881517613835,0.4518932396393907,1.5653504982549151,1.559498757206211
222,3.529089378837342,3.4017881488488952,0.3594129179066199,0.36786457285754043,1.2167467284060023,1.1447726605503707
223,2.9150508187502253,3.2183507373233233,0.8707325988752311,1.033826836529683,2.143566662667874,2.202574607998204
224,3.253687690250181,3.2219464298349183,1.5026056362089801,1.5403395979329293,2.203233206957855,2.1250803196373576
225,2.899950424358333,2.94636738201562,1.8225845709906732,1.7596743886059647,2.4096369493396255,2.5746277291951185
226,2.3041447115859572,2.2850833432675635,0.3056395975918432,0.3071559537748719,0.2885989631744834,0.2461339834988853
227,2.546017835858726,2.848087466625391,1.6103368739168669,1.6391508172841112,0.33173287597047174,0.24835014373001735
228,1.7583377188402811,1.7464274366864216,0.21383200563478216,0.2037332820809713,0.2905956981039759,0.2395238651991291
229,2.1422513112431107,2.3160681154850344,1.9496761467500003,2.0,0.21960756915281165,0.24013495513167116
230,3.6846737373790304,3.1146137028294962,1.4442925059165193,1.3083159605970758,2.1201941688718495,2.142334801190947
231,3.1229769833722054,3.0445868946307377,0.3566450691940336,0.24982681870742793,1.6092705613057017,1.810191337605767
232,2.5837957280350077,2.460939924588591,1.152587224389545,1.0855553823468105,0.1383227069144155,0.21171941745848655
233,3.749196911458719,4.0,1.2987876805840417,1.3300230057798004,1.383288938144498,1.3954394941013017
234,3.97269856236907,3.780552462132947,1.2141385992291784,1.1669677257828863,0.06898508769016143,0.10497763248648384
235,2.5466730574567347,2.6034754627940817,1.296490060739517,1.2592977447112932,1.3814221625465817,1.432615994238695
236,3.68859390121144,3.063341181734176,1.3601810992866172,1.2203850991887593,1.5717866701649017,1.6523593624946415
237,2.016281121385264,2.0221064914953404,0.22191929750467898,0.24633815974509188,0.3856050487443854,0.3192580061937675
238,2.4456788259822866,2.0692423264175646,1.8005320660790274,1.5967173363120364,1.0753917658278587,0.9727560984827186
239,3.3524531724128934,3.560800550086595,0.944635515735505,0.9396996018855865,0.13088119923792207,0.09437286926586311
240,1.738132231323924,1.7650133485222672,1.9822887324379366,1.8650474339017786,1.8208909768751353,1.8822439320386728
241,3.6597042738816716,3.976008019352304,1.483243644720622,1.506347714851455,2.1696095700572897,2.119505027881278
242,1.984908030594635,1.9887642223166468,0.15172723263099036,0.15381813351783652,0.07103403027260935,0.00623660618888441
243,3.1640803318117223,2.894707634734501,1.0998111780124198,0.9689649565417696,2.082437863300502,2.1281971156192694
244,2.9073455324755306,2.967554458095319,0.2910955403493362,0.1,2.277924519520545,2.8359633851140114
245,3.874563900436852,4.0,1.284119148554815,1.290178138538293,2.7565118352728475,2.627484486759647
246,2.3735246395588256,2.099427650779289,1.6665553731020366,1.4669167721216596,0.8101955482478731,0.8822567177492863
247,1.9283301839951281,2.0446952647504655,0.5745249688037413,0.41326890339861466,2.644241574502844,3.0
248,3.0001870389900684,3.0945500453129675,1.4276024873475353,1.4371206485459125,0.17277110356714942,0.254526162548658
249,2.0365482657691523,2.117307148157531,1.9156603802706023,1.864425618365509,0.6723363712554067,0.6841153075265702
250,2.375675586592921,2.327721450285441,1.9207068175456639,1.895481000929279,1.971168064881635,1.9916565809687021
251,3.628127419462928,3.7903664339363057,0.3959759854707072,0.42118100336867004,0.9288615785652962,0.9604069178719693
252,1.584180689302139,1.5,0.9289049585144495,0.9311608251446283,2.1122561353255187,1.9802109490102267
253,1.8103438447106592,1.8759047124204649,0.39747529656096314,0.39646699109854733,1.245126075643192,1.377541092204436
254,3.4824004643533426,3.204582407666189,1.1805257252589247,1.1143174023782836,0.29229794720908453,0.3547164983294817
255,2.1801923404082153,2.46706493707778,1.6897744260324479,1.7212124462447647,0.032140257844866515,0.07693775298242811
256,2.1038618306857892,1.8517002630268256,0.5845156952752926,0.1,2.1932622628599594,2.7705023689048387
257,3.9703110319752586,3.915778329868098,0.31351244437618986,0.31227044316606584,0.15940231094209711,0.16468477159837927
258,3.6637486583212455,3.660764512192156,0.12495305876795759,0.26685747097292,2.6146921805706778,2.3074380849766176
259,3.2811554126357763,3.859048899125778,0.23757133558289895,0.5201571060866029,2.5952370786160563,2.2812760167107826
260,3.9854288557042805,4.0,1.4272576885072972,1.425779186017309,1.3893913200153105,1.3811542675470159
261,3.54745755271723,3.8949111947134916,1.8951207001345198,1.9542852021807986,1.583899880168088,1.5921496648807418
262,3.973813881234859,3.758017424039359,0.4792478979929147,0.4624296340214315,1.4238025503583533,1.3795921944533405
263,3.3679925732391522,3.6507014794828483,0.925177707219619,0.9364861723555736,0.11734399535812401,0.16905330351864678
264,1.7917604353248202,1.5428176727601004,1.0450119944553111,0.7447897532332397,2.5040216847781407,2.649184007748702
265,2.8281455275864973,2.8499682055014053,1.429049684748479,1.4231917837005064,0.2812561304586191,0.23628297436150078
266,3.2232566769015327,3.2104355461395393,1.8028764559846615,1.7969474308089417,0.6020768041719433,0.584125264474529
267,2.2791183394857715,2.3443898194145114,1.1352163073595931,0.8072001572173936,2.2325423804573905,2.599909722426124
268,2.4764660788887802,2.2505822360978014,1.8899446202375323,1.6447966195889627,2.8042157695014605,3.0
269,3.031648607470542,3.1026347759801376,0.3952979073870403,0.3260941814993199,1.6181027582678937,1.803638453079098
270,2.910895040751612,2.8378031030896538,1.8572011106295587,1.5140415044664455,2.4593030320998532,2.7984434820622743
271,1.7629068943885806,1.92213075048217,0.4248250334031132,0.6763171032328295,2.7297292836556792,2.547429210661879
272,2.5290026970673694,2.5188870336557994,1.6503726111029475,1.5527985614769624,0.09777674691162874,0.13958825614069434
273,2.2619402233016617,2.884472390780904,1.8277720126590922,2.0,0.03140836573206762,0.016840672930704823
274,3.3733157993549017,2.974324249608184,1.3365801243930198,1.2159915126605252,0.01981327105573716,0.014874092175247652
275,2.9774657361006893,2.886342779163072,0.6097802647037679,0.6144891334001176,1.1805108326329106,1.0871706007536694
276,3.286941376938117,3.1855974394352424,0.6147324972334619,0.5313406186316063,2.8610382999195902,3.0
277,3.169639048261928,3.592051233722728,1.9275853468259116,2.0,1.6654559908246953,1.5356774238253486
278,2.804846043406289,2.7541968630040428,0.9861964804717328,1.0117195265942625,1.4576212444184535,1.3907438669968157
279,3.2760942532465274,3.322852399867045,0.9441553253480931,0.9492360298366664,0.41091385723462615,0.38640514617061406
280,2.7754210899908083,2.9151540883614984,0.2550514491955002,0.2524830914804886,1.8650461864848318,1.9070834213892098
281,1.8371764916915287,1.8722240641164731,1.5052852910881993,1.377482814081127,2.8385724005785335,2.9593963555592464
282,1.669843070758897,1.5539960131941912,1.3125887342825717,1.336658945305124,2.397037355934511,2.2343055700505716
283,2.945058449269422,3.2258371585339276,1.2331745180498073,1.299912830898687,0.2116970013316707,0.16967651735057893
284,3.5160486110217293,3.522776127551147,1.7465993678904255,1.7137628396768503,0.46629515580371117,0.5519055646219005
285,3.857384592562089,4.0,0.5353862365523355,0.5377596647708685,0.1026465556062901,0.14286254135890736
286,3.3460318124692567,3.3545506763341986,1.7567192860516676,1.786132225387279,0.08186657426993349,0.01890655427708926
287,2.3581090476174036,2.41820908667446,1.5288611622190826,1.508455636695759,1.477577401876516,1.3928488895959217
288,2.7246558368748057,2.79853017352005,1.0412214087546228,1.0423672408350124,0.7457288556561813,0.847248613801132
289,3.1168246648260274,3.2739654099450273,0.339716978813311,0.4791019933211945,1.8767567718059945,1.6804382901527029
290,3.384492994916487,3.523574164430349,1.7965522914281065,1.8063172419215792,1.9009480719411092,2.0040569595615905
291,1.7784015410897385,1.690412089466015,0.395360709109847,0.27227609995442853,2.2757693397282583,2.3062169078014083
292,1.7945372787852625,1.7639934613515367,1.1924388067444442,1.1575041767226417,1.2934474726805751,1.3548503679710875
293,3.6829241544177362,3.7940995265027024,1.6405811360923777,1.5795498658965543,0.9000282014841937,0.8746158735071297
294,2.750915002329257,2.8140780560495986,1.6519394646809997,1.7209812001166827,1.269187316923536,1.3425104829501917
295,3.474120246011666,4.0,1.3507422383620575,1.418950781923729,1.3369279977063486,1.3342688005422179
296,3.000683591657622,2.8122808491232774,0.9945111129786033,0.9782985898518788,0.3514753608794158,0.2845088370670091
297,3.170979699608374,3.1129159558666997,0.2526236315841585,0.1,2.028604191497598,2.314680538502646
298,2.6497368384375646,2.5355312010727955,1.6801733224462305,1.611121131148505,0.8738556865663232,0.8361130969309698
299,3.5541476693497853,3.9051938604327256,0.7795144793435909,0.8499391564409606,1.3282358691344949,1.3184837169762205
300,3.5455790805737415,3.4429939501109237,1.0937644747106257,1.0910472331907706,1.3635312640457546,1.2940668551145038
301,3.9822535949199818,4.0,1.6825583719198627,1.3747583861033252,2.908395210911587,3.0
302,2.698289292316558,2.4852715212748087,1.5896948836127178,1.4409393353449333,0.28428578333270194,0.2353876876979872
303,3.722287355603518,3.9051910260276004,0.7339665736503482,0.7356308141015151,1.415785836088533,1.4704767235462468
304,2.6117924534999304,2.6255433498132046,0.10044159639972304,0.10444782884536877,0.05443920801248703,0.05329219576812818
305,3.0423272189202284,2.8605291353331204,1.9277365215575446,1.7110162075850321,2.8310252637964077,2.8494098093070965
306,2.85725135797339,2.642045545957539,0.8664401443449112,0.828072255796021,0.5638353483714514,0.5680238876089256
307,2.1487639516606007,2.5114298819835543,0.6715456621598321,1.056244799775152,2.827113101254398,2.4933242677719365
308,3.9870987103950233,3.547872433309079,1.7358480796527342,1.6709430085389332,0.20908643450756592,0.15408348710509603
309,2.036196472004669,2.1695329034863784,0.43806698425554136,0.4825838212581117,1.0968050736066441,1.0702132411899472
310,1.7672828030080778,1.6400868072325927,1.9194893689015922,1.5362189462733982,2.076020173765785,2.1835896838210287
311,1.5836128753259813,1.6064043126147767,0.366829779803584,0.320518309588498,2.070188249168692,2.051571724571896
312,3.9959672778679676,3.5819210978949947,0.3809938054783454,0.33919838202699204,0.7200115580231029,0.6945123319156197
313,1.9170161621960713,1.9977006520983032,1.7207610690982829,1.7326747784089436,0.6575967021266305,0.665182637477832
314,2.7609808309391375,2.315765547877118,1.714355958831933,1.5140104351356745,0.11691391295992626,0.14058687097537678
315,2.452308721390544,2.5422712174987736,0.5626498210973657,0.5674345927422274,1.372255615483727,1.3853851268277289
316,3.181197861481711,3.1673329373605825,0.5975755379918547,0.6172584829241975,0.8477777612418859,0.9174208354066328
317,3.6883550825251583,4.0,1.1122818623379356,1.3582887469958271,2.784592243999731,2.4934487281990076
318,3.3380287096503802,3.256300188616187,1.5602471254779806,1.5628327877677275,0.053528894151417594,0.10521234816111945
319,3.3829660861983344,3.969203715300076,1.8475539464317738,1.9821197455282462,1.4258664091576327,1.3503066042131884
320,3.2612448846061146,3.4437265839774502,0.627108453129125,0.7000473804504701,1.077758438566227,1.0803589759373824
321,3.8674365961113013,4.0,1.431226430013726,1.4377887731952774,1.0113983347752868,1.0413722234020837
322,2.6991715732126282,2.8007370997285483,1.385938274092337,1.3649217993792426,2.0530170547907853,2.1911007451592455
323,3.9339122129889823,4.0,0.16221592142644797,0.10000026167480135,1.8141960497802267,1.9756058281936077
324,3.440021141735348,3.454501691582196,1.290384266490067,1.2997822582014003,1.339036249089629,1.364437509990163
325,1.677068271377491,1.7657928049034899,0.5400098975239411,0.583583100566577,0.9494646487910066,0.9090836020573747
326,1.634718850403471,1.6716837192614582,0.48592844283285097,0.5092111418246009,0.2481922380052367,0.2965768495395152
327,2.6772983000860293,2.6608720878304917,1.8004731243897967,1.8205984528435106,2.708363707034348,2.6513228755763403
328,2.903714148033047,2.9179156322948514,1.3953055415387647,1.4144356642676332,2.5141529492053203,2.4957153321043086
329,2.158344822809213,2.327755876462198,1.4877846141155795,1.514476152247099,0.3559253122141798,0.3528306075490618
330,2.6346710827876754,2.7487669785414406,0.5045488429905663,0.641324669886639,1.987495283385237,1.855732010043736
331,3.3328088983111597,3.368792370668073,0.37125198137992976,0.2739235678639508,1.8723901941073005,1.977973472998452
332,1.5194056825321423,1.5,1.9720609964282865,2.0,2.4794013624740248,2.3404561634422603
333,2.727820787017613,2.9952108057490565,0.3199078003559101,0.3807010474072119,1.2662501048341948,1.2524129433403575
334,1.8690877057771846,1.862164165056328,1.507751637973487,1.509341000951271,2.0121692122353516,2.054601740600176
335,3.7550945742244757,3.62110274877342,0.6603415991774073,0.636162245028542,0.1505069992553294,0.16988392932090246
336,2.849066571157686,2.8066033153482985,0.43607696296936493,0.4277288665233223,0.31971796893537574,0.35110789263998865
337,3.9544551689100444,3.8486199009481887,1.1660836851222551,1.1027697519938269,0.6728955798995349,0.6710255949443393
338,2.261590548092358,2.1220252979736833,1.6706991437409782,1.506252223625157,1.6636826507707374,1.5189797003838772
339,2.9683305760599907,3.0673809688701903,1.2999405189626108,1.2757927380599263,0.9946377862388962,1.0837462619620222
340,1.5001964417833897,1.5207653397701506,0.1084410448870718,0.10994662683433996,0.8032753795306968,0.8334575458133665
341,1.600708374021817,1.6988183592191182,1.177961739903892,1.2879973001079494,1.2560305375177476,1.2904938855555945
342,2.144302171362787,2.3114173035798684,1.2509453131241062,1.3974037888913757,2.0691693815550956,2.0955652407910423
343,2.2035441673299307,2.632739140573293,1.5824307519097773,1.7278628108555714,2.088429172230497,1.9548295432765528
344,3.3762138854736383,3.1535556606999626,0.2811607147479389,0.1,1.708284201921726,2.1664414194742863
345,3.853279243809843,3.7114665149090853,0.3175846345669399,0.22123420289856072,2.218800502017545,2.3461564388084746
346,2.686478813709093,2.5501511801350016,1.3587254504192738,1.3038470371553015,1.3337237033278266,1.4166958663049962
347,3.517208256018355,3.4792592862837863,1.0554983758559553,0.9996717634538,0.3479083470767754,0.4053599397843074
348,3.0435809317359106,3.0533938455294445,0.5101162418685443,0.5360713253108411,0.09593303856255286,0.0686243788391814
349,1.5270719491549951,1.5234212052397087,1.1772155807062468,1.1569431990826586,1.8970383925602636,1.8215356768126842
350,2.230818151608546,2.231551835712477,1.5357050852917797,1.5963409527476864,1.8071857565849325,1.7704542032537598
351,3.7449988924597815,3.6692289650679313,0.18106912822795335,0.17493486603591743,0.8224754914336296,0.8283571064149536
352,3.0803571913142953,2.912924515253726,0.5308336661642338,0.5003033110993217,0.11447307694287367,0.11863385217835205
353,3.104695972118827,3.095631705899234,0.970331744235888,0.894424654269652,0.6513488738564664,0.7024513758529927
354,1.8474834079598097,1.8847766448459682,0.4976861518232363,0.4968591410557169,0.605096090453266,0.6441130792080587
355,2.843460415093711,2.7820109337842966,1.3914627146041232,1.392564443562215,1.3317729744852638,1.3473628077042987
356,2.2255815560330454,2.141921024142141,1.2928259167514207,1.245520764025299,1.166889555807261,1.0920249351541362
357,3.849167068230198,3.984710466039022,1.2305968397065803,1.2071549067455067,0.7772369688475506,0.7879086100767332
358,3.7137754189764576,3.4186871226978726,1.5334391732315489,1.4477920786337544,0.8716486990588498,0.8662274586810639
359,2.9470244799570704,2.8794985550943406,0.60814684026684,0.5884217899725165,0.641200089365967,0.6304145986116432
360,3.519372866552704,3.368755969152705,0.245709141857492,0.25173039180134554,2.050855396221565,2.0012976860299307
361,2.634067002171253,2.785717682899055,1.925202918431341,1.967394785482122,1.5344422238499054,1.4619376708940912
362,2.46439430795292,2.3323768231536204,1.225411167258403,1.1217579264691842,1.8927521013989972,1.9506237019887505
363,3.358943992011077,3.3638040925303785,1.905443666695568,1.876970780588785,0.7194332813050572,0.7169163819093318
364,1.875726325729632,1.8501867322795307,0.9744445845146159,0.8868348001416461,1.4060383711179654,1.4995994535228951
365,2.3162044581007164,2.6425600204469557,1.7494135535282123,1.9334315213475775,1.0346321029652157,0.9848054395440828
366,3.2357691680319354,3.179712688825463,0.42644678568208716,0.41158762985564523,1.203594727618214,1.144070888795294
367,1.7215793458265647,1.837639412145692,1.4704454106018503,1.5229414687306388,1.531146153343638,1.5538318062998953
368,2.8307956997837787,2.754482527112334,1.090549696611868,1.0514577096876903,0.9100750959512218,0.8377363069922733
369,1.7304909063632565,1.8804643489207742,0.41490594339495834,0.42713211276918966,1.499720077825205,1.513264482150463
370,2.0830495576847894,2.1282944126557535,1.7577473264382188,1.7404861072310789,0.519154368651482,0.5519975739149521
371,2.7175857052134402,2.531662529829488,1.0494765055900799,0.9526406558398501,0.12847219143891364,0.13412820426509417
372,3.276741325237935,3.4879389584358886,0.19913827323566333,0.2388212312116558,1.6957253571164728,1.7499158383317206
373,3.0978927150351403,3.0702996368866513,1.1257236234346613,1.0741044075519128,0.8046607470291732,0.7532353881995338
374,3.0008570564574453,3.0494286065698955,1.8620547222475292,1.9005390046488224,2.0470739167390484,2.097245155835891
375,3.916062505743653,4.0,1.4132972309536733,1.381641621685617,0.7193508551559504,0.6489003102423743
376,3.2909782802081162,3.0873746299929943,1.9591009028960882,1.8577288201438573,0.6631782790867672,0.701911122417304
377,2.2140212954295846,2.3764285567553056,0.5682856034302515,0.6237977741637027,1.6213223006739836,1.6129443571695128
378,2.9468379991755067,2.764678838803811,1.1802662481457118,1.1315457838219778,2.9728485720616846,3.0
379,1.8170726057828197,1.8079667845646843,0.5165143103110832,0.42547852728340163,2.929626756278191,2.844538982467414
380,3.2779727347242162,3.1180265118365917,1.7837715787921729,1.6454962459428184,0.5556500114673462,0.5349374844085246
381,1.5171226889182516,1.5739756084977927,0.6274809398396344,0.644770699481847,0.4243876974576134,0.4253915501794595
382,2.355130858265065,2.1725608929135904,0.2209803461526167,0.18439208785663816,0.7582821174204036,0.7490600216767963
383,1.51954540592948,1.5687670271193506,0.9068387773762139,0.8809420284616603,1.3381351305528457,1.421068564326405
384,3.40557657246183,3.301716798916039,1.8661122916053179,1.7810471906495224,0.9560482355818141,0.9147117853564689
385,3.676953514539804,3.709966470811274,1.7369831735313477,1.727908806725098,1.867887546061178,1.7462105016063616
386,1.7449595914647043,1.6460172020220485,1.3910950637920132,1.49309193443331,1.9001165705945708,1.7619708977347195
387,3.9250169902209313,4.0,0.4098555677468254,0.41456345994201377,0.1427857685017504,0.15664380019589957
388,1.8784456603636068,1.9344305310045196,0.29820235515447135,0.329563039247522,1.7656491593762258,1.7499890727077654
389,2.385952021790262,2.606345364789334,0.26024372826647907,0.14061525330874383,2.706002730778125,2.9999966168285233
390,2.627717599333857,2.7008092131874237,0.4394916090668368,0.4352367782658885,1.4240899767808457,1.397774816182394
391,2.479515946553035,2.443792401555049,0.17424296643946252,0.21843780851870107,1.802196799136499,1.6836118624224288
392,1.625236511798704,1.6154919592454355,0.9756079690636097,1.330396515506632,2.708691004257694,2.6271848179675668
393,1.8412484013445853,1.9353163752431215,0.6037807716568235,0.9623381792012891,2.8828727537346728,2.58765540371847
394,1.6722884288152717,1.5522569224214124,1.4064434437592284,1.2217681018983182,1.7699007028830234,1.7442513744891406
395,2.2123274995127207,2.3538521302441935,0.6922196259967455,0.7557621615141066,1.4337496204422293,1.3668427341895364
396,2.6691428664812786,2.4338300910369313,0.8022241239751717,0.7340005437709479,1.4260198877688053,1.5230098891969628
397,2.1837391495029443,2.4131940012317967,0.4288201646987895,0.49046586187773833,1.1264904768148498,1.136924896414854
398,3.925477450371677,3.551639725059024,1.3773517255090366,1.2562035186527751,2.324636008078634,2.3572121512110353
399,3.9415418528541823,4.0,0.37315384027594756,0.44396234463308504,2.9667812217517695,2.812224236865004
400,3.3569858220268536,2.9016211480930623,1.386987255129535,1.2263870004398134,0.9472251517353197,0.982395092808395
401,2.288351649392332,2.4310274231796503,1.5836335445435281,1.6692037569920966,2.358534959965017,2.316566804947805
402,2.4442174677563933,2.6483235862611583,1.0372303859870065,1.1302412969022058,0.9172613413009133,0.8526661936247677
403,2.1266310397287227,2.1907851270604874,0.3953621661521415,0.40889496181415586,0.6445048708210674,0.6526869139133141
404,3.851061611149203,3.642731877845735,1.6417839730909858,1.625183231978316,1.024838207023073,1.0121544967110134
405,2.458213404327518,2.4411758704404787,0.4309671725292621,0.36979286167311376,2.813117977081997,2.8661858983705755
406,3.1560740375544474,3.5783553355271023,1.061325840940505,1.1807430700976835,0.36458061724491553,0.3668253078595414
407,3.91208025967834,3.864735438893017,0.14466771249860422,0.15184761449299022,1.2684600440621496,1.238672740037832
408,2.467206309386814,2.6655579121585906,0.26371734280158315,0.3118284381970417,1.4253368580550876,1.4826752052593826
409,1.9365574616604284,2.3147859724991884,0.7461997650581484,0.9252600309878116,1.4841393175916373,1.422571679520505
410,1.845553415116317,1.959298233343494,0.17763065606460499,0.19712980310332298,0.3901635501976156,0.3732346169833487
411,3.9421341981531786,3.8866692379318133,0.992193528777389,0.9600653418966976,0.6883657528804605,0.7537150317465805
412,2.2999199945252116,2.2454623290059272,1.0185040720871228,1.0214667668825093,0.2875482709327689,0.25746793003319496
413,1.754255723338943,2.006507923824836,1.857867056191917,2.0,2.2576674110516843,2.063059441029253
414,2.4466947902781206,2.5258610768037952,0.6656934928042039,0.8961928226117095,2.495588082953531,2.2902296390533086
415,2.637173349739668,2.7899120515984652,0.7335986990865772,0.7338128716330576,0.1066892933107021,0.10325795931949844
416,3.5575998114245544,3.3549470491784694,0.9341906280074883,0.8485657981992427,0.01659593726235753,0.004294167257890906
417,1.861039974188423,2.152150188333594,1.538563428403853,1.6272082853898129,1.8410153129575848,1.8680537366810988
418,3.541900831133142,3.8373779596067035,1.1365180366258727,1.278812479350389,2.0852299203322926,2.0882422911071314
419,3.754832450754016,3.9389096100521446,1.4090388291409013,1.472430080531604,2.094689070020449,2.0327476633748165
420,3.809106657545998,4.0,0.7022613773993863,0.7304904127430488,1.588591904726247,1.6745866322360285
421,3.68093114831286,3.5098005801233185,0.5466408133916243,0.48726455998343415,1.1555499729405052,1.2091087583578213
422,3.9407496551426417,3.4377169118258397,1.8024320111486307,1.6612698201461402,1.713168916753186,1.6382612471890141
423,2.036414705024795,2.0386184329400785,1.425759081917026,1.276249276790917,1.8503488511203248,1.870299173827834
424,2.7566744088675295,2.354910043917165,1.8146035945337973,1.606085068772175,0.44170071727590865,0.4101996617896553
425,2.341709473933264,2.4706103907446577,0.3381420877007832,0.30766438570422266,1.809007950330234,1.7996711040636886
426,3.904422379430083,3.761448645145696,1.5479764204122666,1.5283284938354276,1.1196391852229053,1.146085660555094
427,2.873014885273298,3.093044565669767,0.672286271365143,0.7009064257071783,1.5207098033414523,1.5436498139853594
428,2.7165779810891695,2.6605471264709784,0.5956842826761803,0.6673428612496461,2.0072392556033245,1.8395467625368014
429,2.3384055790136973,2.538538552157233,1.615258788143315,1.653056124397791,0.3590183988395307,0.28734832677781574
430,3.1976524547496368,2.9613947742507496,1.248266723792859,1.1575180976008375,0.29343413863541656,0.3193413613472796
431,2.903206701250445,2.933212281090522,1.1598352885727936,1.098322754487922,2.721833532844035,2.77233725183896
432,1.957520199497643,1.7393162956827568,1.5921364088890575,1.3391840487183853,2.6885114068104308,2.881416538870496
433,3.0633425358710547,3.1406544912046854,0.23485743758783867,0.2337569677345244,0.576414940722539,0.6284593709121384
434,1.931609517497361,1.8735555358883098,0.8204236542067327,0.6686818744952984,1.5578113747242448,1.6421867095369964
435,1.7881091887842224,1.8502958485991852,0.30544608616590685,0.3044632121198579,0.7293704015662297,0.7402670932335697
436,2.546122028450964,2.375288715585523,0.337374374547475,0.11642246008461736,2.472838500553241,2.8408982077415144
437,2.8984873699799856,3.1585452632265,1.6807886210641598,1.6861950914920174,2.376107641269405,2.4576287852808427
438,2.7083390620593706,2.6823783813873594,1.1116850622189254,1.060822668887413,2.9480681623280556,3.0
439,1.5529065180912514,1.6460794089850892,1.9921722366318955,2.0,1.3657648203350172,1.3533701278131107
440,3.0703564848289178,2.992946404624566,1.672770837434174,1.6382511932559833,1.1696598227240083,1.2129704076251664
441,3.5174673694549545,3.559367041063659,1.459012826360678,1.4412955099505418,1.0891811999149892,1.1688055991612893
442,3.63175280509939,3.579559926838209,0.1002291497282483,0.10744424115815594,0.6576163191066559,0.6545241291646808
443,2.999365265175511,2.9818991226204603,0.4597425244389737,0.433510958085759,0.778438486416856,0.7849876071880088
444,3.5128852207773424,3.6541121883356866,0.35460835574953486,0.4411109429990287,1.8299476030007742,1.780382415444648
445,2.1072394810152693,2.403596556602727,0.6939275264585967,0.7570816436009029,1.5574752213474836,1.5062715988427704
446,3.477157418975121,3.179375942218343,0.32009068945529484,0.27851810362969953,1.2452578571328132,1.218316462937067
447,2.3651614787342465,2.6285214051169543,1.7399179306133115,1.7826371551755578,0.22210477669934325,0.15912862285556262
448,1.9017395494161433,1.7359055938486907,0.965278156076824,0.8937045770366265,2.5192863971453505,2.495411549485995
449,3.592671045515356,3.7444629424841605,1.2614440547734664,1.233884928792488,1.7398976469958174,1.8137630101093278
450,2.9065011408236248,2.8621893172481214,0.29604364777536596,0.2763890779078439,0.8328850367458531,0.8192096781888136
451,1.7081257016583424,1.8076481604351455,0.648673014647723,0.5944193432024629,2.732513381708737,2.818318973763695
452,3.9031383203105166,3.9825989482736723,0.4698659407301975,0.5571083573193241,1.9027845348916972,1.7651020364193666
453,2.38502953899125,2.539289242006456,0.5672865894332612,0.5965848311111195,0.6281213301331235,0.6246617015015435
454,3.032786678866948,2.669497177732632,1.2949844495591962,1.1931935541475265,1.1781448779341164,1.220793641241434
455,2.5117223152662342,2.6355618459996677,0.5646666718828606,0.5765209610309779,0.4187651870669965,0.4351577776140694
456,2.0996677371540025,2.0448524480403965,0.4271587679207055,0.40584661525691573,0.5495797679936525,0.5685139630416077
457,2.874316340920097,2.9469551177514504,1.7291484462203626,1.6828818707178463,0.6165994030299393,0.6367665037414144
458,1.9165912330060006,1.9270543139271423,1.0537711386178406,1.0352439096635135,2.618853800187024,2.557181112147405
459,2.4693227231149373,2.415243289462547,1.5331342004307944,1.4982537841734238,1.4573707202020005,1.3948518421725038
460,3.345142553760308,3.1804859213900905,0.550249570665457,0.5491312336567208,0.9361760217687942,0.9156202406210673
461,1.964549955600269,1.9760455143183606,0.4568815199603735,0.4266323620226793,0.9341989934786881,0.9483530060446852
462,3.876620111552317,3.781000755695858,1.7075089047967544,1.799028940299156,0.8250123169765844,0.8327687385927118
463,1.787271769592411,1.8386329945065032,1.4804183918539768,1.4949698246105763,0.417713787928762,0.3948568864522496
464,1.9831103268215053,1.9052251338999882,1.1763706289686326,1.0142074168847315,2.7302421528507237,2.8171194679202394
465,1.8491135683591091,1.7405442699198348,1.7457871246359737,1.6206314668373671,0.6986171339476274,0.5693964472132198
466,2.0400135437151956,1.7075112726877553,0.6831675702304325,0.5443276145369703,1.9440299834901724,1.8892728811668165
467,3.6852123888754122,3.784947426720439,1.4607574955691862,1.216619622992927,1.8491732322642433,2.0902733439632675
468,3.3167428834919495,3.2114911004892277,1.455747459356223,1.4177255134240043,1.3664742835054928,1.2912536809508788
469,1.7181535147487732,1.7604611724856507,0.14486564836800098,0.13798269644616815,0.23134144736523643,0.21916218924471673
470,2.165889071579718,1.9992260254502119,0.5958500937319746,0.4974423782816485,2.0956953845446127,2.190342496675483
471,1.6866999031642673,1.7449234271007288,1.3223974928027171,1.2646161255077364,2.430179835981521,2.5400830208617124
472,3.325569581582703,3.4575328305511768,1.3232262143335323,1.3337359790166325,1.5964909791801802,1.6143127189004918
473,3.000392157356609,3.165616157962475,0.23916822824191245,0.2351660289176597,1.0080780853379971,0.9629888016200356
474,3.698061196546983,3.891742560870368,0.23401795143579032,0.2361138335414434,0.23062425693431343,0.25665029962684477
475,3.8783450278160188,3.7979701456260453,0.4654855182513664,0.43920135512386504,0.23160168966717432,0.2006576667988268
476,2.522002518030354,2.5609016150571007,1.8629080936408344,1.7756889747683604,2.808101642038132,2.905176817609039
477,3.1786058850588725,3.1387451590748108,0.9945516384401656,0.8825050405718904,2.930224196402653,3.0
478,1.8701494914158032,1.7635046279937279,1.9751871311934746,1.8650601305935999,2.648496165783714,2.58663643094312
479,1.724185792789442,1.8147366936433638,0.8904736395795758,0.8723254948654109,0.3946336876815645,0.3861890416548008
480,2.8118693678647326,2.8657911610910807,1.6570227928185555,1.635114528207939,1.035872862881341,1.0289015016603649
481,2.8120997929982536,2.829529267863655,0.5415105973429633,0.5322040499536312,0.5959183891965898,0.5679709947795171
482,2.4695965617055573,2.5092295285331954,0.908028849414267,0.9434395999805832,0.13387767382641602,0.14885229171985545
483,1.7891321415528858,2.046956079973584,1.1405562529339874,1.2620509164218396,0.4900043085659027,0.483052541716509
484,2.969394342546329,3.089381040200001,1.7933024790317331,1.8050462309866293,0.7207414442866664,0.7973501757577226
485,1.8809060124013426,2.0538400852710543,0.39112256861963424,0.6121602924207055,2.302885661816755,2.3259124749661035
486,2.681648288400833,2.5655202870991793,0.27171375811071186,0.2879309194183707,1.8276978840733973,1.748555727664824
487,2.827019384762997,2.8875190991592743,0.9771752743127593,0.9768607291219211,0.7873276610449781,0.7856048519784359
488,3.9055847064845324,3.6186870200578265,1.1947122612557857,1.1604486093317326,0.5301814973608477,0.5001867150290935
489,3.4659042580094077,3.4495496865327766,1.8714917989512159,1.8379262720669851,0.7827575943971249,0.8114233628804973
490,2.819106567685054,2.704747713698688,1.7296781585683856,1.693310258026692,1.8704180285383933,1.92429650330435
491,3.9710044667255295,3.7913074439390364,1.891267424400398,1.6655609522275654,2.43800329458639,2.626656746714041
492,3.513349907310319,3.4191888362362697,1.7418802682744072,1.6641001891549407,2.7761357978734242,2.8275239163646946
493,1.6369126363657844,1.7586596015630072,1.5756495934940236,1.8428034412038525,2.288398040766307,2.2571627413144038
494,2.722766817129481,2.658996234259735,1.353873354259704,1.303481582622511,1.5122161682613142,1.5922871920791581
495,1.813878225013284,1.8274807971288034,1.0422374914543244,1.0154125792872504,0.18633290560014415,0.16537176005097778
496,2.3038822709483777,2.183009432579774,0.38794653078237307,0.1467794673515646,2.7356800349167547,3.0
497,3.4553235133008124,3.5167049436987337,1.0791602556896045,1.046321912384476,2.217298027854947,2.218420936164604
498,3.4202713896993258,3.2196903759750457,0.8978439292091471,0.8529669513939483,0.3564177559660189,0.33698137830503855
499,3.243040303026718,3.2091180094892016,0.8667490118302866,0.8496695406215824,1.1597046496817631,1.0841252091152893
500,1.8277891184321804,1.7813030252472004,0.9239495992148,0.9603559842799962,2.6129401477648635,2.49528309938202
501,3.8350227339782794,3.8067858258384932,1.415669624072406,1.2450031783804947,2.8710466745740706,2.986502594163165
502,3.301073205210888,3.3590060063310334,1.1574112179836344,1.1682989168526354,0.4777530654918297,0.4703986956895906
503,3.9481888004831216,3.8967877079791426,1.8915600947944364,1.8181591444118421,0.8778360892361634,0.9331387274597532
504,3.088479613004022,2.870387386584151,1.6011244124832715,1.5048147928492195,0.9852977276106377,1.0426683781431063
505,2.8280557822539585,2.9885563847668393,1.9380906466940124,2.0,0.33040875335961706,0.24389391585509
506,2.1726987504926205,2.015692289412876,1.5282367941466497,1.350096213443737,1.0791717760841428,1.2257131958623142
507,3.3730337673603223,3.1361396489243543,0.8975501159722332,0.4533062146831487,2.3304731340067306,2.8782195420631544
508,1.6411036533283638,1.5,0.9825132139065968,0.9431794760478589,0.32937088420178795,0.39247809742810874
509,1.8559013830976887,1.9126533533559182,0.7169600887972749,0.6787570572275382,0.9030641922605889,0.8452824677535721
510,1.7866502245279603,1.8539028393821226,0.8092676525372322,0.6095287458248669,2.283003724092627,2.496975120203416
511,2.6589767564796567,2.6214570305722313,1.9340283828719609,1.8608574194212442,0.35792310562572593,0.4956906196733709
512,2.1642785544190373,2.1309604483653395,1.0543406805357487,0.9428554270153481,1.7479085664497673,1.8424151320399884
513,1.942970304175854,2.121374541305402,0.9086680023182828,0.937411377090991,0.4097258089639565,0.4540767481914618
514,3.311856769575097,3.270714550844229,1.299929013150325,1.3075257641081084,0.27969581871217186,0.3038194983425782
515,3.384344618460818,3.409232690504625,1.1916123122746398,1.1663120320675964,1.1679952662407294,1.199959026472236
516,1.5319000013427708,1.600702577170176,0.6194509513207489,0.5420668574974757,1.6727085349188926,1.8483966296440335
517,1.8583776232767597,2.010800616975685,0.8090130404873613,0.8176738089058553,1.4098771508200931,1.416023356298429
518,3.783091720608083,3.3981822246346156,0.4553005246608005,0.1,1.8272116712373438,2.4312852852583653
519,3.488002227094504,3.7718083345770115,1.3061016224184103,1.3398770068865695,1.1320558938965424,1.0473244582356065
520,1.9222580636906739,1.7796502796351648,1.6265418996797105,1.4403031106493966,0.15343645322855315,0.19358575944871653
521,2.720344054347792,2.7406742617169617,0.6102677076576398,0.5434638433876151,2.369014514364406,2.4113577032766496
522,2.997558056317897,2.9443341070459423,1.3171291897174828,1.2756300849293956,2.9323541942047044,2.958769086280709
523,3.3582307357850416,3.353046343038691,0.8230813590129156,0.6546899897959203,2.8688791856969225,3.0
524,1.7549334509588033,1.7663333515375144,0.5181537525659394,0.7803253591929855,2.508367018083818,2.2290142338421615
525,3.4233705109448795,3.7125898882927375,1.2678237344155996,1.2703983077582472,1.144077451597167,1.1531575869066097
526,1.9407266595149872,1.8207663401262872,0.5070989944093298,0.45060942555862354,0.7212663889737796,0.6836390246186762
527,3.331380747159817,3.4057472218516303,1.9002642721063205,1.8528843033368945,1.212572178250657,1.1428975262062533
528,2.831950386788634,2.728880705871182,1.4394022413487155,1.4159375801460223,0.2972247978935302,0.32337380910126
529,3.620996568109349,3.8766182128292255,1.2825964503925689,1.35529029390576,0.8119451196631052,0.7198787480992007
530,1.6187845710705226,1.739731485087572,1.077954534198956,1.162512658638274,1.234004842418286,1.1893811766172795
531,1.830735914166742,1.9467993824172027,1.2898910900560416,1.4602710359335007,2.8919423124275836,2.8353069268051434
532,1.500232162482828,1.5,1.9973357196605463,1.9524367829008789,2.0869178722000923,2.090399315092182
533,3.262530556920834,3.007916892799221,0.2196236939280822,0.1,1.6677720272056722,1.791952267936377
534,3.365092204371904,3.5738839266775013,1.6802811300787204,1.725531074260941,2.510099341259092,2.4543712846686923
535,3.959006010424342,4.0,0.4864182867373519,0.48928254219338047,0.8795662716140179,0.7779268987673621
536,1.6061707135714167,1.5795975367875041,1.650427264334282,1.605761045341285,0.9442836466526916,1.078436691860388
537,3.541138351837995,4.0,1.0011713166009257,1.066575705590629,0.7438512991258802,0.7746179379422249
538,1.9664152128390913,1.8581297696821093,0.840453521413016,0.7891425665060714,0.41915889222714475,0.38931037423045484
539,2.54879437917318,2.4905098422655705,0.40631755119338986,0.3942199511744909,0.07678293032810057,0.021778190591046347
540,3.519169692234865,3.0572924623148228,1.4634439247347615,1.3344266123742419,1.0446067027129424,1.001794117804139
541,1.5280169823593959,1.5694128439325974,1.9590773324410804,2.0,0.40484463821608285,0.3716360954257459
542,1.798186735842355,1.7261259217764506,1.8929714430047664,1.8389803062877477,0.4946855540155385,0.471864877135336
543,3.2714152211438887,3.185951038833877,0.29569575274340265,0.1,2.0460662924131263,2.4205441508336367
544,2.8218481131372153,2.722284355306451,1.2662163687096482,1.220243905829344,0.9830074188473951,0.921415091457988
545,2.7728170749375094,2.974453682968548,0.9873499691861373,0.9572821694987784,2.032609049535081,2.0857712816901772
546,1.5104935088837996,1.5,0.31903731046428585,0.33267372660644456,0.5713302624714675,0.5134225717483676
547,2.4770126625410525,2.4350359581653502,0.47354161534648576,0.43953428577949216,1.0809301875210582,1.1047940611981055
548,2.777449340685224,2.9205712621004016,1.7473262488562529,1.8637169319210107,1.6296559866135931,1.6749976563197135
549,2.751610781507839,2.932338720091283,1.4049457357383535,1.3467886958629516,2.5235031870071705,2.556678534106895
550,3.0500207790194462,2.8099552204443032,1.9121881324864338,1.8718191671379343,0.3204820347393126,0.36746945416099736
551,2.15047547865862,2.345572597249769,1.9323706621970513,2.0,0.7961642197262134,0.8400943419794135
552,3.000898119263326,2.8783286146033684,0.8065847546695474,0.7745662618700756,1.381460449625974,1.4184809899971749
553,3.2774749123055145,3.309034188047848,0.258687415423546,0.2663819959384267,0.49877659824133747,0.4708236304286841
554,2.6601948778405267,2.734823140298234,0.6100666350253935,0.6168060860281058,1.520558937077912,1.4861284757261268
555,3.5603326434009017,3.8808781442683107,1.638620641839678,1.6994253555340004,2.1070899759400774,2.0156209480497327
556,3.8020607044181074,3.562191681908878,1.9190865106005695,1.8577167845169746,0.47317624533669944,0.5817003441641865
557,2.2627212051375665,2.1250682593887036,1.862715628687728,1.6421522780082831,1.9797430501020141,1.9264261273289098
558,3.061461753956303,3.1372466999575126,0.36269818966590994,0.37619171176985355,2.14639015037119,2.2160480404821663
559,3.988886249605839,4.0,1.592330793130839,1.4585871876411352,2.9832375489782943,3.0
560,1.5787641697916888,1.6624620836914363,1.68356918149788,1.6746604228437147,1.4084974093015,1.424088840910948
561,3.0789955878381043,3.4288097813613994,0.4830554141940957,0.4711379346901827,1.85348172889668,1.855740084629763
562,1.8709923618217623,1.8086930315476821,1.9949452228184017,1.7510126627497593,2.7867525424297814,3.0
563,3.6202198911567356,4.0,1.3279175275888302,1.46306333367369,2.805587320978591,2.564807146785364
564,3.9883370379320064,3.8396168183534933,0.44213206384994896,0.42731759975714945,0.5794638324776318,0.5698832004648658
565,1.5497382411686402,1.630990455874943,0.6718224433208456,0.7134867704077638,1.2811956201666193,1.2459497403386615
566,2.9892876043283434,2.6851294716671754,1.8202616327556194,1.6625050986326426,1.0440654539994005,1.047651148748797
567,2.7348882436761133,3.0146814526120154,1.3628841750113927,1.432134569777491,1.6931597577398896,1.7027036454737814
568,1.6712226891126558,1.6895805159005484,1.4705854755467653,1.5166058650146093,2.2988036517938335,2.171496851431031
569,3.288017231245287,3.1382936595448094,0.5187126096797172,0.4891459677629586,0.8190515989962615,0.7860196844220251
570,3.8764298506625505,3.3418076404721226,1.8092681419283358,1.6301265649473713,0.5076876163066802,0.5036154523069819
571,2.5542099100775664,2.727571350894031,0.6579629912168686,0.6145439392987785,2.116117116252667,2.3442094937546525
572,2.985328426997953,2.9648166472697577,0.4207671383805207,0.18656884459974576,2.0305873787879403,2.4800702584229626
573,3.8686907662574623,4.0,1.4475520510732447,1.3962130623185875,0.8167718076878049,0.8306801619294543
574,3.9230985182467037,3.530972200557023,0.997399382922003,0.9220999262643979,0.4716661885292245,0.4744946067706795
575,2.00938754689375,2.1552486299404343,0.19779650222443854,0.21248385730275643,0.08780771084280692,0.08350309193568786
576,2.2969324327744087,2.201885166652564,1.588111238587446,1.6004724141335276,2.632446874165434,2.611406786071889
577,3.279138689291209,3.4126138989046977,0.808886809325088,0.7449853324546982,2.5846868652126718,2.700159217907431
578,2.71412973132182,2.4759966612970694,0.5272316287961122,0.4199762244471183,2.668216812527702,2.697640367799606
579,3.728746319669149,4.0,1.5226541164646181,1.5840424461344027,1.9752481959002899,1.8813775209583474
580,2.4436324955392816,2.4597921905741735,0.8852753286994357,0.8952870602722078,0.37892758275432115,0.43851045731667854
581,3.064746807891043,3.5564812935389893,1.7174124275861504,1.7370556060180162,2.940481480432034,3.0
582,2.1398845775229356,2.032218583859612,1.6349625818407312,1.570961708459315,1.262636354007519,1.3444956611050485
583,2.1582456233041287,2.0951359267916234,0.8466111994308693,0.7818266908827991,1.2612255545916098,1.2748806331191138
584,2.2672640116657803,2.2585420968602206,0.5391735372120579,0.5009702179985625,0.002042440487385888,0.07931032465352927
585,2.391218680365693,2.3969488661561598,0.14518370604987368,0.12589776844696407,0.8562971384497985,0.858466489210244
586,3.315170357290567,2.7944439594734387,1.4041082969340037,1.2124935559388281,0.7557535116235693,0.8373361035493204
587,3.145081521448119,3.0128933986632624,0.5463844059756777,0.5187323737148188,0.3609163370171523,0.31564256236580585
588,2.159671959839547,2.2006180854847686,0.4436318225434962,0.4258056442458657,1.0789679795735156,1.02486803734819
589,3.7896101954202126,4.0,1.4366755840340621,1.458038257982379,0.4530489937901573,0.43458821135180786
590,1.530509094280737,1.6093618312170335,0.78443493864303,0.80731445397326,0.6155903598352813,0.6344955431052504
591,3.2096917080303458,2.957142555955049,1.374347091456914,1.2691962020302208,0.3472292437623531,0.2719935595920165
592,1.6259163073600653,1.5,0.31760767587374655,0.22136261332368903,1.9871890252868434,2.089790041762567
593,3.685501970648306,3.785750505319999,0.6083564098848067,0.621499657506187,0.33411632257607626,0.39601047986914445
594,1.5230493242384766,1.5,1.6956097973449196,1.697452677224511,1.107370147135565,1.0654627264261483
595,1.6991913532164524,1.8374560319839157,1.325627160301713,1.3787429401841942,2.4711773378038355,2.498103589783747
596,2.191933781033886,2.123426783394565,1.9066958350834138,1.6538063309544375,2.7120694526909626,2.8902121186883085
597,2.522774659044479,2.7237920317704174,1.5675119450012047,1.462276039976136,2.6523331803775787,2.7730878547281526
598,2.328285936478444,2.256239069383335,0.6739516708487852,0.6677942974068929,2.207269811136886,2.14904121445534
599,2.01112639166285,2.1920634058154667,0.11837370222236523,0.4549593151217918,2.8639274346510715,2.4477808287321907
600,1.7096726347990463,1.6609065067542275,0.41489311588787914,0.3567961301808852,0.5309279640187834,0.5668656097111485
601,1.7279319616710407,1.838633863585424,1.056283991506045,1.1074352317713543,1.1661613649074165,1.257626180987243
602,2.4088135572933744,2.060589458112899,1.4724377352865288,1.3349999610028451,1.524779918727758,1.4995444518199628
603,3.3385274426414964,3.632304322448375,0.5838388008143693,0.8263255584626084,2.612311811322416,2.3323616333680866
604,3.876789695210272,3.649397564898047,0.427911653574641,0.39493562234536317,0.4434095807749209,0.44703069615021057
605,3.4825242109914414,3.9197280765028144,1.4449990975199827,1.5013904420876163,1.7601798867315908,1.7714578718449625
606,3.0154330136810046,2.827881417520751,1.3420206450372225,1.3014035230260432,1.2401142424352938,1.39759556863702
607,3.542855715872714,3.6632113800796535,0.6339826011093981,0.6529653628171719,0.9897444613402657,0.9785148051438545
608,1.7977655702019102,1.6898621075610176,1.1639918135498766,1.0439519249661882,2.653134729177191,2.749949770310749
609,2.7318468127870243,2.6839043832581795,0.16659949551149772,0.4549301515411355,2.519000051661846,1.9644676803186574
610,1.843320996478862,1.781061369785815,0.22810245135886767,0.19944047350362065,1.4847095363119058,1.5927651700594165
611,2.7631758987074044,2.8737379611599008,1.6567810625088149,1.6905747743755668,2.665441467258403,2.5910432889552046
612,1.6768124365312516,1.6390663391443197,1.5651042076518065,1.4181907550208448,1.405484454005176,1.548873615814618
613,2.7223280162022325,2.737938124812429,1.3718349201072007,1.2882206432849574,2.0360792005534414,1.9568816286911717
614,2.587249668103305,2.576546836276055,0.8996077889167117,0.8837095869184219,0.9390458037821333,0.9496181085594754
615,2.673077469070768,2.8426672910916424,0.8122663909460044,0.798901512681286,0.4702931027661035,0.5276884178070176
616,3.700284522744319,3.2271072916825165,1.8092288292371712,1.6434063759918975,2.3089857874562103,2.27021663266346
617,3.8265402260551244,3.2579979672899575,1.6597191064760883,1.097088932529521,2.457067196016699,2.8470892074720773
618,2.697431438437932,2.759248972505344,0.2450445923217347,0.2565448325827656,0.19107745833043732,0.19613387315217284
619,3.8381519534320554,4.0,1.0497871749203844,1.040989633638411,0.4137690478036814,0.4152016719835142
620,3.6607345071306865,2.947235194424114,1.5744603717779568,1.3114234307007204,1.7954548749424708,1.90180612221553
621,3.4734996323408756,3.7155437820602932,1.1862924935111716,1.2212694406850475,1.3454938604021027,1.3221797363493826
622,3.0592009399191893,2.9708762933339545,0.8512738499896395,0.7447813355259194,2.269043699089265,2.457184761976959
623,2.8460094803779863,2.7683755546439803,0.9884708821238569,0.9178371587764921,1.3711209558162762,1.3923925355274103
624,2.056019581093601,1.9367516725475855,0.9686376517040951,0.8240513347726577,2.677401887495311,3.0
625,3.976736676184215,4.0,0.7859998100255267,0.6377471738280075,2.9776770001342294,3.0
626,2.616608222808968,2.5695579176420376,1.9666937499271961,1.8528083753378952,0.824508730832632,0.9874289757633486
627,1.8961211291258702,2.0312850195229575,1.2462939264431794,1.2546640510596498,0.27144478417275797,0.32098936145761997
628,2.043076931325573,1.9152301779400491,0.14440138929666593,0.1,1.8414398103016554,1.8917594366634514
629,2.879826410686762,2.8301583507578307,1.2110652426823572,1.0462818533728626,1.8262217900428235,1.8053781054513975
630,3.483954731636808,3.777497097199366,0.3580689648555536,0.4106756682468284,1.0478405202937644,0.9752274827021672
631,1.8339125210836653,1.8309533913350329,1.1418468487559548,1.089723547415402,0.5558095668754602,0.49768545869936864
632,2.403548407799696,2.4439609791357593,0.8845039180923389,0.6652522949174897,2.2360433035364706,2.4530678620825364
633,3.8354971615061464,3.875997901974999,0.3978919407246998,0.3823442095177881,0.7699449060031431,0.7437371818356306
634,3.758312755711958,3.4508049915754584,1.1008795888280951,0.9751152373892017,2.8367891033754833,3.0
635,2.433187272915154,2.6525607221238365,1.912474764589117,1.99847944902158,0.5350480356598095,0.5064110805307154
636,3.551245382744993,3.2511194238460366,1.5948489051330559,1.250861897521357,2.386836082830951,2.63178146556248
637,3.4477012109276974,3.933339006923971,1.3207845994650578,1.371936727749893,0.20005009466861357,0.213888883006752
638,1.844464705454168,1.6625692639128489,0.6399587934061135,0.3488291931650819,2.715324216183296,3.0
639,3.036120554013685,2.9750761580264773,0.3559581522608368,0.2093616528753671,2.242577436900409,2.54618971891978
640,3.7108321637386514,3.4603557592095107,0.7176298220438503,0.6942604859053507,1.0093690919664302,1.0331664894499706
641,1.8878543971647952,2.3308341074846757,1.0193709442840295,1.2094513203077495,1.4404023840972262,1.460105341402372
642,1.7763918492979345,1.7477084580255895,1.2927375735342268,1.2239780220226983,2.076214460701547,2.2336463730965193
643,2.0804003776513547,2.2864037249203224,1.659544799856192,1.576537597880692,2.2946217008880923,2.3868396791525925
644,3.0416222461430618,3.0943710628856858,0.26776092186386313,0.30128686532577087,1.4103730875604366,1.3468291714387188
645,3.598932616123091,3.6382697934004518,1.000090341866684,1.0253329768441353,0.16216185931645632,0.1577432352409302
646,1.6061562054632235,1.6062841390355458,0.2048871979571524,0.1,2.3167246998256226,2.4694447133302533
647,3.3564930821823924,3.419715676047736,0.42461198363164765,0.4170585901845954,0.1543377589671293,0.15340635227678223
648,2.7737318235126347,2.6824357027944497,1.0882486388357149,1.1330023662542346,2.190047414638034,2.1577981895346077
649,2.6411631033873157,2.751929682846342,1.2359541889408256,1.1997096938651242,0.5725433931399498,0.6228893511622429
650,3.9435887212351544,3.601414632273249,1.6605325184093696,1.5701481484990507,0.48284040360079183,0.4117482066623588
651,3.261760928723378,3.192326311340299,0.8276963245763851,0.7616069855014926,0.28280663330365186,0.305343571905228
652,2.009185378653063,1.9474879684172777,1.51575097955207,1.4434576242676112,0.6087911814913406,0.6298171290333218
653,1.545291807173364,1.6920245407336134,1.0138338988687539,1.0434346175829223,2.182053829145544,2.014065975491708
654,2.8724061048490377,2.6850030445355295,1.6867299583099584,1.520935295034797,2.305431534851837,2.336337080102833
655,2.2583292399580692,2.269639888969664,0.8209051815978311,0.8655880818678353,1.395266088190772,1.3010691938906611
656,2.0200051553950864,2.1708310555119987,0.44896683349569777,0.5079683188759714,1.7369025803197635,1.7425836998908935
657,2.623923337763094,2.802313240863407,0.950973733480808,0.9675080398917025,1.1441090765216817,1.1768225229272917
658,2.377991922509908,2.3523442498195166,0.8390010102947746,0.8472918042435774,1.2524101293577226,1.2086541951118281
659,3.1729613233976797,3.1866549065420537,0.29187627083010703,0.24384518743564343,1.3428937092394249,1.4160792272415088
660,1.7912493468628343,1.7188175048129786,1.342784486266994,1.255289033324643,0.18022695674243938,0.2966826199325515
661,3.60603661965403,4.0,1.5910947425821025,1.6084251117787278,1.3524313078824068,1.3274056403563477
662,3.3032835452293217,3.3580218822764554,1.4126607352454386,1.4001177939202512,2.6006832962007276,2.6821462898232507
663,3.465543554227591,3.4048277336649564,0.12230573200978789,0.1345681186449947,1.8832457939236837,1.7562365792367933
664,1.5176402551367347,1.5,0.23867449417073122,0.3590403758986574,2.9849707998574866,2.9608315622134374
665,3.093324421873739,3.4909330544126247,1.6581840173432552,1.7336266423147146,0.1566348373194213,0.12877096246894268
666,1.5764801454753636,1.5130775342136873,0.9304035435677704,0.8336879552331216,0.41913958080623503,0.4776047481149569
667,2.525841431530109,2.4086014333738324,0.17199405287657674,0.12977317101821514,1.2356064364377155,1.2164420101837796
668,2.3793855685758203,2.5266520424306194,1.7320681889442255,1.7590203234816777,0.5088220870708632,0.4926064639175698
669,2.009553831639727,1.9896564348529782,0.42386741710887554,0.38562945480560634,0.07276846311749186,0.15840074164575874
670,1.761850109977361,1.5,1.4669200292173954,1.2267232430213049,2.7102011493856857,2.687595228121464
671,3.0671486989267183,3.3453162375023804,1.3609597337374841,1.444986584871829,2.6422745027570738,2.58186196216708
672,3.8017533397452326,3.7661821280721877,0.7160297340331687,0.6793186028393601,0.8843666791302828,0.9207118872221327
673,2.168916572138552,2.0427912697114956,0.6558827352595286,0.14493256338604155,2.4577091578228374,3.0
674,1.9945441656424563,1.9863858387703388,0.29931305075779135,0.1,2.180177363441908,2.522358482421037
675,2.9141706515683095,2.799005032476241,1.784071294110478,1.726413418478979,0.5998615439164403,0.618055532311916
676,2.0762984644552884,2.0480894919702104,1.7545419092707737,1.734496202812854,0.2985372367182123,0.24817354240720266
677,1.7410306981967094,1.869397740813569,0.8279731446486419,0.8501137675152922,1.5367666167254757,1.5699542491778615
678,3.2989285867387554,3.351747895234573,0.6765755913995992,0.7017222060041028,1.742138523835126,1.7965242809261415
679,2.57444470362074,3.165368981477081,1.587094616333152,1.7147212186970502,1.1123740407524012,1.0974953471810076
680,2.234403178465808,2.166745151856523,0.3496416628519896,0.3192569635864815,0.4760014305798098,0.5295651569409159
681,3.719103941810929,3.685394602391763,1.4277847814840592,1.346289589843756,1.3825666349785186,1.3245605691252134
682,1.766238564269495,1.7700773479875138,0.41478643301795604,0.4454251183009803,1.3265003382444396,1.2391909542549233
683,2.5815229997619196,2.734464934684208,0.4082513499578023,0.4244029937033123,0.9023055478319361,0.9284022154899063
684,3.4299567338212205,3.43480649077003,1.1022093748042416,1.2044136059214992,1.82078552320431,1.6800494980608887
685,3.9874721189945586,4.0,0.5280915106508889,0.4607977619129903,2.751568905666846,2.7973638120481974
686,3.4878994254242954,2.985149531144389,1.0504401865741808,0.5230150178223081,2.228603170053701,2.7719362747263334
687,3.156396940017661,3.5830025561049585,0.6029314778965585,0.9495579583855135,2.7276784945260593,2.3135130583920236
688,2.115491208952592,2.1010696236298694,0.965932333815588,0.9817846253504707,0.7112228272333319,0.7029850543205414
689,1.519740675471212,1.6162066770130596,0.3103931074230014,0.35909326267713837,0.09729297041423679,0.11887267145312666
690,2.365283509831917,2.2190086515187692,1.5275246017375177,1.4809131262437931,0.3967583592425684,0.38103779049869074
691,3.5724001041264115,3.6553390798440786,0.8675015216339406,0.9618555697366677,2.348134147941633,2.166304756944729
692,1.8321753159221639,1.7420414122312402,0.520237070441824,0.1397899085383202,2.6194100520465993,3.0
693,3.9205122430476305,3.594749690227722,0.6767290134508711,0.36477701661359896,2.5397984585432942,3.0
694,1.6956857268067762,1.7153503154393361,1.528132177913459,1.4254138267479302,2.4453386786374445,2.586028924220562
695,1.8355923712217388,1.9307443945115197,0.9331953830022165,0.9259181826777064,0.2221268870094001,0.1568076119343716
696,1.8070993009961143,1.8325915001047823,1.1589180661328553,1.1105876577929021,0.25354091508091303,0.24590391354143254
697,3.324410276435689,3.2026939256190547,0.7874406531203471,0.7469638039482293,1.2729339552437404,1.2314714516639202
698,3.2181818193441125,2.4449873552221826,1.3529773042967477,1.0080437693227484,2.7718629200411566,3.0
699,1.7609274088911353,1.9357325962188205,1.55779431903196,1.6238565063952002,0.4442450040153567,0.5280279452588709
700,2.682130336119627,2.3452145582494364,1.7056671503921785,1.5679120029931977,0.15948954081640154,0.14195265216076153
701,2.9548408753456146,3.103304063254567,0.9466293759592795,0.9340987560503566,1.327824887534538,1.3875656179058031
702,3.580714657992564,3.155153792580306,1.1950822760302982,1.0940639914019588,0.20189417038469193,0.10883137733690228
703,3.634579714899732,3.6521901146263884,1.9838831808530446,1.8778475034110198,2.1590478357500027,2.266756249637029
704,2.7458959097303994,2.6678606855978804,0.6759323715129878,0.6342314920215268,1.6822790690259204,1.7278852117839325
705,3.534900942003453,3.3475192268984757,1.3588870513025573,1.360161738116448,1.9152415857312741,1.7196752532021824
706,1.7007852659271927,1.6673733920070868,0.1704392355615755,0.14412771939591837,0.8159062946829416,0.8574730995558091
707,2.589570726416054,2.734142049355061,0.14032101943807532,0.1,2.6950861205697136,2.8859936898290743
708,1.8063083040166383,1.7451908613410134,0.6053107265273143,0.5987184168657235,0.8981078471042507,0.8199028987174322
709,2.202069043928006,2.295132340265686,1.8501094704646122,1.8963827079539628,0.189740909982117,0.21639873206277432
710,3.891525219830867,4.0,0.744525481131414,0.791899843339275,2.204332013559911,2.2085835243559373
711,1.517585129577526,1.5,0.6407477949529071,0.5361530527521502,2.1110591179069753,2.102611496570852
712,2.3524389240395833,2.349770379200502,0.13647053434042097,0.1,1.930055868208742,1.980044090389091
713,3.196167724863086,3.4159927151020244,0.20439332040337735,0.4930819874338401,2.7948559801145794,2.2318784908826723
714,3.0560708619530157,3.0925574923884964,1.9879142480479846,1.966014990509353,0.5739707119521774,0.5692508193120333
715,2.9923238397588343,3.1555889603862517,0.4877782720113213,0.508735016539725,1.8582687895083438,1.838335015090352
716,3.1774982363102913,3.249012479788984,1.6075186553677205,1.5609587186356892,0.5864668790589319,0.58244402899411
717,3.769912020271822,4.0,1.2498273836356728,1.3879586268085136,2.9390484076838863,2.858864982097992
718,3.6054977463796,3.75725968369901,0.44825548211087973,0.47581254386914196,0.4890448999965382,0.4837571461386441
719,3.6488747760974887,3.80361075924253,0.6335681773188391,0.6331529478740533,0.14556155108448154,0.14520300179138362
720,2.850439856032844,2.8167833250892826,0.20473201922514517,0.1,2.598056352054428,2.895636150950161
721,2.626879402332782,3.2069512190568834,1.7134886348895118,1.8340026936254459,1.5931204603706288,1.6502469607310142
722,3.896761384935439,3.7437727898008277,0.9032085149590424,0.8689612135998498,0.6044328788138689,0.5864544252960175
723,1.7752277197707076,1.8268447257645444,0.6717182588574107,0.6702573234441505,1.107345116526,1.1214214893232959
724,3.3325451475784194,3.216235744487614,1.4056452648259126,1.2495885362188939,2.536272791325035,2.804096476341606
725,2.9828457547036633,2.956014553745859,0.13748142562924323,0.1,1.1078667831639142,1.2188810770200895
726,2.1299475365032103,2.2319556325134786,1.2412314729062128,1.1801035332245948,1.5731101005788433,1.6777777921066077
727,3.7741346893238825,3.9203340370847215,1.5108153437433556,1.615319058977949,2.150258305568934,2.014692280387733
728,3.4364533741653656,3.2543537872126977,1.8492853014609294,1.7288942631058275,1.4574642037984096,1.4509534440781326
729,2.3527234999194664,2.4816921650162183,0.5253505340453183,0.7464686512865759,2.521101308153598,2.299136453266264
730,3.487025872550686,3.2197985462693137,1.8786781477305807,1.80304213958198,0.6568645045855246,0.6432955584936876
731,3.3372025298837373,3.3704516455822224,0.9035634308924984,0.8593171643622962,0.5193885021184196,0.5593262604154683
732,2.894677465592995,2.771504693745866,1.247837405162179,1.0997820633942759,2.19615951414411,2.2634013342417836
733,3.5822647390991307,3.892371244347631,1.9942455265680825,1.9957389929003175,0.989215372173973,0.9555978597048159
734,2.43369211519971,2.4865386436191015,0.3430115033829755,0.3601249301522722,1.0679749702919072,1.1076801692517908
735,3.4980794354110327,3.4119968784199655,0.25580776535340227,0.174335823168436,1.1805466109655067,1.3266668491722753
736,3.732957113355297,3.500676262882503,1.5672966265028925,1.470331169021372,1.7390713464236507,1.6830337467296785
737,3.755841370302646,3.757002475692064,1.9574464534340559,1.9128865549065381,0.5847847992288954,0.5417595888676064
738,3.4235281686558343,3.382392363436843,1.7993468169769145,1.968949756778569,2.937190983883835,2.8194584163314675
739,2.6551334232592567,2.6589283611288645,0.6378958735564821,0.6079819443795191,2.6883765605603402,2.5947737343116226
740,1.7353188243878086,1.6360283134425755,0.3744008708207508,0.3010902348697677,0.2512705725233575,0.22697211734558254
741,2.1627825914403624,2.3301046074125615,1.4071238012151128,1.3388059944970447,0.4580719790086776,0.44022318153313
742,2.0550326936300314,2.101520276696207,0.18962611453182981,0.1556533172739743,1.2637381764236393,1.3627335907958618
743,2.061772248788707,2.164728051532172,1.9300433532324617,1.933125664379715,0.08679715906176111,0.0
744,2.8095847542589727,2.9327438489228643,1.2169286143696731,1.2580505818176186,2.337257029125917,2.4746184459690026
745,1.8952489397801053,1.95945411289955,1.66381446553698,1.661524493854352,0.9939037546790598,0.9912648155429035
746,2.571902578436732,2.257911557273891,1.5314501856030627,1.3824374209474108,0.042222730390640395,0.0208295473437264
747,1.5589746629450871,1.6343444901839346,0.8193606838446231,0.8409191026157399,0.7436982582136116,0.7273886039048962
748,2.7367173538531278,2.623358719098891,0.9448207188172916,0.9192464669946829,0.8336937803843659,0.847381509941463
749,1.9909179469407312,2.0136266001255994,0.4083269561121373,0.3234524330549969,2.8355211685042585,3.0
750,1.6863452990712116,1.5856728684772834,1.9349405218196294,1.854764484659116,0.48921095223029043,0.563120326075895
751,2.6028572386517226,2.6335008384390157,0.519725397877944,0.3002208824962752,2.495602959349044,2.890157254340415
752,3.8821421150423108,4.0,0.21150995539840398,0.21301013882827938,0.08523124113111336,0.08900372645289607
753,3.8810409606761946,3.6346308849851265,0.18078720361500858,0.15721672569163037,0.4115210701559123,0.4002567245715716
754,2.359099219779386,2.2860503521443807,0.589809193305083,0.6163642595724225,2.9590670776989763,2.837022301682099
755,3.1372547552840855,3.234119248124912,0.42321922454355143,0.4320832610707011,0.3357182276719888,0.33702215116243506
756,1.8022936859252023,1.708374839612198,0.25046012418508934,0.20814917542072697,0.8544593918095322,0.7364552168069112
757,2.0834727284660133,1.9597936679988592,0.7164514743615912,0.6719608646732256,0.8879483773840828,0.8449733692770022
758,3.1905473989329733,3.0910803096421136,1.4256312988850839,1.1862525060249216,2.737965891993995,3.0
759,2.951123781173095,3.522219131081827,1.9195040246949777,1.8933870656878689,1.842999937375064,1.9759055550186027
760,3.871146957042825,3.820253175954862,1.5865383626951344,1.5817006360317571,2.1756047872121105,2.1969241375712985
761,1.752429906637483,1.7487994680000654,1.5159038728698886,1.4392514647542949,0.10280856021233431,0.0003422144267592327
762,3.2444454619228846,3.1173404954500645,1.5085682938292817,1.3930770730772002,1.3067137664885973,1.3471815201616788
763,3.9543430070342827,3.9263586827137074,0.4390988726842401,0.34656928137480875,2.7817005732632065,3.0
764,2.9461466349605323,2.919201373354072,0.3438066144342111,0.4976050833770452,2.7926416655558683,2.466989885037003
765,2.6361752949794997,2.899610703299435,1.7158399857533841,1.8226555939447888,2.547742388128924,2.478103450935038
766,1.5444743282677513,1.550037513640393,1.7570112702881029,1.741167060998256,0.08248187529566753,0.10668795868479054
767,1.5616229447549013,1.715713809839155,0.3714402905895742,0.44709185698411996,2.0260200563144712,2.0036657110299774
768,3.023183175215596,3.349318569780259,1.813468187294927,1.9385175393169591,1.9148187230264924,2.0334116637325828
769,1.7068787579038436,1.8294949692895996,0.5139259134459399,0.525920599167261,0.3257086990451906,0.3076757673967329
770,3.4933072449803797,3.7923441645136764,0.8466808850574163,1.1199117366915354,2.347623401285612,2.194250336312827
771,3.94251794190298,4.0,1.2053341564238798,1.158893258090844,1.5812184666841482,1.654692989655858
772,3.280023153565085,2.9059393542172973,1.5879774486962213,1.4338505284491974,2.1875704466293575,2.3083938243417395
773,3.003545705152103,2.8354773721147204,1.192440410396968,0.7347253906150896,2.4989766136692064,2.989987153730136
774,3.701919018041418,3.6958075939964314,1.0702671529836176,1.0183693931883577,1.1525880605953596,1.2069459253162533
775,3.5433886969275967,3.944808765533081,1.949603434202282,1.977907225364893,0.06961826152431039,0.04258018394937861
776,2.505804537645968,2.4080647774869166,1.3714509637054666,1.2913335292429566,2.2893964910141578,2.2346256357540373
777,2.2310321340127275,2.3264972814030287,0.2752753742250478,0.1,2.5836700260102665,2.913304986459158
778,3.5724753135864398,3.402537171905092,1.5112026702896952,1.4629953664955795,0.662668776739356,0.6879467643525181
779,1.5826441816404258,1.6888488764428082,1.255676870860361,1.2769976789648247,0.11866495788017506,0.12079004933874894
780,3.475044315387459,3.468977502319304,0.7997982415769801,0.843475788645455,1.4247924746400256,1.4476482084564883
781,1.9652551988754143,1.8825820235462303,0.6143366612528719,0.39657204914473393,1.9266707575999635,2.0323667041704736
782,1.8423250183323756,1.851108771684143,1.5135489019985835,1.4889752242200525,0.030070745779168573,0.06239004864972542
783,2.9545895333355463,3.2057818441479218,1.508537423659939,1.5890530055781518,0.9951900720282932,0.9796896524912181
784,2.3331798254006477,2.517746075758298,0.7524764467127211,0.8215926870732976,2.66287157102519,2.7932852954543548
785,2.6153304166858278,3.011207221010271,0.9195796702567192,1.0372143842842267,0.7003993830894885,0.7169456237339042
786,1.5574085762341472,1.5227889964271089,1.8045496607357125,1.68505083911156,0.7457904542048288,0.8175157285379078
787,2.7908421538857273,2.8442463523281374,1.140443415007755,1.2027708929277963,2.2550475783796107,2.097946078340592
788,3.5411606478882187,3.3762266867411106,1.1964845728650089,1.127656384086445,0.16646256192330955,0.20522284231735985
789,3.526134603699789,3.54453063440705,1.0466222987689138,1.0278998294765744,0.8347991891798197,0.8026861860427776
790,2.5516160607411567,2.597532574939426,0.7483484477258505,0.7016637997579458,0.8752443239395852,1.0029756594602424
791,3.254974862097697,3.7997375956884647,0.9026993263163977,0.9858787951281736,0.3499861390361221,0.2882788142129646
792,2.363182811780025,2.048845370426287,1.4153050967167349,1.2212468731918578,0.11601570439355513,0.15297254868705934
793,2.4638131470426288,2.2364547242338815,1.9112448423110178,1.6835382356417543,0.6275847798774316,0.6177802315109777
794,2.3650470385516877,2.1196105233360765,0.6201038994310865,0.1,1.914993289918579,2.576151039694987
795,3.6882376784092754,3.938167211280131,1.8397178367608908,1.909280298855884,2.0448069344905653,2.0612517569238644
796,3.2456731593231094,3.2498827282929743,1.4529740344106752,1.4492969177998878,2.8689754507275134,2.966461837862152
797,3.0852796985312114,3.2121090900498306,0.616521021918034,0.6314799379807802,1.3138205537845034,1.2715462926619954
798,1.5096754291886691,1.590930881950143,1.0484203260537257,1.1050914790624462,0.7667674145649113,0.7571336526629631
799,2.1201363435493774,2.1002061812995603,1.2232046194133581,1.2767380083216386,2.656278216827287,2.430778802646045
800,1.9719686500484956,1.9381389860920832,0.6647534106959881,0.7533516188358528,2.655734495564058,2.5330434732657174
801,3.634624275365665,4.0,0.6300803084862772,0.671364826949347,0.17109659496700924,0.1432074377495632
802,1.6058537967206528,1.686584157601126,1.074262508252291,1.1333955772228577,1.5784511722146668,1.6234275143299872
803,2.311125138622887,2.396416822342638,0.4331217743619914,0.4738200777290933,1.2882125567034404,1.29510248815975
804,3.5422149839410064,3.561976994572007,0.35756567062939026,0.40182734373178064,1.8982273877466234,1.7946884995375556
805,2.4182505729505968,2.277297277331214,1.226712732122683,0.8102093488481616,2.7698836980341763,2.9273319717047195
806,2.9826945417108734,2.8070080041995555,0.47242783302770497,0.4110393038820052,0.001590608196057941,0.0883310250568923
807,3.762605925196503,3.974463711169576,1.073859433890709,1.1454621729281917,1.873339314370925,1.818546386843463
808,3.0549669439751828,2.6518257395599583,1.8615076845255258,1.804698110752944,0.7396707093373694,0.7159033151875979
809,3.622711534353891,3.8422832070224384,0.6922332165546,0.7130353403542522,2.5099729237258064,2.4762429668293136
810,1.7820177115366351,1.664091278658963,1.18234223476547,0.9390432268783155,2.92146780341856,3.0
811,1.693998216892361,1.873213074743035,0.7214828111138963,0.9063291052770736,1.8141044998548568,1.6885375099710915
812,2.0870273609876873,1.8074015982059395,1.6544596312342477,1.437605070427996,2.4510237670063573,2.611892285006118
813,2.9878376858035596,3.2945628935649913,0.5058606934418073,0.5420624175890254,0.602215779347435,0.5555383033430759
814,3.213415515817104,3.4088991677342433,0.3392321125538694,0.5295317488684833,2.0459921087339463,1.8677876797571618
815,3.4270632648287824,3.826901489238897,1.3365734283758401,1.4485056555293054,0.10482635988049449,0.05598935868757567
816,1.5958659265965724,1.5442082975624198,1.8331665483236865,1.8504200582927937,0.3385176706975479,0.36828247977187617
817,2.282049307836874,2.4190312274514714,0.6663006553449748,0.7090656181694173,1.3288883623669876,1.3898957702795671
818,3.9087712121597042,3.6391149515005163,1.7147175177877898,1.609539518739482,1.3564459512504392,1.3358411861718626
819,3.003871972579668,3.416449661888764,1.372354987939423,1.485279955480563,2.3413015103531807,2.3707790519962684
820,3.163068099031171,3.342489651777759,0.5730258325083174,0.8603832619907748,2.707197123199205,2.4334069502072224
821,2.511077467909751,2.521690046610238,0.16714190810534554,0.11044763824437377,2.3486891721037324,2.3479116001209803
822,2.7227426181906758,2.448409097445098,0.9403752647461167,0.8104680112349778,0.6528970103569463,0.6608223369862287
823,2.820708312849761,2.9420747834930503,0.9042456104942573,0.9319254013569934,0.7350499396335735,0.7944241087145798
824,1.5978754496720067,1.5,1.5923144511031286,1.59225215641545,1.8838782603163047,1.7911064074813312
825,3.7284974271172193,4.0,1.936265499268025,1.9782233888381722,1.1046422906576334,1.056910936571526
826,2.0669185673505117,1.6124673882059744,1.6945469046130408,1.3583520307556114,1.1634280767523295,1.3413780470535794
827,2.4112025656414753,2.388407928755524,0.2652949761200325,0.13539594018577206,1.6834565170176217,1.920981810758165
828,3.2058191674496204,2.872921121426273,1.148634889658593,1.1016426828148418,0.8899579781951275,0.8848219810245647
829,2.0760338986819207,2.1830520954937858,0.25810876291786145,0.3451460306614964,2.5119037721733664,2.5480522846461926
830,1.5214147926901662,1.5636109582340987,1.0076686869352256,1.030103752375611,0.15673380573252504,0.2821632121535687
831,1.7201339664103021,1.7234896802777695,0.8428088394452905,0.8134383200659228,1.2105300077628107,1.1607926365423575
832,3.845027823165703,3.6065922450036023,1.9861110817672778,1.9359543102366845,0.9133116868599664,0.8273666938470253
833,3.1601069000544744,3.637967562565715,1.1845596425705125,1.447618658853275,2.7239272225579407,2.5039487132886245
834,2.283025874820985,2.0433107203051493,1.9221856873058631,1.7305252900053507,2.5349558342013685,2.5104993970081213
835,2.2352753468275695,2.414824244961617,1.2537417500364807,1.2810763869440214,2.574651048763697,2.6851805396616717
836,3.568353878692546,3.641927321247295,0.7908144371406536,0.8212166699818592,1.937158715329911,2.01164279889087
837,3.4944811663838986,4.0,1.251701566826225,1.4080416678366152,1.7257251108818903,1.5931865992049337
838,2.312130075618694,2.4540665672754933,0.7335907264754582,0.7383689719541149,1.5679664006554215,1.6733055170826037
839,1.6824980405926377,1.7685803624931058,1.3923534040918086,1.3890701197206627,0.8100421279815776,0.7273368433306614
840,2.1011352215416896,2.0906113328212093,1.3363105370286592,1.3228417056826607,0.4083738061950043,0.38374054027541826
841,3.377513319378769,3.4912329811592873,1.0961405858690685,1.1142615314336928,1.7038370233065931,1.6456428584597849
842,2.7081473089445334,2.4683582719523702,0.8256188239998491,0.7582198495967533,1.4268029841912457,1.3930338971835308
843,1.6064524561997628,1.8344204109207427,1.7542010142448312,2.0,2.002981533381411,1.9415095863748015
844,3.1641816974126034,3.291617610864295,1.8238385696553545,1.8520115711557432,0.16571920256871486,0.10907395551035658
845,2.9362328442307866,2.932268657500557,0.3499651470423224,0.3223672833792571,0.773141188594357,0.8088466954457849
846,1.5471547141543058,1.5,1.4724695454937815,1.3912587226866946,0.49138625878154274,0.565203649994046
847,3.6092720759816035,3.4888769018585095,1.797799035995609,1.5658446711981286,2.8115021043185706,3.0
848,1.8200252388066318,1.8954544335867785,0.6436066731074462,0.7222108651133299,1.7166803725004223,1.7879173215347994
849,1.7000442248971088,1.7004646310342433,0.5079876898736031,0.46923518184702717,1.7500808476542709,1.7603015859974618
850,3.0659549998687012,3.1896948780856658,1.8549591469053415,2.0,2.99065412026992,2.916166919644392
851,3.5233292505791884,3.3249237539432794,1.234828782037595,0.9206505439268009,2.084554039667681,2.308902025247164
852,3.689139564601344,3.627283713538513,1.3944338144531963,1.433072278233682,2.521524225582248,2.346700734266602
853,3.035248713431771,3.28271834693178,0.9928008506723368,1.077767306583872,2.4781064439177114,2.4700401345101204
854,3.2407132996940686,3.4108667993975375,1.5245847392194982,1.5852422065984297,1.7201299533685985,1.7352514618893706
855,2.083333949109607,2.313384123946552,1.820338090380115,1.9906246112665025,2.194011477911062,2.1939091357463205
856,3.479166615604771,3.563923351204628,0.660043684307704,0.7805366892184046,1.9771847457688767,1.8504320577267082
857,3.1827048970634326,3.4735089200488694,1.2725169152697413,1.302558431046631,1.0769380183024995,0.9750753601830072
858,2.8312730084529414,2.966247084792722,1.7921984962335291,1.833927063633507,1.3081217083144145,1.4074233024270564
859,1.5907395473293036,1.5529633167361945,1.5335897441939417,1.4214755381377777,2.7363712812446632,2.7357267902135485
860,2.7958065008001585,2.7959657298791725,1.3782384552883677,1.3204886056514615,1.2857222793584258,1.1996228892517575
861,1.5199026303678966,1.582873708528113,0.44055364095592864,0.44740708793909056,0.8158859560097437,0.7627508661358386
862,1.9940108823075233,1.8674846486829624,1.7709757628246843,1.6657332541519068,0.2532881053828282,0.2195043551068955
863,3.8303372419996746,3.8380765113348416,0.4225538672738566,0.42211767401470646,0.6873303694547073,0.7130843279091121
864,1.609066280210848,1.6014327822043277,0.891899199522145,0.8430858336094101,1.203409760044422,1.1982876201004458
865,2.7382105091970796,2.9045470890253755,0.7534671954255575,0.7948885102629829,2.790257191115579,2.895907718656247
866,2.6487342070116697,2.6903206268110744,1.7426164142107816,1.7364310479066007,0.48141151471285115,0.5277344404072857
867,2.1381306387548045,2.5391381959704225,0.4740605828511557,0.627804050801575,1.909624563770746,1.922791933471356
868,3.437032058960692,3.727086545363883,1.5242329829327583,1.6301562543520371,0.4316193910085183,0.3482594810105045
869,1.7587993052562465,1.8616977303060642,1.6763398480048086,1.7590759602180588,1.878361905843363,1.7756786464846204
870,1.8075122614910109,1.6879174132070374,0.603180858246211,0.280104758035476,2.7162867910706234,3.0
871,2.876902645901296,3.2574008283153235,0.7886577837824079,1.0637147861725873,2.748827105556336,2.5014112907977166
872,1.7524792211822962,1.7466928680465714,1.5914555310287153,1.4773748531130526,2.760399811041246,2.9300111639859217
873,1.8347637024343415,2.0602149199599507,0.27537584459565934,0.6269452017788106,2.946687304301988,2.6965069581715615
874,2.8588659732640593,2.876406725479814,0.2624816459863745,0.2705576872123553,0.03146133179438504,0.07895187308961459
875,3.7785912165616837,3.70490976878705,1.279427815346409,1.2364894050637685,0.4605392818717913,0.4989409328207846
876,3.4294633634275367,3.2176490983925707,1.8273499315974913,1.700440894002796,2.910021742475738,2.8915295048386778
877,3.56797207939959,3.297345878999134,1.3660149104808827,1.1515789875098585,2.2245349067101436,2.196567260204888
878,2.0259491938052108,1.8188598639704663,0.9744961416363375,0.8631419004222723,0.6739772903209368,0.6635569362303755
879,1.704920721094474,1.718273897317652,0.3707067180952551,0.3364906311822601,1.8244396774643965,1.9538432453209202
880,3.6572596675720495,3.8944243743062947,1.1803464827548864,1.2215224969616532,1.078324259068715,1.1473698871365516
881,3.362727967556764,3.4405997772328853,1.738069146748937,1.7032676288173734,0.7496161014535359,0.8315253773235964
882,3.4624594134394817,2.840863334257523,0.8332146744200831,0.21485216930179385,2.195820055178804,3.0
883,1.7134880047474417,1.7163057287108474,1.1419805246868386,1.0461914236911352,0.7035062261802072,0.756762850916151
884,3.364695479017242,3.4634237455356347,0.26286378371115393,0.34635584192236135,2.019511322688672,1.9157903432832788
885,2.4050174132469633,2.365788477036308,0.7516680705688584,0.17326578669126655,2.180328360618107,3.0
886,3.2733545145392853,2.955497086348338,1.1652641380709015,1.0628034318601443,2.009216993670913,2.0581684335411747
887,3.8220909161723906,3.5695055804147056,1.808488852991276,1.6700274155256605,0.055417505584260396,0.012491779437812432
888,3.459970446992064,3.5080902932947264,1.6497013492735781,1.6365850933398773,1.4352690586837973,1.441664937828607
889,3.052136670505247,3.3510640801436447,0.857862937786875,0.8997419021306482,2.6583209235899488,2.57246619289475
890,2.0930600365839482,2.00129550525572,1.9750628789672673,1.7849652362616744,0.2590346084438032,0.16912393404555112
891,1.7723947477345927,1.8225365746061983,0.3954626625565142,0.38688529240820807,1.315260086771167,1.3082862473893129
892,3.0382500395356535,3.0313269046176554,0.10594145396782056,0.1,1.5864504111631201,1.6688527868853258
893,3.735578233948541,3.6521602791120866,1.517871616406887,1.2902678467573299,2.866393234041583,3.0
894,3.9211694783361146,4.0,1.754532071633071,1.7693437659263125,1.7555928248418713,1.7558468847971762
895,2.4898196505294043,2.718144418130326,1.8602659975468188,1.8923374515511877,2.1032635026301056,2.0188749392514747
896,3.3766953707363845,2.957948644185349,1.8951127912545025,1.7686533320698012,2.7782768715993047,2.87799036215061
897,3.87875480139818,3.698990523225332,0.5758932837700567,0.4036164853506489,2.7737879913917234,3.0
898,3.415016165697529,3.44632162637013,0.10814906254888303,0.10183551189059187,0.3166472220822709,0.31148251028198365
899,1.546655474750878,1.6377145657162486,0.676835955498893,0.6220926778027857,1.868764256047382,1.8723625230806167
900,2.3258443840719902,2.167667558463192,1.1056540708865912,0.9775392667824137,1.654190565116839,1.702719528928581
901,2.4910099815931774,2.4719277129327715,1.30927855525829,1.2825696898963692,0.9715598212668344,0.880350263896394
902,2.233042570016563,2.444647261454769,1.4173096378118117,1.5761962476461857,0.0002623659475565754,0.0
903,3.327338657725537,3.0953606621723475,0.9981474241129781,0.8926904800012783,1.3393035912926905,1.4193220656806247
904,1.8818243379702733,1.918591634151089,0.8874409173167278,0.9025442189155338,1.0948948389812565,1.2392148369863791
905,1.779857066869501,2.1871752493275176,1.5802671880849046,1.849586589632287,2.38929460651006,2.466120372591743
906,1.862835740596961,1.9944004755963032,1.733513620504106,1.885284844839309,1.7055871957611797,1.6309593070644985
907,1.9680619782616957,2.3068477019418823,1.1340273584848721,1.3705403906626172,2.3621502536337253,2.2781891986991654
908,1.8104184631231002,1.8318564317143444,0.3330745726062845,0.29800664309511554,0.341342063656472,0.3160127295815753
909,2.6396033428690355,3.099821466289802,1.528490534398863,1.6551299752282684,2.1420647057526576,2.0079003919841876
910,2.3599273362440822,2.302084567627337,1.6073628222240022,1.536460323922433,0.3302019755473413,0.4050305449861683
911,3.7606278868059326,4.0,0.38285573593747657,0.61376051052799,2.8235367348209204,2.4310423303722977
912,2.800433127044634,2.7424332380325938,1.2592398250476442,1.2610907381146015,1.6028810729384637,1.4528097957901167
913,2.8567225011597146,2.982643624933705,1.3660856868413012,1.352383772040358,1.0909154634799267,1.1896144396791573
914,2.217450650993257,2.0637099793271747,0.8541773219906613,0.8120197449322055,0.10817783320884411,0.13017685719843272
915,3.040794867003945,3.286922955604738,0.9820871214459919,1.00391206157814,0.017840664917115667,0.0023930499002618702
916,2.3899717516982397,2.3341817310858737,0.8614218899280673,1.0115888449687995,2.2050854775345043,2.0399473570007
917,1.6703758556499877,1.9364917355649462,1.5640157414028348,1.8269991546146505,1.6960633298582501,1.5760686993243236
918,2.8538453131571337,2.7885897446738177,1.3348335598035033,1.0640526694200496,2.580100250065269,2.8531853090725896
919,2.404981292646494,2.6003112230038274,1.6831078856564765,1.6714771455264996,1.7999134688968235,1.7167139070941393
920,1.8396367014260957,1.6338823850816613,0.7960975177764771,0.5885816388207702,2.3398192808577294,2.5709023642783237
921,2.7880626239953097,3.1780177798095077,1.8029936110293807,1.9111215818765221,1.8047765250589347,1.7597948896374722
922,3.937592665961718,4.0,0.19879665416881404,0.20658937182023296,0.0642135623455492,0.015654152624338225
923,3.9917981862707625,4.0,1.292420676993171,1.2854172718468497,0.8027956168305831,0.8653332259443404
924,3.0709286089354224,3.0893525041358814,1.462468607921046,1.4551454640929493,0.1457965242850161,0.11622369685310847
925,2.677518435022259,2.972985395137916,1.0915545908012478,1.189035924618835,1.7367210391963832,1.5598500734324443
926,3.9151368833168485,3.716101395224549,1.0523340213077281,0.9885574799879244,1.3902993935986707,1.415522182781589
927,3.8236973016654896,3.656256005383974,0.6222443289259728,0.4835986122436582,1.92350071544748,2.104382864726311
928,2.893387990500724,2.8289477087410577,0.3973483256861461,0.38277342798304426,0.12598929815601678,0.1310088633190178
929,3.9653449011137365,3.9180096163515414,0.6020700707454603,0.6056655823720857,1.0391213700589481,0.9920687981122102
930,2.8895585298222843,2.88130679022933,0.2599033227871818,0.24624593817494733,1.863992987889419,1.9331992927241721
931,2.8795739791692583,3.0605374948858914,1.9088777002322534,1.8810554580993908,1.5722965398057496,1.5502616929172675
932,1.9322674479336432,1.8872602033797676,1.1930784213593506,1.147103887200963,0.13900750255491434,0.14915005129954362
933,1.7553975018605723,1.78826695659022,1.7809236441940317,1.794179095872692,1.8968448459214655,1.8065344013345743
934,3.048768312613887,2.8980922628691506,1.0151512829354306,0.9739004385309288,0.4826821940310425,0.5136321333146914
935,3.991305233527053,3.9429079208016695,0.6110898151876393,0.435270412281212,2.4162880792560513,2.7718522366479927
936,3.1130956887130776,3.0995225285564074,1.6245562397171458,1.751302577302167,2.37606578787108,2.193073028688525
937,2.558238848797083,3.0370572095121893,1.787379293842486,1.7286408644856972,2.766353969810193,2.9630667105587705
938,2.209214221716601,2.048855290293646,1.6664978371875925,1.5091632028728597,0.04588952797243617,0.12449637021810242
939,3.3086490426517905,3.7812644224584213,0.11739512796692635,0.33507739049438884,2.231479966466656,1.858098370029591
940,3.2652150687142565,3.121195284122712,0.32413706734416575,0.1,2.377518235365859,2.887840242844867
941,1.6879251714298589,1.8170931421579084,1.3232393485050946,1.3157286350447317,0.46728621525735714,0.4425689782257247
942,3.0481964373821486,2.9309527283991312,0.7140609659014475,0.6363874303958433,2.986894783973468,3.0
943,2.2084077191391778,2.587625232280796,0.3564921214784199,0.7809283070143013,2.689905648915391,2.3254364470511293
944,2.467879797031003,2.355638850754051,0.3867537906732611,0.34086435439518636,1.5426357127762163,1.594909292091725
945,3.814072732988833,3.873394967898445,1.095140491522282,1.0594471211330445,1.261664059905521,1.26159350154006
946,3.8257147814807153,3.737386194269215,0.19315685718037237,0.1952931085197757,0.07053478480676889,0.06968014092378837
947,2.6415533257619774,2.7005878136578043,0.6581530809203687,0.6432255847974864,0.40055888836262776,0.46110160434599295
948,2.17694762929255,2.1432926375329444,0.12437778297939556,0.1,1.4633964936232546,1.43771738904715
949,3.840955709424958,3.845292702684883,1.7061145271103986,1.6165623237841222,0.9603511428534717,0.9846987045385659
950,1.8096162092526134,1.7328247689855283,0.19329540735057374,0.1,2.255707214971173,2.277629919457862
951,2.4907199953690737,2.7297564614134395,0.8231723847656824,0.8669450206874012,0.3168334644558931,0.33863315530802235
952,2.8450855277128726,2.9245601659178377,0.6639209597877334,0.6821125551275729,0.1803312984040789,0.19774921425714903
953,1.914061363300553,2.3070350593736766,1.5505826397175044,1.765681583605437,1.107410417590582,1.0182694003236235
954,3.9551138075436225,4.0,1.1165822534285947,1.0581335075264813,2.8242811913241956,2.870070416622539
955,2.0541258714494157,2.0986952844594664,1.4336750580733624,1.2688587403733336,2.088338513355233,2.3062662857214833
956,1.724132186898479,1.517938889613207,1.8324479252827808,1.6261526962981177,0.22011154147979162,0.18001518457257834
957,3.597552141842634,4.0,1.0181383160037392,1.0648951160586764,1.5047577365090246,1.5670268837232326
958,3.150941114235356,3.127689404155549,1.1393804233307883,1.0739335083621173,0.7402431087112654,0.7597150043533876
959,2.2600826453322886,2.4937928218561125,1.5433247415712628,1.5719565176456984,2.0453056539826955,2.145632614401879
960,3.8008711651493634,3.6299305007024705,0.9833625130536361,0.9323156672681736,0.6281092065266805,0.5159219708571847
961,3.3518507115542557,3.801209653046464,1.1672893249975564,1.3625662867280175,1.8847410404776888,1.8183538568526976
962,3.733820055906711,3.5993289829783075,1.97703646432062,1.9431753780867487,1.6807057113976285,1.6854834696268364
963,2.697166502687219,2.813704841027705,1.620907682066959,1.7363380234195416,2.7597294007207265,2.6186474698417994
964,2.253925152700027,2.257465214938407,0.3134785882468719,0.28378236212061286,1.1798176260839317,1.2718830009458126
965,3.177117884913293,3.5499679558861965,0.31909472238558234,0.6315580014458039,2.8484335641683485,2.4151986737621978
966,2.9678668420143315,2.684328994099923,1.462527148285761,1.3731038308631225,0.9422914219307555,0.9429534821958184
967,3.960677299295808,3.749237789311752,1.9684384087192008,1.804784459491295,1.1079985415531457,1.1449396234976226
968,1.6580069281329348,1.6298535765376352,0.2436317401459055,0.2644560986762131,1.579941525240649,1.5658545549352128
969,1.8741364377366927,2.2972212136708587,1.3929686171262328,1.6165369101320652,1.004068403039935,0.9264584839269094
970,2.0619453088263024,1.8225039841168493,1.0125979289077767,0.8974766834370291,0.8160601533624612,0.829293743461193
971,3.3447816509956807,3.362001520955957,0.31661533798177693,0.3064233972426485,0.339253964536567,0.3583287505597902
972,2.1064530024158934,2.243231498321044,0.6828738638150723,0.7164646582137737,0.21370840968163052,0.14096956768319
973,3.2744507526157407,3.129251785516647,0.5114478381627894,0.46816530115547494,0.02299636177716713,0.0
974,1.632823338086113,1.5,1.7591082962552183,1.8014273622648882,2.276204563489129,2.3111226106419784
975,3.6701180036444283,3.668282241448796,0.548969042200843,0.4427146292193711,1.9517303631111664,2.1258585075426732
976,2.955832702944267,3.073813861007304,1.0653511801851718,1.0854585725726809,0.5231664884788426,0.4889999779605949
977,1.5673813536820036,1.648611121455173,1.738521769683013,1.7829011234719552,1.8840855607360978,1.7957806062684167
978,1.685520380240809,1.6418918567944332,0.6639806999395989,0.6313176612736158,2.1019436095413506,2.088334878771351
979,3.0126994378359138,3.2359253603006874,0.6402690197589427,0.6505063493797363,0.543834511566459,0.5973414504104171
980,2.739611004668996,2.5388137327747202,1.5834994643781908,1.566503434530849,1.695998420363412,1.6012642158780996
981,1.903527280358977,2.02898068830641,1.631222474854117,1.6364546765041712,0.33214635276596893,0.27208380260273496
982,3.5306710833715678,3.5532742889129736,0.7528237508630167,0.7657532730726999,1.0452980151113247,1.0224937850458502
983,3.9901005449973272,4.0,1.5004260297677021,1.5079269700325038,1.5353845474494014,1.5179374425633696
984,2.7628978239418798,2.384305212294096,0.960998840963011,0.3357991253937344,2.2150344733725227,3.0
985,2.6177996698214088,2.7892452092185818,0.15601448941313525,0.16959811808548655,0.25920177770333863,0.25451133209600146
986,3.6143364788888497,3.7160477126014753,0.39564919194369663,0.43625420454707836,2.663561920383002,2.592352902521039
987,3.9857656583174093,4.0,1.745157717291183,1.6478237548041306,1.509286025002698,1.5265316445533033
988,2.0792761570294376,2.130746094037704,0.9507864411836752,0.9512519977235329,0.2155556731086551,0.23614939931537357
989,2.454684846562254,2.8802608437357105,1.5072846417281718,1.6696122640953786,1.6171676373816717,1.57867789264203
990,2.523686804398577,2.653588666723966,0.16374682333883578,0.16454149172252575,0.35045859236480703,0.3285654292486262
991,2.6729263805856167,2.730255703953052,0.2543035193812151,0.35237525366308114,2.409145763826403,2.3422935877473283
992,2.369331537797393,2.339271333976287,0.36521059985172644,0.31681244377024287,0.17889646752741883,0.18945420464757823
993,1.6690572584556869,1.6475404924582218,0.7881380325737308,0.7530493980696539,1.071831636753053,1.1560095516826636
994,3.242873100121376,2.8212797001698298,1.7059760566056408,1.5426329895514668,1.0701585035749752,1.121688758908757
995,1.7439449393958286,1.6815855375848314,1.0518450780388429,0.9731097647954077,0.8489979129261317,0.8186248586730452
996,2.429563421630071,2.3543721890798235,1.8357610670283044,1.6960869356649493,1.847409322719404,1.9987274727014506
997,1.8943626816367756,2.001711807881348,1.7450346645253334,1.6985893521785058,0.09820854847094129,0.062306322418824944
998,3.9334833823343467,3.9622372639640084,1.7616211937125192,1.826056373079215,1.5843060329026706,1.4903344108236711
999,3.49812427168733,3.579109082217419,1.43041320345403,1.414420317345635,0.41709212350816194,0.4381217596050388
