,a_true,a_estimate,lambda_true,lambda_estimate,delta_true,delta_estimate
0,3.888350844033292,3.505231420722263,1.9238681184297717,1.7190745766961917,1.8208944173538368,1.9296592618632744
1,2.0176403443319115,2.0277300704983716,1.5100849222749413,1.4573514173550912,0.3590456643219195,0.3889793342650836
2,3.558311206619187,3.817975710916603,0.7339019076559395,0.7709160209032127,0.927584090450791,0.8968081752351196
3,2.0012526757272036,2.319518585441742,0.8179074898725079,0.8665777673976822,0.0431985412462984,0.0
4,2.4695459434714193,2.3169065393015136,0.6086904313774129,0.5640057167106499,2.705586110948952,2.739835834770424
5,2.484292193489578,2.968659747910842,0.749536966332655,0.8518924131993514,2.4162169578034023,2.5196763050500737
6,2.408256571612571,2.5169369075548116,1.6447327890162975,1.6730198874847757,2.457229085824501,2.537700141537241
7,3.1648429193936547,3.5942430186404093,1.882954808310509,1.6791750403838466,2.818385596722454,3.0
8,1.676001076713295,1.5716850129552682,0.1916699871228226,0.1,2.4332908739889687,2.493184223214742
9,3.8587179012034505,3.8807965874119335,1.33649855674747,1.1955700554607902,1.372192441458273,1.3871313069279745
10,3.600424186979315,3.5014015493629773,0.7366974977057218,0.7336282356046762,0.6612656038795742,0.7116115162858373
11,1.707387349907711,1.8905853992626496,0.6503120170799496,0.710951803038356,1.0987059833024873,1.0669006854455667
12,1.782665234044798,1.7290562433888763,0.4811272408721746,0.3954830960071385,1.307787957239361,1.3240358723976535
13,2.906864016665428,3.394530234968221,1.342784678270624,1.3646858915947304,0.4971518786882148,0.6134307393996162
14,1.8550847902426475,1.719925733326796,1.115610712452758,0.9361609805779318,2.248013551930517,2.399994927907134
15,2.700287520753593,2.753953735774738,1.501460321912194,1.434414097269026,0.064637026311119,0.0344177243293166
16,3.3882074790302608,3.2767653512063704,0.1029874037142607,0.1,0.2068123766538789,0.2154566603753888
17,3.8403119357119024,4.0,1.681331615200232,1.64410004397404,2.3337991258282047,2.4053000929534543
18,3.183164024415915,3.1828172342496988,0.307674468790677,0.3141858984105156,0.9211457486703444,0.9520050506644347
19,2.763536966584655,3.2674483800550997,0.1846760652269444,0.3616361268429551,1.860980324515936,1.6740527172770796
20,1.5888373196080596,1.5,1.6701666111536162,1.6148685015166242,0.3356796944675105,0.2655940958453395
21,2.850811220599314,2.8966598654377913,0.83203203389243,0.8168134633289892,1.2443745424048631,1.2123958403405843
22,1.914881993479279,1.7307455853923692,1.0145536907037207,0.7496309127976953,2.8680868986344064,3.0
23,2.856733754155088,3.666654701014956,1.923729840554521,2.0,0.821841881278108,0.8547785390677026
24,1.8768249632713296,1.9347815984020296,1.654653287589578,1.6356428522247082,2.305064035677041,2.514570549316645
25,2.9761798535661868,2.7615622402184297,1.5085143746176728,1.339622366683449,1.3931816481088084,1.396782847056143
26,1.5232179008701907,1.5373689745327528,1.1303744258813646,1.1197467162529051,0.6297775627342735,0.5355753237986548
27,2.9378988871297196,3.1857022635775833,0.9023625290331108,0.9375434218185628,0.591087871483507,0.6146647301263644
28,1.6804506679590725,1.5521608291636226,1.9472497058503635,1.8837485282276012,2.6393892160116708,2.535944714289181
29,2.447331757994106,3.181745799670785,1.750436005342115,2.0,2.1845474825807045,2.1403425674520413
30,3.6779401748633767,3.568277767949852,0.6318084678878582,0.6721832603810005,2.083453934222266,1.906368478727508
31,3.1912240010450335,3.2737929325386683,0.2960605499836446,0.3056646213394693,0.3210090841196797,0.2860895850977677
32,3.261121008235811,2.9634928410157944,0.798946928792156,0.6832078551334677,1.661820096462136,1.631542093078141
33,1.967397968051131,2.0564588215535484,1.2544243504301846,1.2932126480644714,2.1080211422973467,1.974780574829693
34,3.1309742010435553,2.8548469227487185,0.4229825768343688,0.4041295254449407,1.6821760044510428,1.7124273800071828
35,2.882636897697319,3.4479437295091575,0.7190517041863909,0.8115114655302623,2.080405448541178,2.1499985172513387
36,3.595969154481731,2.793559415596388,1.474869195142095,1.1846819348152626,2.724594861690807,2.848516112998789
37,2.36274395798415,2.5113430164284347,0.9564853899948742,0.8866465167438842,2.7858069158559253,2.8043679974764326
38,2.518202632266901,2.4616477985837055,0.3521444581630905,0.3633757560483758,1.0608280319634846,1.1061086042044244
39,1.9342483008425728,2.023063081501594,0.6424340577654838,0.647075523374782,0.9453065847677924,0.9496178201024013
40,2.4983450388605615,1.9536518612392624,1.6481540849460867,1.4745454997766518,1.7765552141605614,1.6254579498662318
41,3.4074647318563684,3.640702522102668,1.874672620440228,1.91459598651072,1.5291662613357764,1.493590799162139
42,3.948865455161519,4.0,0.7250856620950834,0.8097949702783371,2.135956064163728,2.050021562339639
43,2.7549347960836337,2.966653054642545,0.8431209933391219,0.8353041121257008,0.9434767473967978,1.0131392532472003
44,1.5294074777294124,1.5,0.964698432720106,1.1256280079891992,0.8490765020471456,0.8918096308492697
45,1.5197131120536906,1.7075009749628884,0.2455485694201426,0.3567337081330576,2.2952637978481527,2.283155428902866
46,2.757413650046415,2.4912236395165612,0.6135142304670647,0.5188112027355198,1.3595673950591476,1.425936029440983
47,1.603646605114088,1.800750685315823,0.2243714455402858,0.2805418399913366,0.5922991318492604,0.652334933945465
48,3.764359813920164,3.597138719549099,0.6630116558941748,0.6491478751254658,0.4224907438050912,0.4291434551855707
49,1.7280249916799897,1.803744294229091,0.3793552271639349,0.4088994110268952,0.9037502212984648,0.8572092511653643
50,3.9103715808221033,3.6873669215994784,1.161926874100606,1.1543447888383325,0.167593697795776,0.2522494751780526
51,1.898856145247226,2.2558365134343252,1.1705056651283774,1.3612844591482731,1.8256579595003373,1.9024078490864835
52,3.2211337478940836,2.587685054144592,1.173346499107752,1.0710695280644524,0.3334725471941386,0.348458275825695
53,3.629475233519134,4.0,1.4729479218105035,1.1882153731241845,2.083639989962495,2.324939629782009
54,2.4905164398092543,2.35344912138305,1.9004045775925265,1.7199751490816213,0.1984630003750379,0.3076589382995505
55,3.718706577942516,3.728300089610424,0.1952650190629616,0.1965626974531853,0.4851178485227839,0.4565065428175155
56,2.3181217431571652,2.121205258941367,0.1043134008111673,0.1,2.8986009929103633,2.9480283911752165
57,2.98570999563107,3.62288933114424,1.7919094923434564,2.0,2.880453053372424,2.876883691425216
58,1.5708785773460665,1.5,1.5487742024800002,1.5960610106996065,1.810517715220904,1.814373097043943
59,1.7517987517214526,1.797498618761069,0.9048133640629378,0.8317537201547996,0.6269345916860894,0.5128080558417907
60,2.7456932878817844,2.6859306024981993,0.9677205740480824,0.9139788972020906,0.7938631435699469,0.800693140715049
61,3.362486645737521,4.0,0.6019434927115215,0.6079992178379805,1.339959502304736,1.3338493222843624
62,3.9333930173836142,3.3900564104468245,1.75714681803928,1.547735906861459,2.0658422093331352,2.116498782201376
63,3.704001959557063,4.0,1.3454947362520535,1.3824980424504685,1.1781634676742438,1.2510585123292377
64,2.5316848474856872,2.4008813081360523,1.194675990490422,1.245104349090031,1.3479178494274118,1.362875320848332
65,3.417793987563992,3.391796758219382,0.8097504134845689,0.6524604770807577,2.169378929469886,2.307314985955088
66,2.552516525267115,2.460421117550916,1.84298694583398,1.739032565000145,2.8941317654758323,2.8539686405737252
67,3.907695845562572,4.0,0.4421132465447139,0.4288935317777535,0.0646759486388841,0.0559466398218441
68,3.089527678941149,2.8112852060592286,1.032404398721155,0.8966857488054311,2.3609126929016595,2.3784469819657588
69,2.63118823081589,2.6849099288501557,0.4526766437407877,0.4949724031876864,1.454283464221691,1.3802051078442807
70,3.5387743837988475,3.186688311376362,1.1497776289807848,1.1198166275393409,0.8760416316508964,0.8364587912425762
71,3.499206064428678,4.0,1.250394987705002,1.2654769290021108,0.6202294342157284,0.7014665202394097
72,2.398500491454275,2.240803239200665,0.9701325617636865,0.9393321840131952,0.3695044280886317,0.4196254917998069
73,2.2150288524863013,3.074461837853232,1.2782466120989788,1.232202949525372,2.6284293109329155,2.9672410980257498
74,2.1825616317520087,1.8019981824283815,1.829348631584934,1.614329513814674,0.2761583592711735,0.3687032260191473
75,3.940126221961976,3.9572088817000735,0.1784463619008356,0.1000008988083808,2.058453534747615,2.344347577495717
76,2.221667678547329,1.8588632390003277,1.4807580820803938,1.2006374832928333,2.913363491344481,3.0
77,2.0331429725056616,2.642445143560072,0.6473791936270211,0.9496867799161776,2.683784690402815,2.6435510492523138
78,2.208159158455718,1.877149244998927,1.077473288607134,0.9669604761289062,0.962287965231196,0.9339327035624478
79,2.90878822806246,3.057473086413556,1.7289647229694118,1.7676518319344567,0.3646366857613472,0.2899452576802542
80,2.5618494174653472,2.777072316241811,1.5341938885929856,1.6471468114424184,0.736997273270028,0.805750850798865
81,2.2265977172931475,2.4795778220035345,1.070926155065053,1.1705358638263132,0.5710524110127891,0.5270387709811719
82,3.344583102722688,3.166940134815312,1.119833235423654,1.005630133687749,1.9908171157207692,2.054509579373929
83,3.1475978817934833,3.389834680145669,1.9697905889808471,1.632054712902028,2.0567755247056576,2.1691355738539286
84,2.0560783223375747,1.638548448064426,1.7637773710654934,1.490140638187133,2.1733497328596374,2.19879344249412
85,1.5329292217211492,1.676734539207466,0.1438947581774335,0.1,2.3688975464685473,2.440563558937496
86,3.953864969799993,3.8865599746690394,1.741698392072211,1.6403827162435305,1.393247892937338,1.4935911940547617
87,2.211844752652527,2.3893382922660766,0.3503597721703986,0.3453003965156718,0.1393721381306962,0.1590289713771457
88,3.873354943014872,3.864361957549559,1.04054741417732,1.0718093399852162,1.4367487638630707,1.4235208989253822
89,2.6605764750225616,2.666253526801715,0.9151149556001864,0.4967164771475349,2.532568198355076,3.0
90,3.683144002689065,3.0159273347918,1.0247516149316371,0.7400593841734221,2.561704367738295,3.0
91,1.6265839854583628,1.723703457371081,1.2010571707728324,1.192927135862563,0.257123109546553,0.2603102806629699
92,2.2403358718742004,1.9129948093745937,1.3253596271835049,1.2134923415493326,1.2027132778600356,1.3382116579291157
93,2.992906158383141,3.3951587946568895,0.9498442261037798,1.0179003791736962,0.5283972687044617,0.5468158899718734
94,2.4735728024850125,2.0978962568274837,1.7094948700798014,1.4112368935149948,2.2836853681740097,2.2837160309925
95,2.1026448188910747,2.257797406637802,0.1598823408435989,0.1971732916521623,0.8414438343326539,0.8011023080262563
96,1.5455357390009623,1.5,0.7122091775765913,0.759633381450155,1.8157523700441185,1.7815858194092946
97,1.6727760328978487,2.0310855613648697,1.997853131986492,2.0,0.585604811923629,0.602350610497782
98,3.5087324607928685,2.729686727375398,1.483521731614826,1.2473982520755622,1.9525332222341352,1.8758003390570035
99,1.9982889202126577,2.151031869328761,1.5985525704749326,1.5927414860317008,0.3053316646179757,0.2382755814874353
100,3.709251204638403,3.5125743510338605,1.4547460168272235,1.365565398531357,0.13694824547811812,0.14240170336668564
101,3.308550624054197,3.5816985788180133,0.1852111043977238,0.3627811938178601,2.9427158176871187,2.6489540189369407
102,2.5483555302646677,2.4636239031579135,1.6111953026674588,1.5657021599556353,1.471188766747204,1.5701807338858136
103,3.166073369217692,3.7655017748960646,1.259664183548397,1.5705456367673216,2.6963765854022426,2.545369138463361
104,3.5715746331502123,3.297122650920028,0.6873402386005258,0.5509641060682895,2.0992015384946128,2.3110959107766087
105,2.7603951882600977,3.6907007208983713,1.985432712609562,2.0,1.6664875982308658,1.6444219846785013
106,2.496309161972868,2.4433375609167753,1.5211416760997118,1.5581668703590976,0.9723449784816224,0.9827963350229099
107,3.1332703744715644,3.4427316587143,1.2254580119641403,1.5200970942027898,2.836171422491443,2.4490030446263042
108,3.174679084472666,3.259115041798278,0.19797199639813717,0.21786312699651655,2.85374412126839,3.0
109,2.946119543155458,3.37916766801674,1.3996894171985415,1.4568627453583856,0.20368381199425234,0.20538979966145962
110,2.5296108535471546,2.391131294663372,1.4690123840590301,1.3585443632455536,0.5137558923627115,0.4908492661667391
111,2.8319329265269775,3.100771885741352,1.6932051484324198,1.6570449787878554,1.411160709223337,1.4068737127084054
112,2.5452155023975243,2.3328964623919184,0.41035406123148466,0.35450679507529276,1.5334177330515935,1.5031217545909974
113,1.7206542860995016,1.7699707579513717,0.417341350021078,0.5177172896588296,1.769558629169369,1.6241875101037087
114,3.1642699127846883,3.156904238499765,1.8150123557054365,1.7683765840170707,0.4129396793379365,0.40628378467955806
115,2.409901340574512,2.5196891250386835,0.14095872970504902,0.15044380291239975,0.2961553472387062,0.3105498967168556
116,3.889722064676322,3.584220180978023,0.8079698485738361,0.7428298472579854,0.048527711432901355,0.09972163155977286
117,1.728005808722106,2.225101893410002,1.9004547818911226,2.0,0.2263543589657594,0.24216542624687573
118,3.531580879298696,3.125698420662716,0.6673267987814053,0.5636451604990482,1.4563618063887853,1.5291656548021149
119,3.743509017588204,3.715089688886424,1.4384045098378575,1.3834611011661124,1.1306091404768255,1.2341853564780776
120,2.732104644693205,2.368357567294635,0.9382802767808368,0.8773969067639779,0.09305335192118569,0.08844464676573269
121,2.962150690920157,3.015059046882786,1.526910701841582,1.5984451385049663,2.8262828107240705,2.7950527685257445
122,2.786487452336047,2.6227390831566626,0.25265534997108297,0.2333694923088661,0.6807869756942171,0.6774133831609525
123,1.5323554999342668,1.6896596160055366,1.9094546602809275,1.8052612555883112,1.6323175590027206,1.721244952156039
124,1.5122035313749238,1.5,1.078565577560193,1.064399955809454,1.964152291845835,2.145794503304335
125,1.9449471602810962,2.6290848009440397,0.6936609380223728,1.0426186229045764,2.7842611937757527,2.522916443511849
126,2.7274679269792177,2.7936947604234175,0.9053199062980481,0.9867664159182422,2.473081201197595,2.368203178787639
127,2.893714521930535,3.2699409709159064,0.7621864726270547,0.9634264256403029,1.933729973567952,1.8380510159206171
128,3.810019637990777,4.0,0.2268117977201201,0.32156275547324475,1.9387426974353643,1.8042437244262433
129,3.6942561283992563,4.0,0.7030265862429903,0.7009633973781412,1.9061505230133915,1.8805122762990318
130,2.513937897557658,2.139203544352985,0.43811067695480765,0.30600575356460685,1.7574380895763402,1.7705508368220368
131,2.4559962389623893,2.525035799858599,0.3122184514528463,0.2702463855344377,2.895699465040977,3.0
132,1.6241441488402597,1.5,1.5985870165548217,1.5636089438753953,0.6454535893031023,0.6440738949030219
133,2.03449874935927,2.0864195973243866,1.5919428335389678,1.5907533396263134,0.4566485240147823,0.4409229683364669
134,1.5744220372220783,1.5,1.0065284791917335,0.9648159363662426,2.3067339611746194,2.44599741849395
135,1.7705769224573171,1.9193493856473451,1.6128286284977862,1.774528430637069,1.6320488906126913,1.7911520306616826
136,3.719726208234078,2.9762126217926976,1.6996643519349652,1.4787179355070517,2.90956544229045,3.0
137,3.1957899680474777,2.994876069005251,1.3433809683150455,1.2926583640579659,0.07900819326033548,0.06361247681647486
138,2.86774834862453,2.587068633176589,0.9072209786040107,0.8168095799898273,0.08195383418191227,0.07281643572264851
139,3.909479823678437,4.0,1.4518577226055962,1.4415633449976228,0.0581526414990281,0.08029092631484902
140,3.5217905727318426,3.0852293981961902,0.3430349826170064,0.28156847331287205,1.027823264327632,1.0644557903906249
141,3.4554289946051684,3.541847462857934,1.3486018971841067,1.2404851931525676,1.9180027474226415,2.099657867813958
142,3.921862690902211,3.894301140178628,0.7608954589913373,0.7443948626213791,2.3252080684438683,2.329225877528046
143,3.31472218023523,3.185616991274036,0.5981382464772712,0.48609638322095483,1.4137123028618896,1.509547706643616
144,3.546339108019863,3.07367345073429,0.6266688896086478,0.6982825328291782,2.5811123198071804,2.451839736235942
145,1.5143192725483845,1.5,0.4456320500847578,0.17981905635985956,2.7764640596165653,3.0
146,1.5625119646328096,1.5,1.947248700972781,2.0,2.1675624073429023,2.5124911120196933
147,2.6938701288406324,3.0113295808948957,1.6035385455400561,1.635666810555194,0.5586046610824744,0.49691891029447977
148,3.4852035784444713,3.340206106638487,1.1506820861706566,1.123545770215009,1.7911763044761448,1.7308231516221344
149,1.988167635921183,2.039139840369724,1.1324710849603696,1.0199334221269905,0.9017618741308838,0.9854934863277761
150,2.1850674194613076,2.2916874118050985,0.8957425146280298,0.9233176281249218,0.940778347289121,0.9749030980267549
151,1.7855700269633603,2.102041460440005,0.9101661081867739,0.9580013875269252,1.0381900580731087,1.0436978328140907
152,2.5149349323676855,1.831481402155516,1.5200561170024285,1.2200500058233248,1.8462804000445736,1.862174979706319
153,1.841069435474922,2.040803646886131,1.859481713002433,1.883569182586315,0.12653945266831867,0.12355879717775463
154,2.710701546630899,2.6504087316914378,0.27080076431705213,0.1,1.9668953282721584,2.3767678113517565
155,2.2205769490921186,2.2460516803989936,1.725788599533622,1.6127579511345906,2.352321047266067,2.347387265572815
156,2.932696622438116,2.8401174273261964,1.438673431360446,1.6379885135478716,2.814173416085844,2.6775428438551807
157,1.6149519947312032,1.8199638767056652,0.8580174964469063,0.9972798712390649,2.884385677490041,2.87035642337224
158,3.698277118283399,3.0317057529169116,1.9519319172528813,1.9636171289968296,2.4742081639919147,2.2660864552247353
159,2.407211834584012,2.8127587843504545,1.7765708284170447,2.0,2.81527442939299,2.747403533591423
160,3.089133130520671,3.1080013589301223,0.3408517189393909,0.32864678945277853,0.5163596063271615,0.619334103052556
161,3.216593965024904,3.1590585645901292,0.2394675790952021,0.1,1.7586224518365894,2.0198488494873263
162,3.0836858461784526,3.1712839847053074,0.3249003367920606,0.3288748947423021,1.1015256257586201,1.147775857256217
163,2.2405193514408017,2.4642362366207786,1.2898501288344675,1.4434371183530266,1.676943863552879,1.6258240822334944
164,1.524479507010561,1.5,1.6113616388799905,1.686323055975513,0.44276461574351866,0.4228085838043853
165,3.384633945007079,3.9814490550678707,1.7973967459246456,1.8818955243684994,0.6605007676302759,0.6618362371535214
166,3.748631041882045,3.9192888330594142,1.7960561155554173,1.9050386114161546,2.3664463633088437,2.469618059510228
167,3.1680557264887463,3.3377022251079977,0.3015159389828707,0.3620308417696172,1.45389905328405,1.4375598850480686
168,3.97854823913545,3.3947380296826797,1.3358484280983913,1.2520230800267194,2.7438236923623753,2.8225991339476746
169,1.7654672375124425,2.108334878111278,0.8925274120140422,1.0026081820512476,1.9232768561294846,1.9672711320319671
170,1.7935979575770564,1.7111337400389832,1.2412652513835696,1.1719007686945109,1.0962516556210091,1.0022145958956536
171,1.694478275846279,1.7862448195064786,0.9438975235532786,1.0568935961016768,1.510904663049079,1.4687189117823314
172,1.9140975588674725,1.5,1.9449319684456474,1.8419697344876251,1.8677431331452454,1.8364329166506654
173,3.0273963615563484,3.3120143545225367,1.2646085202898534,1.3264331620995735,1.4319481953036566,1.4612735889299049
174,2.877837979858727,2.6119869318440934,0.6085927225767092,0.5446984045401259,2.9675060929525037,3.0
175,3.5103485283764115,4.0,1.7183403122827736,1.8376877520423334,2.6337875647810973,2.69357794778922
176,1.9275581466192473,1.7271039919145057,1.2354084625469859,0.9024001737158238,2.7329426494928324,2.9770839926399915
177,2.188429597801547,2.3719239533585563,0.5605800300092766,0.5643207211653207,0.9253950714248317,1.0101786344060368
178,2.1251946160843893,1.6334191553549162,1.181834741470315,0.9457795834989837,1.2065946643182353,1.1638281658572194
179,2.967698174806591,3.464045043499413,0.6755552730021551,0.7154576194296252,0.8877807806866197,0.8342756387701564
180,2.2080204566120294,2.2811323312698737,1.4496511181406895,1.39886560736091,1.7004566665117402,2.0050039177529566
181,3.74983046293471,3.674766338375879,0.23979883784675504,0.24937296177445073,1.1165014329365284,1.0691890801923438
182,2.693037513411584,2.686528925764603,1.568335119052379,1.553523559044561,0.49057157350798897,0.5485447814502299
183,2.242994017337847,2.2796966305608297,0.7782417319745035,0.7798927425675449,0.2865358940739299,0.29477648505734894
184,2.4491898300775743,1.899375488950948,1.3947758214841488,1.18069234586832,0.23477067165061538,0.17975623826994686
185,3.9523136077460688,4.0,1.9208955477260372,1.7907023905663337,0.704596925041315,0.7291424623275922
186,2.5099979944580064,2.439079706402721,1.6250965234324979,1.641742897472993,0.6275693592607596,0.6485099695436504
187,1.8639671068084862,1.9448034337820168,0.631426468474939,0.7029762272269308,1.572482718081914,1.5311675795301833
188,2.7088131726921754,2.68955734039644,0.6170518175325327,0.3525864849116602,2.0798498462636874,2.43625123834167
189,1.570325268917038,1.5754035007360447,1.888409369687818,1.7582032116977648,0.7573552883859227,0.6823728577514928
190,3.830099022643937,3.8166574811862,1.1344212723488596,1.1647556254856726,0.0009848254219061436,0.0
191,1.9566674401448063,2.540283172221152,1.8128200770788787,2.0,2.844646130412964,2.8474003445762834
192,1.571970517293762,1.5756930193314203,1.4733164147664632,1.5018013691286562,1.9690759141397014,2.1264744403654814
193,3.340591217101924,3.3352241385485013,1.7015708864538945,1.2254446871849012,2.538582305276604,3.0
194,2.0779999169960313,1.6913086203977903,1.4188269215564224,1.0676370922447262,1.9492027251477027,2.1247225393505498
195,3.5335796160214,3.3913793152906937,0.24784590272334772,0.22843581600534787,0.6663994405212306,0.6783767150967901
196,3.8002108058634367,3.1089508654373397,1.0004758492044676,0.8619900643852965,1.0755462442499588,1.0469103596925118
197,3.7067834179620016,4.0,1.4715097043650263,1.3598881529500018,2.1434264966434244,2.141153639153925
198,3.3408779492192955,3.188292108767369,1.2286654711663691,1.2342733192301536,0.4241067511523521,0.4245366035326043
199,2.989215772072336,3.022165727557984,0.8265802743830891,0.782790011917664,0.6853748039346726,0.7004126706044149
200,3.1707609823284963,2.869891309599144,1.105591325249347,1.0335369185233128,1.6270417701870858,1.4893385188196748
201,3.400247601484205,3.777923663212255,0.1428085994221752,0.1,2.5371875342412187,2.7893174148443634
202,1.9844565801262504,1.8884859075972802,1.1211299406081818,0.9488367408286974,1.5530494216714152,1.7064255081178679
203,3.4023525457121755,3.554534577505304,1.4916632675880424,1.4356788136413288,2.065960232532407,2.176408354140113
204,3.7088727893925717,3.8341524189783853,0.3673490366621722,0.38761492528889846,0.8851976516834412,0.9133558811748673
205,2.438828055939461,2.686670944232218,1.3227155856697497,1.3570975879682354,1.385364183920238,1.5201252908499094
206,3.888226014737854,3.796574568368949,0.3573320449821751,0.3096857907227115,1.6834681463790298,1.9015881786127542
207,3.3190894321618543,3.5714616304127675,0.647186578334411,0.6921606126982934,0.7461000560340179,0.721878389555178
208,3.5011540903048477,3.4415087896124033,0.5252018501877028,0.5267754100907334,1.016075335665893,0.9899759013958924
209,2.8733106853702184,2.6631765551309763,1.1271297003915606,1.0229154783241365,0.8259925239278063,0.8021694815275369
210,3.0039931767764863,2.031248245489855,1.7293547906145654,1.4746098184879086,0.7369615941034138,0.8039929766123354
211,3.4658981808472378,3.769859665582424,1.1358172991034128,1.1753897497459216,1.0818526286593482,1.012480945401722
212,1.586869564783718,1.5,0.3260012446420753,0.25642589102375035,1.7806682858948104,1.7639621254878632
213,2.053204341809649,2.288866664061254,1.7764251439612877,1.7485725651388297,2.07292277635301,2.105661707167941
214,3.8789767290077277,3.554114308550111,1.6684086489964922,1.6559933897699592,1.4273130325481431,1.3992893144034824
215,3.2308290554900294,3.094299465159277,1.4245274972583832,1.3397285889078463,1.2236567828511922,1.2424034327537825
216,1.7576605197306525,1.7967548178425221,1.6223702662872577,1.5929477602329547,0.32709371578722646,0.29808078184560177
217,3.4733678232228087,3.5329039027573397,1.5238439079433692,1.5420651792183333,1.7189981665939522,1.7122457672578562
218,1.5624427583205633,1.5398035608101104,1.1973406409938727,1.1656528680520841,0.9464190541293847,0.951154092754515
219,1.5554769424659556,1.7173827950635328,0.3341854020563232,0.39407109235177584,0.12657460107763407,0.13881982886151958
220,2.895845009868015,2.7415846872973417,1.2090316027821273,1.237107323297499,2.6722783436090998,2.4975735161618196
221,3.5444066736161486,3.6759674618065357,0.9449695408879276,0.9214731697789725,0.21889270169288155,0.273669100172425
222,2.945859325243708,3.055132067904088,1.209448113176091,1.2331981399604945,2.8683548783239132,3.0
223,2.145920786167897,2.1416465211436426,0.8168875088138778,0.7451969918845669,1.549299255569935,1.5829934231239429
224,3.0884212683560235,2.9618693858174248,0.1222042620373142,0.10000000000000003,2.2039713897132045,2.1311231448031993
225,2.3989014134255244,3.6035409679113286,1.9934841098116043,2.0,2.630440322946615,2.6238992971828363
226,3.8231868736615304,3.832901880700609,1.1779303611841427,1.2541954182507349,1.6309154396663363,1.6255581144414044
227,2.375830966826461,3.07293900801925,1.8999730624785212,2.0,1.6232863007256368,1.7067092199888998
228,1.6001978256304499,1.5,1.6011671113114754,1.8001887638375502,1.868854015290189,2.022031131577756
229,2.4966906746668265,2.6772713586816197,0.8703921389495292,0.8448041719878586,0.16194377296255846,0.12826383183327925
230,1.8196896386500065,1.679794603601733,0.11654055379924527,0.1,2.136049881269652,2.025804692576816
231,3.318376521866829,3.486189620439407,0.42116426857057676,0.2869616391399222,1.875862863561217,2.233865245390883
232,3.4555847342492654,3.5283636029678367,1.3428201008712919,1.4238980053388581,2.947736164577451,3.0
233,3.546409423798547,3.9010898343283444,1.3631902486827816,1.4535338223382637,0.3098895468582077,0.2730465116393006
234,2.612672366961421,2.4898301828492553,1.0238127701975837,0.8014278378641703,2.876697350547891,2.9763470664240295
235,2.3725227356707723,2.5329138719636624,0.6455151634555519,0.6502021535740713,0.6964279119177373,0.7082248660099789
236,1.9109160479473744,1.7872805965921026,1.1009851072092105,1.103493486152684,1.1635957133540193,1.1959306081952348
237,1.7750544997983637,2.199129548622374,1.4864626456932182,1.6178449871419838,0.9379474151701548,0.8963022027157823
238,2.2878777640116352,1.7999567368679228,1.979060585977322,1.6664671734547747,1.9644629406913587,1.9791274935826277
239,2.4726264155615123,2.843469730217845,1.9304170986843796,1.9666214084527895,1.922160089339199,1.8897983161676815
240,3.7856784818400695,3.75754741277528,0.6524149245048776,0.6429196879384071,0.06320854761444628,0.07815839399087306
241,3.348643267104138,4.0,1.1580629981056358,1.2634882109510763,2.99565758818753,3.0
242,3.835070630490942,3.395884681794578,0.9706111862024939,0.7945120445534901,2.9398030621501405,2.9999886045057798
243,1.8573053277787774,2.007889340676669,1.4771014584500288,1.38740659835644,2.3923799280981077,2.4691265530251734
244,2.7943710212905923,2.6031994984004023,1.7017901419000374,1.6969187457565673,0.26361839961981004,0.28126290111856544
245,3.8541620364612097,4.0,0.13799567144333452,0.1,2.461017150057443,2.6153271943763987
246,3.8543736981283385,4.0,1.2116843491225062,1.232851206816683,0.3151574518254946,0.28008849771690003
247,2.5029728633264776,3.06969347993486,1.2972886397711452,1.3482021603694305,0.30221850193430233,0.3206353922448899
248,2.9906772025085866,2.597621435251326,1.1068728708054858,0.9923559961043437,0.8608088690856797,0.8865759328215415
249,3.998604674219998,4.0,1.4226842968684281,1.2904066044195137,0.9936447413968362,0.9692145806241076
250,2.2563692716167085,2.309915733908175,0.45625025322183244,0.5692091592687454,2.3780328238830806,2.2739480764063282
251,3.255293316640493,3.385922657979425,0.6723974433699645,0.6629933542447753,0.9401717083715231,1.0101067850117633
252,1.5287881437416564,1.65444175527132,0.19901988988606215,0.3742084278491054,1.8409741065744982,1.7985251258496087
253,3.5232074799814486,3.7256640424048904,0.582464767930321,0.5839560833513012,0.5435877687829296,0.5123375289339194
254,3.7486037792156033,3.877248893754847,0.5897170473213483,0.5969656087488462,0.4961334466766206,0.48252503535379515
255,3.839924392595657,3.7843966662922512,0.9440545606536641,0.9247940953893734,1.05326233782822,0.9759456049672719
256,1.5827748153478143,1.5,1.7128639346823322,1.8156666610081087,0.6457828379704593,0.6423145154268783
257,2.536300610557999,2.4938126316302243,1.4123262551133373,1.0953210060051013,2.721561689324912,2.93459150567259
258,3.8794561578970286,2.9009116523700964,1.51731692027705,1.376807832990022,1.004276798004455,1.0059939149409494
259,2.804995894354396,3.46988989373594,1.2871422446472902,1.381102626789301,0.9244511411666843,0.9457971898073025
260,3.3169106234463737,2.8205678172111086,1.7935181656267782,1.6870738893640183,0.7710900452080529,0.8302746054178921
261,3.2903833149802937,3.5439443171851,1.6001791628546682,1.5279968465566816,0.9135458139763569,0.9096833454666731
262,2.211057717970814,1.6382071116281127,1.6072527445953884,0.7980180111544083,2.283772820554355,2.754908332886468
263,2.576614637245125,2.796279001554195,0.3861401887901139,0.3842128439938214,1.4716862626194953,1.4717321331525561
264,2.1305893400577363,2.168963221824631,0.8837218343847223,0.8726966383892386,2.928151203578929,3.0
265,2.0167332745662865,2.0718125782052677,1.1631889112372098,1.2919457856294925,2.3480641982155537,2.194174482371711
266,2.819797825609882,2.440989005496835,0.9516570054511583,0.46815179676284985,2.37734351482548,3.0
267,3.560943446398424,4.0,1.7324196586437204,1.7554618931818782,1.401739454444922,1.3432214829737181
268,3.4155088793209014,3.1065964350476554,1.92527689499117,1.8758992250021238,2.5117914205886076,2.431783950493762
269,2.95709385249216,3.285282585871899,0.5944612590195141,0.6967701572487813,1.9600929981036106,1.8538748104358707
270,2.2291368013676633,2.481502300179542,0.27935419718492993,0.42793784115493827,1.5324655686500384,1.5897388796483984
271,2.2918963771784444,3.1533145513439775,1.7477025164217455,1.9323287183654838,2.378847039332273,2.4710532694673306
272,3.393140312693686,2.9459643577275623,1.693517404748694,1.2748586502273997,2.4465651337864136,3.0
273,1.718693493578481,2.1304115926440708,1.8146036082221493,1.8039014670490936,2.402472359522605,2.4874726706316532
274,2.6116413267177414,2.622480176934121,0.8819563063868754,0.8599726035658469,1.5319659361967337,1.661160836957931
275,3.7383839085735686,3.775003004219585,0.44553164350547836,0.4070359500846584,1.31889800182935,1.3940085301873057
276,2.038748156863397,1.849910765057136,1.7695707076290992,1.663949157432557,0.4001177434202017,0.36955622088349427
277,3.5635295968296052,4.0,1.9351560724545787,1.824095066625575,0.011011223611048337,0.0479375395900149
278,2.405452315472238,2.0713628464754623,0.8876057712147135,0.881443934125767,2.18478636215031,2.0692043819591657
279,2.086966418842652,2.321847609694797,1.8890102079287279,1.8665243428410616,1.9139412067869377,1.8366368413060783
280,1.753313942759577,1.6421927590666674,1.1203029199245012,1.049044966079166,2.047693162724722,2.0550400252281817
281,2.769050443770544,3.5636434091098512,1.6230657492073155,1.647212967322723,0.41715162061386046,0.4154280322226669
282,2.38810222809941,2.0044943769668193,1.4841422891632088,1.2934943155449645,1.1597406040492324,1.089733377492426
283,3.4196116869752693,3.6301526715198937,0.6815881457014084,0.716084420321116,0.1987138124384521,0.18564556817327724
284,1.5825406848389618,1.5,1.181257174780599,1.3377984985447295,1.4061746877782824,1.5751734757190028
285,1.522186341226389,1.5,1.254485160908032,1.1805590487199482,1.163630616568787,1.079715531908009
286,1.5718438258295393,1.5468578823347974,1.8195818399114745,1.7357120327335382,2.285482750894284,2.224008938224939
287,3.0062686265365697,3.1501695973353954,0.22553410671900556,0.3369454867512221,1.8740660216789973,1.6330777223256399
288,2.4657340232401,2.195904340022073,0.5123526983868901,0.61820733851763,2.921065265220159,2.521226546845704
289,2.787721204931139,3.2233722380675354,0.7561572639332615,0.8411769085093634,1.3800231861074237,1.3056703015282125
290,3.683859424823781,3.185000938815123,1.4357987682657665,1.2647985608352872,1.5503175934270104,1.575809453514083
291,2.6269726439735663,2.6171736405292387,1.774385911726979,1.685824603843841,0.3710684969706063,0.3971553045067778
292,3.6855743879731118,2.7827931888726485,1.7669744739700177,1.411496559036624,2.3495274180005024,2.6914793958960126
293,3.7673916881046914,3.8115342948992748,0.3272553160846486,0.2244124474972113,1.794633772007173,2.0102008451022417
294,1.5323121635600343,1.5,1.4217045157112387,1.4658461234580493,1.812389531181682,1.7523118908841402
295,1.5646086311177525,1.7965799553229707,0.265114916141173,0.39323141947692014,1.9657734581862796,1.9295615143289409
296,2.263813370313981,1.7599430509225256,1.9996690257450696,1.8517284742006428,1.1487621799681893,1.0483385097597882
297,2.293333649886719,2.917867171140601,0.8388899511553644,1.035263263506278,2.5417150969081934,2.552875514213994
298,3.9116000191690086,3.9419713412256074,0.9879144366562825,0.9620265779246711,1.8132183365861316,1.83422025586886
299,1.9390233776688335,2.1116363363255872,0.5783563048217795,0.61306862701792,0.10070034135428507,0.0730220426537807
300,3.2329573315356033,3.142683196258909,0.5003676367888289,0.4794582235846221,0.33413444465056463,0.316608482008088
301,3.827373428970963,4.0,0.18248561945395764,0.3110787757580725,2.2807755056091064,2.0392895258181816
302,1.8415612466438347,1.8358225375705048,1.4755994416563314,1.4423185316373472,0.07229683354659489,0.0016197440235774126
303,2.6690698453625643,2.963328263088771,1.599356008710402,1.658441237615218,2.137372737584654,2.084176001234489
304,2.58604093961609,2.253403113973721,0.4104790026382724,0.3199122860485686,1.1067884581565854,1.1178062217788678
305,2.0352663150249724,2.26359515823405,0.650561599722224,0.6919659066493731,0.9552426974123625,0.8496708818834658
306,2.4828202094506007,2.306046160726556,1.7539266101697075,1.615228382975058,1.3341974982317637,1.3246179529182176
307,3.4980887806487653,3.4790593389257385,1.0543440687411525,1.0192650339624487,0.8205099445415135,0.8098857790789409
308,1.9333619727235705,1.7949684112719353,0.6268263272296647,0.5565474200429663,0.4932888914720681,0.4604267903807198
309,3.4787056242601504,3.5375516886896445,0.20722101543141286,0.1,2.229131596041312,2.491550218428355
310,2.0781887846148663,1.850044705821077,0.13824017261607527,0.16978411456707349,2.0851058613102373,1.9479395390464542
311,1.7613749474300284,2.214106351899841,1.1172682689986853,1.281693185639064,1.8511925943250178,1.848977352726295
312,2.8111063783309307,2.6355609656027443,1.6532948554157456,1.491337085333374,2.697785022617027,2.7391729224116004
313,2.420785100555711,2.4854435578371907,1.3678186617173549,1.4758503121272355,1.3771203589285124,1.2965451883193742
314,2.556442909163695,2.8306389668144964,1.499701687394346,1.6219088694467338,1.9685255495811897,2.1604502044879736
315,3.3152855792906393,3.454955753759255,0.6621990985145264,0.6488418647282298,0.06527698761828993,0.05221851606027726
316,2.55829454394184,2.421541155022539,1.1210521278689707,1.1015847274435018,1.3845951435714068,1.3375853779228088
317,2.355602915119838,2.4603421029412393,1.1981993733027128,1.0798291920628516,2.238480785299763,2.260191957563124
318,2.040563410983853,1.9069327695508231,0.45719092343383894,0.3919643041115641,0.8908460392781044,0.825075448260988
319,3.508531928729893,3.3554298746734257,0.22330349005405947,0.1,2.2197279008934716,2.422515404953776
320,2.715722897070614,2.524792353914615,1.0149913694419954,0.9769066748628475,0.421045021300011,0.37712478167062635
321,1.924683105533795,1.9167933489976967,0.7034725847898227,0.718429316681018,1.7124032791814994,1.650334117332167
322,2.8741232050841097,2.2894189683363635,1.1572175075279345,0.9775638578354742,1.967337867841495,2.0013588307209766
323,2.279481343324671,2.3830726149066384,0.3687543706607024,0.4099913903667424,1.093733931783917,1.0928660947571445
324,3.4370724568240485,3.164331816850552,1.9464038137135133,1.8559427010119085,0.6556327721202566,0.7234303029140494
325,1.785821009958538,2.044677721673113,0.9768866166133133,1.056820576184108,2.716462989443298,2.7140581715381615
326,3.964566673018381,3.842916373358266,1.0592639973238653,1.054459736786452,1.1167673174697024,1.0335414742159954
327,1.6406287824798897,1.922517309213783,1.1216274250004017,1.272547398123008,1.137118991659407,1.154266898491553
328,3.9802456700641855,3.8464528646838727,0.5761927657765742,0.5177966625648228,1.8206476163975127,1.9698325439560493
329,3.861884899282627,3.844215911007757,1.9533629260028185,1.9319330851754601,1.7900931167532848,1.8148026771367718
330,2.7645080047202226,2.7431601107962456,0.683280645100787,0.6621778843039507,2.7697842417438645,3.0
331,1.9800231263751567,1.9666387240799148,0.1722030257806873,0.1520788524484243,1.0891776072285166,1.1277881187835321
332,2.3626288405701423,2.2808625662187803,0.732193354691188,0.7281413176429624,1.8057098160249017,1.8051077268883593
333,3.0774365836477346,2.880008027152264,0.7133383494882605,0.6570184368048527,0.33561985072156486,0.2924497453250333
334,2.4982124005022275,2.1945172678598146,1.6500217106649229,1.3956597150359902,2.5608933809290138,2.559773693003274
335,3.0507456205004413,3.480167887619562,1.9319713750054914,1.9218161648032936,1.3584123494453952,1.4111186668732836
336,1.5187007874328455,1.5,1.4102575894222913,1.384036282268048,0.7581760286654078,0.8223757887583913
337,2.298820370731381,2.3330331118453,0.4201390362912232,0.4963529823984562,2.2371514812260247,2.0957477449290125
338,3.4426879514900968,3.1061749538167436,0.672723082603402,0.5756142415247097,1.3386979813419664,1.3455711276205091
339,2.6750526064823132,2.577439723852686,1.765589446912802,1.6393008690379052,1.1368156425607006,1.1333544923815166
340,1.9424758922847192,1.8803824335418158,0.38658606170400656,0.3609646957504687,0.19295119111132264,0.20680969111278116
341,2.0404011646588867,2.224116231473044,1.6922134857598625,1.800160020342207,1.885925920702475,1.8281116080793118
342,2.3945447055557945,2.323217013155064,1.0396722290875673,1.041649646526318,0.635267252183257,0.7097527698814206
343,2.412903988950192,2.3949114406695595,0.47386923452272156,0.4812087795227035,0.9608950205131113,0.9509712333617009
344,2.3897625438691525,2.2506268830744336,1.7268361866890147,1.594375049167014,1.8007243026482487,1.9158645545651791
345,3.1743802794009817,4.0,1.8681707612068217,1.9122818678303939,1.157192145530761,1.1634951245333895
346,3.3650225686099904,3.037836958782967,1.563334844545837,1.5083625280738426,2.556343915155051,2.590393507753615
347,1.9744632411456537,2.4807520150041205,1.9339369443805916,2.0,1.6003931146596404,1.7116412047609857
348,3.15092348277707,3.1153512836423434,0.1166208167727662,0.1,1.752220110123612,1.7754749426865446
349,2.9081550558449036,3.046949512691655,1.5330806349543256,1.5673907932685849,0.5075900027704106,0.5354833683624567
350,1.6043820992023627,1.5,1.139879889827125,1.057683951007035,2.1669641898325764,2.389761355126039
351,2.653663318893364,2.853314927640587,1.231072666189844,1.3686827251511753,2.3581507563838535,2.2160014453186614
352,2.3909433731861998,2.3490464463519585,1.9579890837639564,1.818197627141531,2.186600464705239,2.208021206030337
353,3.1862094691530474,3.6897236119454866,1.3760854180622315,1.4382060759154374,0.7648735688356322,0.7862945545371866
354,2.8734540246231504,2.7611159868991746,1.289511560457012,1.2018356392117329,1.6997330904742078,1.7388141014814928
355,2.4662240447500334,2.3632098644397366,0.8680016500043044,0.4358120479202564,2.4704839890424393,2.980113880178002
356,1.8667546710172045,1.7897236299271464,0.9962389500175183,0.9631296963346626,0.925404382711181,0.9302926108378983
357,1.732546185037544,1.8904595911009496,1.0312944363238463,1.1060235476642726,1.5312460819345164,1.500566004153832
358,2.08337705554341,1.5,1.0555690665949506,0.7466717488956286,2.855419462428361,3.0
359,3.733421612398908,4.0,1.0434738973632691,1.02501050106384,2.6850102596000367,2.5446337456490427
360,2.726440233969984,2.7803125383513247,0.5959932463277959,0.8164558335133147,2.9557810286598523,2.7453615117396195
361,3.9204509321141447,4.0,1.7526648294296638,1.7485519859971592,2.2610892233579984,2.2516816421107997
362,2.9240804854507183,2.7425026448737535,1.0949095216524745,0.7164287927644356,2.4835286270712835,2.7909305897715604
363,2.716505939268756,2.725019376948498,0.7704761202217619,0.7683432977931374,0.8215724073979056,0.8547012760613538
364,1.773689600974817,1.9182076611934833,1.7274227016633055,1.9796607658103647,2.486242317927073,2.57441056991876
365,1.6677255896884304,1.7366992629843543,0.9443162382946826,0.966199108366023,1.1736697448110234,1.148166098379096
366,3.6523539374469283,3.153121735528114,0.49345210926574756,0.44800611851997457,1.3894764930205605,1.4090352176014722
367,3.0545415349830485,3.7397975631901748,1.3122771490368192,1.3683455052022275,0.02457683363363805,0.038265074615419795
368,2.909968512527084,2.8738920859928285,0.38057064054725864,0.31208253118739104,2.4699993127701756,2.524909721882826
369,3.8330773155234845,4.0,1.6201435269944968,1.5132779361056485,0.46973786780504856,0.4506953141717011
370,3.7556821710106294,3.782716657658143,1.4902277415819782,1.48792273236498,0.31102398417397226,0.3107636783208897
371,2.0423321175841043,2.358807525243238,1.4362973417991056,1.4454337060872873,1.3059113706371905,1.158911963675172
372,3.7327767630574606,3.662410322071962,0.10895931194981884,0.1,1.8574983283373911,1.7898862790182481
373,3.107976657793257,3.465451303333368,0.737515209944304,0.7683969953661627,0.5392441228189048,0.4886206263914716
374,3.9777129436061043,3.744966624422646,1.985834759643793,1.9203229299710758,2.123064940747164,2.196362531022082
375,2.6799733180875056,2.987391830558968,0.4139350322409996,0.3984414330575478,2.57515967858809,2.820243435764357
376,2.8132314984321183,2.8735856965634308,0.46168862126420906,0.4643862927710561,0.20620686788069376,0.16742623774008134
377,3.4899754209742584,3.5140196862813293,0.1713333024504094,0.14672692320053982,1.0165880086094372,1.0515183911416512
378,1.817841972556898,1.676293285200543,0.37037349949698684,0.1,2.4804092463137235,2.750419916432989
379,3.6491546784305493,4.0,1.1870349646376097,1.0767110273376064,1.7901586613412896,1.865990864532512
380,2.7641497647313242,2.7128201243383874,1.0852762132590468,1.136064577017391,2.3344524638900275,2.1313168688711728
381,2.750665039572267,2.850494248311231,0.5418098304410296,0.5834017893832955,2.560019889657617,2.4806067035468136
382,3.814667930513996,3.2875240676539574,1.6997637431758539,1.5258338628623147,2.932121701762396,3.0
383,3.2331872954230363,3.5583473354481567,1.7046776650226132,1.7793764869591595,1.4502675431481034,1.3598013486735547
384,1.699699700540423,1.6453375669552832,0.4217169539610095,0.36465598159828283,1.2263565715451437,1.2782925264248994
385,3.836137759095113,4.0,1.8324374342447167,1.497202916453273,2.93666282205663,3.0
386,2.1011035558959525,1.8784656547123872,1.9368918991734683,1.833921225135152,2.4024448885459186,2.2971233456321154
387,2.87877974336452,3.435004689559271,1.808912494148999,1.889693830472276,1.8183568410321156,1.8123199473627976
388,1.7778704725085224,1.6937006790484457,1.769565790668476,1.5600974863173453,1.6203525067959805,1.7868040338441429
389,3.5615683192270886,3.7483722959457397,1.4331512169560139,1.4005736090590468,1.7340025346966035,1.7531666039207368
390,3.138239154713472,2.341671540469871,1.8942169779838722,1.681039349858966,1.1904018696034293,1.3347772053186504
391,3.314515878802447,3.1733826545355424,0.952602588606252,0.9300153550401784,1.4646621444309953,1.4752571093488425
392,3.025308767201027,2.5266445906429844,1.7929295666164955,1.5735738957223724,0.8415433021829842,0.9308032347947447
393,1.9360705906145195,2.2659691351659923,1.5021610315244387,1.6122104253745553,0.7706995943754185,0.7062450902698341
394,3.465785389514481,3.325288688835453,0.7769967280126747,0.7386871694667156,1.2190120322806317,1.199746188363828
395,1.9486265990414862,1.9479747608569442,1.1811683853134167,1.100373805152967,0.9311486457011343,0.905024273634816
396,3.984278351967127,3.4450259260318075,1.4170648065119693,1.2641123726539418,2.407553863688882,2.4478408180675695
397,2.0738633527529653,2.053422572905809,1.2611577317766187,1.2409850071537771,0.4578508988581751,0.4767220946551562
398,1.7322428061895512,1.7611717836089469,0.67129559006463,0.27786386160496285,2.365597713572533,3.0
399,2.9723515235276388,3.4339495796049775,0.5442433074516216,0.6311514941088684,1.9554130924070097,1.8328490374299056
400,2.1563824972084786,1.9017572940916045,1.65945183618895,1.51763602143935,1.7101290578238442,1.8101461098067562
401,3.7921204106882085,3.8102763256358223,0.7747669193303388,0.7455842203456742,2.29770546050396,2.275144355990252
402,3.3070498895334097,2.9069264747447683,1.768108541781854,1.665271450554065,0.6121468065419655,0.6117007328628424
403,1.559850927849495,1.9855688437054966,1.210133559653619,1.522109543686043,1.3618911750361462,1.3207397166893782
404,2.01930601132022,1.5,1.4088282818784352,1.1425388778858283,2.1341495617414106,2.240551482791197
405,2.3089492392797335,2.4986137538949778,0.4775049563449325,0.5374362054569571,1.7800801664819959,1.8496906968015956
406,2.301752669426967,1.9898928487453693,1.2797998121655372,1.1860488737005188,1.6980285235557322,1.8353155789724747
407,2.638721938822661,3.095439568334576,1.9808993329038713,1.9940713897147768,2.3175990207894226,2.4074339410785797
408,2.2596778761272636,2.221779255907784,0.36374293752914866,0.34792025785606684,0.12780455662897572,0.15819172031220446
409,2.063454474074823,2.1850654673831915,1.5962372629354977,1.6444485004211216,0.19781362787287937,0.22131747870604235
410,3.439443815613993,3.4672317283550296,1.2241367045928635,1.2014447731815223,2.7823178775937305,2.8216352952448798
411,3.036219806883954,2.9094182241306794,1.4125505887688183,1.2763353349326936,2.6635680021541797,2.633808350063928
412,2.296782367441872,1.8563080382899344,1.0632697475690047,0.9029270416528832,0.9950988722222418,0.8685089690818344
413,2.019230818347601,2.160848063028683,0.9918870431185997,0.9923781276225725,0.4958047967817125,0.4085887575931237
414,2.938162851460448,2.7150831141243525,1.2542314994744415,1.183397478169112,0.8765685464342141,0.9333085843011728
415,3.4089909234253097,3.1957699272777536,1.2466638774620533,1.1139006244140974,1.4798761385400754,1.4694682640296615
416,2.539578076190928,1.8559627334195987,0.8822421297775838,0.4214054665046882,2.730115811284594,3.0
417,2.4299940347369207,2.5251636522658596,1.3952800645251846,1.3730191349172318,1.5566930464006346,1.4973991652125027
418,3.3389375413015143,3.203243265708782,1.4917567081780827,1.4583965180204363,0.6951038387695253,0.7166158247607293
419,3.262297238233077,3.3458573682723887,0.5326294481099335,0.5548979060462599,1.4886331029279933,1.4077437980966736
420,3.652071530079543,3.2007730645795407,1.8244185898173757,1.6857168382727845,1.195293461291631,1.102994328331943
421,3.268129003683642,3.444203504233899,0.13892958768279176,0.14366979724239154,0.4364083551922646,0.4222047704846034
422,2.368332389668324,2.0304627328008595,0.7874710904381145,0.6658678034336529,2.0944548753327004,2.0315087691950975
423,1.9044394235244506,1.9936413269386584,1.3403598454475916,1.4153548096751642,0.033643692284136995,0.0011762473112523328
424,2.5658236587686067,2.335865637319005,1.9596657640260375,1.9439334570895515,2.6010764371241177,2.5642685400809166
425,3.539636040172377,3.5180550541560875,1.9127230488803622,1.8239757048521934,1.0468423569404322,1.0297354777338663
426,3.657214766171042,4.0,1.0898279344542254,1.1721165100758917,0.42411794886449294,0.40893338217212355
427,1.5183483319441198,1.5882077958963665,0.5776637791692022,0.6224844712848178,2.016230391125927,1.9640426018467987
428,3.9229332984043013,3.90549160495147,0.5339194723217943,0.5330612036320318,0.601020703396017,0.6424335830764626
429,3.254442261625863,3.4342188352140233,0.9174381403772944,0.9950911234262574,2.080782757900475,1.883226274016586
430,3.010908432071055,2.6135739981623876,1.0246365496464602,0.8009451633646374,2.837084495637459,3.0
431,1.5617512376986062,1.784306587764675,0.9035684694387046,0.9539915672175878,2.14524341973527,2.1073675690125597
432,3.660813433268711,3.437463695290175,1.1023130545543034,0.9435261292653235,2.334850141680416,2.545148170762085
433,1.955952860066162,2.0632468823750014,0.883362483303004,0.9056713574274,1.1823154724305838,1.16703208645421
434,3.7679374635511316,3.166428813122673,1.5607715439572145,1.524907343452165,0.5682400509935137,0.5565037091559005
435,2.6756328096600672,3.077850325719058,1.1315664869115962,1.193936939961164,0.846728480512503,0.7887500701627281
436,3.565863117843013,3.4443985238922736,1.0280112164125323,1.0523496002687547,2.014211987976852,2.019411282568126
437,3.8883414317509235,4.0,0.81475901785553,0.8068399570116626,1.1113363801506329,1.1114698646130774
438,2.18339552390614,1.987499888892167,0.5254334959416856,0.4631347929477234,1.4130234318565833,1.4187856017942466
439,2.156684528260642,2.319754987101428,1.8822814099061662,1.916099965694669,1.3963117414684623,1.3786162498546564
440,3.138109861721628,3.032167513492972,1.6401393383460923,1.636297066536409,1.727490186336253,1.67606554013574
441,1.743397564667232,1.7919665950379242,0.19026438247397415,0.19884046546987558,0.19554725789012128,0.2036691124186836
442,1.8301499081242751,1.8149177934201266,0.4875182300473885,0.4540566609502063,0.06048520940337021,0.06332567571530559
443,3.2425257224047632,3.4111345866222416,0.325323274824478,0.24436934657690892,1.7663014899275733,1.9988425068186488
444,1.9329259191660217,1.622658586047468,1.5807016876482936,1.4332518836066623,0.22944839380569615,0.22502591045003792
445,2.3845903094174785,2.435836491732377,0.562082668300201,0.6178061294633076,1.5502660591086794,1.4622284270985497
446,2.8566091705472845,2.72917115695445,0.5425906263828523,0.494565027401416,1.4840491786911159,1.4910885852428963
447,2.585809381791914,3.050249339887179,0.6444014720178897,0.7950517039486404,2.542815877782136,2.527867819090202
448,3.211174175910244,3.129651053115012,0.8303279104630531,0.9391821791510633,1.6828994079763069,1.651380612952242
449,2.953044643468694,3.241871327881384,1.0240936126839157,1.0897243071526488,1.5731372247200133,1.5395904140185908
450,1.9179218254362393,1.964393494186148,1.3161436613032984,1.308568578030435,0.3130562506098342,0.33242568875649964
451,2.975724267029949,3.193605338132417,0.4542325866049869,0.649768443904772,2.8552544116869707,2.5715493865553305
452,2.0710428415632247,2.079851550805452,0.314329729275342,0.28476874602409713,1.3928620988955371,1.4913949091599774
453,1.757184542906044,2.0633635843851796,0.5444518173244799,0.649833429395684,1.8313092256907164,1.9488600126771032
454,1.9497558156515393,1.8977151855123784,0.13611236097251828,0.15980950487360454,1.3068533581479018,1.227709299243115
455,3.7510616863760067,3.893645704280994,0.1335629645504694,0.1,1.6197478133697976,1.7846125037953198
456,2.646217536268051,2.5607207978357867,1.9428592956911526,1.8120827455831894,0.5330306773716755,0.5311027095097646
457,2.5766195534437637,3.026889281990788,0.21919986269115568,0.3353355068283853,2.276806698117034,2.1265854694866135
458,1.5041664279777418,1.5,0.9893678808692962,0.9719086231317766,0.572139072103316,0.592021780911613
459,1.6560677792143415,1.5961319564508072,1.6032095712473926,1.5665372813594611,2.1672351466636086,2.2764381298066128
460,2.9778072855404183,2.8916378000860767,0.9054186242313036,0.6884635116610482,2.3540492961685904,2.656997890816902
461,2.4825164988659973,2.4567436139571672,1.5884234272776145,1.481386983940201,0.4362775225393062,0.3951996379698265
462,2.2825703917868343,2.0483594175837583,0.6935356618395737,0.44890482956183686,2.768226567232447,2.999988122288002
463,3.4049842944570727,4.0,1.823703762478616,1.711389643443573,2.6260827456532634,2.6452915925652505
464,2.6973891444503604,2.6041673640777168,0.9599709258645203,0.899734394915242,0.956152533604306,1.046878102939083
465,3.8769029210358807,3.996660721342261,1.8000068019958348,1.7148035035634472,1.0275978234997258,1.0033404759497873
466,3.668563467303693,3.8372293897727716,1.4408339079757753,1.4449318279017798,0.23326210348244025,0.2674619650233284
467,3.2485853534948363,3.305844572327451,1.986223358900604,2.0,0.9875900710850399,1.0266170094788065
468,3.136474291729999,3.0534116418809347,0.17962662691908274,0.1,2.104390386378208,2.241310773305525
469,3.041920410604757,3.3965348482200284,0.3498446368260619,0.43111325128317435,1.6118335654242801,1.538454411685126
470,3.2060706539884367,2.508465755964663,1.4936821921048262,1.2918140460303684,1.8825408238113033,1.9935551524046962
471,3.7801089218929764,4.0,0.3207949401031793,0.444093151085034,2.4215777496238804,2.1967597906196716
472,3.7408242510826426,3.7827929066106134,0.4021743361430683,0.42919612803667656,2.8704961472450745,2.8744255508762113
473,3.2870760257789726,3.536325264622328,1.6109087897014298,1.6167920603347201,0.08285545902972513,0.16202406043115253
474,3.630051750113225,3.321238331913251,1.3549682458656274,1.0794701384723546,2.7696495843157303,3.0
475,2.934028244400582,2.941183493062646,0.37146313549277366,0.3511070323022419,0.020739621015208765,0.022543023679107255
476,1.5608625975112376,1.5,1.8980834291277688,1.7341969188200477,1.6141948155349002,1.7600617203262283
477,2.890483481877487,3.2277668994585924,1.5832250583926901,1.473402674116912,2.4507803681573104,2.627629704317234
478,3.7428031225377016,3.917921415272239,0.46557235986278356,0.5327751900127483,1.7772085355316594,1.7731485913267098
479,2.4994383021966584,2.8020815659638028,1.896016455412914,2.0,2.3219914989576727,2.3833603222476
480,3.302290878076972,3.051002570376464,1.5355626271713287,1.4607980499567086,0.05065877402533636,0.060889348521837465
481,2.2317221949083375,2.521392912528214,1.7338209477624038,1.751300007088588,1.795040719378922,1.8212778513397625
482,3.1020164604647724,2.9075307190497126,0.948466037711169,0.7194643759184474,2.697700431121758,3.0
483,3.5582687796543717,3.3583773414718134,0.2573126116620537,0.12861105898808906,1.5604414495259111,1.7835442950031453
484,2.267525277771698,2.317053970239001,0.16119788836904986,0.2430575715511609,1.8021166667718866,1.7199080642555489
485,1.8728046526272268,2.2952630347319385,0.47919369552055835,0.6304618245739616,1.3895140992973378,1.307529494782311
486,2.236658997659157,1.9995181426189437,1.7197447533607693,1.078376261766337,2.561820894313845,3.0
487,3.165365561065464,3.1244838431323427,0.8872427894933697,0.7121316453402826,2.048340966480683,2.352844507067651
488,2.842922476594368,2.735024303193835,1.5605972739807552,1.4946507527519937,2.873198478946069,2.795220558393731
489,3.550887770187874,4.0,1.178359957335528,1.0344953036009557,2.1543262714667506,2.2213003895455334
490,3.2203733526119143,2.34338555730086,1.9338483729910725,1.649155030767278,2.003783894532899,2.0190008730360263
491,2.6134751544178894,2.68760558992124,0.25442182612655695,0.2572203333153323,0.13618732409519319,0.08835311053900968
492,2.638643875392679,2.442304232538969,1.9490597967312049,1.866494250444435,0.08026201779315878,0.06524699784577963
493,1.8125922607010077,1.8359039190111555,0.3416899359985136,0.3180737669522209,0.597391280322674,0.5638343614992197
494,3.0992158818437785,3.180996832275015,0.8945403467805155,0.9068663130456578,0.3418861658190212,0.3360685789529232
495,3.18719515820508,3.2383595665207654,0.6705833670812622,0.6660749826051541,1.2879543247674485,1.3195830465665124
496,3.3619493450295246,3.0279132774327597,1.2584538888626395,1.1852572134125037,2.822028018287947,3.0
497,1.8406096532364422,2.036690420902006,1.931568990269277,2.0,2.660819334416956,2.6537664385516297
498,2.678907771965033,2.4911804752702795,0.23917608249127156,0.22153484829427394,0.9788882688060958,0.9577852501184099
499,3.8449914743713403,4.0,1.6588682073209848,1.6119144014084836,1.3666207481215853,1.3400241495113248
500,3.486367975586437,3.489883256526299,0.41573358804299376,0.5086675396606246,2.115718873305328,1.907098010732394
501,3.32351051418552,3.720433176048107,1.0489871951149514,1.0024188209963583,2.9337056136212354,3.0
502,1.757704853220809,1.6492868303417973,0.566145464611484,0.1,2.2763680879213704,2.8243225969104953
503,3.2511632618040256,3.8160741847380937,1.8597836399654162,1.9560061128489068,0.8292286377071406,0.8250815720397625
504,3.4653756240821783,3.2081979322262093,0.3584967346292268,0.3801386820498663,1.6162376981001398,1.612967349554882
505,3.168972012134258,3.151783388095684,0.8345397640347144,0.7586956305766236,0.2941796303699862,0.296933434768419
506,3.2843342619384575,3.466762228286821,0.6841547599566561,0.6912202522538056,0.7048012217951187,0.7862039004810362
507,3.4111579487394605,3.4758096277318975,0.16706497777647483,0.18152845389365893,0.39267704886705623,0.4005661467931403
508,2.030421217548511,1.6118202796676055,1.1438959259924038,0.9725401780545138,0.26247801235138024,0.25816993896677803
509,1.8907928805591112,1.9751829442202793,1.7821193804465796,1.77488422537734,0.66922374370673,0.7610698204444932
510,2.2967570939059394,2.058839113022935,1.0866438998721941,1.0060965962788293,0.9998922695517692,1.0534111385197351
511,1.8266097418077205,2.2879157046141985,1.962679077559699,2.0,0.015272342869968814,0.0
512,2.327586030233433,2.261570485141103,0.725737447793038,0.6911762911292569,0.7505778244788149,0.7230714990107497
513,3.633044844665782,4.0,0.9223399764391832,0.9063748117842373,2.9143786445149966,2.912620712828068
514,1.9907147243485246,1.7004762542660739,1.8107851199383336,1.6755578479363824,0.9346355927160318,0.9196089278173273
515,3.6541448922247315,4.0,1.8428270194370777,1.7686836882337722,0.9494453841241811,1.0171100571562524
516,2.7988661754811415,2.7745397113511387,0.6835203111607702,0.6613650377188299,0.5831900455911065,0.5954523566356477
517,3.2875084193374615,3.0094499001330397,1.500589310801095,1.2548602000446452,1.993204713332326,2.002572823747484
518,2.609182315424607,2.5780519838361116,1.9705639901779606,1.8168067966289065,2.898000311871279,3.0
519,1.9667694158245694,1.931269804117805,1.668324189414789,1.749005459862319,2.295775519205919,1.9780357812496419
520,2.1977677235919706,2.244361558361706,0.9549750867443358,1.0957754658964953,2.853956051795652,2.7608439972566936
521,3.2111457300348922,3.343311976353428,0.5833219580473445,0.6003519269394766,1.6987681570038125,1.7079717056879948
522,1.9379859830049893,1.8549553148320632,1.639639552034038,1.6503741043548679,1.94408490790096,1.849921395493543
523,3.1235442237369857,3.0874278940885382,0.918218397882627,0.9527807597315078,2.518786052147514,2.4119055085887138
524,3.600703784363424,3.754270823823128,0.30194284547195266,0.34907966533377227,1.0436598557382308,1.000101141015272
525,2.897528205076571,3.0442963807253824,1.8428072652192575,1.8602240163241188,0.9710875059027615,0.9388487228806274
526,3.4254945308326232,3.5137649011474577,1.7243905591855506,1.750604166147292,0.3754363551061678,0.3439532062020898
527,1.829344302998266,1.9786508219392918,0.8486844146499981,0.869605193969313,0.7714761719534095,0.7049876138341566
528,3.6666070145847836,3.717312492849863,0.9750185763661317,0.971827072184012,0.9294982690063631,0.9702867099405985
529,3.7366693027237465,4.0,1.652915681366014,1.5747889333482576,0.83112541170993,0.8353583860666093
530,2.0859765728189057,1.5,1.790636964738921,1.3031364370393093,2.8368458070577587,3.0
531,1.9516543739300047,2.141018426648198,0.9616244596533224,1.0144525984833925,0.9205917224055936,0.8003083140627236
532,2.815667351928867,2.759321902999044,1.1109182883178763,1.0749249268216579,0.4510174080174355,0.4113952065997888
533,2.5861753846153768,2.798229198969844,1.4485785711937693,1.3708680060839529,1.7750648437706014,1.8076843084189702
534,2.749759741505855,2.436709851342776,1.5457358679270714,1.6469447342009933,2.244432696080427,2.091528033311687
535,2.057707152222423,2.1743460305676154,0.5268836608733356,0.515258100630353,1.7153791391512634,1.7794797520801893
536,2.97373654493527,2.63182279005361,1.2874384423432947,0.7342782855206256,2.237722486904677,2.790040715332636
537,2.1466011091799118,2.436101406709624,0.894865553925622,0.9736230807554072,1.5603381318812506,1.5924596225363197
538,2.626325485441924,2.56678428740568,1.911948279550392,1.881330084112691,1.6829330030027765,1.730505539188551
539,3.855942402532158,3.636699447100216,1.1009773900390327,0.7684637650588377,2.6326121101534588,3.0
540,2.7266561396349775,2.226280490240581,1.1050063751453973,1.0538255633372338,0.5125969052903147,0.5243051724095181
541,3.783868312705652,4.0,1.6175245898747719,1.6256836478102097,0.33184996567277936,0.23576878208189336
542,3.713657812113814,2.96569745812937,1.4187020084880917,1.2787657001447614,0.818140142181051,0.7492581256107622
543,3.501674652073299,3.387780410213623,0.8277547382620805,0.7798216872365721,1.7867228333311411,1.725296877703322
544,3.6375261774343817,3.5509830325383995,1.548629819312196,1.5946690187054053,1.9782462070200988,1.9537629139767259
545,3.8973529794596637,4.0,0.7475745035128772,0.6822249903007161,2.8232320797559693,2.915888424688118
546,3.7993184544720586,3.598746524920971,1.8814917230930155,1.8249958543457252,2.5079125111267047,2.7582197358066147
547,2.846177214248601,2.856922697034894,0.8079607617168558,0.6806884789959063,2.3858923892897126,2.614082151196375
548,3.0260975576763,2.262637191646667,0.9851537615959218,0.5287891342065423,2.389044517027647,2.7182432439341726
549,1.8460445924027689,2.127922132532229,1.8763563988623853,2.0,0.7324687266671952,0.8526267931013475
550,2.5975158237481573,2.343577553324703,0.6482654301886641,0.22615636891518118,1.9030729312142336,2.4564668133514895
551,2.567920966517122,2.785053458552608,0.5348923313653621,0.5729301464024203,0.24782244159589661,0.2778216474673027
552,2.4494282515908825,2.3742148755187786,0.3598392108305588,0.1900605902621985,2.719194004887482,2.96686946506594
553,2.449522654513073,3.293640069604628,1.9933522149254013,2.0,2.1459582252829428,2.2237137796957134
554,3.6359418944817814,3.781155861795793,0.1417387656404504,0.3991502488830944,2.6049348482833885,1.9991862376396095
555,2.697682901248267,2.761392517780775,0.8747015367460286,0.8710870689797304,0.9152048184860223,0.8983770978769415
556,3.859140318816267,3.086806334152397,1.402651097136476,1.2171806481438525,0.9893079533319253,1.0033353376661578
557,2.818957663590628,2.9916677477175373,0.14395693800017031,0.14263863923624764,0.16372096146642856,0.18152813818523217
558,3.414402178254085,2.6559503652361047,1.05378345522641,0.311134784685809,2.221387193043356,2.9729595367930126
559,3.346800565537091,3.3863962599754216,0.5043470518392343,0.4709194823257788,1.2286639551658056,1.2563840057016598
560,2.857823151796285,2.6159724897219836,1.0320472139519814,0.9614217689131479,2.322010123514878,2.3578848827494947
561,3.6672493204251113,3.941744071818487,1.0771118893060434,1.1452645790903944,1.9559773748074456,1.9299423764037749
562,2.4771611783140344,2.3072901676478805,0.9065296455883322,0.8576971806481649,0.6710119339994507,0.6386430650785492
563,3.1005021926316285,3.2314664633854613,1.0510621442449903,1.0613550086166677,1.3118466140573575,1.3834476564353027
564,1.9224041323829277,1.711868649352881,1.989223233915167,1.7881885569998364,1.9374234796498688,1.9380232716664838
565,1.6803149001964632,1.7861988769050245,1.871303741524465,1.8562606601116851,0.5870744670422382,0.5168688414358154
566,2.663290090027842,2.4016514062538312,1.2887005528358584,1.2207398521792814,0.4127115579296432,0.45776168958581426
567,1.516634176334844,2.045247824717221,1.425213586984606,1.6430316294368792,0.5574198438248642,0.5715474935003653
568,2.193531694441863,2.2377414192238705,1.411537092148876,1.447629314076043,2.471861699648624,2.5097657102023847
569,3.619682710289351,4.0,0.8532617410702478,0.5540895921947013,2.5418219348162037,3.0
570,3.525464071341802,2.8228195428468985,1.5656016277664224,1.4608484258301315,2.3653441414498997,2.4337454091500597
571,2.3260955109255934,3.177514080117513,1.6917271482030223,1.8182686429163701,1.4747177863313379,1.374142818657313
572,2.7351968269714066,2.5126929325312437,1.0821142065636393,1.0223037895029445,0.3418054571070639,0.2914390960077431
573,1.8838409410633856,2.025895853715644,0.3872781787183708,0.579653893246629,2.4776887094749243,2.3336168252392344
574,2.2325467838791884,1.822758752765006,1.9281643866856388,1.7754803256242628,0.13276326316856546,0.1680039420512931
575,3.229343003630008,3.119553922110869,0.3975573936817274,0.1,2.3449230076399594,2.8735885703742343
576,2.9749349894713095,2.623136036773923,0.2596782422507874,0.1,2.3497943970803106,2.5293441138935364
577,3.4855865749127934,3.6515661372542563,1.5390950565140704,1.6064913021151013,0.2008217090888208,0.18410524754556132
578,1.7125606443283303,1.5334724091924867,1.2493041428125304,0.9578847242366599,2.7763331654748544,2.959000133814156
579,1.5573021436536314,1.9691090501555808,1.9146172567468736,2.0,1.9961491178753497,1.937686719400977
580,3.5108473843559,3.542714326002303,0.15010456242557,0.3764857295341149,2.8409324215697156,2.3683582684253737
581,2.9889861551587127,3.235826574759001,1.4287614291259247,1.4622371155662397,0.843807549946424,0.8199931545377152
582,1.6403619440133987,1.5,1.3810097939198256,1.4983438232606152,2.400561059226674,2.648333794945291
583,3.5618063125285624,3.5715916501252023,1.9320494777876018,1.8536742449373398,2.2501090361927134,2.2468740988522855
584,3.442547833507033,2.875008161164269,0.6160239788474814,0.5601233560398319,0.7742751251211456,0.7621040510185539
585,2.023335982266392,2.1078361682750413,0.30242815890068697,0.344562460487929,1.9475017338677687,1.9889580441363526
586,1.5794876594641076,1.5144114591950713,0.2966078027379283,0.25958236468591955,0.020214575890575626,0.0
587,3.4826479735267277,3.9059846487610614,0.7417692685133082,0.7874350264591587,1.760846421045604,1.7823478148806464
588,2.5614518810876237,2.5838416817034306,1.7366594053316713,1.69626518908382,0.6888171872816347,0.7634922556030542
589,3.064132786451255,3.2236231720217825,0.513317821168854,0.4484882769864284,1.577427436672366,1.6518906998624658
590,1.5764560078692502,1.5,0.704260778462531,0.7783404008505335,2.938611418384556,2.9743074325572865
591,2.3866078318556,2.742599035934335,0.19435926377259727,0.2364270754278151,0.6127220053416943,0.6476578594340962
592,3.519959177503784,2.961756458408916,0.8050120129700378,0.5827322650587877,2.3208545850611944,2.4737032253874327
593,3.474700144749258,3.3367977491917276,1.7900331562418053,1.614320472590047,2.9565163218968973,3.0
594,3.2039375351730675,2.8371924386198915,0.7143719695080264,0.6738639098738446,1.7864420691670562,1.7153804018657235
595,2.746823343171175,3.01400405670649,1.2902081572269886,1.3197751476368378,1.4178458026272902,1.426270316125817
596,2.202889271806562,2.240577969360693,0.5319157431352569,0.555267119179303,0.07735375011073475,0.08764311468577479
597,2.06752874834982,1.9915727974153057,1.85424858215574,1.6886917512260304,1.0195425320526268,0.8458660790103181
598,3.2429494039586144,3.0077390766103083,1.2405844064447642,1.0284631441651744,2.0660551250416277,2.221299667824253
599,2.974415273221479,2.8432222811111676,0.5463025175319826,0.1,2.0837931463193295,2.74638507463758
600,3.909644772703005,3.942200500768201,0.5788417556870328,0.5787088312091304,0.36537328675004566,0.3667829769329519
601,1.558321977418128,1.7072637147711809,0.8888621007689252,0.91720777618452,0.20760265049492166,0.18926234143543874
602,3.6198535547400343,3.206573549315763,0.5349196765072048,0.32194679499266826,1.8172531307653963,2.0208868338841106
603,1.801947635018306,1.9324524197072595,1.9710860154563177,2.0,0.7913886841346603,0.7942893473591485
604,3.4512297822434777,3.2221383471224674,0.4517888724694856,0.34330269767689303,2.091863547672464,2.2596133920047867
605,3.2329680807722925,3.4184859130880207,0.27133444325250755,0.3714863169593992,2.2824592322094586,2.0966601220367944
606,2.0083827957180858,2.0191772080500745,1.0779532109489176,1.1416315133580721,1.3572913186673903,1.275231878753682
607,1.5360988639932425,1.589059143334832,0.37171499260295726,0.3665333702388947,0.4579216397781649,0.511150293124803
608,1.8592597053832505,1.6949565259836006,0.6673094191699379,0.5906112742652072,1.1438672431987995,1.2425632637896966
609,1.5305888569267554,1.6226059756707216,1.5238541097720661,1.4534219651502427,0.5690968061404265,0.5630540351325667
610,2.6544587145207803,2.1390975637833867,1.7488512680850417,1.4805776763265288,1.8441930614311817,1.9172289765746389
611,2.9483399104722157,2.8364247297364473,0.4642141751739989,0.43433355207708046,0.12924155898893663,0.15383081515093447
612,2.7164238802086653,2.6886560812973745,0.2049590942274098,0.33596575773641596,1.5989407523312427,1.4111771890062494
613,3.740982762693243,3.6821471676567334,0.2585615649644407,0.25189052512224314,0.7191346023202548,0.6717639189400865
614,3.142575927569546,3.13392885854186,1.0453899762655463,1.0657066919001483,0.8402712913990409,0.8092168052063298
615,1.9663865627798316,2.3306636544702815,1.5912623980365665,1.7135547642250721,2.257273633728816,2.0971962158162243
616,3.1083918882292303,2.504545168316934,1.7066673154949894,1.4792639569342216,1.5348543570957687,1.5571527818453756
617,2.4780456444717065,2.634396818964803,1.8944736359574637,1.8547196489700228,0.3446236874195012,0.42655040764079066
618,3.45725952525091,3.837447194563245,1.7549477035406562,1.9809578171514244,2.864579637119718,2.7574326394991875
619,3.7559106699282836,3.885479053269319,0.21493044724960128,0.22642606970449444,0.8446927696974126,0.8407935054453398
620,3.453003571339602,3.224980999473173,0.9464611862386898,0.677891895608184,2.2150376552920195,2.496381818174174
621,2.18573648794803,2.5705132077640584,0.9156372377861396,1.0521015684119872,1.7499832197178213,1.658723697821988
622,2.4323667325885667,2.3251423886092693,1.4387902303566247,1.4197863073490167,1.7256067791258551,1.9323478473418108
623,2.7773879181622094,2.854959926826097,1.333644220359602,1.339607606947387,0.20138470653011764,0.15377381632904785
624,3.106238938841457,2.913469566447609,1.2290337019204725,1.193088565017451,1.568743189016871,1.6317587748859994
625,3.12723942469066,3.439628057888265,1.2826251279779508,1.351250858033666,0.9822265332270292,1.0033099283634974
626,2.0348749056663467,1.9728087764264728,0.78547491515861,0.745331041352977,1.0371743716479085,1.032712497277907
627,3.814871072334154,3.6830387821891,1.2520421110061297,1.0925550470131273,2.1462339368287653,2.262234412637651
628,3.390502908817693,2.8111435227695565,1.2925355398226925,0.81643575822639,2.5907791235430935,2.820467539382671
629,3.496294663838768,3.5660752908986093,0.6786427512994191,0.6635411582725822,0.027794183864048083,0.015040740140934645
630,2.7610753178282836,2.861769597933444,1.2036306898328188,1.1452386471657756,2.18380241179978,2.299734727804506
631,1.6128192554134717,1.825508493588512,1.3596412726177758,1.4029303111243012,0.017575141659480376,0.05310681726477821
632,1.7437726225131365,1.5,1.4295458489317292,1.387403415837891,2.9347924748993144,3.0
633,2.3054432396825755,2.500904607548501,1.115479232056366,1.1551762396275869,0.7509151640624633,0.7365598278459822
634,1.5760213741745095,1.5,0.7537445870262759,0.6810631382436473,0.7775582882088542,0.8006722324111695
635,2.577972928809878,2.5390944554914694,0.8782949129589295,0.8622746803669441,2.3037511592949347,2.2472282869001208
636,3.6143754701126247,3.657282916312145,0.3075130306467906,0.25031856165383254,1.6542096861728888,1.7732668881685232
637,3.7003065579415066,4.0,0.8677150197254428,1.0008819350423621,2.9896310632522685,2.780246864239638
638,1.62287690353184,1.730016075243001,1.7455174260772697,1.9376380179569048,2.3417958432095918,2.380176554803914
639,3.6904623350805377,4.0,1.1626236154257525,1.1702789871964754,2.5195051571618685,2.4757003457962337
640,3.074671409088016,2.8268537180053266,0.4488667133909139,0.4227594512818348,0.6358295372779481,0.5983053576522499
641,2.3105274822352206,2.4711772604719493,0.968753406649941,0.940589045213362,1.3189642415302978,1.4018616147459133
642,2.021410171397323,2.0057347379220554,1.1682067236745668,1.1362600746276599,0.6236496331254325,0.5977087085726821
643,1.6870896145529712,2.0486019188721105,0.3745710137434538,0.2891523265443091,2.409310868147303,2.6898867773695323
644,2.3185506348548253,2.216284210761937,0.9898332210083359,0.9570806991017139,0.0326803574729595,0.036651215088680696
645,2.535516817775865,2.539132932304727,0.6914717558004827,0.6803795877728847,1.011815215076358,0.9676519013950681
646,3.4640438722872666,3.4247559666691045,1.2363440471732094,1.2580401343534184,0.9864692829307428,1.0204940332979198
647,1.9865854705586394,1.9376330443813943,0.810711029869757,0.7965709666011719,1.30378197823328,1.2953900007223784
648,3.673841740941972,3.082675955754084,1.6939641660391738,1.593832203060508,2.3262824020639346,2.3887919566265143
649,3.444738424581561,3.4402789180803515,1.7627834767933845,1.6856346717004858,1.1579440762894797,1.1006544578020603
650,3.6535961520742606,3.551796709734799,1.2587434568113682,1.2449452109580454,0.9305594158267051,0.9528356030288884
651,2.9466937701858784,3.071542325550635,0.8689311035036695,0.8334008932788516,0.9559743460100203,0.9802419521357892
652,2.8845066687421688,2.751716097407099,0.21231086601903534,0.21028919783401306,0.3794088257898601,0.40816419068250775
653,3.5801997506752294,3.707059519790087,1.4026870753296776,1.5139963896847963,2.577865576864837,2.4267361075030904
654,2.2305345927075915,2.031001369177086,1.4807005108040423,1.3646316288012732,2.369394748598527,2.2069534002508093
655,2.1047460199093475,2.476604479366381,1.177684769206236,1.2455876536310155,1.8823707872746667,1.7924036912113248
656,2.5778978802078836,2.54583959561632,1.0259883964387355,1.0965096024332965,1.7273606053626716,1.7481807124213016
657,3.144644577928425,3.857370645986495,1.586311727103583,1.5718673880065535,2.123587443334744,2.317946089060387
658,3.3774557175359132,3.4775013765181266,1.5660875217438885,1.6259843802779699,0.5760316337394205,0.5294505114761469
659,2.2391566433552095,2.2905574032559772,0.7106387993685656,0.5888767227713796,1.300735259216398,1.4272161566034847
660,3.7203208463039323,3.639522408123344,1.4533412672970007,1.4175458536798757,0.2723330488918708,0.226387182788973
661,1.79106913878303,2.184784141231169,0.7276308997280617,0.8389981139796548,2.589525765699779,2.5491327572510425
662,3.8587592976986955,3.826309038796219,0.49637826575787813,0.4758405710533408,1.0829152089011704,1.1219508414349164
663,1.8506002696534853,2.2627371802343994,1.3963786327764467,1.6714106360447538,2.1186089703041677,1.891082010808606
664,2.999440698875006,2.925307934569467,1.8333150321045262,1.7846204242870547,1.1557815945984662,1.1934644385668631
665,3.189576279685742,3.1564137240794694,1.7961901006891696,1.719320862557911,0.5632188949656787,0.4645942581478424
666,1.6828847156328115,1.69529191366235,1.0202446500515625,1.0943139346227584,1.2540119693043814,1.2694680948780592
667,2.657389575139612,2.808561393658691,1.7692810286588683,1.778835693903114,0.932155082898918,0.9577297969311866
668,3.9879520768913888,3.838214185626152,1.6240219511934648,1.5961947871854636,0.4992879397885198,0.42694386825378955
669,3.8677640283678034,3.6488930949263083,0.48310968328371473,0.1229878595008186,2.14935981079228,2.8410729078256107
670,2.552955841361286,1.8589653830012793,1.9221367093055808,1.644976200059825,2.30843814344735,2.457842931431396
671,3.852537948255233,4.0,1.4044664831034588,1.2239197173699299,2.2138583791273816,2.4146355318180364
672,3.565949996347647,3.694374670789172,1.453991362524029,1.4937545839221504,1.5367727495281616,1.61503515218009
673,3.4627857509205002,3.4794820825061383,0.5728462395053566,0.5649214313105788,0.7126876279094204,0.7296494826481236
674,2.286681152792086,2.1077956061778536,0.8165934453124003,0.7704894444903811,0.33054890987128993,0.31205300754593435
675,2.086386249615734,2.224067955083072,0.17095674747419548,0.2088586725936198,1.5280814007906764,1.5652687618796002
676,2.319241660833579,2.0812142675214047,0.9213728860538121,0.8021481019193845,2.115714094217818,2.1183684093952233
677,3.6927600535019462,4.0,1.8998733070492462,1.7125742252100262,2.553077176645355,2.5911332562105316
678,1.6730476532797618,1.5424204954479568,1.98920823941034,1.8853204572757105,0.563175477529557,0.6376607267311764
679,3.0460927333867387,3.1747865320084476,0.39557610001614474,0.4428702164287154,1.4182671745404178,1.3485664345906054
680,3.493864712233789,3.1301190936151384,1.3581643456072954,1.2848399200590221,1.0821539425704145,1.150009534422231
681,1.7306919819559528,2.0198036856911097,1.466459731467295,1.6486396249583422,0.3416234549176198,0.36284621998345584
682,3.3238766489506038,3.209229435932953,0.8408577066564499,0.7957312868601215,1.3280740928819208,1.3878522845025987
683,2.2993829966048582,2.4319714510358,0.34377892155093803,0.36277152236519145,0.20455414249073856,0.17417033010619445
684,1.8072245289623834,1.5,1.208590673047304,1.076364901074641,2.1710830796988496,2.2031311600372248
685,3.993722902031384,4.0,0.3182164075550112,0.22713090928123164,2.3351522752483365,2.4502869382761854
686,1.6092790942173083,1.5268252779321612,0.2964214213623151,0.29660918211986803,2.179927026470878,2.1132034222674054
687,3.164019800838694,3.122276479093544,1.314740729911371,1.2781858937534962,0.6762007158403035,0.6503823775078896
688,2.58391429963725,2.336423874621772,1.0780846716328023,1.003706603586462,2.123268283027111,2.070183164548142
689,3.201776162925425,4.0,1.2968014540963206,1.294520140245407,2.996279795037969,3.0
690,3.153464159254322,3.133163278142928,0.8267545692639943,0.7903800918100883,1.9910665529870921,2.1180872354818323
691,2.640134853641371,2.969310439107599,0.7589869187711598,0.4693145067485474,2.575508986038632,3.0
692,3.8377579150896812,3.2063340339586617,1.9303106263176446,1.8561258267889502,2.0570310044547737,2.1244094761075285
693,1.5420099719148335,1.5,1.737513356101215,1.6119003119193487,0.5632021270245261,0.6142106441806846
694,2.0539305141431647,2.129569958377671,1.0158867804634895,1.0457413291477484,1.1065376115093644,1.1261906344130916
695,2.732009524358341,3.19286204236689,0.2297852896175445,0.4091360323275307,2.2823201208651955,2.1162103587417542
696,1.7295212835946252,1.766305735677517,0.851985709008245,0.9661410788306731,2.247978372741687,2.3615120032975025
697,3.934515739664054,4.0,1.764253239799602,1.6351349380224873,0.3006439768867267,0.23455355139088654
698,1.8278166506862648,1.8472629835511882,0.3416202157153092,0.3091285265444673,2.65086848762016,2.7250374485415536
699,1.523825392199315,1.7332663849429004,1.9194984595861388,1.953851147603305,1.6264599447935248,1.4873392943650163
700,2.9270903675455417,2.9487562120883895,1.5747657458470508,1.5454155357614547,1.3533936486709022,1.3978163864267168
701,1.6429081200604856,2.0364004981621577,1.6816575201538269,1.6995409815491207,2.0575994424121427,2.1265637922233913
702,3.451771243084242,3.4804638645106767,1.84693064705297,1.8499826172714366,1.2787739949522217,1.2966445928246544
703,2.554489046341504,2.7021268794246143,1.3684807149438332,1.362811940323788,2.028085527395751,2.094584862721893
704,3.607222659863118,3.1658935462635944,1.1673448965700435,1.1120140034633548,1.679783064721593,1.5909779191680333
705,3.8501321323282096,4.0,1.2523289438985252,1.285790860666677,1.3397745878064402,1.3196454639389996
706,3.214789363931657,2.6241010236404096,1.2178324845382467,0.8998812923725477,1.992661798796468,2.404916077635675
707,2.905881037789154,2.9129085961915506,0.8121706328888535,0.7514914741349955,1.8444255048756042,1.9109784717609153
708,3.523174328590491,3.393534209505948,0.5819856675623155,0.5902067486933965,1.7488047843921106,1.6754594537883944
709,2.2069624231616567,2.650305319843005,0.8834731479806056,0.9417631083485168,0.07800861717129859,0.10768416701281772
710,2.0169485879399507,1.5643053287085662,1.7278099843634727,1.5710979244227872,0.9535446137148134,1.0805351296735517
711,1.8537412691535313,2.344408495573623,1.622184621275528,1.6507855778221672,1.997898735012324,1.8151323976506566
712,1.7287844182711918,1.5821155313052473,1.467579261417554,1.3627982938443228,1.2537384398200675,1.204398392075666
713,3.6225223811377054,4.0,1.0112728405779456,1.0045387661869971,0.14392735577903382,0.18277965613076436
714,3.591835616966956,3.6561472013869616,0.8961073422928671,0.9166169400989358,1.765607815286642,1.7251813451887412
715,3.5876813765295594,3.968492544814728,0.5705077723314158,0.612582302055421,0.21968478167452465,0.25149462382003557
716,3.741927265157967,3.592543585893715,1.6769599861220708,1.605015466156543,2.8275669290921908,3.0
717,3.7762916305945016,3.493223082537273,0.4011086046938801,0.32558822922312175,1.61066980485058,1.6461049803899728
718,2.3748078187061585,2.326697992726164,0.9379270517204636,0.9365731015013162,0.04325885583241529,0.0847825639798584
719,2.876905043283348,2.984583352422377,0.8024379384302505,0.8553661592534199,1.0445966443654546,1.0311617459621176
720,1.5556707693148726,1.5,1.2509705624985032,1.2322870194593882,1.1387292634118844,1.2333282073263094
721,2.125892168826736,2.2163278390928363,1.6261733112609755,1.8453262571490756,2.466107999641175,2.2853253814908783
722,3.6358241669805507,3.149896684033387,0.4454778627921606,0.3826660497210827,0.6869095636763255,0.7031463945808428
723,3.4856617515823336,3.6270235773977206,1.5173825690110598,1.5050674416467393,0.3487472594666047,0.41213381639550384
724,2.849364656417694,2.7061331581307053,1.4178351264012612,1.5463689720263962,2.2010396595423645,2.2227283992738207
725,3.7515871262006546,3.400260614399658,0.5283452195191126,0.2303038323751294,2.6109430996271628,3.0
726,3.1531691415522896,2.7536082447358514,0.18841716477257242,0.1,2.6364533943445974,2.7432386485121647
727,2.5553251860656125,3.40706094633134,1.197110878720346,1.1936343906259301,2.767970956138603,2.9324789912246203
728,3.699764880232938,3.7586144762009863,0.6398694256840355,0.681901979113636,1.548921073283343,1.4750791561588226
729,3.8022799074955564,4.0,0.7098788081487764,0.6973641162452084,0.2741024512761592,0.2601806450962709
730,3.1544657344353078,2.655111380680591,1.129310481107187,1.0539636468417242,0.6625567141092332,0.6639222735623863
731,1.9907166477107299,2.2159733139351765,0.6274444152678952,0.6848653168174973,1.1847810814526694,1.1217249205442517
732,2.674818452645091,2.5526605725139495,1.4515220874635864,1.3818934289352458,1.8282780071260727,1.8349065738180534
733,2.170626328397028,2.4751990723974413,0.9306809981630403,0.9674422974836527,0.4651343972795847,0.43487478496532844
734,3.7302227625122617,3.354420732125323,1.0395742613899701,0.9728316883791847,0.14789814739666962,0.049527549719679584
735,2.414580454526945,2.4640116974637594,0.41057502780259814,0.4113787613799847,0.2086576595324543,0.19782656920492186
736,3.39416562596134,2.9289041559896347,0.7959651658114668,0.5421100312396684,2.0634600537515633,2.4891966200319837
737,2.9451754327668493,3.2601385486519434,0.456370378991918,0.40891073877330114,2.7706974650764025,2.8824288611624307
738,2.181749044161948,2.075606292346476,1.3037768444685127,1.3280003930442135,1.416573459658966,1.5104143287665959
739,2.995685214802273,3.424672074302253,1.5698703660248317,1.6713795713403907,1.0303238731408673,1.010312362826809
740,1.5551800140716585,1.5,1.5622786533466289,1.7024507661658919,0.7157088217352271,0.8189722555760895
741,3.25799613064164,3.4023002593958083,0.24701709628942994,0.32298899182154583,2.3377851246944052,2.252958755229841
742,1.7641529039600212,1.5,0.7009293679556992,0.44777910475799815,2.8819795995390387,3.0
743,3.765110366850342,4.0,0.7162399407684491,0.7455960134168693,1.180252349951961,1.1143184140814133
744,1.7061510605143078,1.7475088170103814,1.6480802727027988,1.672214656337034,2.540929593519599,2.706223364146079
745,1.5752008956586179,1.7289857307238243,1.022513640955374,1.0488780371053585,1.0726416147648572,0.9890055824632397
746,2.5669206622186866,2.524735216508977,0.5377724728260898,0.5386754179186374,0.0876523666358966,0.11076660097658104
747,3.711064418609873,4.0,1.6001938521874721,1.247445333478536,2.668186070888203,3.0
748,1.9683156610237915,1.9451149212702903,0.40552201115718456,0.3456437697609429,2.88955231342639,3.0
749,1.8124283092024154,1.835506945018883,1.401979484251678,1.3992864184178226,1.0487860224785028,1.0814673750130657
750,3.8646601328548007,3.808346433827151,0.5501245037689377,0.5384213293902647,0.5091247266416221,0.530902013414419
751,1.9342848809197704,1.7552184486196507,0.7579362263216325,0.6383485839077419,0.4777645835616017,0.3767192029419018
752,3.765001185380479,2.9342270288089387,0.7706512172497407,0.5068237703333132,2.8644305137804595,3.0
753,2.101816181496418,2.3537135637420645,0.43938549271135274,0.48606309380307816,0.4394394309235309,0.4732652783327583
754,2.773130316884756,2.6876117600468357,1.281379955587907,1.2595403241862237,2.426130027142457,2.476606285128978
755,2.995221555722147,3.3630071854768655,1.6789711464649475,1.748342845692718,2.3455056398712104,2.1942568738846995
756,3.5686015156407462,3.431041364338376,1.0661597172308328,1.0343370509928103,0.32734609803385406,0.26215092567432563
757,1.9384959686855323,2.524567189505573,0.32715955491711735,0.48265601756276716,1.3562422583343496,1.3199191737057716
758,2.851014838345668,2.914562980374513,0.3015015306983175,0.2948685138133846,0.15013002838781575,0.18560129088894017
759,1.625372830846521,1.7603983090702466,0.9747185268953382,1.0052523254987888,0.9383841065366049,0.9321373827331523
760,3.9878345975422547,3.943093348545569,0.6932103995272088,0.6403277303392486,1.1167732124564262,1.2078549008195827
761,2.0562231017028223,1.9599821495565393,0.2929722570023474,0.25985375129976374,0.3955126106615524,0.3720730161015323
762,1.9107180529396004,1.8940853743101018,0.3062611044616216,0.416158466371942,2.030835727181998,1.9132288371254627
763,3.007408689470684,3.326246142260593,1.9800973571267342,2.0,2.3684794951786263,2.34283323064528
764,3.568188349639946,3.949357796104426,0.9471730683644208,1.0022004084255096,1.0583315093609877,1.0151694322472655
765,2.423829703382925,2.407526944619156,0.7276709213139803,0.6817725949692589,0.34990073042502756,0.40027907586803935
766,2.220619611274808,2.1526757449533607,1.5605672113455948,1.6144437087793344,0.33347328421681754,0.3987729843514835
767,2.2910687901583886,2.5177045451306794,0.18515292293548763,0.2646369174174306,1.3685366416105111,1.3112800435309275
768,3.987562285513732,3.3500577201323165,0.5685017537693259,0.2458724946145201,2.45894535776412,2.8635720353435343
769,2.591909695244853,2.753587378135152,0.41656446211754694,0.3650083078331989,1.4522095073215868,1.6333729674441044
770,1.8174875069227758,1.7339556049363622,0.9917654937110364,0.9897359266548665,2.314989475736982,2.2953490950744917
771,2.3639933531388366,2.9779087004728306,1.7993454417686625,1.9676773612735312,2.484188538891058,2.3838430410886238
772,3.7107549550293846,2.8599494292037027,1.0718902551343308,0.9156280984913718,2.30181465748158,2.3100112439177396
773,3.7267019660795024,4.0,0.760956841611806,0.7770313968588998,0.2691306577057311,0.24423726232001966
774,3.190873097217941,3.1151648772023672,0.5105206347740349,0.5427317978138602,1.2508478364093514,1.2009283646608742
775,1.53403655883608,1.776153024418658,1.6429236199486283,1.8667484434834065,0.7760413731649838,0.8311905828778254
776,3.8560069647014,3.7059698319812013,0.6917349173545765,0.7615639063094611,2.384200846310593,2.2760561917215933
777,3.898382999526028,4.0,0.5489657635455741,0.35496138509220976,2.293992148281223,2.6956364977289105
778,2.0401150673108868,1.7702259527670476,0.41421393667230233,0.2092224007072286,2.841108135015706,3.0
779,2.7993782257426827,2.81810634753756,0.8481592016098544,0.8401350245688964,0.35158886172382653,0.33702363102026667
780,1.5171140195917427,1.5,1.1101881190718565,1.0956385908390973,0.31472986929886393,0.3673474418499598
781,3.04809523158798,3.117534819550904,0.22966260194337484,0.24676922891439299,1.3499343167290214,1.2926287458852277
782,1.6527617370992864,1.5,0.6357421305556743,0.5907974195842197,1.4619217855831539,1.5869594325865175
783,1.8170609201037249,2.0062511755335337,0.6814844290999458,0.7089922865356484,0.29103914655685736,0.1823981275470756
784,3.756840247745812,3.6742541343571977,1.5850269246993725,1.6363460015503348,0.8015009357071554,0.8792749204220978
785,2.820874218617412,2.813941159543094,1.0021758921196966,0.7661238029118866,2.6978466972729063,2.9683475130018153
786,2.7274290380174833,2.721745109645454,0.811868255356697,0.8230419066654379,2.0572101929441464,2.076332892897088
787,3.299285798688527,4.0,0.789933395585053,0.8428825382302585,2.785833415130687,2.775206328854965
788,3.65136677456322,3.6695397479190306,1.0572993511932411,1.0514565986633904,1.286962491517813,1.3217628939862944
789,2.0289662302433857,2.0956268097305344,1.2513584482430848,1.3053976787976418,1.573268279085574,1.6081057272924417
790,2.6091370021390965,2.358702309378095,1.3003518241515963,1.1890881346138358,0.39672023069643836,0.35761893751953405
791,2.635738182707671,2.9043382742686648,1.813355420254608,1.8612092927872956,2.6172980841132985,2.4913092144401787
792,1.99710853932744,1.9222802830670493,1.335968109747393,1.3674951192696128,2.637389984254221,2.5213716077482182
793,3.072091200266639,3.2309929163879487,0.3070642020466532,0.31501550063011186,0.24556045828178652,0.24203613767539006
794,1.8859615697968135,1.9209381474521448,1.2176853275014239,1.197193581587713,0.08145626502511305,0.024343865549271888
795,2.276564666508653,2.4348152964959975,0.32345660337081505,0.3039351980231821,0.7063156181411538,0.6499716167817022
796,2.7760035079034178,2.826556115862986,0.13049064238140465,0.1,2.401745906383141,2.5178533241344554
797,2.353684102100174,2.678486434627822,0.3700871982416213,0.5176942546898127,1.797502921898051,1.6715864188639966
798,1.9637809396725823,1.5,1.89267675788526,1.739434001033844,2.175944448921081,2.2314172754236017
799,3.4615377695092366,4.0,1.5244478366598717,1.3866817673694092,2.4598233369478355,2.5773938315195895
800,3.0819639148915803,2.8119158200448764,1.4887667710077566,1.3811913869198023,1.1294880138897296,1.2124038618818445
801,2.6723199142768705,2.6863510736828853,0.904047773384858,0.8314895430065166,1.9460023396698252,1.9800743683362414
802,2.529985996291116,2.2737495487565806,1.9925611075581426,1.828510009870639,1.2711572366714896,1.2298572580879248
803,2.0107287165889773,2.066379137698057,0.45834986950491174,0.45122471139331727,1.1392915126504999,1.2046081970845182
804,3.133218106938808,2.8646394929841557,1.544411402958124,1.4206993532277676,0.3465877549296018,0.36771025045105044
805,2.38689628281947,2.3866445856553686,0.6480658592330585,0.6250105753342127,1.1149194094656005,1.0828089509302634
806,1.9353618867421174,1.5,1.6905208403644052,1.3226217078657985,2.069865295265078,2.331691888889266
807,3.966086994600299,4.0,0.8334814058508152,0.8165879398962789,1.0868027362842774,1.0631372342082637
808,2.9588450397966923,2.5053336048921846,0.40586137871310546,0.3427367832160984,1.5894337857137026,1.5938219461848604
809,2.5630914373272837,3.0788996120152934,1.0419467978639918,1.0729518390831307,1.5798902815128828,1.6034352571842947
810,3.276538532059453,2.9529942395160726,1.7462302497025606,1.4880671654234723,1.579927449446012,1.6361079826506955
811,2.5234367708808714,2.658654177649117,1.2373897180519466,1.2707904844087106,0.28094106517219675,0.3476743640324708
812,3.5347301813774408,3.576894024333797,1.3909441067163868,1.5433759927922364,1.4476708593384067,1.3114960722106417
813,3.4999545271749777,3.99294695495359,1.4448313927904848,1.5953918403081577,2.3027822431136116,2.2034296928840438
814,1.7556080998821864,1.5,1.8997383250133482,1.9989304605488742,1.2614343424177097,1.4877051879461545
815,1.5879915662951627,1.7346829296924602,1.8805065557814162,1.8551264040895457,0.4188016868330381,0.46497179285293744
816,2.6943279793600583,2.5278109744064667,1.9252903344730874,1.8243540723851444,0.038876584548219184,0.0991931744803537
817,1.7845554471597909,2.1673627448142856,0.30081009749498344,0.5451270883943451,2.9030819332367424,2.7591913634459626
818,2.8344391578168686,2.7555053104434055,0.10022705250286745,0.1,1.5705919086978553,1.5960593505718794
819,1.6787216697870382,1.9005602408268185,0.7386783235886856,0.7518453551684052,1.7905478625299887,1.8415490170855924
820,2.747934152369673,2.601325075287985,1.636163165521233,1.6079691289402531,1.1125343929495033,1.1432614359109061
821,1.7495670486695036,1.7345364738926834,0.7951456514125939,0.7152458205997309,1.543835465059602,1.6623073307014078
822,2.160682266133994,2.198286415762926,1.0377000043660893,1.329963481774253,2.8876149976525642,2.6714286220152417
823,3.190264804395066,3.7761880774054255,0.629092958666909,0.7235335806438388,1.962162968421249,1.8321034884297358
824,1.7105848401403438,1.6601353952612743,0.7498424669005558,0.7457058149340444,0.5251582096584249,0.574729189997515
825,3.5401052109304887,4.0,1.755876913006889,1.9488577415495452,1.8191500517215728,1.6249021047719012
826,3.8137399434736485,3.1717494133297723,1.4454926068029033,1.2864691736962244,0.886574978022086,0.9040946462387881
827,3.1795590684503567,3.3570207024824525,0.4603765565544262,0.46962143012042695,0.44551738975043487,0.4694621228204949
828,3.200084761193001,3.0902946341774133,0.11732719808471381,0.1,1.833990133169699,1.8508947374214517
829,2.8175340533037003,3.096031863302111,0.7478654886707111,0.7876912727871058,0.09745030767648155,0.08497085908606174
830,2.0256605639320013,2.0853900200542177,1.1368945977907619,1.1640254260379768,1.063488920275064,1.1182780333929727
831,3.2466420368229967,4.0,1.5066610718088256,1.4593687407009117,2.1017452134225056,2.1895730543493044
832,2.704411490320691,2.6867346668869936,0.5207411821524696,0.48505268426738035,1.8760970146261498,1.9262116060416576
833,1.5312133902251712,1.7521570147735543,1.7397849404702386,1.8322835814947136,0.9832357747907101,0.9555197266462837
834,3.6799297224165732,3.1927333141432177,1.5926758700858668,1.4691351484439776,1.6808789159721051,1.7475801595224587
835,2.314335279078393,2.576503750214319,0.33857329164324923,0.3781523377681401,1.6857578850109451,1.6868415870743299
836,3.5968956070529323,3.142548637221849,0.6389419784318354,0.6241706421104564,0.07834805361544916,0.06344673427743726
837,2.297157165172618,2.3379749431531502,1.2232786413851737,1.151192308966523,0.20531335025784292,0.26040927605635356
838,1.771255686733411,1.7335306683199427,0.7353355004923936,0.6933653505770025,1.371461265121562,1.2677056407572544
839,2.5007968836751426,2.474118984460973,0.48755336785102343,0.4527963123280626,0.7489792850250567,0.7991578064663695
840,2.9497618713783833,2.9359045832581137,1.8078597322297862,1.8888878232823976,0.9073442308545673,0.8750572676686968
841,2.7118808960318295,3.0600888625223885,0.4084337315055424,0.43669805622176866,0.22903562009221723,0.21668940287317665
842,3.1456577130541117,2.564468275892373,1.9724295671876408,1.7883315397852133,0.8766481234486654,0.9269556297734384
843,1.9786895632519537,2.112975663289402,1.0171519643749833,1.1080400572071147,1.973663543592087,2.028300002649327
844,2.351807433049455,2.1796432475081557,1.8982996673823695,1.8195340631083634,1.5718735013308458,1.6395475887893014
845,1.558041902601687,1.5424833344364206,0.9434443306856662,0.8436332627983364,0.8690363895094563,0.9020724442444289
846,2.8211440289808243,3.0178464291112435,1.453404201327509,1.6782626402964336,1.8253642195006385,1.6525489907211006
847,3.202980124649916,3.2748224899481087,0.12873289536771165,0.10954055766894277,2.9122071975412767,3.0
848,2.8199477909434147,2.435691792116218,1.9748922331981595,1.7976241874399919,0.3689277300460281,0.44850525696476934
849,2.7511063281822214,2.809583462952176,1.682985405820018,1.5794263860016615,0.7476100108382007,0.8882574685612856
850,2.315274013493186,2.119389809639172,1.0523541532155534,1.011068512299195,0.7315015731096273,0.7504897662535379
851,2.2246535257146705,2.35265950052808,0.6663751755748372,0.5244620067601796,1.9746296150539004,2.1397540993559403
852,2.111561277962153,1.9568486220596073,0.26693273348329705,0.11757010813743307,2.946648607274427,3.0
853,3.279702290029063,3.403129448782075,0.27190953458567846,0.3543788512116124,1.520150044023664,1.4116352356998851
854,3.8640957713081394,4.0,1.691525775282333,1.6835128738536485,0.49029827826024586,0.4960842874712391
855,3.3804276335508012,4.0,1.970351647637922,1.8540113175839557,1.9275071720229078,1.8528381028298044
856,3.079369948971261,2.5611051115887506,1.2618906767914637,1.1181312457841706,0.8956828721915937,0.9110211316775867
857,2.7943448781359885,3.040486644372306,0.4786072635626887,0.5180157308215319,0.7591065538887933,0.8395075472392498
858,2.4394733908050714,2.505474973079288,1.5169438031191276,1.5887076047897981,1.9391404882293162,2.094668932520413
859,3.0683457717788314,3.0420981271536824,0.27449182375017145,0.2513575953343915,0.14978686860546575,0.13368082362388897
860,2.478966331145891,2.0252369831031833,0.8286908808832456,0.6894697145230093,0.980800627133074,1.0205013447277766
861,2.334005790110583,2.5295653710160293,0.2935797442853911,0.2702364270471264,2.909925335960322,3.0
862,3.398430062051582,3.242837969098571,1.451995257541987,1.5023706505130845,0.8964254219468089,0.9485841681980843
863,3.088801105881043,3.452288854122744,0.9607269987176229,0.9345041970540165,1.5757681992469201,1.824770286409497
864,3.2906417443556126,2.7100761221988323,1.3959578804048824,1.3373017911606861,2.101906995262639,2.069269600734546
865,3.7882021999550526,4.0,1.459223665014481,1.2999312991501915,2.2715060951033066,2.333900858260965
866,3.3698215404347422,3.182117435467674,0.4967287252986037,0.45681626393712077,0.4721452235678175,0.5149999193335348
867,2.4739140874230054,2.4169295021825006,1.1602100892534026,1.0284445697279485,2.158660360206592,2.1529608312239428
868,2.8440232170123405,2.3503635693815292,1.6970782619831666,1.5214882182449048,2.338430621207442,2.4418351685816972
869,3.017303859950919,3.26239719142464,0.3145083577424045,0.5247979972824653,2.7284121698155217,2.3920142090308283
870,3.813239072384131,3.318092526646688,0.6772467100053635,0.603583471324993,1.4005140781621601,1.4112368556634851
871,2.0428092319720053,2.388855283752831,0.26014365489577235,0.1,2.2180279471891904,2.6730426210268905
872,2.3091543695087475,2.2077328718739904,1.5293869869151069,1.3897388755336306,2.504157534783524,2.4720051098329363
873,3.7683314557828167,4.0,1.923056697081181,1.5330378650799996,2.655052190861249,3.0
874,1.9324448731410881,1.5,1.9723620666646173,1.7322014740184115,2.305662836146263,2.7401361596166858
875,3.5267901960928034,3.9787614333619246,1.0389055824045197,1.0932697498013253,0.10932629697485896,0.1014469705577602
876,1.82930920945359,1.5,1.750895391758835,1.4405688942005461,2.91409068459378,2.930697577227604
877,3.6864097023527704,4.0,1.5982190073942357,1.3718675610890636,2.3405029023313535,2.38956798379709
878,3.680302231718602,3.5637250442067314,0.22249909910070484,0.20856319235292556,0.005050652466390693,0.03671669115733556
879,1.7437719569504118,1.869493023626125,1.4346519638764406,1.518704425896779,2.5866409199341183,2.758653598663997
880,2.7315574858212077,2.8501452471683777,1.822082286812859,1.8992887200519588,1.9735597776477838,2.1745768673108605
881,3.7000568289176528,3.7501199202445714,0.686837225053491,0.6803075649278149,2.9413954812098595,2.905476334120158
882,3.3522105451479334,3.0757717970227,0.20547333400880946,0.1,1.3840182373352237,1.5365937417273379
883,2.530056376319392,2.6494569440985747,1.2556933712285432,1.3193531946197585,1.7974904332106878,1.8079727470556886
884,2.821593829349165,3.0511973156557755,1.687004788387965,1.7628363381639816,0.3038625381619975,0.3047335776839586
885,2.1680354944179285,2.2211927140071204,0.5836377291024298,0.46418978873964073,1.9983755659322906,2.1480086571464674
886,1.8778984484556338,1.6962624013043919,1.5213776216922559,1.4245273780466572,0.757449044740447,0.7835342507199718
887,2.0266688234600903,2.421451065772559,0.8779717790569166,1.0008820845539208,0.09634550800436326,0.0887024264172372
888,2.254768529765452,2.0228287839777286,0.7749022066393837,0.20257398809819394,2.4813407018425195,3.0
889,3.2931940314461103,4.0,0.829486754725593,0.9877684164842528,2.95337612448288,2.856083795042843
890,3.4782972854577867,3.375175838370164,1.7632401608425927,1.658226279236415,1.4989329440747956,1.484856734892085
891,2.293577641234083,2.3421281063314088,0.19093077375737333,0.20922227023568393,0.9772758550033576,0.9357585406693177
892,2.0025041436810427,1.780847781787469,0.7837714868954259,0.8181196059240962,2.5586823634907994,2.4142442561880255
893,2.077183890785371,2.1904839095299833,1.1776631795410266,1.182256299631485,0.18647586934476312,0.14001689249757632
894,2.465341757363273,2.4065973501895996,0.6753903834598973,0.573532591744606,1.1640675711910369,1.2076081110234413
895,1.521998371315127,1.6614843733209284,0.26871640318713597,0.34190219206842004,1.4376482156773989,1.287224767984805
896,2.315668601913889,2.1545613499370186,0.9510145762890031,0.84036908388457,2.4594159778984435,2.4395653683475076
897,2.5861583232205834,2.6262742788753632,0.10699603663335694,0.1,1.741987394404974,1.790195871437197
898,3.10987842819297,2.786340324826885,1.2191748833343845,1.1247277245584746,0.03743032124691981,0.0
899,3.8808072762478236,4.0,0.15040926045972117,0.14994555923873487,0.8844998012876926,0.8774847788279813
900,1.8741754990718118,1.8440818410045423,1.702854517289698,1.726639483839866,2.5447696382481686,2.572510926451004
901,1.7166572842927859,1.92776270666106,0.6219685561835422,0.6775053225790759,0.596419160060651,0.513637704191697
902,2.0683306775113572,1.9650217727199595,1.9407593649508361,1.8811579251962558,0.3907354307257652,0.45300985907266544
903,1.593256036951229,1.5653745860474566,0.5367168502174783,0.5648339270456547,2.1855827509782477,2.134233815709392
904,3.9899293389987296,4.0,1.43750070349739,1.653280894034959,2.6656595229538547,2.6578578690154155
905,1.5891317601020387,1.858539952181586,0.4824881090422446,0.6666008630953143,2.089995573641584,1.8725027458442534
906,1.7955707140961166,1.748554379707711,1.803756613766905,1.7474429546343497,0.4190267020441789,0.38638272069586127
907,3.9858927551787318,4.0,1.6646939924102697,1.4450862812146716,1.8608608821147081,2.060936260908045
908,2.51178028902204,2.037752465228367,1.8556363609935405,1.6570987480348351,1.6223676565903995,1.7350712904132617
909,2.7820667254086597,3.0711244927162626,1.5532421825037985,1.6118672963268206,0.4874561585332353,0.6311574873206386
910,3.1089356678936104,3.4096934656533113,1.4605889762641895,1.731041726158534,2.3108195647734604,2.1969387207378177
911,2.4328988324640757,3.209472446505085,1.7168944002674633,1.8113069776782014,1.038193188840712,0.9950106087502074
912,3.1390642469986116,2.801081088808456,0.25207911210286604,0.2273116669600466,1.216659154261212,1.2050017259783141
913,3.7436909249395782,3.620040177844078,1.1571819680268978,1.1012781614547977,1.2353759101142496,1.228002922444543
914,1.9599344368134262,2.1085252427646886,0.3079630565587284,0.38397084804697745,2.513899567298974,2.579516913451067
915,2.982414717107967,3.232911740578384,1.2528856599502587,1.3456973921275857,1.5525521691701423,1.5326118679993694
916,2.5959217069988942,2.485093649154293,0.3814659427160144,0.4525342987902849,2.739397233731748,2.5551288903297826
917,1.8029807875488397,1.909013548755029,0.3278975188471275,0.33897849842131134,0.8541190461760295,0.7967767232689089
918,2.6342491902439757,2.4218090462239275,0.5641551954529843,0.48519757541851094,0.16830759913702642,0.16404798777851237
919,2.8119710054466935,3.157183768505736,1.0057248690774758,1.0213336246666425,0.982673290336136,1.0149492466151708
920,3.7141286926951675,3.292237059009806,1.5211921530907313,1.4811917683262454,0.27823433583432877,0.3245602577176393
921,3.7211402476497835,4.0,0.5981717976543593,0.6203647512123721,1.0772658374791217,1.1020203505543025
922,2.8257760475910523,2.847929555221483,0.7875719503111045,0.7245164179861093,2.041430571234519,2.2191490849219924
923,3.3122862391778423,3.1472007483418385,0.16727528588781113,0.10186805407611978,2.014975689151998,1.9841201951406657
924,2.4873160654370077,2.397755815162512,1.5705632752559386,1.4975153702748243,0.03002457431401373,0.018218034743044575
925,2.103988019076353,2.5848354307808714,1.342492753945834,1.4374705688802552,1.809594997022116,1.879753205916061
926,2.9338944351736638,2.8865172647346222,0.9408417348774811,1.0568419407754133,1.5732358545933867,1.569464438963825
927,3.829822080191861,3.941148291286002,1.8765456287441729,1.8894592539443489,0.108922791385763,0.011503776687270841
928,2.28361522606865,2.1905112515100047,0.2095503797469711,0.1,2.5460943997683603,2.6896680953948056
929,1.5183658012360404,1.6908261101152835,0.9167971800411825,1.114851335096385,1.8756164801664288,1.8753768632264272
930,3.794593617441517,2.875567269521304,1.8704682571059463,1.4735813005273122,1.994894135998012,2.1840781660217212
931,1.6325127813186628,2.2435842480561443,1.8656128276989936,2.0,1.8908593249950756,1.7772079279452349
932,2.0271201553981624,1.9626572284431345,0.16387372916965087,0.17674798591853985,2.8314464078738197,2.729783886338182
933,3.552129935868586,3.411101113733149,0.5857519576321943,0.5473580397196905,1.2058969206601295,1.2398468283680903
934,2.5290748326534347,2.3395561461517898,1.3421051528248746,1.1619300724010138,2.129006276625234,2.1696569419167755
935,3.3108886348021547,3.4491012691799203,1.6367048854042994,1.5703211059663,2.281687871196745,2.238142242528441
936,3.182746103884635,2.830768640039998,1.6778694201611313,1.2997620618058827,2.6665405604243486,2.9999994828547702
937,2.8829053186421616,3.2013322854876574,1.2366621614595652,1.282952401981204,2.0517145927160074,1.9143937066855852
938,2.412937842951067,2.31930268387336,1.0561089521518414,1.0384726969636107,1.3353819167611398,1.3946561424463615
939,2.58230692710289,2.4855708590947376,0.2127747465666196,0.18378125774562476,0.6795267605327638,0.6624333934642077
940,3.656697836951897,4.0,0.14260224866091722,0.3620448259084693,2.268191207858899,1.8825815259667926
941,3.8146110149421983,4.0,0.7973109652072634,0.7897460153849901,0.5971993917038058,0.5888299644798924
942,3.2853189830584997,3.078812748170527,0.24515747065229682,0.23240339135172267,1.5540103248560793,1.5893317636464865
943,2.570761599276782,2.759454810299227,0.3183819248393166,0.3395008930235306,0.4259791720788153,0.3991976357986108
944,2.019131386605533,1.7708920714597345,0.593255383485144,0.5217080139948115,1.0727446074949318,0.9321161913901074
945,2.3787366378056802,2.5093927569423755,1.6369846883730086,1.7582346704190142,2.6597286231243733,2.5932239866002864
946,2.664404057677176,2.670014597989816,0.39680464285172967,0.3999953699174605,1.6309478968491042,1.6307245228125404
947,2.957792926446819,3.224232693954473,1.2016285094644843,1.290358201666878,1.7963977226388523,1.7229344453874686
948,1.6674195072771314,1.6710094859264242,0.8240648448320441,0.8198419758887343,0.8521191960912986,0.9068566648854339
949,2.7299263932024838,3.0445059979281592,1.0729315127838117,1.167718418625954,2.93070075353867,3.0
950,2.492176035025314,2.1867204561416718,1.7709364519136181,1.5554689809286062,0.8336719943591734,0.8613732194104262
951,3.0985433468656547,3.272503195600454,0.5070324003104321,0.5186644791153581,0.23653235939640538,0.20068772662747544
952,2.8853149747092557,2.7475889872409787,0.6884671839808403,0.680140863955498,0.3289146794275536,0.310055605366227
953,3.8404027843158577,4.0,1.8816975748923601,1.4203082467884385,2.999058563354224,3.0
954,3.5759153513550683,3.559043754154704,0.2506869921930266,0.19321208708922688,1.742066188337241,1.8622832286998403
955,3.5356724728593556,3.555131534300362,1.245829711915456,1.238358430924873,2.365964323702983,2.3113490641278025
956,3.3253693535097737,2.9591923187381566,1.0436461286616139,0.6070896957169675,2.15658513490963,2.5767345499935126
957,3.26473078242663,3.3583240791101177,1.42817127755957,1.3912813515700462,0.26574205994691935,0.22563888919552103
958,3.514288989657582,3.01798359632058,1.8494838056484175,1.7391524068331004,0.16239172811141567,0.2057097600195794
959,1.8233475056140778,2.3908275423282106,1.3877418230240133,1.5496030129772669,0.05154653804799392,0.05810243496765483
960,2.2624151234769583,2.2926880238034846,1.1904620498037082,1.2111023343054397,2.018903576114846,2.113403340616162
961,2.1820723905245187,2.1621314208230764,0.6161191447548485,0.6211688799384455,1.4976766692011334,1.4569108911680475
962,3.7241203823883455,3.327409150591631,0.330460097866968,0.1,2.0764700202521156,2.440046687363282
963,1.5116885915037404,1.730095866947649,0.39018051960959543,0.5059938445948596,2.1791414976456434,2.188239722891589
964,3.3522443341755945,2.7948059685183244,1.9256256938224436,1.8190450587459055,1.2473670781452488,1.3678995776429819
965,3.4473971108652703,3.4250379728567073,0.7609938895716942,0.5449855394038513,2.7080023833267903,3.0
966,2.393370061772999,2.2940025805109703,0.8940443243837282,0.8378080183656946,2.3857778211229412,2.331007984998423
967,3.8690111821619113,3.9994717070380377,1.9548279394624326,1.971293522550863,1.777677023870507,1.8394572285774122
968,1.7184123369131568,1.6245454923861582,1.5626477028336567,1.4617386386145135,2.028830337766932,2.1056089862991336
969,2.743649295277928,2.7494506562651306,1.097346846178641,1.0338027953503621,2.510275938215499,2.5119422710072055
970,1.9903422525600156,1.5,1.4507958550453983,1.113918620933958,2.656330693662616,2.7201643274665503
971,3.4635254852108313,4.0,1.9500715636311872,2.0,1.953715797173246,1.9999759599623625
972,2.118307392962575,1.992547086777117,0.6996619987264321,0.5760617582016583,2.9126134733354516,2.872416978247566
973,2.3379051399691972,2.461760991091054,0.60704880121969,0.8565406250392094,2.3030741107645745,2.0487717847720512
974,3.340676849651636,3.1557121554865444,0.7907986773324018,0.5976038796967057,1.950594714613218,2.1638128459729185
975,3.45130840990441,4.0,1.7108218962743262,1.5658689592004231,2.749775967091203,2.869471169459053
976,3.0732724624259564,2.6299694986688786,0.8281028786200278,0.7560382112377705,1.0093613632221987,1.0410938050027674
977,2.076168528538546,1.9112624451676188,0.8897421999010425,0.5967912841207933,2.405717072396331,2.4355374008493618
978,3.6684003140822923,2.9882924403830198,1.1056065906390062,0.9687830253604074,0.9007371531317502,0.9206460211102196
979,3.1108519372001844,2.9038047164674703,0.926500974348254,0.4300287333520503,2.4394918883590897,3.0
980,2.5323068005656144,2.3430467074119385,1.517683838689025,1.4102098689792997,1.1538918015928004,1.183907539826972
981,2.2858531924285486,2.310733351606121,0.8728411719859305,0.954695704060232,1.4774106169624726,1.3033219546028851
982,3.712509360042166,4.0,1.2584318825209395,1.4028642112051053,2.11614795728212,2.059897874879352
983,2.775476985347504,2.8825564923581313,0.7633052579663382,0.6040043445463703,2.048130680919536,2.340411426094014
984,3.003896715323375,2.139111654338215,1.670580660588158,1.3534763987463152,1.6783253497644686,1.7497618294354609
985,1.5817403069788705,1.8158902972759996,1.3821109142018864,1.5445733353939854,1.4144208634498892,1.3466332933352023
986,1.7734342779821515,1.5,1.5961054506702834,1.4590174703806928,0.983866195170318,1.0221301994833836
987,3.392657742550455,4.0,1.3503480087714106,1.3484020828227132,1.2914811456025603,1.266395267289563
988,2.8104654993618596,2.679070941111488,0.32399254014715884,0.2287055740065957,2.6806290563436654,2.8797289891888065
989,2.214062337297428,2.794353462263173,1.5192784843842604,1.3857091864676288,2.720922553092445,3.0
990,3.1268745483079288,3.2691305229425622,0.5128854376407029,0.5364459182234658,0.9702019275571949,0.9153536893379147
991,2.758384911050401,2.9958924801995566,1.427430839185724,1.295258817281356,2.5866440535825515,2.6989997027972903
992,1.7825948968210004,1.6779196528728606,1.6619821933896657,1.6529063740590388,0.8095910227419099,0.8371518389603773
993,3.158998246066173,3.1121146449853083,1.3004156883311886,1.2400354700855336,1.042502323762767,0.9711263823860999
994,3.2403746687346735,2.7470645717288957,0.5124229690870193,0.4407734261986065,0.9393187549731433,0.9595376020036681
995,2.187575840306235,2.4004750072997347,0.6858728498944814,0.745197127045914,1.6153735615644274,1.5752907116109485
996,3.4126480297986515,3.551496433516049,0.35547986952129484,0.3768112789095977,1.2937587180906271,1.3040339313072493
997,3.0112024666295225,2.835604860496412,0.6420590593110188,0.3807043400751127,2.099732790595266,2.423564167765095
998,1.9016711601585718,1.926240414388637,1.3759568558036617,1.404074457762777,2.1283596829267877,2.167323714564242
999,3.3719513313493357,4.0,1.162656582348127,1.1798142435092493,0.6563127623896767,0.7035570508762065
