,a_true,a_estimate,lambda_true,lambda_estimate,delta_true,delta_estimate
0,3.8184768094902712,3.7969973658462663,0.3057725938430673,0.3055365562671418,0.0119133521228294,0.0674628512777463
1,1.9794881237229336,2.043228684439245,1.2879684412057348,1.2738893741010684,2.8637839311860813,2.94344338039334
2,3.506726478482747,3.1512523954503293,0.3091606004138227,0.1531470415464074,1.5297151106182163,1.6845746591056956
3,3.93414393691488,4.0,1.3711323362157024,1.322371644287379,1.169749118178896,1.187376324622568
4,2.7699291777846824,2.880453742610349,0.3746221403400395,0.394424826997947,0.7661139896194081,0.7484726714679792
5,1.869985501256529,2.2166858913812177,1.2345165260572868,1.5132385002811788,2.1862076611976384,2.038039268993891
6,1.90514307121324,1.8311665421062868,1.1516657061435498,1.091977122869928,1.4600750087458874,1.4030597298044158
7,1.7834475107977434,1.837288095115068,0.4136186758012445,0.2229353342857694,2.766652886836339,3.0
8,1.8232886326281328,1.5,1.867843373912182,1.593184992001182,0.989411943303694,1.099073866747479
9,1.8738422139578688,2.5348726997540845,1.6155293808318203,1.7925121716068098,1.883483992395268,1.8618403775741912
10,2.1488045934342184,2.1260041479869427,1.967899609534132,1.908170265003034,1.2655855468743016,1.2992320868141076
11,1.840940857309019,2.1160251097391707,1.7652461232364236,1.9918157850932845,1.6641609164698925,1.6556081102952362
12,3.363559844824761,2.925706217083515,1.843585549817076,1.593881158747087,2.0744868894478437,2.176588292076168
13,1.7124828831188574,2.0095017728045357,0.6283584161240733,0.9240011230860457,2.596641935782132,2.5072349049975777
14,2.62346126769358,2.7985906075227063,0.9511778199490394,1.0073577579556792,0.9717792480748786,1.056127126974346
15,2.0745841204043716,2.133239691857021,0.2433611763470238,0.2556376598292696,0.1105716931476137,0.0438317834879623
16,3.621394916951993,3.479552628937829,0.62850359093303,0.7018726047248465,1.75469861048432,1.6572120459572943
17,2.524164318017702,2.564361174922775,0.2300710583338905,0.2628387854887631,1.7486455100109897,1.6815182273318627
18,3.0078613682436504,2.999392951334671,1.1078239705118278,1.0927351760125834,1.4541230999318098,1.5388882722806438
19,2.3038878369229354,2.9285925053359674,0.7603444320841757,0.8751056838765531,1.7982145911310847,1.8847520902631043
20,2.024398376516664,1.892591067233109,0.5762750108986804,0.1,2.090855195600202,2.6478239842261724
21,3.0505155927055094,3.3724368853670574,1.7329279993900333,1.8066187473219375,1.979822781725212,1.820567122712074
22,2.2286195781182836,2.247569090772247,1.6365236384435702,1.8014827250671732,2.985677163711022,2.907834777560643
23,2.035074687859169,2.2414310518639495,0.2785401771210776,0.4538675641226621,2.7485944371680895,2.485092670815745
24,1.5036113334396837,1.5,1.330784136908564,1.480517060401,0.9464530715538972,1.1012465537429863
25,1.622845988873769,1.7715131519005338,0.9183524718896,1.0761859182804814,1.9829473129987316,1.8751269675757525
26,2.7738904505123045,2.8141983339314267,0.1041728365780899,0.1,0.99526566916004,0.9822354901369436
27,3.211706004356794,3.456136313982846,0.93371427130798,0.9459553245027946,1.5530159091241955,1.6110263514785548
28,2.324512121559695,2.2424844206969463,0.6082320523743625,0.5928581830809162,0.096628687401873,0.084852712264929
29,2.328564415374826,2.609972984750801,1.431459844328744,1.3953693081143648,1.919437744203151,1.973544295723832
30,3.523528812148062,2.958180134197205,1.3589747570425277,0.762520012795452,2.3175254996535144,3.0
31,3.5842668140807734,3.623502897272872,1.3043320041712685,1.290661629267478,0.849851017765782,0.8342299597308707
32,1.83368412904845,1.6084517932853952,0.709135881273407,0.5640037748986515,0.7386088775925623,0.7718632996478552
33,2.7359248735728796,2.8690924327340976,1.6688000202454285,1.671505775203428,0.793988810870796,0.736930895837584
34,2.0123015978292376,1.8378910252846816,1.185450712269546,1.160509335385851,2.440343040788864,2.420556724341809
35,3.112984767905501,3.073432074996822,0.2346647897126301,0.2373059684171972,0.4025841731181102,0.3723607078187272
36,2.649210669609739,2.4754712660147047,0.4314313335890321,0.1,1.8980495783496416,2.383026896980646
37,3.728229207905392,3.8337773320059103,0.403011423784722,0.4263046420850799,1.6012500147270226,1.5894163327966429
38,1.708199524482236,1.6793845350875356,1.1559528749069847,1.097847819112424,1.2074094419174686,1.2571810571624715
39,2.6832799748323133,2.7948592621433797,0.5921057907395768,0.603713660833502,0.7634133495971746,0.7138440971537596
40,1.695399996558048,1.5750913709333143,1.1689576144676592,0.8230721475073213,2.0792537653014813,2.312046436791095
41,2.9181374553448136,3.0933941755390157,1.8314458783708485,1.8336327869083564,1.085136415991609,1.2038803755769667
42,3.2747073008483687,3.3455363949780117,1.9597386809489992,2.0,2.463941866014429,2.379902647597853
43,3.9837187186189102,3.8136154904567463,0.9457048175663516,0.8601937485211926,0.0234922263810498,0.002015268791051
44,2.344217578109711,2.3950956005788027,1.026818238075463,1.0177671656056613,0.655057401996708,0.7302107237140137
45,2.5784753061268786,2.828771911937643,1.3985159455507137,1.5056667747116894,1.8879388623580584,1.7529261895112238
46,3.441067466876747,3.1669129873546193,0.5624204985179692,0.5406273807187927,1.0276247458343546,0.9072764551960874
47,2.377283318483426,3.310395274674481,1.774502758576071,2.0,2.5236916473991027,2.4338300342216392
48,2.9426168665637276,2.9007588446597463,0.751693609527605,0.7633039522773875,1.2705733237967822,1.2820136370588486
49,3.271344435024498,3.647138995938598,1.37127504344432,1.4683220051573476,1.5201420396975265,1.5011132936310827
50,2.8418480857329604,2.629766487894742,1.3860060801500285,1.3284686230703826,2.6256871550653775,2.503454869263823
51,3.050673545230806,3.4732355776078805,1.53710578194627,1.577872178965694,1.2862981886768288,1.1927661078108105
52,2.6055297307723526,2.5105540175999175,1.6178464966144377,1.530127709429632,1.9747116247870564,2.141045193483602
53,3.868046324800787,4.0,0.3359915025197407,0.343417785613751,1.524964406782375,1.5125099123446546
54,3.645280981908947,3.495056596644363,0.1952375567182852,0.2763493828951073,2.3787689607171716,2.0642225329962764
55,3.9105578962744074,4.0,1.388179849950677,1.336217086749132,0.703365629538332,0.7201480533261126
56,1.582858332812334,1.5,1.7958429695834797,1.9057902273547165,1.370273030182572,1.5388159675103987
57,2.327421641150409,2.3495310079194036,0.7839735408514423,0.7372255104356793,0.7751298326991493,0.7269856257118275
58,2.7898803926212574,2.2199823307474484,0.7201618942798733,0.4713334560426474,2.9465004754706547,3.0
59,2.239877063669937,2.3417564121680767,1.1116268262048363,1.0864452634237916,1.2782888422755931,1.22864832086163
60,1.5702116703277902,1.5,0.587397893988683,0.4959186402223725,0.9594353359988236,1.0241846267300247
61,3.868916953338862,4.0,0.5497594887287279,0.5490067528774301,1.0116562708833128,0.962716819756442
62,1.9396127747360907,1.897783222438728,0.7566812509346478,0.7126254756072584,0.1171537426730788,0.1851252146232365
63,1.786468660863579,1.792947968346902,1.7493951705745088,1.700178955647024,0.5133358765927597,0.5127632301554236
64,2.2366652551670563,2.2726546238712477,1.3612576214974694,1.4365855507247638,0.7191803309950656,0.7059015008914709
65,3.2183113558093965,3.3133447954719304,0.6894511751197582,0.6595617147715164,1.717208117541492,1.691639489495603
66,1.7471226540572389,1.7551254424493552,0.8134647384858964,0.7523184140808854,1.3256676715377629,1.418944918422153
67,2.705514370569518,2.854519726941628,0.6809652579256285,0.2631646768340355,2.2383160563249556,2.917333032071362
68,2.277628940989804,2.2222469683014117,0.5322314140189385,0.5126783253959858,1.1166983074533934,1.1616220310413574
69,2.452855440961774,2.6186048283917107,0.7357739365186845,0.7288986481756066,1.2318728121349487,1.3321514064943698
70,2.39490876344331,2.2625880046945075,0.3153601201214527,0.2661213218439369,0.961883438116977,1.0176514218957096
71,1.772170994373029,2.107172990065784,0.4462025052165803,0.455785984981509,2.7590027425511714,3.0
72,3.072932390012966,3.091096506983236,1.1603368776114058,1.1818540832963844,2.430179948190831,2.4448460567950403
73,3.128595257688848,3.4929202006391473,0.7782605541748525,0.8245329620568357,0.2175628320591759,0.2097563317481989
74,1.9236303515955664,1.614588325664082,0.1414399542018338,0.1,2.50105406878919,2.373538949751732
75,3.2629514150906083,3.0664785911618,0.7165151426429062,0.4627164351452723,2.334824809704698,2.5595793513107328
76,3.855572283236266,3.945625918512976,0.256591646371533,0.2596467976876724,0.2839279884780739,0.3155570371740813
77,3.5995538378687524,3.5859241869395926,0.4382922478030421,0.4201034716008242,0.3623931554723364,0.4138837993788342
78,3.707468153544111,3.949663217923704,0.9553950160783196,1.1724664700373095,1.5332096782600917,1.4174130811278285
79,3.00433546119075,3.1788300081488283,0.5550194012396994,0.5880636589307792,0.5230460348911914,0.437961931656347
80,3.571337568063644,3.5810299961377123,0.2509396040698689,0.3397060700085819,2.5597924618687204,2.38147914117709
81,1.5700534379895414,1.5729643961070598,0.4933887211405542,0.4731538232242987,0.3871683791190217,0.3648496977981607
82,3.961920596833048,3.8981874628854185,1.2878593160061051,1.2023945814937156,1.2577420652908065,1.354924782990521
83,2.618234584555147,2.5368737432459283,0.4063783311926174,0.3544945647541704,1.4959248611100526,1.5115568644191364
84,3.0323334005721634,3.225983146849223,0.7260878577049786,0.7974863223318808,1.480149577460979,1.5656342845452729
85,2.900129709300275,2.955462787151071,0.6888911526705342,0.6655353666078935,1.7242199737355843,1.6585779488639054
86,2.7497375263874195,2.325346410124062,0.7642514952969434,0.5659684870957006,1.9099710569102593,2.0742515868623013
87,3.914788226603268,3.6072930169482817,1.946917475870753,1.753462485040686,2.441864627271153,2.417262599320866
88,3.120563495561535,2.8299903549028618,1.181590831240105,1.1487077194745687,0.0105353344162018,0.0499114127050429
89,2.1280490630800077,2.10257502533622,0.9702149433015878,0.6933731139285849,2.7615713485093725,3.0
90,3.9612193690677246,3.70748922993384,0.9969865452316392,0.7417441295128965,2.2815699959492557,2.592042849184738
91,3.732851552314989,4.0,1.2172461482817651,1.183004246103289,0.6404212267825448,0.6163142951913262
92,2.3371054012387527,2.409475485092436,0.4707976663723923,0.4588390032130564,1.0936408023696655,1.154140358408468
93,2.738069413206231,2.9328987161326445,0.7075879735558671,0.6132694498910675,2.2636640607744725,2.4180427166797926
94,1.742741447063168,1.653069885001588,0.8784422918201006,0.724673108897817,2.591778111044322,2.7654545750379493
95,2.792081339834523,2.8202412836365633,0.8283567739252923,0.7441418930560759,2.5403217373846325,2.655822425717131
96,3.1536591063202684,3.3426705436128823,0.651926241748383,0.6725916199849681,0.9715045966306144,1.0011228862897978
97,3.6798475605206407,3.8241186613799463,1.170733982419146,1.0506269011102545,1.53768635864106,1.6365247847448403
98,3.3818355978892587,2.9322137097441914,1.6795377483838605,1.515945258921253,0.6979481898786589,0.6695598576349675
99,3.173764594665862,3.589984305053511,1.4655459996826097,1.5368420822215445,0.6822616642686005,0.59969503835651
100,3.252946848256844,3.083372903768227,0.18614321770514936,0.1,2.8567256843802373,2.9158893429465262
101,3.714209150701451,4.0,1.4367462071077008,1.1676515120213165,2.8862801702618315,3.0
102,2.518265640333365,2.05211396390119,1.4520824310401617,1.2576965756031626,0.967480150922594,1.017214726980275
103,3.3971082096947547,3.6464369282069855,0.37569429827928635,0.3964914041965756,1.3746948847582194,1.367764309531159
104,1.6335002291348288,1.6246992379789487,0.8120357224968796,0.8405396670172877,1.6193641729393242,1.5397360465663645
105,2.678067218813774,2.7035304416508956,1.6705194025341972,1.581091080817426,0.915941155634548,0.9916777019037075
106,3.417562695500012,2.882890200217768,1.5773896136942926,1.4085713788112424,0.1928069697612449,0.2747613355057783
107,2.06560552333873,2.193025993629431,0.8739534741528456,0.910508971081136,0.8674468129423323,0.8817521721808583
108,3.9336987375276022,4.0,1.6789341612241684,1.6454156489553915,2.2735356214255007,2.4293908421198385
109,2.0656749285059615,2.1495016720773155,1.2843814110595009,1.277360210469191,0.8413119374970411,0.8470984814803167
110,3.4968275767420933,3.405753025471128,1.7736024084456181,1.689472849918459,0.4342270145356163,0.469785854787678
111,2.390600588984038,2.7304853042439423,1.4350010418444432,1.60252063774615,1.4875757080234027,1.4844171001879254
112,3.4819287823257934,3.4036616186377224,0.8533955740516816,0.949080427416724,2.3344279395719885,2.2472412971820312
113,2.2481738135216607,2.384776627076416,0.7714455392931652,0.747642892510398,2.5849396312919146,2.7209140500078615
114,2.1693196819935703,2.0813071498839486,1.6438813357210451,1.6334322755061759,1.2768965503381744,1.2304607397921403
115,3.8716656670997898,4.0,1.3893094270231954,1.3712880304467638,0.45434335426500094,0.49296588245174394
116,1.9655679373374033,1.8990091639143316,1.3585538828062074,1.3311457179873627,0.7430084339030534,0.8512025025905181
117,3.3810995101929207,3.8883967177962147,0.9899764320607168,1.0314894592673303,1.4838291436047646,1.5661816585573927
118,3.6779434136414038,3.4476034985303787,0.17803529579611865,0.16019514939377796,0.28268826633656996,0.2902240553668204
119,1.6524840250561244,1.7492426305726627,0.3517478964101828,0.26628601363953064,2.5087923776137258,2.6293738805768823
120,2.2375477935286456,2.1076463685781635,0.9477031169233407,0.8595127068758347,0.19633875844013537,0.15096316562683637
121,1.6119778733527959,1.74023008023871,0.14361049866548917,0.1622051592424597,0.4963229966256184,0.4187702073335565
122,2.989808297070814,2.9717354972042194,0.7892446652704082,0.6588622653108769,2.829342178860604,2.9816391579442927
123,3.268221929054977,3.4871699084647636,1.4060491882324453,1.3994119053892728,1.263718423757557,1.317465154869195
124,3.386141472569985,3.5117189714613164,1.3762624400271974,1.3960000066677634,0.15095541269887947,0.20446049417252596
125,3.0251311718618537,3.03796861694631,0.32372625943057753,0.32280165684364087,0.35541757117671113,0.3493619735113531
126,3.7142313814559484,3.293543648503699,1.7504909983968204,1.4312042264200775,2.3982672067233186,2.733044752964597
127,2.621517436026775,2.7784987595446817,0.14919028315329175,0.1555752113901435,0.6229505726875597,0.6114562584419659
128,2.3508869853856442,1.9920351648560077,1.061901076821029,1.099449335748046,1.566307545619739,1.6355468276173066
129,3.065972585131643,3.082113575318398,0.1995374647532762,0.12289852634560286,2.8141233772865615,3.0
130,2.3156139850339983,2.0859363154046817,0.730716529096646,0.6929655344485696,0.5214499842139914,0.4869557095002718
131,2.384576172779907,2.4216578482439326,1.8674185613644703,1.787043518559326,2.783818099337298,2.8449870569801283
132,2.6928279786427964,2.3981410143161,0.40952341045847374,0.34185101931851086,0.4201339014153693,0.42418008299753446
133,3.4291053381853036,3.6605286305540155,1.4600773352238257,1.4695148177245037,0.7600392355483162,0.6695352605229615
134,3.084812569275987,2.9219836728636435,0.7881172286689714,0.7336591677503724,0.35946976542247744,0.4096075923878413
135,2.1483560990683945,2.1755162163963155,0.5119568367300407,0.1,1.8153073529411947,2.4814915415627588
136,1.8059286651909645,1.6439983762343449,1.835515918175249,1.9817032113814197,2.6032517979409415,2.5647700964393705
137,1.752478184525381,2.382670968965981,1.5650235152458114,1.9461926858548082,2.837133216167243,2.6519851275110717
138,3.7675575796574825,3.7820575793994538,0.8802700642910593,0.8851516488138738,2.1927732069543966,2.2623276488552713
139,3.8170838016661297,4.0,0.42764346641564577,0.7272841271218772,2.9788765705143776,2.408581134853714
140,2.7263654402999813,2.6527841337705342,1.1790462148683316,1.1457125701878115,2.3490958895908065,2.379339224317932
141,1.7544769362818844,2.0430762604773793,1.6678923472690184,1.8406054504404405,2.4723300694842916,2.517217326638084
142,1.6838936012633434,1.5449019213707804,1.464764375179198,1.3272651861449976,0.577150829973013,0.6829655566056871
143,2.4799131064446387,2.4902425845195255,0.9435002806719754,0.582051435386879,2.550378778818657,3.0
144,3.634654731080877,3.232540013865952,1.0070035571491127,0.9267808491438977,0.7533543935866018,0.7351298417261328
145,3.4938301419377575,3.730810508902817,0.44485451713741875,0.4849030070082354,1.100232005579425,1.0313371560893332
146,3.9054772426747473,3.4634396796387366,1.776199580708105,1.4479511319047995,2.9366628354994435,3.0
147,3.5446275336773305,3.4263364387309663,0.25179433000730755,0.13892822451964282,1.7828979213063083,1.8949518744987603
148,2.5205148010877885,2.3673908206375724,1.1235791580534846,1.1314801652560202,1.836059828216813,1.8066183070282047
149,2.427490122738863,2.62815572027595,0.4453969928200109,0.4649742854908219,0.011422040978225967,0.05444671584897578
150,2.3261419972712813,1.91604976456968,1.9412334293955134,1.744482852478525,2.091013892845975,1.9254365808303955
151,3.334173785365765,4.0,1.8092009774916369,1.968393428013362,1.430242525128008,1.5314247413797344
152,2.3399665796559668,2.386574500836123,0.9662420858835408,0.9907788024511496,0.6684717724191136,0.7810480148715399
153,2.04726927237207,2.270874421275269,1.170161571424067,1.238021943913413,0.41516767480278993,0.44644404044747854
154,2.892827142638926,2.9450602432577586,0.212133497767292,0.18391132199654137,1.6624849304064613,1.8358118192870487
155,3.4821688225321914,3.565239316403367,1.043066238180477,0.9340375223653711,1.9685310635468471,2.0664594979522657
156,2.2153043723522208,1.979880463118774,0.5624465692634082,0.1,2.3801623870337103,2.870813812653978
157,3.713934815091255,4.0,1.8001296181612374,1.7651493691892852,0.10332872414509042,0.11661927284064162
158,2.968441866854236,2.841945133037364,0.3052542455124714,0.28714494180715194,0.26765386456205986,0.21823739836431622
159,2.4825047023963114,2.5183791309059824,1.8029362984561703,1.8219140814102337,1.475197248312504,1.5278541899118159
160,3.542544609712775,3.2160506191733713,0.9702126990375302,0.9322785390849491,0.3005993603732303,0.3087739035364958
161,1.5356259293892474,1.6041224741940083,1.3002461338580436,1.264705850723887,2.972542011404922,2.8567587622393913
162,3.2119474220907804,3.410202717511762,0.9537532173663419,0.960932669621305,0.3270251974481343,0.338854788102365
163,3.402510612702403,3.4085505090038732,0.4118806475412037,0.4279048589201338,1.635505041622041,1.5553904553454678
164,2.1597674913682687,2.1056569266322223,0.13250320470298482,0.1173746204425192,0.3747432739766211,0.35263776484966586
165,3.7167066411114917,4.0,0.7937779035838677,0.7909934735337152,0.14095019017079924,0.09812854260935777
166,2.8193717095310276,2.651935943633149,0.4654810599904474,0.40735942116418206,1.6691984820406578,1.684668685879353
167,3.135762467056879,3.1212482851313683,0.507851946545082,0.2419696883444588,2.5297073181335925,3.0
168,2.160490321216225,2.038910316931492,1.343836761934254,1.300718190477619,1.8576456009870483,1.9166856653115292
169,2.6870182811215946,3.3728528121194943,1.1526923990353197,1.2078350071674413,2.029449041930956,1.9777662202829431
170,2.2082944040649837,2.153634212114841,1.90658887620923,1.9514191380101409,1.204326091393924,1.2993954974897326
171,2.7815539772802103,3.237166830613858,1.328912686081479,1.4107372572538166,0.38537805406093617,0.27784116435532435
172,3.968369564144455,4.0,0.8701107822418261,0.8918756570473394,2.0825746695699845,2.071141533667447
173,3.112536888478818,3.206056936159018,0.3515901871313537,0.367200361692004,0.7704119113232721,0.7101975247415435
174,1.6938986962169187,1.6136462253829857,1.3527961771508696,1.0836681193967692,2.7198130975974353,2.7809218025522426
175,3.460982477636186,3.9660771542803293,1.335053158799058,1.4261326036459068,1.072923834655379,1.0415598741062984
176,3.3302407839982417,2.5103164811770555,1.1910093827472592,1.0492829927833296,1.4283772425205303,1.3767350231692939
177,2.3853240157689015,2.4710529566175845,1.0098117097990278,1.0014120609034536,0.9649887277707233,0.9708638723270703
178,2.0326744525336404,1.9365778793693538,1.2901828471499373,1.2407039819838939,0.5232363076206377,0.543138251803606
179,3.905388114149881,4.0,1.4473324663199378,1.3307501759881941,1.6142861055903288,1.521385724347634
180,3.698719134593303,2.9791798371354896,0.6858002245045338,0.4789642397927432,1.5715041831440353,1.6846889210784222
181,3.6308596707246674,3.835602347991819,1.4639331089678085,1.5065464925750534,1.4550227123835902,1.3571784426478204
182,3.523250443472175,3.4495263899390736,0.8905299491566597,0.743464766625453,2.8461689853726004,3.0
183,3.7655964921520146,3.735803626777138,0.473142036102028,0.4570978962981209,0.9304355917150666,1.001732539105206
184,1.6978869296977237,1.5,1.9137539262641936,1.9668251869143247,2.76968282506447,3.0
185,2.5561568745840133,2.7852351584219153,1.1301484297690867,1.1408198705893047,0.8781042506596441,0.8494711511135331
186,2.1410247596753442,2.0636691279809583,0.12096475369489193,0.11862233971652031,0.43549008726161453,0.39614834725098397
187,2.4485674693316595,2.3383213642717138,1.5617758819340815,1.5650600453011951,2.0445909108773535,1.8858708800023638
188,3.5737927606472955,3.4034570505452044,0.4906036214415337,0.4748544664209174,0.3835137191527829,0.4035424620581643
189,3.681440702154763,4.0,1.8850163516208729,1.8458641387553025,1.9649671385000818,2.096690638160435
190,2.9438269681666664,2.7239314181496246,1.1272165769291989,1.100587999276598,1.160402647493348,1.0907734775314453
191,1.820716953792814,2.0460270053615144,0.21382425586141085,0.3398385610311597,2.9817312820597692,3.0
192,3.2810048152449514,3.276507813872102,1.0371784485262754,1.0284553240509051,1.333949686069778,1.253415108226207
193,1.542860212067283,1.558264663226224,0.17383116078057503,0.16541115544280177,1.3720784276748406,1.3604426910187961
194,3.3413652294278418,3.1113718397055603,0.8691480533718111,0.845350308967108,1.1708444601657753,1.149151326408145
195,3.934390781196533,3.8117357111976005,0.7375786653864583,0.7075564381003869,0.5700722691412252,0.5623756497726484
196,3.4981031443077093,3.1434631833254656,1.7301437990009856,1.5945142037173832,1.267651414502478,1.3615904950909563
197,1.7078400377237455,1.8687926650515174,1.4277329667771232,1.5158938050724051,0.40004578427631543,0.4247900659223153
198,3.2789951548602305,3.2472517076422083,1.0346036278541026,1.1094206600947019,2.047140321237123,1.940116397889072
199,3.435321766509708,3.698028992843767,0.4842242258128229,0.5612182163953453,1.7295213473344375,1.7061135375348646
200,3.336376119579079,2.7858327863105683,1.5326118546888348,1.3694158965383534,1.0465677533828446,1.1132479362699004
201,3.2621692088675838,3.2021804515497485,1.0545054729850962,0.9953152099696352,0.6058187576362302,0.5924868870576795
202,3.597087315377092,3.5893664796699847,1.101249372546498,1.0747089496536184,0.54306667442196,0.6325730567231862
203,2.248207662780816,2.4062158222258443,1.5722276424193318,1.6034744901885158,0.6276436344758767,0.6725559245634285
204,2.816484341026394,2.652685463287786,0.8215806869252916,0.7096812445011873,2.9156965313366716,3.0
205,2.7935224182510385,2.826729920591663,1.1121611979549295,1.0644632546710664,0.6000682625846644,0.5972372455494025
206,3.890235403143374,3.8656961608222913,0.3752633998946522,0.4730604566670423,1.7759232749916984,1.5774352428506644
207,2.980728760478335,3.0981615781609113,1.5101850011260387,1.4917659612778855,2.263126300374922,2.3898745166501345
208,3.7595619401707947,3.690690970688555,0.5074791253942519,0.5199452792256192,0.6886058414298513,0.6943063522779357
209,3.700139626883873,4.0,1.6211955226219081,1.4753511635152148,2.4686028330234793,2.3060814969178165
210,2.40683394850098,2.3613581047772394,1.2650316986856025,1.2593980155611837,2.959071671879185,3.0
211,1.5362615337823025,1.5,1.9258891041030635,1.8151878230465726,1.3321355022650327,1.22540146385773
212,3.5839002911897535,3.6241897101253877,1.3372852019881647,1.3516419226416874,0.4546200296206656,0.3949337290808744
213,2.66460991254014,2.6869401202883156,0.7366039840346144,0.7520187242354516,0.25294965858018703,0.16767053289520767
214,3.333774423788341,3.1412166362295824,1.4662209344771,1.4083818211258459,0.03656401927967112,0.03801629061287161
215,2.0998222917255482,2.3695694476436717,1.5556895103453965,1.5921285491365944,0.3824712051665855,0.3522316727366138
216,1.9535891929022073,1.7431821586595286,1.358771349205819,1.0114688834908199,2.7047490696753154,2.9040991185934857
217,3.7012948149557596,3.8096060796490296,0.3014513797018032,0.32372317044013293,1.563744547504513,1.511055394491936
218,2.5674285822557383,2.90777102893264,0.9834737859451889,1.0981546525732242,0.34536027399178426,0.44159574051953615
219,2.6966019685232445,3.116205154413973,0.9640597744087139,0.9875615840754495,0.327148736304924,0.24335395179016026
220,3.9888936768732126,4.0,1.4873677670678433,1.4544602245220484,1.398680038699633,1.432173999972381
221,3.3492879637192727,3.466319984285047,1.4202360952509574,1.434490246039073,1.4819930623369493,1.3953527883996781
222,2.987101162281513,2.8339435083801545,1.1951313409916575,1.0998707183898937,1.5219659977073317,1.564129414458312
223,3.3786726088986874,3.5105954603137945,0.3294648801651813,0.29719332599346376,1.4076703299708542,1.4611501595196483
224,2.715814073408456,2.9243897872613114,1.8518337567494745,1.8978904940455497,1.0957352432065792,1.0780110152744842
225,3.558200449967124,3.9131163341213093,0.29491191799939676,0.3628078721878614,1.3952142417509372,1.3701066157602921
226,2.0545233434463834,2.11047924374655,1.6733937295168668,1.7125345815669701,2.403559699369764,2.4356633662682126
227,3.440427122893502,3.516869265482109,0.6481450660576855,0.6773630137742199,1.2505497109732393,1.222483611875444
228,1.8087017733651407,1.7243954507617234,1.2009167369333338,1.1377238607830207,0.6787470819128716,0.7088998719113982
229,2.867785616705109,2.8266458957660703,0.3241967750612022,0.10427579826950154,1.8373228226845826,2.199823329179243
230,3.133918838075796,3.2017623645974713,0.682663827632642,0.6879150410407823,0.5869916275518662,0.5170335954836668
231,3.3223941373776,3.4776628819345556,1.0201427136041354,1.0562492515472919,2.6922470455888,2.612377228787686
232,1.7578604564089748,1.5,1.4172350942707514,1.3159996160404135,0.18444387883805569,0.2052007536840175
233,3.8210943539058975,4.0,0.6009011305262006,0.6432171779221242,1.3763511517403288,1.3479080168385567
234,2.4081318902630815,2.064923954197871,1.609343974897053,1.420060706301665,0.9797050839544791,1.1053355197001198
235,2.667123270040156,3.123242015331718,1.7460526234919738,1.899004617586219,2.3414016863704634,2.273868160956611
236,2.682466085952335,2.6573586897371695,1.4461683706700745,1.3371072530790233,1.5106780979733525,1.5633962974028006
237,2.4092566527723966,2.2942856077705347,0.8050589699898081,0.6718647251275109,1.8068589878239654,1.8752944498342397
238,1.5582931508792504,1.623746224938771,0.25618808838310136,0.2722390268622361,0.7548039131995482,0.8045471865172783
239,2.26700151994691,2.2502091063555585,1.611806405504411,1.6344871754009973,2.734544463138445,2.6210545537654295
240,2.8119366078770436,2.134432598451134,1.4680179481319773,1.0454977339882547,2.3481023574618627,2.447379494353594
241,2.5727602707347774,2.758907321142585,0.8889706928251515,0.9279004978186624,2.4465561460744496,2.3560329139418306
242,1.7663570920941891,1.5,1.523482302534591,1.6158041848701046,2.743729942146992,2.6864384538902555
243,1.984058642678943,2.055785085355162,0.18247138985895578,0.18639028544406244,0.2040416802563172,0.21483946124467584
244,2.6004743399797676,2.2439630298366,1.8424218076877206,1.7309170103619387,1.1597948738551076,1.2108359035482958
245,3.8643559393180933,4.0,0.9209548560625284,0.9047427049674189,0.08511742036181635,0.014736891522227107
246,2.7529751331922236,2.5323104996909787,1.561648127889199,1.4806887035234142,1.2664408575542856,1.309106522680077
247,2.21537724302308,2.2328593261068734,0.2500459454610812,0.1,2.0717959387314666,2.327606035206149
248,3.7892372314805143,2.850402290378793,1.854498856195267,1.3377012463788864,2.585300170441327,3.0
249,3.678774844748025,4.0,1.4461888255841095,1.4813959385232518,0.24768590956149705,0.19444010188705893
250,2.7854769379926143,2.4752259561344014,1.530741541230253,1.38099215875308,1.7704757686972403,1.894741938587487
251,3.900441512145783,4.0,0.4389645792349789,0.3079237461821066,2.5170949471077497,2.90969010424028
252,2.718647127665456,2.641968539986349,1.588976530539675,1.5735167361253972,0.07262205229737684,0.08075128890947886
253,2.6978216365099477,2.751567124663132,1.496878871861443,1.4384607822329056,1.3034058375104483,1.4015768292036952
254,1.7701365818008488,1.716235849098995,1.3439865680311163,1.3425919421116341,0.4510397310927877,0.39480120817701314
255,3.8488008129954405,4.0,1.6164093534003898,1.5375909778936796,2.9643524667855434,3.0
256,1.7395524446835826,1.6498960933233862,1.6300920932982053,1.512948161523961,2.958248626570374,3.0
257,3.9482787314160883,3.952437418315526,0.3132205745139985,0.2969785477199349,0.5369991399597118,0.5396600615958713
258,3.964099330075763,4.0,0.6084782764765304,0.6621141715994139,2.246283308296458,2.2046782273847882
259,1.7131538208912205,2.1651801889896056,0.34783444366251215,0.548515268686706,2.184141327612968,2.1802996545807196
260,3.7319857438645565,3.4259537694746354,0.6191316497624819,0.477502257977418,2.844675020059227,3.0
261,2.115308495144374,2.227720426013349,0.8421421233840798,0.8969442411493244,1.3121773097599625,1.3192051380199188
262,1.8444873365736432,1.5,1.7396161970397874,1.5617993848213274,1.4186462779345674,1.533748985681509
263,1.82073798202646,1.9758860780649312,1.4737773464040131,1.5081836866222307,0.0037714821089346318,0.05420965789568682
264,1.8475387945300574,1.5,1.9896367376504733,1.7948161482003526,2.9365554922636097,2.9223035930655907
265,2.882274243952055,2.918299932741698,0.9031450160746154,0.9266624281800613,1.648658604684016,1.6040124927841957
266,2.1804708118309835,1.6386768304596466,1.9792848322394216,1.6828530321785975,1.9709930874059949,2.079741701532126
267,3.4362618176783446,3.3956725884530834,1.00047295457695,0.8959476912087802,1.5669804136467649,1.5955908046871166
268,3.247672491485975,3.2200699342492225,1.7866524030402988,1.705240371311069,2.763516426337655,2.8200772792021573
269,1.536184758418286,1.6867968244258902,1.5244692927069208,1.5479815604042573,0.26836235486032556,0.180592360313628
270,3.994652884641796,2.7768911950528965,1.9024316539684707,1.5673736580305146,1.4976444056782054,1.465704386630506
271,3.6507602356986117,3.901624920849911,0.4054689938279661,0.4537078904863489,1.6289918756781154,1.5559541116564775
272,2.6902236195057494,2.56490592982599,0.2880289499639386,0.24661668366219827,0.09928913406207596,0.09124871204788285
273,3.456617904556003,3.7095451493479557,1.5710451917888568,1.526805251801706,0.04339676526012792,0.14324929984941523
274,2.6033482328630573,2.6020487537740236,0.7882593706143626,0.7764885568630023,0.06202441928094382,0.018647315712618254
275,3.306836646128753,3.8521181421715855,1.5061588414777378,1.5735537543516456,0.9398059674762426,0.9467894045981041
276,1.5671173275841432,1.5544354599873615,0.2627218331426604,0.2562034464432707,0.21239283165124867,0.19737241010802845
277,3.444611965556523,3.4409714330604775,0.5922275243833185,0.6946509557627921,2.878648770659149,2.511358390237062
278,3.939789224578988,3.498191985012602,0.9640316467234901,0.5087984686427904,2.474158121092123,3.0
279,3.3976285671593116,3.6958615869408584,1.3753114501631398,1.4018235702546833,1.7417392731234467,1.5980393905892605
280,3.8861499733014715,3.907900836586621,1.256105294192974,1.2642493633621024,2.7822492389570685,2.9257268554106224
281,2.3462394800197988,2.715530389298507,1.8088836840877494,1.8634793894117205,0.9365627516179363,0.8632559942882003
282,2.0219328286890743,1.993966577235834,1.8087838315170701,1.7557352396892933,1.541017180222597,1.4847894706578049
283,2.4611419241329893,3.3677083078951977,1.2983479576272885,1.647440726092533,2.7501199850534874,2.5252045288526728
284,2.3743986252796105,2.216874348653271,0.6975376491278327,0.645709513796168,1.3571245858626022,1.3006124536514803
285,2.664711493785017,3.310141527453393,1.1577147603584368,1.4300892084626484,2.653380950939281,2.439213619940382
286,3.7345728349631924,3.655979021462072,0.19305067458369166,0.1,2.3556940307655228,2.5344559466099508
287,1.9699710180669578,2.2729567047368344,0.632168769911121,0.6947399423340663,0.015075049630372317,0.05037566897853672
288,1.9342140085301454,1.9654196720223889,1.0776080654156708,1.082962072675069,0.3654965129739428,0.24479341784813943
289,2.1637241399448444,2.4223820662222653,1.087057270704517,1.0982215829076625,1.674520203974894,1.7036739440409345
290,2.393109267041849,2.1427162297613016,0.9839044822609219,0.9205315944944473,0.4015661937419295,0.4428019600176645
291,3.3652181621859634,3.0399224210791123,1.2374769627945732,0.9325578385980231,2.9007305685140103,3.0
292,3.9385666865214466,3.479935269518644,0.8651475977621259,0.7390784436425949,2.586353043070229,2.7854776955373346
293,3.244356776016497,3.36906432585338,0.2618581540772638,0.2697181446862695,0.09086930606108112,0.1029305917093257
294,3.569441436352146,3.4137043724293226,1.3128758173835302,1.2521880357547428,1.1219372491526267,1.1731177507202104
295,1.8803021937923674,1.9509587341952974,0.22319597102749897,0.2579563082152296,0.6450093126905306,0.6373698604975745
296,2.282990496725136,2.029256361057589,1.2209980336902155,1.0989535693514656,0.41597518150652046,0.38118745210657484
297,1.726042311520605,2.1257827984711337,1.5067949755768613,1.6478994328260672,0.749241046521312,0.7804206195492169
298,2.7117160785032897,2.3805635592801924,0.2119737098384556,0.1687759908573448,1.2268746697601465,1.150424774362782
299,3.976646658739021,4.0,1.350196860993772,1.1770044692118315,2.7417620039372577,2.859348357267395
300,1.6952617183806544,1.5731794926867202,1.1691693694138612,1.1181790097492286,2.389322596179225,2.373473368609013
301,2.2934096962903636,2.3077029361241106,0.25229746629252287,0.25179675806182517,0.19724965928144256,0.19639555711356915
302,2.864040173634922,2.902161342785425,0.9457619564090193,0.9339908823620005,0.6184707998569017,0.6791154812706294
303,3.8261787487776036,4.0,0.5474840376615654,0.5497115444122316,2.053116023766141,2.095153069095476
304,2.999433426710612,3.020792468943833,0.6898845965904693,0.6986353774436471,2.5597755147669305,2.473575439023708
305,2.2664987553814457,2.4880336938539083,0.11368327718140286,0.12621371897013262,0.6839536923902885,0.6847404777328945
306,3.341485160168282,3.2979659256132763,1.2423575218096383,1.1990126232752871,2.3338616051019576,2.3940214118919196
307,3.778686093410248,4.0,1.745192075082223,1.7204453363288972,1.1942286973091352,1.2983569385031801
308,3.997947463855267,4.0,0.3064266840629861,0.43268770954701374,2.8804555249225867,2.508443625674836
309,3.906405236266295,3.7173490684970028,0.413707401385893,0.3881654759729756,0.18982941451963908,0.22582153582389805
310,1.5917190201906173,1.5,1.3295028687057093,1.3011760895322375,0.5746687832576712,0.5170274379611594
311,3.1430374018848797,3.257189950157334,0.7234366045425417,0.5636821739471173,2.223627007782706,2.5861843570228187
312,2.842762576468286,2.7936470831522606,1.8404831539786726,1.8417674783388467,0.14193794390626802,0.15072156228781633
313,1.7363247218676672,1.7908018692001386,1.9714703457997018,1.8776420520497583,0.6340899977329162,0.5882283358295067
314,2.0519991767000993,1.6738009932477256,1.9342784580885346,1.920625365327111,1.6607025372463275,1.7959558408534737
315,2.7315943597441668,3.029374230205979,1.2996631719870921,1.3343686385235896,2.8505538031554916,3.0
316,2.542137357238131,2.3554613258045483,1.6651484843525746,1.5481312172917472,0.9015635983720154,0.934382423375519
317,3.145661547345391,3.283067781338341,1.0105560817003125,0.9443281696231659,2.5969318692111285,2.6981991299479944
318,2.782571942072713,2.937750379905154,1.722584636903569,1.7829050263273165,0.013270542569060018,0.13673448083526787
319,2.2250922137465445,2.262964268229715,1.0007057138182553,0.9217622399304428,1.7184847136467423,1.7177221241423775
320,1.9655010232195835,1.9419863834795978,0.3420242227758854,0.3382027671460497,1.0584627515997642,1.1043277327901848
321,3.2796189614944478,3.254260212567557,0.341994049146652,0.2257058319871312,2.349670666401191,2.580453071320779
322,1.9831446086767257,2.1696931464488602,1.1545830646550639,1.2964376963782613,0.4547135146123551,0.5981484654701552
323,3.3153194033468365,4.0,1.5654718126430058,1.8148271301783898,2.5100955301812418,2.2692274189124304
324,3.406622056856601,3.5022798470028267,1.0044378197945458,1.0614995951175963,1.9177723747052462,1.9068350453675709
325,1.744096148102313,1.807927843291878,0.3007353098765401,0.307767798372696,0.7218124087490884,0.7423486992812424
326,3.820211484541153,3.6837740633848703,1.0726734856813873,1.0306754176539012,0.17511897959894818,0.2014142803668669
327,1.5047440126433995,1.5359922135307993,1.5859831343332635,1.5214159410951293,0.12939226018248784,0.13842039073083348
328,3.961843743306155,3.976041330960906,0.6731805984467423,0.6812637526161412,0.9173381883275757,0.9076331782203579
329,3.0891983426694063,3.5465150827126184,1.104727249147369,1.1263101651678125,2.8659204204622215,3.0
330,3.950764750513504,3.361719425359369,0.9320312802968069,0.7109144592397574,2.4956190948654853,2.7869353262794805
331,3.008178264285174,2.9570236435026094,0.6148591632033914,0.5880727489059163,1.571822339235097,1.5438964041805683
332,3.3169605125051174,3.0012526817386984,1.7173105420444443,1.689048909378285,1.5220008436616062,1.5212446674429545
333,3.6575402143964877,3.8153945384749943,0.9839670067543621,0.9828894891724952,1.0426478500647136,1.0582501820329147
334,1.8512367944637893,1.7511754116045877,1.5285770838769435,1.4285466561475693,0.531240356854939,0.4974606064163702
335,3.26760893552264,3.1927347879366996,0.3569231771257534,0.335207781093765,1.0302956291060077,0.9856687243239839
336,3.200411891254118,3.093435021576529,1.8055047781649374,1.7625947571592337,0.5770642428512441,0.5774266836730303
337,3.7287155625610837,4.0,1.0255686265998898,1.0258103310964022,2.223265591834139,2.0766008166137753
338,3.554684721490179,3.534087193403786,1.6473822921480752,2.0,2.9928666555087178,2.8095625421955033
339,1.6250025609065948,1.8308250931973598,1.08501753954755,1.254264403802095,2.6944425958915605,2.476266783408342
340,2.9203012529745696,2.855990141812045,0.7459081977164136,0.7594187186805423,2.378973528568059,2.5151244273327835
341,2.2839217855554246,2.393389210182074,0.1296517740889473,0.1251600874961273,1.3962619848080757,1.4153328809770136
342,1.6907791847806097,1.6183703263624167,0.16956932304083083,0.1,2.791648047550578,2.875386354846601
343,3.5722395474060864,3.7104745433940534,0.12837705364698812,0.12929528501970472,0.24323044382949588,0.23909153579639714
344,2.473502684057486,2.4049312091054182,1.4365172055367812,1.5804296786082326,2.8811041929500303,2.65070360852026
345,2.598974530254142,2.783172678156387,1.7881671226313782,1.7684417299220807,1.2905161272654928,1.2782475351927025
346,1.7622139513365938,1.6926883392452978,1.4222729437150643,1.3474332994681875,0.790309586345398,0.9295150030756558
347,2.3320741281212847,2.4050990825047633,0.3041172698391328,0.3066929452764936,1.2576947609237163,1.2726965858328032
348,3.8905937804908826,3.5321570898256653,0.21133459553013426,0.17833372251764298,0.6518061274656554,0.6657699534739233
349,1.569394711743197,1.572270671683304,0.42870514843740504,0.4261888284093587,0.16309246237008612,0.11914252623854045
350,1.9327393050852852,1.8746054533787897,0.5448461135681212,0.5298915676091466,1.1251221818461783,1.165197558576027
351,1.9828698407783893,2.123381561583394,1.1441976864593653,1.1219652292373823,1.2980899757875664,1.3859397663471824
352,2.3968928757338825,2.3648373587325686,0.43047076618393076,0.4049285840183598,0.7933364399845737,0.8321515661474278
353,2.45771325856533,2.9489119545051103,1.6468015786027697,1.6947479950565623,0.08150248110050473,0.14207787910909905
354,1.7435354563285042,1.7653143688385102,0.23296639344614906,0.22840804453517116,0.4611447048795384,0.4212842099553805
355,3.7557581368900905,3.749958967196154,0.9178415964970039,0.8832656821724938,1.4637375625186861,1.4446607869698096
356,2.258186350612653,2.041163710913229,1.3802381737774034,1.189347816522604,1.7360871051657707,1.8578738143712263
357,2.4240800426700235,2.737418733660105,0.5032737037444377,0.6571709258015146,2.887506230708658,2.8569362368230444
358,3.317519438931005,3.1818252822186515,0.2311032412178791,0.22604447395115693,0.07599228536480929,0.11610134343244256
359,2.000787513080139,2.0888845420506454,1.457234775945005,1.499380755500695,0.8800443813649315,0.872078361731794
360,3.2435075607873856,3.1632187794060087,0.9268420466378965,0.8927284664757263,0.545436395676282,0.4863081810751278
361,3.048371043025548,3.2899601125121136,1.6437532275809221,1.634328929413877,0.7900513621559067,0.8035476879295228
362,3.5956936515105213,3.636722442502095,1.128557539305322,1.1831107904941558,2.931226029758423,2.9447950906187286
363,3.8785894084130197,4.0,1.994596227131242,1.9503064955965308,0.4338401985037912,0.3352072081134659
364,3.393094898754981,3.757516285461135,0.36962145886050035,0.5355828864018125,2.2600902134397325,2.0618102155089026
365,3.7157282243767003,4.0,0.3262197344350627,0.2845491710717366,2.0452817775094636,2.14478798336308
366,3.0485298054963588,2.9296987318166554,0.8158419337502983,0.7996366815853113,0.4668795376712138,0.5419836828860207
367,2.707469355974141,2.8466011383256014,1.5692979514279262,1.5596784513756239,0.6056094964953627,0.5637242158390381
368,3.6121444282519537,3.5502914131747056,0.14233349345932383,0.12160323538997275,0.9354877690880173,0.9740410605683539
369,3.288948366953048,3.477882584426032,1.709916889502612,1.6433899013568942,1.8648045553202417,1.8922034593156476
370,2.526716880169708,2.341536815115579,1.1905761019254393,1.103006448436611,0.5844433914539052,0.4884109474114995
371,1.9858018959860202,2.0439055780931272,0.4803278397249824,0.4934158726695383,1.2636066900019434,1.1536497294253398
372,2.1675637042407234,2.0133618560862168,0.7351816638352107,0.7082220882930109,1.3397196568711924,1.3696061679303049
373,2.4155860021231996,2.980902150141943,1.416622550143783,1.4381698954369617,2.4869680415914033,2.534463145809424
374,1.5802145539616685,1.606532729527521,1.1937808541290074,1.1088453870002046,0.9772660762768374,1.0224394692642407
375,1.8870106477709667,2.0891568355685033,1.5896618304413908,1.669464050066175,0.5836439864669788,0.5983427395121593
376,3.98002478968072,4.0,1.003238607513734,1.0796777240400213,1.676478348095534,1.5865421122359513
377,1.6724499807713338,1.840816150065982,0.9125293669523954,0.977244479873936,0.966940589761864,0.9703795235997144
378,2.8858812794278315,2.826474304481841,0.38017439098511285,0.44787602831617584,2.2343740371717336,2.107041666380742
379,3.66210366865976,3.5681737357807237,1.2681322324628146,1.1719801287300002,0.4205221718394584,0.34172906605706094
380,2.038580247032899,2.047327406514963,1.9331637242609572,1.960528960007117,1.6437912872433675,1.7683175937320528
381,3.0174075726469205,3.08631858985094,0.40167666776272337,0.420244694829106,1.3009331553519805,1.2878433855497062
382,3.008289878734856,2.98290877468878,0.16488474846689546,0.15173426906064022,0.6484053128849215,0.6183811941069701
383,2.826006470185048,2.969752431591689,0.6973153731206893,0.6813375979638022,0.5112179159305671,0.5683663008041696
384,1.7980080276477028,1.64804272151024,1.8504907526055434,1.4872812136757725,2.2513244436225035,2.348120647517261
385,2.201008850260549,2.1667256794372625,0.6230718561485267,0.424922523964108,1.975392875020313,2.1200541131750326
386,3.783438128623695,3.5964990245403117,0.40170861606865116,0.3552421141812876,1.2136725309482865,1.2386963211823678
387,3.8345089986304983,3.931003522422409,0.7273757845769004,0.7741812577875286,1.984199722896245,1.863654369540033
388,2.195526232058759,2.0868263315307813,0.501693766734055,0.39214535971788184,1.9688165524528864,2.0471123291481907
389,3.2712509340541693,3.499991626632758,0.26599268806352716,0.40496051363198743,1.9831628645820993,1.686047523596882
390,3.071456944517244,2.9116909407887563,0.7967363457473767,0.7911660699455443,0.7048781626343845,0.7046078941004733
391,2.3108428382395063,2.702257439575858,1.200628570787391,1.3479438184538068,2.629542630509613,2.7272128917906855
392,3.1780642147556306,3.113058288844661,1.1180411014330889,1.147659938547148,1.5181370549772253,1.4943614228124629
393,3.663650223448017,4.0,0.20420769369822303,0.23400865258666925,2.288832853266859,2.29314170534369
394,2.836705404274788,2.6810270999187638,1.1715069791172865,1.0942708017531655,0.1321462219104459,0.14939807670115127
395,2.5836039434778444,3.270898376900289,1.4419792612097022,1.5348829905666102,0.5012584467370849,0.5307770832696946
396,1.8990877570936846,1.68684996498703,0.8027368490117477,0.7280316528990164,1.2563672628721023,1.1988562219840113
397,2.9814067140227003,3.8576722354876773,0.5932940880996432,0.9618261956274652,2.6096489076089115,2.294120750698121
398,3.2967109225574784,2.9065123188102833,1.0968007028846714,0.9400596037393532,2.791673534578726,2.9026258083698906
399,3.586646483777865,3.6645077915947417,1.776831779207855,1.7889476208866744,1.4958081631581384,1.5055762456945376
400,3.0367649937659444,3.1178229071173797,1.322765852227841,1.30768872984435,0.3649355693909241,0.3821353293478221
401,2.787622253450091,2.9934425734317833,1.100248830347046,1.2387187054369997,2.0516049190552748,1.9141280368974207
402,2.4061108812813465,2.162207724264257,1.188053450702133,1.1257040037579824,0.19382722903601057,0.11216656939185216
403,2.1561399362346987,2.316501340062628,0.5641500215193413,0.6026278042181308,0.4541564055021323,0.4501043410742673
404,2.4886956017685846,2.1613733579234786,1.4845362817542054,1.5148654295814115,1.619958237835776,1.6524669863144905
405,2.462897801824897,2.687224267886751,1.6513575941654794,1.6373687647464945,1.2120783813304392,1.2210716665717742
406,2.8880075540220522,3.045998229175507,0.18942304975693622,0.37144310764151195,2.7334384922406985,2.5302214434411523
407,2.970224420051931,2.989055313163194,0.23943107507693123,0.22971576976449534,0.41339170095486366,0.41802871793652907
408,3.689134899308212,3.4495383486464033,1.2442469405544372,1.1868991978423842,0.07033031025929104,0.062293104929407664
409,3.8157689227761997,4.0,0.6990108059233274,0.7280271292221392,1.3569402389728915,1.300892754671056
410,1.8886965884524316,1.867046287429363,1.9253124153695915,1.7953077342199726,0.788172643664348,0.8535030687288426
411,3.62805878604955,3.997451533182442,0.7090352536383483,0.7613955661671578,1.388717269185343,1.359671213347152
412,2.725205838337482,2.761941429587756,1.3799349745034246,1.3839570203394291,0.4022496814743508,0.35547384638523166
413,2.7581674651467853,3.3560732876868657,1.710278972983121,1.8767226721905013,0.6637410585079924,0.6430302705101288
414,2.796531801997862,2.7199863122122943,0.6531117559837294,0.6110743422476445,0.9051195591165689,0.9233152551859245
415,3.1855366601599666,3.9542869597339805,1.4718470033084279,1.5580655770400236,0.1774933189517811,0.20400048514657104
416,3.133892715714344,3.0453257825211537,0.19602788896246842,0.18603928008888201,0.5068446117728986,0.4738927452995928
417,3.8253040226425012,4.0,1.3197278765153015,1.3120956254396057,1.4603874073454857,1.4346744705205823
418,1.7698394656077325,1.6796616782349973,0.2557360342286429,0.1831686376584293,1.9979209876557265,2.102044592204648
419,2.6944346986850136,2.5697535219716907,0.5720798729090517,0.353943970822533,2.2341365759853407,2.3888334239482125
420,3.5079946065764744,2.977187492065853,0.9113346372176105,0.6912133664480629,1.8468988192840077,1.9516292556942618
421,2.00501669457863,2.270787366320785,1.500614035075838,1.5501866052751818,1.1244835602145604,1.0669121446533185
422,3.7686886201551903,3.8512780693190813,1.9954076149368223,2.0,0.977196179536164,1.0678703989173668
423,3.9136571246194642,3.888923602346697,0.3351462350870301,0.3280098026019184,0.6386432418962873,0.620241955054607
424,3.8754922529356994,3.9442249478906413,0.8881014409262781,0.8964334406486434,2.3473375372746954,2.42450902642021
425,2.9583089996467926,3.340190203966275,1.1503495566276094,1.0618619598831498,2.44581384429329,2.5533464574883253
426,2.7579246850097014,2.1725605932572005,1.5973648937353673,1.3936357685381808,2.4888574664854026,2.3786474121278536
427,2.399197590638868,2.5354151096862863,0.18709278535385904,0.1,2.58819057650612,2.768817792813869
428,2.6054966550524252,2.468904410304186,0.6185031573789891,0.5497167114610311,1.155850997458034,1.2848642234160232
429,2.7030278975334956,2.8454652216994405,1.8421948730992792,1.9270135858630542,2.4315548275158507,2.385105852952988
430,2.046789674499606,1.9956232608480489,0.6239899861739082,0.30471935506919834,2.5605596153644234,3.0
431,3.2610624804541017,3.1581257152743434,1.7820751479931989,1.6174440918727544,1.7524710250861282,1.8286204903077643
432,2.119356076598996,2.2728671372564584,1.2207306155380595,1.327620925663808,0.8409300412270799,0.8361904214286516
433,1.7369763148688633,1.7986640576625814,0.15679393410873593,0.17310829855230525,0.13685923363241892,0.16945538626166337
434,2.3358638755565684,2.2264262288185432,1.4179448339297809,1.1682423317526358,2.3692538681189905,2.735384591871341
435,3.8679283027982487,3.9860563050982827,0.989138990048814,1.012063730133791,1.068629225321354,1.0483486510388127
436,2.618703424043772,2.3663326446986903,0.7238930485912273,0.641522602845465,0.9733229610317643,0.8949984763316616
437,1.5543259529557836,1.7542072406348643,1.4871658636227734,1.556010625950795,0.22085172332167569,0.1779022612531309
438,3.492215449877979,3.330318766270409,0.4214079236831674,0.4040505347240686,0.5450815990045519,0.5661263277930615
439,3.3732184902796205,3.686788475854234,0.6296081591760163,0.6399200724913793,2.1019649904998547,2.0566016033770103
440,3.5661162365897727,3.605408243303146,0.7868107420317584,0.7886907741838162,1.6482705229304038,1.6252086891218829
441,3.41412458302393,3.9964005159821485,0.7363340801746409,0.8225800832115323,2.399133081675625,2.28778458124982
442,1.5268466577807682,1.5442336705024438,1.3724502149978528,1.3523704498611289,0.5453464837283813,0.5888432596309467
443,1.5121368721948303,1.645051851868872,1.2305381846481458,1.3430757937177804,1.438059161300703,1.354733082389091
444,2.8276814004928834,2.510012982237676,1.9299464574091167,1.817547846702204,1.0165100065138741,1.107216182832108
445,1.5190823049394686,1.5505398646354354,1.2816484722457757,1.2617282022790635,0.25194881291375326,0.14518500373989185
446,2.400013084423277,2.3332132589086307,1.1718080609594341,1.150481319329636,1.4398098775836523,1.4367944423425774
447,1.5336306281881997,1.574026984400754,1.6971029776920146,1.5190571985291939,2.442341264869943,2.3728644568445203
448,1.5555144788235575,1.5,1.1957325081127639,1.2494811361042215,0.6686835479864075,0.6036754831790329
449,3.459780589561029,3.9343021489509242,1.1405416277990348,1.4582521686530618,2.245641942539578,1.9424056647891597
450,3.976705339279104,3.8119282752914456,0.11181318084463161,0.1,2.689353466875146,2.632165766008817
451,3.3690822173869437,3.3709637983220655,1.3235202097039647,1.144620211520505,2.588572776013452,2.5245417061533915
452,1.6226599862883488,1.5,1.8552857217329486,1.832628976475324,1.5709920885543567,1.6083208790069243
453,1.9183935253791013,2.010767069135985,1.3028210600889536,1.3351262667346158,0.046556513756298545,0.0
454,1.675243142462873,1.5,1.8226931968820683,1.7695139500689114,1.877311354520868,2.088268298429168
455,3.909667309159009,3.584694634562568,1.0663466260897823,0.6470903375298533,2.4456925069495528,3.0
456,2.647291620441358,2.50520066895556,0.14925105153580437,0.1,2.975078447993301,2.9127768293191374
457,2.929926049026199,3.3923526235909223,1.7660038487467495,1.8322970878872809,1.1271882247141245,1.174477721249755
458,2.0889308308831165,2.032403080907519,0.1208422142252618,0.16607084632797156,1.8282385111631205,1.6950737582610154
459,3.746376009583498,3.9460307169926843,0.16432252443327305,0.15152032527997947,0.960902323133427,1.0203671775484255
460,1.9641684004457325,1.9611590148880569,1.0540075618364633,1.051183470431875,1.2570556195269584,1.2389920851531275
461,2.2301091938504047,2.409130216110287,1.5854471925914764,1.7883603434027124,1.0231017385601682,0.9502610304306285
462,2.9407536239020824,3.0408427101078694,1.5984968862161881,1.672106545820336,0.14773496534011232,0.16866780649983915
463,3.3802548920422857,3.4036660035329493,0.16888425288209913,0.1,2.4131235173765706,2.6142405423502386
464,1.8517625245809644,1.5443804795226979,0.7418928559018264,0.5866848584498258,0.734747498199836,0.6867980567086412
465,2.88786418273265,2.7917943028950054,0.3344383048452061,0.31502885403624115,0.9872139943380739,0.9041658457149053
466,3.4404228317238292,3.317073853735051,0.11295729898108149,0.11068093441752547,1.2950974707639054,1.2534048607664225
467,2.453949301176121,2.5606773174347346,0.506767952178315,0.5545575943536418,0.8648242587472933,0.8425868518779529
468,2.760963229532398,2.6313296954483003,0.927049194078936,0.7548802141458487,2.292377204196378,2.652850509856465
469,3.7536967306176097,3.5035411528329594,0.24172807447595765,0.11179348998109326,1.6707768451624383,1.8664369039038151
470,3.025009227032868,3.0126378177257096,1.9528646864126835,1.9321823982955058,1.6438440550643323,1.602735517842699
471,3.2828860700979563,3.2438138803725405,0.4668332174338633,0.4338985611797308,1.146135515565867,1.1547053749829888
472,3.53627102518542,3.3497079573499184,0.9355403212192537,0.8925515660503975,0.48008180383637256,0.5373599845763473
473,3.829039398310207,3.830241036320861,1.2302653613278447,1.2127742201674871,1.9280928529946866,1.922346479630962
474,3.6773420746825782,3.611114203944332,0.3148673531487547,0.24403942496648967,2.8322472482169543,3.0
475,2.4802372126013563,2.824855330395581,1.1670211987935306,1.175861967495029,0.9951696485351452,1.0113373163933628
476,3.5947235145597483,3.59932580483035,0.829761032452409,0.8150110578640308,0.06410161124062186,0.08298033139873497
477,2.6837763977944036,3.0743910247716992,0.7818561356386013,0.7696866831727032,2.1823081809569236,2.1427390721369597
478,2.31579028535916,2.0041729223353677,1.3966445984401474,1.2390993829360781,0.5539339506933213,0.5813485174607564
479,3.121908111300268,3.290783796489025,1.8065425333433702,1.7161624286174109,2.5092124186353977,2.7583358790582166
480,3.806067523010289,3.076091331679557,1.8124480582005538,1.5372331264714365,2.235749339909396,2.2994977539136023
481,1.638418085177159,1.6618982569711538,1.870025775797358,1.5413003916081578,2.4294093118478783,2.5522025545352993
482,2.957518563367328,2.6852566104012956,1.5833271751515086,1.4825589388288045,1.8900095003833977,1.9498615994942332
483,3.0975318568022994,3.2343228897821725,1.8420619351033827,1.8782908100901998,1.0929865934716512,1.1231514294348603
484,1.7279507694689242,1.582929799812223,1.4135961089778442,1.3289239754047102,0.9784761751253577,1.0446608470580523
485,3.316356010666041,3.4449086784153327,1.1272186913720614,1.119844465981967,1.3943484165498572,1.358991213456183
486,2.4727043726553575,2.2782958169561205,0.6012053217145864,0.5372038470864714,0.9430959057889149,0.9552629350702602
487,2.816977226218101,3.1183306652663245,1.5133063847556372,1.5893989387460261,0.9494968057116872,0.8804170985144777
488,1.6472012086808607,1.5,1.8635417608547817,1.732098653588028,0.5694931874375131,0.6996657383297122
489,2.2429616182097583,2.177683600864045,1.439166097235646,1.1068411859605194,2.602678155195056,2.8838487910486004
490,1.702659328081263,1.6759553475449664,1.1611771645212285,1.050200847551658,0.7023777737849438,0.7066275055366852
491,3.1891567607318834,3.2604136171127753,0.9172553088788528,0.8954819558593308,1.5993086786249884,1.5023240945261584
492,1.5261114990624054,1.5400231488424452,1.5415339028591035,1.5170292007608144,1.7103328782374332,1.806861150227242
493,3.9873718076422544,4.0,0.12955707311703915,0.1,1.764330071362799,1.7781898238548606
494,2.238876935263386,1.8729367706316296,1.134275995397961,1.0387756597959026,1.9186313559231123,1.9823702166509714
495,3.780759184294083,3.88693206970696,0.23865063192815827,0.23847292429044126,0.16155647695557074,0.16838683520886838
496,3.7947788384371264,3.7306788943073625,0.3099202835221764,0.2853509769738769,0.0932949480373152,0.10151101440860244
497,3.969926912918413,3.8315821825910494,0.6399547252309095,0.5869766270727812,1.43510425692602,1.4316226608484015
498,1.6614761637060134,1.5,1.8695383465746258,1.6835241145436546,2.3459587337922576,2.32901315052996
499,2.4064358139327173,2.700126039545636,0.4249773592125514,0.25772568604666546,2.503782345286217,3.0
500,3.6771375763126914,3.362258656054633,0.965087679755912,0.891872068446248,0.1276328326319951,0.11690914929096757
501,3.5011326786211194,3.671803961973519,1.8777736494555943,1.8535992967009451,1.2528391199002273,1.239071958771673
502,3.1048904184947466,3.306417570935503,1.2577964154700734,1.2756963370687602,0.1896535387486622,0.15239870162020006
503,3.85743106776825,3.92061334949833,0.7403658847044455,0.7314962762638321,0.17286598251638197,0.19307058158879872
504,1.8024276093611333,1.770391840369068,0.9868839509888311,1.0350029114790629,1.599754610746875,1.4957717008037459
505,3.622033003278219,3.6523482109098677,1.8106911542693895,1.7607311340320664,0.36123709816810534,0.45775340955515337
506,2.6437664518864383,2.443745452049464,1.8788363952859644,1.7280336202558677,0.07439255300994152,0.017575578090966954
507,2.779291574462837,2.9051107021029647,1.2855540966878902,1.325021426376221,1.0274044993151348,1.0163726594081188
508,2.0015942076521496,1.9308646846253001,1.9365876917146592,1.8898613750050928,0.5245285791141827,0.5188172004229795
509,3.6647372185867555,3.9480919996243955,1.3278778178647666,1.4194103769778117,0.9042424375665019,0.9606921234889441
510,3.6092526579542104,3.7425607106143643,1.3778404155745663,1.3723927776677478,1.2306015358337306,1.398709723774369
511,3.3026978536697786,3.3290799598322645,1.379599852020948,1.3324398860782438,0.27823070963105345,0.29216201212196796
512,2.9595806431668708,2.8797003025325987,1.3275806583688385,1.3126690632238316,2.9703763955697644,3.0
513,2.8827023274856405,2.9082665818794315,1.8625853151986769,1.8130836751933535,0.35761927651388636,0.3775332538602471
514,3.247460008823015,2.3669577276486256,1.5329291330610875,1.2033166562694502,2.6217972899478537,2.6829746766543936
515,1.8369928795450816,2.093308228924337,0.6532862434105462,0.7131819886376627,0.13904636996652986,0.12707534802743065
516,3.6171901391992605,3.7398442821880478,1.6425296205217075,1.6590289886476373,1.368501844145588,1.3484955262455547
517,2.3154196420454403,2.481497270107104,0.4338108418393053,0.49141647240703457,0.7981635794132169,0.8578055453186342
518,2.3068552877563073,2.0772085860951464,0.3275852311185997,0.10000000000000003,2.587457983106916,2.894733619670272
519,3.541937160639876,4.0,0.2383675169222918,0.185053591204504,2.6749414368315927,2.9999946512784086
520,2.471396095909986,2.49377952657809,0.2951354275736472,0.2868789118849893,0.5939867481624236,0.6113658671786882
521,3.784154186935719,4.0,1.397549976700445,1.2993895490682592,1.379829118049011,1.417225225453643
522,3.372851156997636,3.298166153601527,0.6146519211486593,0.606219230529402,1.6735537225297499,1.7004969293856136
523,3.1532497410502787,3.4057803978607764,1.9274623244093962,1.9627896099412956,2.794906873526782,2.761043092562712
524,1.940844365346372,1.8605637085064384,0.9331573267192772,0.6860254679040058,2.3729114076568476,2.572243730364751
525,1.81023706621012,1.8313082336841406,0.14754706178637558,0.1,2.479982442719081,2.4378929312715605
526,1.7440796337478703,1.7639544945395074,0.14206309261339287,0.13068887298758888,0.09050677912176863,0.11404740263602334
527,2.2983100034726336,2.417401268615518,1.1058992768049791,0.9730591651938738,2.9799504964946064,3.0
528,2.767107940588339,2.9926187515531044,0.6856601737928679,0.716574908088853,1.1432721797255379,1.1527799793846367
529,3.239596190860251,3.482173455500846,1.6003928030163879,1.6599212636838758,2.9300520047970724,3.0
530,2.9760473837117747,2.86009312470018,1.210393329646496,1.1745838626638634,1.8030712959402455,1.8812762229114794
531,3.9564167779553006,4.0,0.9430217454044436,0.8678559277042043,2.3124657310850516,2.4320205052854367
532,2.2191824347191362,2.2952578988648957,0.2257278431927337,0.26821026888944066,1.7471225020881642,1.7336669187871105
533,2.4476621498836906,2.530597056012169,0.3431480749503899,0.3481292769897547,0.9900992322977904,0.9718804428968271
534,3.498708433846159,3.4976501585428257,0.213312196507519,0.21210319695980812,0.7603053302741206,0.7846745669731205
535,2.7937784284733054,3.5219461671399888,1.1938391945767177,1.1736272683529796,1.5847679883134815,1.7302720786956463
536,1.9048907384391867,1.8404778758089122,0.7901308289490944,0.7381328752146041,2.004070117954575,2.1048545684975966
537,2.8012744336603093,3.057305427294841,1.5462123776116827,1.558209737109825,1.4070120820215621,1.4698626665461474
538,1.5111388010463798,1.514453253177953,0.7836195107932817,0.6344188646471146,2.2880885866291676,2.5041845119493935
539,3.7781807806800454,4.0,1.624907604578284,1.4903590788538907,1.7365796895859105,1.6349541486908423
540,2.643797199717466,2.411964673164378,0.531345584600266,0.48985236116821684,1.148863329894973,1.138615629891934
541,1.699831441439543,1.82148784293098,1.2674896988957056,1.1924780846637304,2.209663290464522,2.262182744678319
542,3.7485931403317165,3.6775462861817707,1.3227126841880374,1.279832067910508,2.0307141729732336,1.996203491994278
543,3.941639043886136,4.0,0.616020159278524,0.6121823746117735,0.8604532386882334,0.9656511386559142
544,1.6735556897709676,1.6470221133552365,1.9062909741038794,1.8637945586282196,0.8467378957539362,0.7506272956572944
545,1.7660553883852024,1.7685225101615312,1.6617982095875428,1.4759145410074785,1.2308029152627362,1.2107326199300332
546,2.2721401145514246,2.065732738909463,1.7063117101934104,1.6690754857575334,1.499442627169135,1.411916172816555
547,2.5067394661820965,2.720394388601835,0.8709887037740798,0.8659762814203655,2.5151446744120296,2.55705383095243
548,2.1866367378575644,2.111231615255068,1.4811797721416762,1.4622676599102646,0.8553060300641168,0.9147996558899969
549,1.7979905855983933,1.8437225086743587,0.10851967075717836,0.1,1.7522294562576906,1.7922229146720434
550,3.139735240265428,2.7749951119420375,1.7432007230825126,1.7377754132063334,2.0394201803327805,1.9641574951390806
551,3.1025931804123728,3.4945144194394753,1.4444434746195252,1.5148475353140525,1.352452569940945,1.3869196429738428
552,1.9140378536014635,1.6475852861272338,1.5908443897832485,1.264163760988263,2.6637430991800284,2.742049316585119
553,1.8823461587596968,1.978124935795258,1.789184280668318,1.8078239270512042,2.3107835162303187,2.304939516161505
554,3.5327565133922936,3.6346132590461937,1.4734648793477805,1.6980556237646125,2.8767233786285162,2.6587274824730875
555,3.9118527061587276,4.0,0.6425084436156007,0.5795076069056616,1.6747385078937942,1.7265348706773112
556,3.4478142529611833,2.761389783160417,1.9135912404282376,1.7284553294353822,1.1686651208812782,1.2428946152944813
557,2.5164867270317393,2.6442346628625564,0.27129360556570103,0.2900579896171565,0.6359988646729509,0.6243356413677823
558,2.359619687683966,2.2525287783874086,1.2811824052946488,1.2274820926821413,2.7033511749923935,2.7664908580722254
559,1.872492303938474,2.1103508290423787,0.965068762792755,1.050211915760876,0.510236549036127,0.46930432732895083
560,3.6390639571008756,3.503051907538342,1.5306724812046795,1.4889107768260477,0.6305958439789988,0.6314070529752696
561,3.731545632764255,3.789093469378311,1.8813642824450114,1.7997495031349426,0.41868414931269615,0.3921675008591901
562,3.6344643532760936,3.634451069199006,1.8365969625864653,1.7981631460491476,2.422732817456645,2.447803489844845
563,1.7865760494382266,1.692715056259392,1.501472780920947,1.382755812325068,0.004085344585248785,0.0
564,1.6926588016669928,1.572053102394886,1.9900312868338528,1.8683306359780076,0.5948199940819159,0.4910376297250436
565,2.3601617065569904,2.369288021413476,0.18995074998139522,0.17294273428793278,1.1801795468548197,1.2085348196531636
566,2.472616290285946,2.488807610067678,0.43280291813690663,0.43738125061843863,1.8890103956692958,1.9747599047086248
567,2.2917813233719917,2.4439888615678016,1.4903829131511817,1.4266961715751854,2.1105010111634828,2.355952175174412
568,2.4483662490128912,2.161750624286589,1.5214210706422664,1.4246081415424816,2.0554670665659436,2.1321965645525056
569,2.115199873440028,2.4170379343387696,0.715443523415176,0.9170554096466216,2.452649904971329,2.2973714632773348
570,2.6717365841827982,2.8259740579602846,1.807863616700096,1.950572336648898,1.8103397673350372,1.7822355040480775
571,2.0997235560806624,1.9132157860910552,1.2490407461393542,1.0841461097228735,0.000931923177650229,0.0
572,2.8166175837302294,2.828047712715463,0.3085597172159217,0.1,2.1482337278069474,2.631337755177218
573,3.179435449135525,3.2034325869056937,1.5136589644625698,1.3952649649429958,2.61690201011475,2.7535531813000538
574,3.7924511514762043,3.7504866427864054,1.4936838767895821,1.485719786548535,0.39615751489535467,0.4517382152337799
575,3.6757520757602626,3.5071843872355393,0.31116714062423256,0.1,2.233206810035402,2.6807341698820317
576,2.576459369320637,2.617505159319014,1.041324133939672,1.0406438930918198,0.6079530479581992,0.6633254201312163
577,2.447084542394328,2.3956542947239816,1.3994486075945995,1.2322338246331022,2.334146736777934,2.4027941370980153
578,2.4840852819113843,2.465774948140122,0.8178222241129505,0.8371032774852205,1.1732418824413258,1.160512416065446
579,3.415484977162576,3.9734411195557433,1.2192362484994623,1.359603208417669,2.1621688678298954,2.0693133971257676
580,2.7721451965354755,2.6370021370880297,0.23850844464111215,0.22500595341094512,0.11977442654551973,0.08968271926209388
581,2.8077827582336163,3.088548720139767,1.4916853284545897,1.4716414357462724,1.1696657096508765,1.1395067760463926
582,3.2302049488369162,3.1826622996964318,0.6078252885284502,0.5913891585317,0.3522782614955283,0.3062941965148456
583,1.9148830271236705,1.9404195950388212,0.1906285288133401,0.3182858655125477,2.0902228743565354,1.8624207780060105
584,1.5242196345678751,1.5,0.34666616327091,0.2915517487539235,2.323405094067172,2.327552673679736
585,3.171145658580575,3.0103838614146836,0.5479948833928495,0.4753507103846803,1.3642312364444469,1.308976485518416
586,2.11150863174227,2.298640009492512,1.5870282857220208,2.0,2.7669791190707644,2.533587483805636
587,2.336418533486445,2.5179427045770906,0.4162657593070326,0.4471876522446285,1.9298685912436462,1.8195164011920846
588,2.380500953194514,2.5317144923812376,0.878093366220221,0.943702729062355,0.9658056228704645,0.9796185317365045
589,2.9881155785969526,3.095125833368972,0.11791476381123736,0.16161511825314287,0.9531411581873512,0.8650835210055815
590,3.6574360196064815,3.961090097644313,0.9115512469255398,1.021788283307533,1.2973817720977434,1.2707205052946486
591,2.3450930251503803,2.415770018306998,0.15266749452007192,0.15436386968938232,0.27231054876544014,0.2625989520381576
592,2.050062133318198,1.7464623078311878,1.4100034149538483,1.0883548601139321,2.910656129910921,2.9313230826469407
593,3.2998113331941554,3.6896208621099267,0.7821969061205455,0.8054475037676327,0.04573138655758191,0.0
594,3.61946283899237,3.6187583254748232,1.1911337918068168,1.2561905890388605,1.9530657380878162,1.9250283346942676
595,2.889311656380507,3.3114810400250008,0.7582684757998064,0.8405302645352121,0.6212008753092166,0.5742537654786125
596,3.806482889516717,3.6254894437505363,1.035869594026702,0.9809146540843826,2.8882014781153895,3.0
597,2.5287951127512116,3.2388342113450577,1.0101619053130615,1.1984775797786933,1.79232089262569,1.6883616127944663
598,2.917322061396833,2.9234195838894035,0.19504928856298137,0.1,2.1748185947519802,2.4051524669784046
599,3.4414240805885017,3.677811720793283,0.9072349464271257,0.8913500719923523,0.384798119524006,0.30357824861205623
600,3.8611732433079364,3.7108697989726647,0.6457480883009094,0.624316146243387,0.677998732457015,0.683879312015609
601,1.992866050273726,2.108556871719945,1.9745807004542635,2.0,2.2628062125741426,2.3304226843010794
602,3.661656828139085,3.6051729828774453,1.1048757832285636,1.1274321861508014,0.9387305768210213,0.9150899884288559
603,3.9632608864429613,4.0,0.1592087324837352,0.22708969279026853,2.997822703883241,2.8076985505191234
604,2.778797009196615,2.5286493268667782,0.6097075833953595,0.5759273338269448,0.6451239371233277,0.6331536864886556
605,2.9059884006802155,3.6218041303270536,1.2175980734058625,1.3937597307048666,0.9703836161406065,1.014255692550083
606,3.061466775964297,2.999313595976846,1.4854281330353836,1.4451503323716133,1.125983672138498,1.1149364975108873
607,2.3886044601517664,2.7354186328120864,0.8805623366896073,0.9507526398431889,0.24463752245903392,0.25889729777711185
608,3.393480424384525,3.399710615580718,1.12209539136598,1.0943106133882674,2.026232407606458,2.0132023680141975
609,1.8160801596215714,1.8222824491173275,0.8291858122852765,0.3917152276796996,2.578145761801445,3.0
610,3.899705584464642,3.945026761369069,0.36948089647637994,0.3677310566315034,2.9710998705962077,3.0
611,2.6762020387243424,3.0002260088061887,0.9070135015555467,1.03071825069229,2.2364712043102637,2.1282710783883196
612,3.159560970241721,3.025281592731319,1.2585955538074984,1.1030613918144008,2.4684376758648083,2.5079825443075814
613,2.176768787332009,2.2825051958371674,1.0876518981136396,0.9137959128887636,2.410971379533369,2.6691463515038603
614,3.436572497587247,2.9985826711296664,1.6787548232995326,1.6148453916581391,1.9646725418320816,1.913111687194716
615,1.9697439654795987,2.2939782731983516,1.604188547719449,1.7749313922902819,2.7893386999555014,2.900302162424193
616,3.0961718036407615,3.104523989718001,0.17776933249890442,0.35702479219729766,2.473196207171229,2.127729108770421
617,1.933867329938392,2.2567945941533445,1.9210474469548313,2.0,0.7514884694323821,0.8359785251026692
618,1.6784482325827441,1.58372348065591,0.18486192106380278,0.11531361671338859,1.1210311858995379,1.169346208638339
619,2.250923995051974,2.366818073768603,1.9243386087524155,2.0,0.04502686088063346,0.0
620,2.7684644868325097,2.8988624245665533,1.2065797639318943,1.2471013972464142,0.5720948927960708,0.5346457814393893
621,3.232454463622372,3.6794799162410183,1.5762591210485712,1.636006446615786,0.35737485228226207,0.32899827424880373
622,1.9092849804192675,1.558114315049438,1.567848353212014,1.4140980575173434,0.07718309380112764,0.11350355893306807
623,2.4737446242972196,2.5916725229006867,0.12447858611566126,0.13857136211038343,2.0151761204369985,1.992641837070404
624,3.9346549517493097,3.6040018833986287,0.874840241989302,0.7884416257983518,2.2716557152538526,2.3152685297414815
625,1.6578384483082662,2.0772883100611486,1.5633216788146704,1.7768686205689346,1.379408156888319,1.3756840024806436
626,2.5688362986092383,2.543979231922518,1.4955858581609374,1.542521788477992,1.7660087142402967,1.6955275881480405
627,2.532042953987216,2.708172102765553,1.4502597748699377,1.4299929331987427,0.28302899091632405,0.2660079469843562
628,1.8307602946621513,1.5,1.1079098237480443,0.8259665344338726,2.021888294083353,2.3161502555711873
629,3.9196219853016854,4.0,1.8772526933035798,1.897223080681871,1.7506433875396157,1.5985019684364759
630,3.217876227809608,3.694516468934944,1.3186366280527255,1.7644373621706035,2.5764397270438915,2.2532006146413806
631,2.1606344872288576,2.257087824018967,0.7419019173258069,0.7512812272437641,0.3108847491445822,0.3457848434314169
632,3.924475548151124,3.4933547737640196,1.8384322204911483,1.7233262461256227,0.7555234326747713,0.8020052695026119
633,2.593339881407484,3.0662085572069833,1.7438416202377265,1.8665933401614432,1.0059049752265259,1.0343758041747486
634,3.094976243640353,2.8561157972461295,0.4489086902011705,0.389088171335867,2.377627577771806,2.3118710598013057
635,2.889083365390486,3.1703589692614567,1.0146715729378057,1.0348404708644874,0.9101971477990752,0.9336877622604417
636,1.5850405850042555,1.55196748783072,0.4551980896881874,0.43996055572613685,0.25436833943265613,0.3041765704156313
637,1.7998815452814978,2.0463207117741185,1.980310782028138,2.0,1.3750385693635092,1.3394404881924131
638,3.9518135486770456,3.8039647589614605,1.2294540206408366,1.2041520286201828,1.272839036739052,1.3265455244313848
639,2.7156334129680144,2.8160847250770242,1.1419404447559272,1.2401593687992358,1.5258822221148192,1.400022901065533
640,3.15142408168239,3.0783719379813608,1.6301240355511697,1.5914407495714893,0.07094238258448315,0.10086673345216136
641,3.728957271221472,4.0,0.5624378741422332,0.5665481146193706,0.32803473348460566,0.36009861249688857
642,1.5458564596329492,1.5,0.9044071965814446,0.8357031116564558,0.26940910193832,0.21829088477615063
643,2.880436314194098,3.0702372337491393,0.789591457049821,0.8070798103465492,1.7940821710113415,1.7888657080875805
644,2.947600316820547,2.8091900491359616,0.753373876473839,0.7265074685326459,0.5983846403474602,0.5817943528991448
645,3.518783875180912,3.483699724651582,0.9867120959931004,0.9670744755221767,2.1061130973303444,2.0103847977634706
646,3.3145145139232763,3.36457478759561,0.13804557675410123,0.13301999181597915,1.0919622311758146,1.1443832750871772
647,3.789862368423883,3.767013976865232,1.805301866652201,1.8420223902954933,1.7388007339032372,1.6668537582109484
648,3.956911934103943,3.920009624335114,0.33137852563303616,0.31985924990191383,1.3989573625716145,1.4204968572603367
649,3.7784826196384675,3.782629781057117,1.4931162644509988,1.487605088907679,0.3379462233953834,0.3655199920893124
650,3.6162533457878077,3.669017747099442,0.11148881941572103,0.10000000000000003,1.8389026728740947,1.837608033545385
651,2.0487097405527606,2.18906839116485,1.3176425555223243,1.3050037706276107,0.43340531498057455,0.38135243351953807
652,2.121618772983285,2.2316232707003265,1.574389648515388,1.6528575014833768,1.1398955560723432,1.211320442649943
653,3.524120151890782,3.7360254900617553,1.7465276784847978,1.5616443611018702,2.564957216096407,2.6167546746657155
654,3.8032623258212874,4.0,0.4335497025514422,0.42685422945409346,0.4144852108403644,0.4822747027616094
655,3.3562076721714753,3.8633518117947236,1.6509386745721544,1.7263553888949281,1.044966622689817,1.0298150774035584
656,3.6994092388008104,3.366463125960177,1.8388549082426284,1.7417136590802154,0.17974881105065388,0.14855356037372994
657,2.1290195897369006,2.643040623738172,0.7914757929670856,0.8893969089519054,1.6678111262792612,1.7488585796134961
658,2.135644112431897,1.7960812231493606,1.2976279896567944,1.14071998481801,0.1779452591826154,0.10959749006767838
659,3.216215768575564,3.469935445087308,0.9342526383810372,1.0597924148800697,2.0138230582150314,1.9278159343420498
660,3.2171552404585846,3.1485281258955955,1.7752820926087154,1.7412524565807905,2.077125577393045,2.144292073055747
661,2.5300440796237647,3.156608850194867,0.575899671736234,0.7748986416523299,1.793114013308147,1.7280801687122729
662,2.3157200142627983,2.278764499700754,1.8055339699315238,1.6677454101344236,2.248024717274182,2.3756515910740683
663,2.430971813834978,2.765419478480276,0.18220115730455239,0.39157286900068533,2.4933457471706033,2.3164389350265675
664,2.856291714733605,2.8776601522588745,0.9451356792296423,0.9295124658810421,1.0875021607112596,1.1328534546235454
665,3.8851781219643033,4.0,1.9574492726361319,1.9378895943210706,1.088061758575464,1.0501483941060268
666,2.8277182309826903,2.726219775243251,1.057308580437176,1.0152340577269392,1.3356264869903356,1.3704939873416822
667,1.98480210664354,2.1253332288526985,1.2552453519285216,1.2727419244905256,1.3231095779594078,1.2970712464238812
668,3.795189749067546,3.596166491343904,0.6612718651412486,0.5562087378450536,2.7602441624608396,2.826504840154865
669,2.2103269517662802,2.2930991976247697,1.0296723746763878,1.1169702006073285,2.6735035320528864,2.511841978941105
670,1.5829657723295232,1.5334853631942025,1.1271692142654202,1.0629897167468114,1.1785200266040308,1.1494751219373973
671,2.09359044017141,2.2336726285962625,0.33849630285889293,0.5091424475982095,2.95813437306312,2.52865501106493
672,3.7760309083868027,4.0,1.4533331461629637,1.473268758060165,0.046706496005286535,0.0
673,3.9764040849409894,4.0,1.1083892307017473,0.9379615836920032,2.1360724073382085,2.384062222842774
674,3.399041079190611,3.009641164091834,1.2938767487941336,1.1553297261524962,0.6499741917587666,0.6480345780886451
675,3.450964904896066,3.695117915246737,1.8797249347010685,2.0,2.7578139742340664,2.676807487567498
676,2.1674235721979214,2.189760225047156,0.6230871602041538,0.5969502756061154,2.1040498645249275,2.166431830120724
677,2.7341948440558337,2.768907540170737,1.8729048187091955,1.856818592021449,2.448039977812981,2.4779362066380903
678,3.994612490070136,3.342340307603249,1.520666859531741,1.5323759605046774,2.059367302637845,2.0043630115903515
679,3.836435485541699,4.0,0.8172033306066973,0.7740499838504107,1.786651771535619,1.8394323763294527
680,1.68088082203532,1.513356821540254,0.9933007716393772,0.8994179345031522,1.907002760308343,1.9191900604238699
681,3.5913038433010795,3.2866361378574473,1.7928170369796894,1.6843984125841054,1.5235265468769634,1.413721850907869
682,3.511709944352281,3.4857101800209973,0.7229591953294853,0.6459871864515212,2.1265387180439608,2.355400567704176
683,2.640926968489302,2.425946584791621,1.3587326355217377,1.1974617092183846,1.1417203570479244,1.2170792973287208
684,3.6631748367938717,3.4399074088896944,1.2695477254449519,1.2105690516498646,0.855212685919459,0.9104650048915357
685,3.5581022444991874,3.561825427379366,1.5236565364324968,1.2302994366830593,2.4118451805289625,2.7919363660771537
686,3.6866602838474942,3.8272541492834793,1.9882378195972348,2.0,1.9133444543175449,1.8932927558674195
687,1.9445201926290379,2.350178811755463,0.8225999047294885,0.5053081671031747,2.2917519918231344,3.0
688,1.7371655072003653,1.6647635839588537,0.18442484596350123,0.15241358446608788,0.5286432550287059,0.5397488781090118
689,2.9177074014159716,3.08100667137576,1.2395850917681412,0.9602646118304421,2.499204487577207,2.770827991526037
690,2.828243167133366,2.789120886189016,0.737790018787132,0.7663562259550997,1.9643489096073905,1.9991550959791617
691,3.7111618979947405,3.225045895707554,0.807533242272388,0.6614246369567272,1.1328591115076008,1.1285273046966267
692,1.7838514697291075,1.8696634761864972,1.2008650427853662,1.208624036165081,0.2637358703842395,0.2821819928153216
693,3.1200295163026737,3.520878946076222,0.754357095934752,0.7971717415351023,2.7452629691069577,2.8172005484024565
694,3.5038678211640866,3.387152197100855,0.15364230528991316,0.13792584641267686,1.3367057093739234,1.3754704374992914
695,3.285948504371283,3.4728331756239057,1.4551671471295666,1.4617211731279114,1.8208882077848858,1.7757793696863804
696,3.9435946897002108,3.562112857828257,0.8034623801542996,0.39232659720262003,2.0380740988263595,2.7002687146882502
697,1.7662991040528582,1.853779542967009,0.7345050328379142,0.7353410588529626,0.6337963504034948,0.6208450141675521
698,3.5762560915504014,3.320350860511046,1.4406929136413693,1.3881762693844695,1.4088977620461463,1.3573968635778328
699,3.1544452893466985,3.5214832009318737,0.9734965955045907,0.8095281247558185,2.6825959918648676,3.0
700,3.6120212853929847,3.2912719026791657,1.030470416856289,0.9590737992436429,0.8469690891281199,0.8409475743207115
701,3.8242592426753284,3.954151189704784,1.305068378217743,1.2628166792439897,0.783485910161078,0.7733035796671603
702,2.4916905854309355,1.9790920977735782,1.7174077118156506,1.2285008514434645,2.3118377159887125,2.6041687177296264
703,1.696434789225828,1.9225132160288936,0.5187279258910974,0.5905806611862926,2.714914772691836,2.8297965441495148
704,2.8866937193073356,2.631452128796061,1.8738340076058788,1.7406181537729024,0.9625517386019197,0.9750274418880758
705,1.763856919143618,1.8564780106604764,1.3525242632034753,1.2755919577346735,0.5862040243551035,0.6432217638382136
706,3.642872265770991,3.2562464154470554,1.7026496051597175,1.5923941299450977,0.5398335142033976,0.5486975569385713
707,3.556104229684613,3.4977235434074645,0.8613056647400228,0.7936405495112544,0.9339983528459103,0.9315206716882051
708,1.8698578694099552,1.8408094811697728,1.5688989777118254,1.509252168483138,0.04908686558931752,0.0032622619057902655
709,1.8459079916072265,2.046233019026971,1.3810409085853559,1.4101483224964666,2.121677775835443,2.03519134415509
710,1.5768322713713427,1.5,1.332683396225718,1.5019495677245949,0.7160064495005347,0.7725105620368542
711,3.8705527357557417,4.0,1.89348115488449,1.7184662097364278,1.2246500957386237,1.2021997661253099
712,3.3873595888713135,3.416638324118548,0.3907038957800636,0.3870501162884756,0.9664014924296314,1.003367188918405
713,2.7305584876586733,3.3848293037574133,1.9712544633572482,2.0,2.910910125592997,2.8184962731622947
714,2.7064992710907645,2.532020795692657,1.7303201511100026,1.763626651707248,2.8399462182313275,2.7482989095205523
715,2.287907090566388,2.351498731805092,1.6870710297457407,1.576807400643933,0.9467422684616777,1.023918190093342
716,3.8713388561242303,3.9595340434528334,0.8289274829984348,0.8415456184667481,0.17892483630369793,0.09595026277659949
717,2.1940917712302843,2.283028178389059,1.1369358476784193,1.1557169897414536,0.7376563599042696,0.6816019198759768
718,1.6930677575629378,1.5,1.5728364475603978,1.4810468153722174,2.235288983652457,2.2071982727972697
719,2.050900681384992,2.0610234353683823,0.531792755592005,0.5557729996172112,1.0339526990380645,1.0289284921221185
720,2.972969109873037,2.405759305192452,1.5137958051473688,1.3876968432787156,2.100898008979322,2.0797068594515746
721,2.133432404296322,2.552437493196114,1.6513009012304811,1.7154077159411043,2.4701448384413625,2.360199500116434
722,2.855082233557763,3.015571135487549,0.31458071400545795,0.4098878434660983,1.6430635207794078,1.6125392499465014
723,1.6199813401184175,1.6826432885388978,0.4017240412640001,0.43636533553358153,1.449671993398233,1.3476451336786859
724,2.5984066513480837,2.4346646694722254,0.18378741249591887,0.1,2.215274228119871,2.3145667577170137
725,3.9849480509175796,4.0,0.8548234158022884,0.788670079746636,2.628809856020828,2.6874329340226866
726,2.628047667249203,2.1843829288490557,1.7012741867466692,1.493333410358331,2.9501417667716887,3.0
727,1.8113603642495575,1.891340302550151,0.3714535742364308,0.3289384345465843,1.9325524138892258,1.951574634257904
728,3.1592118821701467,3.04582638187483,0.4926161752888355,0.3092301626293179,2.650279631862059,3.0
729,2.4154243519235536,2.5496642432196395,0.4493751385468203,0.4866631774579751,1.5029338991412924,1.4271068123426767
730,1.7292921740501512,1.6381341671710443,0.2779564367182598,0.19585686589414447,1.3542558560925386,1.3572564227785313
731,3.437676282207619,3.4317063648926482,1.5070911579250925,1.3895657679132913,2.870568081519468,3.0
732,3.114568372731034,3.0254182949718222,0.3889476420535537,0.3874127836195279,0.5540564714256943,0.574759469707232
733,3.461189674296345,3.6793454720916032,1.3183934390418466,1.2768929772009114,1.296098060017572,1.3185329581958478
734,3.5127123653533436,3.797320909116829,1.102822002955462,1.2920665152645276,2.7211144040410336,2.7269149332305456
735,2.489754290672467,2.481815347018239,1.4917619215015894,1.3802810067508835,2.327302745514084,2.450043431154055
736,2.2033461544145823,1.952049701335023,1.9491362185703136,1.845837990369996,1.4239917802016797,1.410131609869278
737,3.407928706272036,3.502009269314386,0.9973627528805227,0.9694006078194398,1.6853495387813067,1.7018062887821073
738,3.5373670626698805,3.2833944914923814,1.0551238428882594,1.080987152821253,1.5405182033423523,1.5549611285362934
739,3.0920258770468867,2.8869772025892124,1.4328008777908379,0.8316547796710084,2.3433857488892302,3.0
740,3.0109856802907604,3.004672791519326,1.0351425627693556,1.265522254949942,2.5051990574003504,2.2577239640249567
741,1.6381300293964056,1.9061923331397457,1.5317899040877658,1.626074201163856,0.40215218365776295,0.3909890489981295
742,3.6744323660754996,3.5787655258766944,1.3973823865738606,1.3506887482091774,0.09557334278929297,0.11711366638900689
743,3.924779438683033,3.8986818438571498,0.1700170396871291,0.10579738121012419,2.0532745594196005,2.2177969730534404
744,2.8019736224037253,2.7597726770673496,0.19089930993071955,0.1,2.3245980393188765,2.47281507680898
745,2.205984383766265,2.5740730272792676,1.838040394467315,1.7195971902171696,2.9699979714848372,3.0
746,2.7471188917218354,2.6996204881664,0.11010407706388989,0.1,0.5856810275299474,0.5836888453879364
747,3.7034297481875114,3.909425102111633,1.2980666148720734,1.4136577832832822,2.83776129071698,2.7144416959741626
748,2.705100021576065,2.2159034440765915,0.4890448054469021,0.42804225137603347,1.4177155366204879,1.3093634890388524
749,3.151624579807371,3.967474370977634,1.5787235700641635,1.933605054865906,2.9774266844732598,2.8816820141250554
750,3.5794828175562947,3.3660229486601363,1.326261517398069,1.2920970397786824,0.13904461734492002,0.18573256189241044
751,3.0382225957614324,3.535918938105948,1.6838939211333952,1.828062562129769,2.10612524732087,2.0693834871866335
752,2.983195629493894,2.7712216797217133,0.6107007719704021,0.6027460190376038,1.7203835110707515,1.6375253049821021
753,1.8136658762751057,2.125946563865143,0.31722557166414833,0.38438788486525743,1.3632926405764674,1.250902717402
754,3.5369663973450765,3.579476585598292,1.6069768415897967,1.5667656666757237,0.7317357106049385,0.866130906337947
755,3.328484859446368,3.247004086976899,0.46742544647259265,0.3615551433710256,1.2876951034574333,1.4597006469227936
756,3.0448346736814806,3.0512750489839426,1.4664788619936147,1.4265264496083256,0.4355198889394477,0.4139290864954936
757,2.4277266022993285,2.595744496470772,1.3405616355224708,1.3389325984032838,0.3985510493814811,0.356960395969664
758,3.272405193595918,3.1525273868398083,0.7681379448178909,0.7898307010857226,2.362687842291713,2.346413744298861
759,2.3202175863057217,2.4660709289298812,0.27068798248843606,0.39078352274109524,2.3497321176932275,2.2466494439795537
760,2.066090507175414,1.798834663451165,0.6662953258727018,0.5084611651842326,1.7438554528207475,1.7511133990618675
761,2.492042633461795,2.5909161306697635,0.3270388028840399,0.3168388276952019,0.7318370042551094,0.7368679468497061
762,3.732122475904382,3.5052103600750284,0.9480949986733854,0.8734325863844774,2.0666318462613895,2.130747308323197
763,3.716320352937427,3.512976406218073,0.24914282656770595,0.1,2.205561930047698,2.464919345862272
764,2.021071098138922,1.93122680041088,1.0788420098991698,0.9844314574918588,0.32920597947957686,0.32897269706204346
765,3.948951512639587,4.0,1.5141778741062615,1.4841663671469625,0.08800515626241134,0.01881601499587547
766,3.1046786636039685,2.9343655352387517,1.1868908191009613,1.0745429056020341,2.298577001208869,2.39150143905235
767,2.2119634748088153,2.56335701480869,0.216798161369753,0.5579343808807219,2.7020366891262837,2.3391869701852435
768,3.19429879976379,3.0914504242737206,0.9014664510710173,0.7170926090076161,2.797987479004661,3.0
769,3.591791066938537,3.6617643545455985,0.5407306272233098,0.5310357303144281,0.36884549759841245,0.3887586270898162
770,2.005210543870599,1.9071713003180932,0.9264864144665532,0.6944530227105657,2.6777252634656445,3.0
771,1.6988957251063839,2.0546671341815785,0.793494170600149,1.0048448961380363,1.1906592171860653,1.1940686896180275
772,2.4582388372529254,2.3745141860134265,0.26711196592722364,0.25436827406226314,0.7883749213722763,0.7695961454461806
773,3.4727661730470314,3.5271767194611736,1.404903425456182,1.3189696791703578,0.5865870699147675,0.6098912745898774
774,3.205818734061916,3.047431753079174,0.2639533831533639,0.1389738054785105,2.823408260635035,3.0
775,2.170835582068195,2.288711667962708,0.9560659234212304,0.9339548012785472,0.6454451488524938,0.7252659401216554
776,3.3060564342634176,2.9668608158999703,1.250944803050968,1.0704898174410393,1.822349150268693,1.9212721711175533
777,1.5076542345879729,1.5214965297116394,0.326696071131801,0.32148709090025773,1.780219271015681,1.719565124962932
778,2.119170200350354,2.0371013610027773,1.653715162590362,1.579253508379128,0.3960667692172781,0.379866779603853
779,2.85360292719201,3.165107073964671,1.0309026177431062,1.0511007627507902,1.8316177363832686,1.737366790667293
780,2.4167945975382703,2.3167989598799865,0.9900942726399101,0.9396260740625102,0.3545674824210001,0.40928359638738215
781,2.647409077969827,2.6924622318334306,0.7960978878693492,0.7719082477900533,0.5360634757668596,0.5602967450577548
782,2.0595012430567072,2.1027030550661308,0.18885253335360863,0.1,1.8773622390476206,2.0014847799673627
783,2.297903096850482,2.1910666348079637,0.5242372754025693,0.22609115194121138,2.5056810905295808,2.9051029583023547
784,1.8082796475934355,1.79530676158273,0.7211094562636018,0.6953244975045183,0.4178670707646095,0.40355825892917224
785,3.767665518755745,4.0,1.4001078302601695,1.4094138738997786,0.38258993998353064,0.3723443746539051
786,2.926176112394787,2.9607681652851863,0.757513926732792,0.7281732057537129,0.899930251013433,0.9591094006827388
787,3.785019809793338,3.9093896899345606,0.1079520481235782,0.1,1.4493726317139088,1.4539768411107823
788,3.179242916904767,2.8059878781653795,1.1821841371833532,0.5138989475559996,2.194017360685428,2.8371898934641924
789,1.8505537317261234,2.558281234455988,1.3102216199180068,1.6444721297310847,1.9692675383639506,1.8134503380778104
790,3.6847808711918337,3.6075201733705082,0.499314038587796,0.3836102134623688,2.6726132354100254,2.9012004696160125
791,3.6328445452229707,4.0,1.0857223510476965,1.0802479472745408,1.7218683431166408,1.630592254593951
792,3.4350166407324654,2.973667570632477,1.2655283530484807,1.2356942805658973,2.8874313528716744,2.848134387386999
793,3.7002297088937555,3.861223527365093,1.731787150124667,1.7060503610348146,1.8087371562206003,1.7713493675341843
794,2.1945800439990393,2.0631470596844483,1.5020442583858349,1.5885190286091582,2.645700758723642,2.653617094560481
795,1.7102847164811616,1.850249978876829,1.410393367982404,1.4701236620692855,0.1278162904689547,0.17590986043906534
796,1.5050387652149917,1.601139861856228,0.4762236837282616,0.4012921996634135,2.1892469698610184,2.415218937904964
797,3.639932134225691,4.0,1.6713764491927763,1.47060882103269,2.83747916620381,2.9039640970105434
798,1.921635555725628,1.8306809861715285,0.9336336345692342,0.9101847973374084,1.8890851799792772,1.9880497447967946
799,2.9744913543067897,3.114445923507966,1.696249926388454,1.6805646896586415,0.2064239767688666,0.23921355733455552
800,3.245127469097776,3.2511631856885344,1.6154150156329639,1.6257978688449817,0.8142894792515845,0.8737346330133663
801,1.6263343022813213,2.0722060155091553,1.0201157595811965,1.1521059219116772,1.7780888887802497,1.866804083725975
802,3.2324632348480766,3.0912071955473865,1.5226999719654923,1.4577017911548105,1.1850142854555252,1.2306560003510647
803,3.8187838827311213,3.87797874400005,0.7821317499750681,0.7658942048987426,0.579280060550444,0.5549135352236322
804,3.018528166587875,2.649252367100497,0.878139606579987,0.7581213843061528,1.4339378400621197,1.479258984986605
805,2.824765053685626,3.1589514860744146,0.6587233136816715,0.6921412454081401,1.878274132889409,1.9507293780833284
806,1.7587551872935359,1.709869033073202,0.40098853093944165,0.38393132463011553,0.7399515718683416,0.7352958105598819
807,2.509553516359145,2.5051551810037824,0.8451924149581648,0.7855797632163376,1.5155501506204203,1.431458112966258
808,2.2945395621647005,2.4013500243291053,1.5848532045827213,1.6044488250748636,0.9338760257952886,0.9752667283047431
809,2.385899151220082,2.8761367250795105,1.9117297830078837,2.0,0.3203820605071961,0.2170774305945829
810,3.2240301384963965,3.1824881273387504,0.563194346718592,0.5474995341988848,1.4673521508888485,1.4041055688077484
811,1.7284813509495192,1.8762153504936094,0.8217426660060868,0.8514203923928803,2.086895670547732,2.1436049580628427
812,3.318473068810441,3.3940415347804502,0.21828709832782986,0.19771253283745704,1.0120945857445245,1.112446867981596
813,2.062713052364497,2.171734088625344,0.5279447325927512,0.5216133758753352,0.28523732985352857,0.26442050755459345
814,3.730927650092603,3.807642321792078,0.14559557970856085,0.15787459089833356,0.7260825554312967,0.7266993262603567
815,2.221502189259648,2.218924608948467,1.4563043347290383,1.3710901875034025,0.3681930832242226,0.3745579163829776
816,2.146643359440151,1.9825650502922527,0.4123939502478915,0.32718835545571884,1.3462319618889498,1.3865757640824017
817,2.522335082633925,2.50902247878411,1.5644728525668725,1.5341739512291819,2.0516536199855615,2.0032262196995667
818,2.1749180334045377,2.001407779946597,0.4845398786019779,0.4410385162019068,1.9004569067333796,1.794396323736468
819,3.3606337062182883,3.5066445866610576,0.16791696527145852,0.1648113836811639,0.7087594446359349,0.7163091312964399
820,2.0141019537197593,2.0259447053012414,0.26117730554207186,0.10001730454263222,2.729540846241793,2.9988536514919386
821,2.520122619847545,2.771902143932031,1.4111107821494346,1.4816747497900649,0.23493824484574743,0.17021574846142237
822,2.6872945133568464,2.459975441415805,1.4464787647145962,1.2816277319959484,2.440324310091552,2.502290884894259
823,2.834547806835836,2.8912877464042275,0.5726420076098371,0.6428598423215522,2.5573886814434155,2.393687111565625
824,2.148165636463873,1.7499820662340964,1.4340969641909438,1.250365751010935,0.9368796294732583,0.942443780358664
825,3.3410067211938443,3.926958196584233,1.3474648894149068,1.514899169175958,2.0361696808817995,1.9299502019700756
826,2.3979233360790957,2.152578517713544,0.8538893106850312,0.7172612448925059,1.999323599085312,1.9980001165405088
827,2.05177027819725,2.1254745886732183,1.7341374480436538,1.7454613945714703,1.3390482219905326,1.4084437461311987
828,3.3744320088262283,3.017818268182012,0.8205431274603491,0.6265382098159549,2.3450985808948555,2.5382220997627867
829,3.6173301384921257,3.8339556317296433,0.7840781304751623,0.7626032049762821,0.4482584250870043,0.4175124669342382
830,3.4006614641075883,3.1828959949707487,1.2478231594275424,1.068716297537319,2.911382627933367,2.999994150384544
831,3.2560932135306944,3.275320648966318,0.3689699477924955,0.5803152961089213,2.883675997327441,2.3836974722028663
832,3.1353973433661797,2.9658836701909994,1.1169679905538645,1.0322146138226775,0.9075794854818501,0.9814454282106668
833,3.573966072286622,3.7594468736991935,1.1716867639245,1.179882808012646,0.22149642117107504,0.1806638275037216
834,2.2676329668396087,2.162966468288212,0.7083850636866438,0.6727126160625845,1.670313152469273,1.7019162195612902
835,2.0712631849830423,2.2305139664142963,1.077549402505673,1.1289422402755411,1.1184260453522694,1.0355849740660308
836,3.928433145729747,3.6298214212468154,1.223848796794886,1.1837880223664983,1.8674415130293855,1.8251509204597283
837,3.2064172721409676,3.0757029666900717,1.8933011722846984,1.6959594787907601,1.6241913052588028,1.647351623762305
838,2.4700979435231214,2.665950854431464,0.7554856241139466,0.7804670521171786,0.7085932706999087,0.7208636150130695
839,2.742511591936715,2.796928244838505,0.22276325989136597,0.1808152003225582,2.834601436260074,3.0
840,2.280323140228054,2.1636972463450808,1.035584074273222,0.963701001462536,1.6753293741683413,1.6186793725543003
841,2.820361250843689,2.9265173560616344,0.628168466775897,0.7395594670563242,2.1403246266137463,2.0257024529323444
842,2.70510121948739,2.6304176308696827,1.754254148626183,1.792216195163093,0.9994025260070617,1.1346592652861585
843,3.599587993014029,3.789218760694082,0.6085094949861759,0.6125763213925735,0.7032921017857872,0.6922877797420313
844,1.7014143360824596,1.7139077325374066,1.626994908256271,1.582782271631062,0.09798441336455921,0.16525580228872877
845,2.983946862090777,2.9191633762450837,1.2080777515377397,1.0559402170289776,1.3652713533720138,1.3863131150470624
846,2.7281810094644205,2.711755421677729,1.6478996721194115,1.6296252327700649,1.5360830149524403,1.60329075721333
847,3.2989251458221966,3.8801859505955894,1.8853409612895302,2.0,0.8030312790344011,0.7853012094585937
848,3.5029263056134097,3.2711100908432056,1.4022675536541265,1.3076594897253657,1.3295653023447076,1.4634120320224973
849,2.2203885299950095,2.676673596083563,1.1403628905733103,1.2535284992515985,0.3925211171260389,0.33294963060820726
850,2.4561399652949216,2.204011249228047,1.08670278662673,0.9759391419803046,0.49582855086560607,0.4198265733577901
851,1.6518421310844211,1.9760204869631246,1.2415888548306977,1.5278633765040721,2.2828515784868153,2.225375582214752
852,1.7566435980568238,1.7952771368194635,0.6383280955184923,0.6457929957636512,0.21476254657582794,0.18545271593742038
853,3.6663655990428317,3.7147401894426877,1.7741133206111643,1.7728649549669988,0.3508272603474637,0.26670715747322965
854,2.954857679845728,2.8841698373587903,0.7811353805531733,0.7440407365288159,0.24963672928527902,0.24590738866897954
855,2.038055788471561,2.6874475167565475,0.948954930711855,1.1217114416769383,2.7034942416395813,2.668983503527341
856,1.7991294289102167,1.88015967694418,0.13262803163625006,0.13753135730019939,0.07748905752529645,0.1145728965295583
857,2.492027159349255,2.5014557208679022,1.5602679911318027,1.5513101362657467,0.5006657121225342,0.5076074439450926
858,2.4692251807472134,2.606303180185668,1.3620161967231759,1.4101600370047596,2.684076067239733,2.758370658637764
859,2.7081620447024943,2.9104107908343595,1.0219283422959191,1.174092974932003,1.4591314898109777,1.3290242148582874
860,3.1618949647593118,2.9132568699506844,1.4929314589814864,1.427549527352101,1.5749758855118754,1.6105954753800422
861,3.5118673289456153,3.964260357975582,1.1603520204040036,1.1908231010331771,0.5303407086848703,0.5263924313684619
862,3.0104072578423198,3.047348756571992,1.1623506959938579,1.1539522483987754,1.42121440742226,1.3795995641237688
863,2.9016001101159947,3.302659156534215,1.2668791223544276,1.2935371252056533,0.6928149239636698,0.7107020527386023
864,2.5694612610095002,2.3973498997009806,0.2548190739785974,0.22315622232548432,1.3523461068902196,1.3382580792380003
865,1.935787763743241,2.0751770815468316,1.55447486139742,1.48992043643029,2.4494020399861967,2.3983331199882083
866,1.5873402817751585,1.5381406372855584,1.7633969594412435,1.6818187651711451,1.364924665282646,1.2658012202005013
867,1.8054720056190254,2.076788313265052,1.1935510565641598,1.2062838110353133,1.1665406835106995,1.1897956447677405
868,3.5456757985234795,3.2290731916900954,1.4699706398048666,1.4250526560427625,2.860175835510872,2.8613573810270516
869,2.9001642032000365,2.9091282071634166,0.37552048665276083,0.26903646965131334,2.1571565815076523,2.3321562178269852
870,3.9081439033046506,3.787106862894559,1.0486891838579095,1.0174229960646324,0.3526961118237798,0.37986352391932204
871,1.9176697829868312,2.1780718808941892,0.6020785290808128,0.6053734803073716,1.8172264174398696,1.9944782577925553
872,2.2726795151908377,2.2104107750556645,1.9540273497266658,1.8114113350056433,2.485293510700276,2.6049482762595315
873,2.1650548267330247,2.3634275074497824,0.3380088870050101,0.5152395554447705,2.7921758658128546,2.5538309169516054
874,2.8780654247526987,3.014402533520695,0.9414763129409814,0.9667999410497827,0.043467221148476454,0.0
875,2.0962931734250554,2.1802560803609072,0.9205858554661382,1.0432137171839029,2.8109170827290217,2.7100873195205937
876,3.126415736879435,3.3266497763078684,0.20326128672718977,0.24612204762788126,2.9585204742543114,3.0
877,3.94138877870469,4.0,1.7261958836129376,1.685139829843696,2.4509465818548213,2.2912250508767555
878,1.5197900147234533,1.5,0.7628273175203685,0.7272437606576945,1.7989857184819904,2.010012903770217
879,1.9027822979807145,2.146661415169543,1.6815016068777455,1.8388885153363934,2.0221554147883576,2.037462345121309
880,1.8945415498052351,1.8460445608759755,1.4586550717603108,1.4489279822240377,0.5245019651465157,0.595080134053902
881,3.795674420221406,3.7287097956317385,0.2003375389737826,0.19509074797663373,0.3494923738021253,0.35113001297307106
882,3.2973631011659967,2.8522154202405243,1.8331582359982217,1.7107000634688123,0.1590866056658713,0.13341995256950415
883,2.4041587410664786,2.4981878313989068,1.2389354026299462,1.2218830656116657,0.5232822729158484,0.49065728750013904
884,2.832682119006109,2.550183079742632,0.9160861868016372,0.8156641219667282,1.0738425856911933,1.077631603074361
885,2.293041251083975,2.3726026524654027,0.7938449329961713,0.7319025927132934,1.2078729919141606,1.2224071696821306
886,2.2970318362680477,2.1798435720278784,0.38530939880321347,0.35570761716862,0.5450549605685658,0.5756268030438505
887,2.4257821547690863,2.699422150897335,0.4613684606232161,0.49802820204499454,0.4921847054857533,0.4383775155952146
888,1.5602459436159888,1.5,1.3493816476060008,1.3341655943481299,0.11812654830804159,0.036580958733645245
889,2.3723834782973965,2.63585309048928,0.8582152572677343,0.8542961916257154,0.9351647632825867,0.9552268374318936
890,2.945782821501322,3.0319452243028144,0.7639021787254406,0.7913974630503213,1.8282143535831012,1.8818850854855709
891,2.6600414286862333,2.60687493385579,1.137244735325255,1.0509698267636434,1.3053868685927594,1.3621268247659528
892,3.0116337466265515,2.740479439272137,0.8730493819619201,0.8194898283262565,1.1109344639144099,1.0222737267336384
893,1.9001803632693235,2.1315701939414513,0.6177840533797896,0.7301182699896419,1.5491481157235234,1.5856520394313125
894,2.1955261446418697,2.2852205810466106,1.5998951366361287,1.6728707395860203,2.135639331234163,2.16458037871707
895,2.8105388838239644,2.9041002958187145,0.8796548657670953,0.8681922408477736,1.0889582491442313,1.1176653183813392
896,3.881981749522754,3.7082502811927998,1.091282473330829,1.0610341937310457,0.849177884816822,0.8493759592503406
897,2.6542462627850987,2.8805341070178465,1.7190098759329302,1.614837679876445,1.7378731605138562,1.7454538561666375
898,3.506866333420849,3.384621673204609,0.23165114644094073,0.1,2.4756153302120527,2.7014826743884273
899,3.425336036139183,3.4808060688951548,0.2310437380925961,0.10514402105170756,2.157386776901442,2.4501748556004834
900,3.2618013337690455,2.892287627770591,1.351438930582283,1.2595601306115425,0.26288777281486764,0.18934475293429545
901,2.413038741159336,3.014632197824202,0.41413839952196563,0.5496307672157974,2.850643524541753,2.8340639570975705
902,3.738485468606208,3.3331999398360432,1.3600004321654424,1.2435567697361773,0.17570513651502728,0.17273796733819502
903,3.2463932892619987,3.6305664468476877,1.8581249184707405,1.939964967447447,0.1750963602026968,0.22975960818007443
904,2.591234501050841,2.838515511632128,1.6225351596213038,1.9683706418604379,2.781327033976996,2.519579454798394
905,2.8428057873831056,2.9748627976577833,0.40297248440641475,0.4482566820491611,1.4405509358443922,1.4353720060677417
906,2.067323611891705,1.7868272253529007,0.9838506781452698,0.883501399644607,0.1377487987776166,0.15833857925881417
907,3.7011168764077884,4.0,1.6454243861356832,1.6142083937400917,2.7946852163135083,2.746391423218511
908,2.5388150463430055,2.530830246767244,0.1579125385997212,0.1,1.9255976975629738,1.9726493653042176
909,2.649580771695328,2.7317882574932644,0.45278312130856146,0.58413388476977,2.6427497279439853,2.500659269037563
910,1.9586966638355814,2.0407191041572705,0.6278484777304395,0.5901350471802272,1.543489012892486,1.6670332149595948
911,3.3301441647147154,3.6872017354928626,1.4907300229406664,1.6375626379643793,2.8565789820099914,2.6074955643931403
912,3.4223645848508664,3.3756940384473375,1.0912787823300232,1.0624477788970819,0.7084898144977976,0.7686619953133056
913,2.719551210015754,2.9659996355572824,1.191863729747174,1.3630264855631318,1.927026505285062,1.763471711311813
914,1.5064297212285693,1.5,1.2390630722776441,1.2396956008207365,1.5152154068796237,1.6296598887836664
915,1.779312451450902,1.8182228805332867,0.4941978829706456,0.4951626431243945,1.5068900407038894,1.526774078646229
916,3.006548941087843,2.629541193106848,1.2329719497945195,1.1854934124767083,0.4785573379207816,0.4621223072269107
917,2.7072518393028067,3.2237623590014253,1.3417587537576636,1.5806885753601556,1.439818497864224,1.285214566348053
918,2.3541650213015637,2.300612333425611,1.4203019347687387,1.2731220184399883,2.875550824862355,3.0
919,3.364181005526092,3.380182854447157,1.355819051392648,0.9322159027663375,2.1738126513487663,2.6522967296561384
920,3.828693380309022,3.7953329622073153,0.8459173638184834,0.8635891662286118,2.7109032365649535,2.696154836836739
921,3.0686196700071107,3.0918937248144207,0.38482400780342596,0.3817747682191556,1.0801439973946123,1.1208557740152567
922,2.0763403770783917,2.0516499171706233,1.8943227662838142,1.8556319362189078,0.5538162299014724,0.6031910750455218
923,3.4307298862313473,3.805236145895479,1.1915614791855522,1.4907993009649962,2.8495888302783507,2.4950533480574855
924,2.8501389992848876,2.4711455806859073,1.0208530919229946,0.8757848090545647,1.9911140123533477,2.1022541287026275
925,2.835063851287725,3.122083883438594,0.5895682810168367,0.6242097160415763,1.2808745840938562,1.3463157520732372
926,3.868236447411653,3.5410364136347856,0.401565781673489,0.27310209563209814,2.176923473849432,2.361648147481749
927,3.5084130667095628,3.5161922900934575,1.6140025428534728,1.549454816736344,0.015225067290784766,0.06052293533340925
928,2.761936286629591,2.266483514774973,1.899636527735266,1.640789672762258,0.7811822567325899,0.9053092710381484
929,3.3312181969526975,3.9819542313755085,1.143094212185743,1.2033837936752159,2.1317533328591702,2.093000244059617
930,1.7318139848079002,1.6545876424836528,1.7687713370005647,1.6841718917945365,0.3044703412327816,0.30661970052991855
931,1.5170234460033747,1.9449467583321485,1.730455225977117,1.9292813478624349,2.4925992726012827,2.5660653960714614
932,2.292829745546861,1.6940637453982361,1.383480286425691,1.0980730740007387,2.1843275719560094,2.225695268341325
933,2.628005789774675,2.680421750257334,1.0341436977421934,0.8463163504964666,2.7686127494924833,3.0
934,3.020345541217424,2.7445988795565297,1.6389034429541718,1.5790472054827944,0.2810563173804611,0.27937499044496
935,3.266516300925776,3.3677681380810682,1.4249143435504612,1.4187161331759666,0.6598276550985651,0.6616384394215109
936,1.6429431719753596,1.607109593168614,1.299933657394898,1.2491089195936076,2.8257628224805513,2.7879414284155852
937,1.8570428650091353,1.92320897894993,1.7186331485610102,1.6835689087727135,0.9077671105658758,0.8554962709408194
938,1.7846291410126491,1.6357392695699984,0.3079499025199401,0.1,2.4204441671522052,2.6291880248282777
939,2.185443955132733,2.351665013374023,0.26374461725452425,0.37835852383645546,1.51460769622983,1.4805674661544224
940,1.898191840605132,1.7146326733372832,0.5855623494420984,0.5128599269935031,0.40645514001852767,0.5599640715004072
941,1.8093864206564023,2.030705875691626,1.4388170967623177,1.5396744322597296,0.6528510369857663,0.6181956667934215
942,1.931656218638298,1.662699259636623,0.7670186904440578,0.7277704541499698,2.5144276503613083,2.3826879615037377
943,2.571244526934409,2.53824831738845,0.5810879345650797,0.490352705846859,2.558993677186616,2.6153756373083312
944,3.6476512783803727,3.234119275540638,0.8295712156625779,0.6373511151879979,1.7662340197330888,1.9936599407429145
945,3.0305528201510694,3.071850247032129,0.33882786653786034,0.15832641239852718,2.3279020932079435,2.737222499384814
946,2.8949262951583736,2.5500768879024407,0.13331310200931146,0.1,2.856665861689131,2.75053330930235
947,3.5241958702374303,3.695302377164061,1.7467103213915698,1.6513370468961523,2.643123124657451,2.673478745233506
948,2.705873871084604,2.679108993464187,0.7699704460347141,0.7483816865432144,0.11338843473079252,0.12906991639790416
949,2.419927925563317,2.4632891168598583,0.1422234065125718,0.1,1.6224759335625287,1.6946660345903297
950,2.734847766205788,2.273878284557212,1.5892340817463302,1.409482548839223,2.8079456297735046,2.8524248667356042
951,2.235079934823866,2.3416309054095183,1.1139255885574517,1.1459608832381845,0.599952823790029,0.5332613887490344
952,2.033276490024515,2.142685624850127,0.5569083165587686,0.8385023807867472,2.976876102452062,2.783356972264146
953,1.580288716672967,1.7392122737534523,0.7806102462680987,0.8646430500685813,1.0219550901142491,1.1102674882696293
954,3.579511330946306,3.580440783777601,0.5402947339087162,0.521785047174245,1.391642669689488,1.4537394469348084
955,2.2106575996550997,2.563848760684988,1.3997524575347466,1.620902188316469,1.609679965428772,1.4961496090158402
956,1.687131940096552,1.5,1.198925768847414,1.3847866776433668,2.92118111033482,3.0
957,3.789294143874922,4.0,0.7837264637081305,0.7719107637868899,0.2822893499779936,0.2549770458553107
958,3.4927867046815955,3.344489160228958,1.7193601082547456,1.6736135229940565,2.714263235058523,2.6641713911231695
959,3.5374716772802786,3.9893772734974435,0.2605864959458195,0.2893733917837032,0.9535912938272575,0.9725758165055399
960,2.946928971134933,2.7098554471013685,1.3357580990481073,1.3356805171704749,2.2773828558588343,2.3138460062762105
961,2.7314213094826356,2.8031482516473485,0.27592661214699643,0.30923579988761946,0.9499752819445219,0.9143735071272932
962,2.912188592508497,2.8567049589125477,1.799382590763373,1.407383961448929,2.6183749120732895,3.0
963,1.5531807526075174,1.8325029216501423,1.3386592059421802,1.4005192503410262,2.475159581777058,2.4536308417520987
964,3.9002722454424834,3.4983873941669263,1.1804593892658952,1.092021685536578,1.9829544923516096,1.9770605735404974
965,3.873955567317732,3.758623122264995,0.7701321918970176,0.7366395930948322,0.23625520781953357,0.22776013916748153
966,3.321675444619463,3.0018597836271566,1.3924528135086842,1.2855694514582683,0.9460586417346353,0.8916895818681675
967,2.235437848795628,2.338138432356573,0.9760672522666903,0.9598560255073677,2.652199612660985,2.721438464889868
968,2.4738429845810903,2.5413333778502585,1.1717909511718636,1.150028660989061,2.4828177654131207,2.6456344579781974
969,3.593582709854384,3.8638852758811835,0.5097461681222633,0.5063534304692558,1.1796565092471858,1.1696564463480097
970,3.5777543898409028,3.3166770350516885,1.6544601460089399,1.5692127573588461,1.5728960670299807,1.6465992017337103
971,3.3889538069803753,3.250808199437059,0.6282606850918113,0.32761386920138225,2.522166042743919,3.0
972,2.0965580399389907,1.852072782605151,0.7820657988055919,0.6671573250824612,2.204723415263186,2.187896238677444
973,3.1517712085324794,3.437949030106588,0.7804822972406225,0.8114339618093538,1.336911854258253,1.3582632822509917
974,3.7269680754085193,3.7470712124626506,0.46791443217124107,0.5765918145350701,2.937770769344943,2.728394132754533
975,3.508887936928139,3.540713473462308,1.3874281896831044,1.3492918540501366,0.7127976008747633,0.6583163667940798
976,2.8866340029746405,2.747125693106958,0.48577639093592073,0.5034296556810588,1.322515890156124,1.3014362003623292
977,3.352579752226701,3.587031052764777,0.399787325552438,0.3932870713900553,2.2609683324596546,2.3771102419309478
978,3.893034993163288,3.847863228550563,0.9205154160933926,0.8906665012465411,2.659976795749425,2.9368159951496975
979,1.8405314467529188,2.0559268740511194,0.7719647443257477,0.9277941204830708,2.8142843524820984,2.6967132024995473
980,2.6809149364453164,2.702039979743131,1.088711501007161,1.2505566093605136,2.398435414976698,2.2740377477931464
981,2.0580835908723505,2.1092642824082732,0.29889036900805493,0.3121793918100045,0.06180602934800872,0.08279743397899633
982,3.7219967919616495,3.7600347771911227,1.8639884271670717,1.8525819170121005,0.16937973450015242,0.15351153075083818
983,2.0581130431638015,2.0435388240579426,1.3211071619403703,1.3100756421884612,1.2979431257924254,1.2731150397057713
984,3.378670396465058,3.2125610913820135,0.2927617423259854,0.1,2.3316636340782786,2.7529089601489067
985,3.8283083679524688,4.0,1.1001342406787729,1.0974460214867856,1.6170039137916712,1.6101033041917832
986,3.0395388465230386,2.859201010255999,1.2448151551458722,1.1615949463400996,1.6170923470034588,1.6005118953819437
987,2.517876244792477,2.5682647223245505,0.5519215017431266,0.5405311139262682,0.5394587113736743,0.5201648093648286
988,3.9678426984870723,3.4769926966087064,1.3411459604012912,1.3036762181831294,1.1368988158567992,1.146100947116809
989,3.181684537870168,3.2439174230122676,0.34504406570048385,0.3035701091800367,1.2901341101512305,1.4209849541379773
990,2.1781905127105965,2.0976570657897113,1.4846892395462816,1.3645744279213297,0.7365037059733873,0.884149326215186
991,2.6081995799819975,2.682201352986327,0.5725060100047251,0.5405922736360791,1.2467610436075234,1.3497848745842758
992,3.5789164726043823,3.38734652035388,0.547768584333862,0.6363900389201466,2.8633818448893447,2.6053052887092836
993,3.4423386958751556,3.4459213902444574,0.14589505761977895,0.1,1.7987323414547107,1.8520890168885424
994,3.8854126294607245,3.479736055601076,1.4352754682080615,1.2462006590612809,2.7305416528122843,3.0
995,3.513149527598556,3.5698781900929326,0.997093275993869,1.0315303409427568,1.4359050339223987,1.4153161642752816
996,2.193728077580051,1.8238499357049804,1.5670047599377126,1.246014349715555,2.8927641350748914,3.0
997,2.6657574275109392,3.3560282568721016,1.319123194805987,1.5682540046541937,1.8604920508183167,1.7471125159321599
998,2.353176378192619,2.0491201517471027,0.6240230548172925,0.4828759096626427,1.6265362817617026,1.7413164880026706
999,3.8545470361112653,3.8899378320119458,0.8692634522819932,0.8310034080665292,1.360425816354265,1.3564391503464366
