,a_true,a_estimate,lambda_true,lambda_estimate,delta_true,delta_estimate
0,3.5335996933080875,3.5149355344511424,0.3162218214727792,0.3227264088910697,0.9340167394483792,0.8878995072028086
1,3.911196877788199,3.9821083482800104,0.5984914575265121,0.5899432068086067,2.2665716495794777,2.364104707484495
2,3.2085273570431063,3.1715698545141495,0.5328537155498551,0.5293548680607358,1.1629815883786596,1.1468604240629177
3,3.465091373560246,3.0307400859717064,1.9649474584333728,1.7027587603159853,0.8104817080081455,0.756435164516856
4,3.19903737005026,3.14092080001002,1.6263362221854725,1.660524310529905,1.5292329062172034,1.471424661060196
5,3.6058598029528577,3.461198664345634,1.7652079910780043,1.727471803130682,1.4702717180740057,1.4311908050923816
6,3.820183408711861,3.8249402033010544,0.5006342859209023,0.4981618452962679,0.7104005013318274,0.731800915293368
7,3.1589999509620155,3.4507367200596892,0.4229156659264185,0.6400985308352686,2.791770061305612,2.6015683529832296
8,3.041646794154033,3.059526650136561,1.5180983831730457,1.3878807540156544,2.2336846281350407,2.345510613786325
9,2.966643088376965,3.213551966564959,1.817162040270313,1.947434914837345,1.9153606766352185,2.0194587478523154
10,3.9315234054716552,3.8606389256914175,1.0213257335961308,1.0145841018993624,0.8457266418443145,0.8081317600246753
11,3.638148013766768,3.895755834147036,0.4805859980752873,0.4992357138034009,0.2269308146601022,0.1908592574581878
12,3.13574010968581,3.1325666040591535,1.7762732961742036,1.714052720799668,1.9034020967951923,1.7937628004538326
13,1.7937811477099983,1.6812697224346855,0.8947528970218825,0.2049453098932372,2.2676688608133966,3.0
14,3.617479146184262,3.3255496725293816,1.3396876567812863,1.1246176148511031,2.3788295274500997,2.4301533913437106
15,3.2335620126543816,3.351156898745934,1.0194520898059556,1.0273846504907496,0.6723532881875375,0.7224103232704107
16,3.800427910710516,3.921705698984174,0.2025252680990505,0.2041010388881128,0.1434478597058559,0.1581100811471161
17,2.392292767509943,2.4363322158882075,1.6645892031880474,1.6785475417841296,2.491580895914528,2.500270953310868
18,2.454127804183547,2.351987386601181,1.56474070184746,1.4774854825951953,0.1623258469710669,0.1442024844850927
19,2.768562061597015,2.812300806752623,1.4739697512115095,1.4311358651646826,1.3902658157205652,1.4450580746132662
20,1.7077791884463656,1.7389916516309811,0.6097024672734187,0.6150658443862022,0.2896689465156321,0.3216019777219679
21,3.8650628302529975,3.871298461627019,0.6989885628390832,0.6829585394702947,0.3725762554803744,0.3405443323067863
22,1.6911718628518253,1.5961261002951563,1.5055931042730637,1.2696496356805078,1.6636154232213212,1.6628656294273818
23,1.964293517956582,2.020666113679581,1.8276091754198225,1.6707681421468985,2.3117901418500684,2.464641785115212
24,1.697616905664707,1.6524111696196015,1.1825937868082503,1.012889654670713,2.811307624388267,2.9381560957633424
25,2.236383994031545,2.3597855824327314,1.7599944051565002,1.9353182518999112,2.89491409728742,2.859944091588926
26,1.979126588870045,2.081667733729092,0.7452861342918228,0.7827534773894615,2.966420781822359,3.0
27,1.783036985699687,1.8108245208966216,0.9463947635477152,0.9199768428682118,0.1638833806773958,0.1272499438375281
28,2.7990979778769045,2.896359785778436,1.8415623459028667,1.8684555371755152,0.4952836241240498,0.481494179816024
29,2.8742972264437734,2.579136708230223,1.6969955607263116,1.4308138527691403,1.770698082365563,1.6994188035052495
30,3.31699159494452,3.5581326717637727,0.7641256543752922,0.8044295494420238,1.0121775375345217,1.0827480935052765
31,2.1468093462727325,2.231203515566198,0.6792088957816721,0.5814251544877799,2.831159139807254,3.0
32,2.956774271591575,2.939139730321392,1.7336994746062755,1.7124286048861983,2.589967338749375,2.451259767068923
33,1.6258076246074706,1.7797157872766298,1.2570042261578205,1.330738676929065,0.8622314704862216,0.8112564354385243
34,3.917544549154327,3.5883700175744253,0.7083323660059595,0.3295420281945339,1.9405187289314891,2.5776816093652437
35,2.836822644954742,2.888448337910268,1.9130863509719345,1.7998037402888252,2.652232332833888,2.862095650389457
36,2.2238069219497225,2.278821782940291,1.346368229084289,1.405329301133443,1.3311828236381538,1.3549933161204075
37,2.1646698670986595,2.168600491146006,1.406903821027141,1.366412472095325,0.8528971738834422,0.8018183577385041
38,2.273614045751785,2.4914875825655427,0.7815712710098233,1.0418601899673057,2.7171431912802557,2.581270942524601
39,1.5629166553131828,1.5683811942803032,1.6744743717563413,1.5700066530497825,1.539334160769149,1.667498917162842
40,3.199361821727588,3.0867700473287525,0.9296166166343138,0.865043940360997,1.159424318749631,1.157955474078383
41,1.582163334486082,1.6277373503616128,1.283438299797086,1.2937109739598625,1.6452318481168795,1.584185818561916
42,3.7141239704433993,3.448006472391738,1.733660067263363,1.549403257754219,1.4529472202355285,1.426663660821806
43,3.373399647415926,3.5630025315764846,0.6859645950884241,0.7017693463423319,1.2326487288236785,1.2521513427358582
44,3.8440810933792418,4.0,1.943735878297825,1.9549296716912767,1.3186812705076028,1.3297097998341176
45,3.067914655796085,2.9453697404809507,1.5619011579106403,1.5612491518566485,2.8878724540436664,2.683054321597671
46,3.377723770286092,3.0242915010545306,0.7287937093779879,0.6594160472539536,0.0611068907084864,0.0509849719900419
47,1.865444075280251,1.887121311087252,0.6687882385308188,0.5647998428151455,1.9814653403251392,2.0005321360886543
48,3.28929954638784,3.271772391080249,1.390564446877859,1.3933595966439982,1.891161053358783,1.8854857833462568
49,3.8610454646615713,4.0,1.7550183679856692,1.7376203474123215,0.0828648581059344,0.0974723161263564
50,3.3117864857519663,3.2320179807763023,1.706299962665136,1.7372914048863335,2.630879189594684,2.457739436119758
51,3.695549405959358,3.733133835943698,1.6983255609502967,1.6606388245795631,1.0903488427202932,1.219508109600023
52,1.915157769656477,1.8985311657643669,1.2269718306278767,1.2539038647568628,2.063572007230655,1.8277924612928456
53,3.3127594653368337,3.136946936857787,0.8857438303749098,0.7025158111666333,1.876248557131187,2.0563293107484473
54,2.6909158792415777,2.6923107058004843,0.1990450177050144,0.2104770255590442,1.4255547948020109,1.382881738335472
55,1.9698561179291851,2.0716642395505507,1.9135270930857056,1.889161929505203,2.695097974074181,2.7756105919713705
56,3.197535146300756,3.165249573615132,0.7326134684875742,0.6964773831788814,0.5035272183563776,0.5029489647934218
57,1.7068347217901432,1.7247760976885516,0.1825311420857291,0.1,2.2619288762341956,2.4210847680471907
58,1.7745104040206925,1.711903987705114,1.4598528317699455,1.3156063650116805,0.5865203175376713,0.5573345336739073
59,1.5054107930719518,1.5,1.6289149094114443,1.550206218050439,1.0310048676300687,1.120978887708896
60,3.762390804813179,3.6515201283153265,1.720566150570468,1.615345399247694,1.7787489998422727,1.697251699660103
61,3.541047658993041,3.4693839674158657,1.9498203417966191,1.884419156452036,1.5797382939261606,1.4551718988254316
62,2.7032292812857506,2.815503162366921,1.5929169307792477,1.644856084557489,2.5015915712761405,2.3831010462132376
63,1.8011130827914357,1.7556927988540676,0.8913692802117815,0.7870544765487404,1.8956475389451095,1.9114438236496376
64,3.819445804486225,3.910079569013341,1.608455517506509,1.5591135707795851,1.580434441034292,1.6302388586113234
65,2.363920520313306,2.5036842334876055,1.9593292996312304,1.842051625082996,2.774718569215034,2.891091801198394
66,1.5624908680406224,1.7221834679809482,1.0513683945362686,1.1209338489678955,2.6975415569808443,2.7557788706329585
67,3.829301279202664,3.83029610879095,1.751015287270841,1.7167469148845955,0.2719316152904629,0.2230848666322366
68,3.698247952574212,3.6377321773789184,0.443186810771168,0.3541248890728803,1.851122159907983,1.9678892212133112
69,2.5096152273801935,2.687117616845532,1.1755041826997008,1.1715506759718055,0.7883433789304971,0.8359909656976235
70,1.7889581778046062,1.8631752106272923,1.417028504936333,1.4745772735951386,0.6997692489549905,0.7356800988642109
71,3.4426648346061235,3.3881960252846315,0.5086182405777319,0.2968573672833496,2.60488530355477,3.0
72,3.665672061804171,3.822049650917009,0.107441223173605,0.1001158108201739,1.419334840663054,1.48509309962673
73,3.0509620249099543,3.2213037629902668,1.5878153426090522,1.479606685741231,2.236143177530448,2.347467148043226
74,1.9811154552368415,2.0238468289737597,0.3810280240263505,0.454413631043806,2.7797188028841835,2.645648653925247
75,2.553786952346466,2.427927928446321,0.3656766442824948,0.2551512294713206,2.635011013092078,2.640291571149178
76,2.3878384637484276,2.495154600322123,0.6206316995611254,0.6496300202366725,1.0708366087307546,1.052764393853161
77,3.550178391973078,3.599985569882567,1.9845388921378684,2.0,0.5957984523283388,0.5174805084659261
78,2.4967645614580554,2.4816106027727867,1.449089385406148,1.407763124458008,1.4426029938955824,1.4422555569052542
79,1.8635478648592885,1.9246938463192236,1.945699364104009,1.942408186485479,2.946817348950319,2.905232772893781
80,3.636789560058123,3.6255948626456505,0.9488149728298834,0.9894886822759186,2.2399894061720556,2.157863687736638
81,2.894506644383383,2.781198981732822,1.967800700879804,1.6578017617072252,1.6023322220965226,1.7278480952913928
82,3.928124899078262,4.0,0.6942679391188222,0.6928017789298936,1.001008977193376,0.9489399075383574
83,3.2307959982581833,3.063420142317477,0.3877574343957444,0.3344424051389562,1.1087348566015065,1.092364494863057
84,3.6494558833252855,4.0,1.6210073562714358,1.9019153605691776,2.840631210775845,2.513872769324226
85,3.683875003069856,4.0,1.4980857220202195,1.5909867977282113,2.021844207412938,2.0377135104789077
86,3.793687836514752,3.88386444599866,0.8597603425778951,0.898345227787865,1.9106774298981384,1.88452424514343
87,1.8843533356622555,1.8118932821714788,1.6634530719009684,1.5578586365590676,1.520642294859306,1.5419470325792564
88,3.570922186150387,4.0,0.1055108523357576,0.4835878828209555,2.616767500874364,1.9364085713133068
89,2.6779216402317765,2.742322548373868,0.3819186703296349,0.3712356046779277,0.4654884847998956,0.5082484652538752
90,3.5453451826801405,3.607551717415419,1.7321336363250048,1.649170246652209,1.7336877138157896,1.7889031457245208
91,2.630988512298077,2.798487070946451,1.7348852135626436,1.9236364811904283,2.102879830118791,2.06304978928394
92,3.4055134701057534,3.339810045517172,1.0759797789206669,1.0117808332719709,1.7105945160903602,1.7558565659657894
93,2.086473258328968,2.0734992086437907,1.3889284536442676,1.3296598559592443,2.3902054911422534,2.429558834128585
94,2.904087578899045,3.0551498070563285,0.6961385827562735,0.7163764242740337,0.4513595823953794,0.4387994171994718
95,1.6209285601716723,1.5567409329162811,0.1986376985683735,0.1902609300233865,1.1410429860148152,1.0966472366126374
96,3.838612211105635,3.8805597086034367,1.7142631634025394,1.6849046676245962,0.3926369789853702,0.3540342172182915
97,2.5781969745227533,2.5875362524991226,1.4254705635470346,1.45160799755297,1.5416448581176938,1.4497839955592602
98,2.6391941128493572,2.589477127243289,1.1339695956114744,1.1335166459945238,1.4885243320936818,1.4009348617674846
99,3.700114493599434,3.982015575281461,0.2332594799588605,0.2504476669510388,0.6975982045742697,0.7063994544521072
100,3.0236283841469938,2.8533169701270458,1.7423364296233006,1.4794023131290701,2.6743910809959717,2.9272126325515444
101,2.689095050825554,2.750528166521366,1.7689014108740784,1.8038790309499182,0.759250544493457,0.7418600048169712
102,3.3543079600274943,3.5533762414654864,1.9222726281158478,2.0,1.2723686799226142,1.3791461656558366
103,2.687808494977705,2.5463997396445213,1.4160662991518753,1.363632946328987,0.4952613118781273,0.5102537275931905
104,1.6073367574243713,1.5849360356858093,0.11148208934829679,0.17193476955588113,1.8430906638929634,1.6676613084964231
105,2.610967943396939,2.7518098915395774,1.043412963702834,1.269264582675197,2.829200718589321,2.745755505183451
106,1.6182397115932778,1.730055794408301,1.0468533189866538,1.1068151115519125,0.8704804111944401,0.7911694748813439
107,2.0536652213896667,2.022014599415196,0.5022501989242706,0.4694205525447107,0.40745076068422337,0.3832221981194346
108,3.7975207600795278,3.2985515140575927,0.7102536046774006,0.22875445644119932,2.3717362460465017,3.0
109,2.8775123358753536,3.0174165242146365,0.5729221281451858,0.6653154511438956,2.052178458593919,1.9733521821555848
110,2.9362063685628663,2.689816459961974,1.492658359483224,1.1421333162082137,2.5358107226272537,2.572513691541938
111,3.4294225956841915,3.35695043782767,1.880887458391226,1.725462299991557,2.455193402001956,2.687670769462652
112,3.219250260683775,3.419340587880666,1.150191578580017,1.1825586842547648,0.4960914771697241,0.49585912916530533
113,3.3190128962339562,3.753248007073867,1.556996397756182,1.7048849273614184,2.219622287767807,2.2610232139999584
114,2.2033063096625405,2.109621855487863,0.946609541364432,0.9538207097913165,1.6486181731438356,1.5980363279949434
115,2.5194315040445225,2.600432141597264,1.1647311166302787,1.2799071918051428,2.289399922135627,2.2182829218839144
116,2.558047196564314,2.323605494755367,1.0784014937801611,1.0123701435109274,0.5196208161670318,0.5146123892462563
117,3.3418472699142003,3.2441696805700406,1.8208202758733438,1.5321752175283379,2.688432115123642,3.0
118,2.661945601172494,2.753178248397837,1.061145528170957,1.0507351704464627,2.987881064450928,3.0
119,3.4191274849111144,3.2036517769668396,0.43490626953666944,0.40271004176331826,0.7444221889268026,0.6791158085391652
120,2.3229412994908456,2.4442462740625936,1.1765803287235825,1.4504443892939467,2.501695951556972,2.3722153219059656
121,2.334740780720236,2.2168962399370873,0.6593717735086491,0.4496801631443514,2.521248365990711,2.6499387877457417
122,2.6319526475491113,2.552108396203734,1.2923006652057156,1.2530304684097313,2.3889869383580815,2.317869920087403
123,3.5421815275932973,3.492100972562818,1.2783240523728603,1.2333472535956709,1.5724541474886315,1.4777310960668197
124,3.7752045938595695,3.670593477969766,0.3673622114133832,0.226950900171461,1.993014105987446,2.2913361081469255
125,3.348769199387807,3.6660277245444495,1.71412340792677,1.7939379026305629,1.2287602302491538,1.2388129261978853
126,3.5083227148278544,3.3899948530649415,0.8485618355687499,0.7258854552379146,2.9256297817758607,3.0
127,3.979533112191194,4.0,0.9414631713079368,0.8378507495138492,2.796092465175359,3.0
128,3.367038857574687,3.2034318118946623,1.0599142417895706,0.8478497390695113,1.8256518979349896,1.9827973911259325
129,3.391524946129295,3.666475285557399,0.9409217811380177,1.0678461014564467,1.5558609049354228,1.4661896374413579
130,2.238116338620276,2.3261685371159193,0.23079849283773904,0.5036497111347988,2.821552265830358,2.405074866462395
131,2.1346514623021564,2.0722794328096628,0.8431383374060429,0.8153292178044423,0.535236612441812,0.53124672115144
132,3.0789894445832475,3.0224413817384517,1.499864144941256,1.4119690273957102,0.5759373702121373,0.6648983497261802
133,2.7058702699534942,2.613890520884227,1.4797523261185908,1.4894128870818337,0.42707468589251407,0.31394878761001754
134,1.5360197864568423,1.5,1.428667757183902,1.3251271626226422,2.4184928279400784,2.404801027709447
135,2.0700542336206986,2.0397030043115416,1.9862829103676745,1.80412170093385,2.9072859690319026,3.0
136,2.622349028275417,2.6687406251205954,1.5041735448783344,1.4441301055209357,1.4555447378581698,1.538742060454041
137,1.6440598358730114,1.6754723097113835,0.4567751340287406,0.608819795836718,2.0649955259927095,1.9137695103007493
138,1.5021332653845967,1.5133248627429567,0.42518443217228974,0.44364830112768777,1.674199177505813,1.576564222738609
139,3.1739844297793645,2.973907144970493,0.9394869781669042,0.8646923512661508,2.96756017318138,2.893211814675742
140,2.5302309203538544,2.665887488401342,0.12631428679456247,0.1,2.059291119209047,2.2220605825166224
141,3.978431892257066,4.0,0.3604534640815561,0.33334142391304095,0.2732205752935585,0.28397377134808344
142,3.858394138413205,4.0,1.1860011383935503,1.2692033137468777,2.1830171335577084,2.169273877730204
143,3.8523142888154873,3.883998023273619,0.6501905688936107,0.6012434888902882,2.414703958028722,2.4624873000327305
144,2.599228006732661,2.5441189182532797,1.9548769150952403,1.751963219397893,2.9181234299855165,3.0
145,2.7750332479800766,2.617539703780767,0.6929968238265708,0.6470062987152373,0.003415365877448062,0.004221571871026859
146,3.296672875012431,3.5263686201852087,0.5105886252301083,0.6936918381387849,2.8918968349346317,2.636131598160537
147,3.8694972702783472,3.9338600538359563,0.24011001390491052,0.2498525962412676,0.9366843947630444,0.9054657237731055
148,1.8830805122563166,1.8790001504618996,0.3012691789203502,0.2874733404208096,1.3329342531148123,1.3423406272852763
149,3.6976934351491004,3.5530737696604318,1.7593105915820397,1.5888413872317146,2.28332758143522,2.340945045234152
150,3.9790710231574233,4.0,1.660899884650392,1.618700121163727,0.35273891927924617,0.34146688656221197
151,3.561449052495466,3.6660248193947984,0.3323348832764552,0.4636714627909625,2.4045641673335423,2.1803209302723614
152,3.8118676673886878,4.0,0.38681165107329796,0.4020641519277867,2.153110328524336,2.219406507642459
153,3.6387135648353963,3.8342885932376523,1.2967050633837736,1.3299103391326703,0.17657133713282014,0.1405402940998846
154,3.1067651210671476,2.9831276980935097,1.2239994561905694,1.1752884067786398,1.5686810564578848,1.6058597852651018
155,2.172564479133419,2.1352715468154524,0.9133298925250566,0.8663468095307524,1.048528390196172,1.056226226464172
156,3.7223172673682186,3.842572621931289,0.1317443414699492,0.1,2.0698787682701765,2.1793092648154704
157,1.536257495948904,1.6318043573942027,0.7840550982844844,0.8153391069149474,1.1738639170238434,1.1219739764949224
158,1.7606014704626767,1.7736429991787128,0.36786956836190077,0.3670900484019389,0.7402173828135074,0.7439847973861548
159,3.9021243134992827,3.715708004842574,0.8572249093185501,0.81285883634818,1.6363700054412007,1.5955216456901655
160,3.1194905326542415,3.0397164266016667,1.5827118970324991,1.594017200645922,1.8608518283175597,1.7112381267028838
161,3.323595175812602,3.398511269603903,1.7406188285672206,1.8175112045062067,1.7822493941512567,1.6901581036567652
162,1.9226587258369827,1.9362685352837543,1.2678828582473818,1.2783401169558652,1.9878400517959323,1.8983636587984818
163,3.6621464170193767,3.475574658301645,0.6913214748119707,0.4572092878510676,2.0189426326807602,2.354248669325089
164,2.2203570007695905,2.1261281022497225,1.030296919079413,0.8521920144776499,2.099583143430479,2.2016630972472355
165,2.4608714344180953,2.3673031691835145,1.673535537690198,1.5310148810367763,1.60690365366758,1.5910255592952756
166,3.863453862562437,3.7144440479312246,0.9960244306954104,0.9423890725304714,0.045036197070307815,0.08753936862792816
167,2.4131751282826075,2.2391652499217196,0.20539816933404648,0.16431246670730956,0.8770624063791567,0.886878655943276
168,2.445383818916876,2.5541071360392564,0.25181578712869324,0.36087770428027555,2.478740177939386,2.327307309519637
169,1.5464275872006228,1.5246986549446844,0.278268303375503,0.1,2.658032722888874,2.7480744175578216
170,2.4316166484740247,2.483091500055945,0.2832650190602204,0.2719899374243457,1.73608868677227,1.739561637324139
171,1.5748429544726739,1.6708635952496258,0.9647064720978576,1.0868681781760625,1.8448203102708904,1.937929580787888
172,3.705348369698082,3.9749422435634516,1.3943924419405547,1.4135921019233815,0.07443771500412322,0.06164408895863637
173,2.53643376867724,2.3131863397436785,1.868156021556257,1.483229084587252,2.426738861137994,2.668557567624042
174,2.3288257780683637,2.3233010526037186,0.16401085310510782,0.1,2.8320963812151927,2.9726900505774654
175,3.832994967922353,4.0,0.7386416503276587,0.6964749905895116,1.8436728685688224,1.9850878670327068
176,1.9960558604714977,2.0553668646302867,0.3325418807012407,0.3927269911104465,2.570620937093408,2.4755612333767605
177,1.5042051318551932,1.5,1.7807645725004535,1.781326221824988,2.9644540982123218,2.994565839346334
178,2.1815023749622244,2.074015275708893,0.9493309222417754,0.8797284008981249,0.30620812185778157,0.2778846879442807
179,3.6523033518057275,3.485169750570933,1.9313786341310613,1.8341795920291692,1.3757706159515442,1.3661540364266034
180,3.9106547947000943,4.0,1.281718208194249,1.309298266622053,0.4409669734510091,0.45914024423598604
181,2.780431653330578,2.669667923500876,0.3329157812724216,0.1,2.4644388922592766,2.9275193333201224
182,2.841471627395099,2.8300964216595106,0.8252461777938112,0.8330097697619044,1.0449153684484136,1.0084396510083982
183,3.5552936716841916,3.5600494171660677,0.24828240298505316,0.24480069590663442,1.3069337267524785,1.2628784003517246
184,1.7359289602072594,1.8099728638735502,0.9347917647405319,1.1075227880606404,2.672691944079238,2.6611829158486464
185,3.886828768392375,3.9457810304797616,0.6043483238700453,0.6198179436422351,1.7560003826246144,1.7338698059208957
186,1.5687153348920513,1.6612664640683574,1.0190633620708074,1.141831314363957,2.8944724151997807,2.7501029771007013
187,2.3427082611357304,2.2973008693297268,1.4282881946759904,1.4174958320505044,1.4245968994819216,1.2670114458240196
188,2.9171044470140046,2.7984266817379786,0.6465173413592463,0.5907356325240751,0.24034390100009972,0.23834598425754602
189,1.7051175165803705,1.6452564529142213,0.5248560970513406,0.405129489293279,2.819364567719969,2.8662682269910804
190,3.2253175203593507,3.1146545499911475,1.0931765323147338,1.0021050645861191,0.7630905744143249,0.7946803044187636
191,2.9144407119300473,2.9038534399991613,0.7704737117017068,0.7745253797449168,1.2816225974011362,1.2882920040953094
192,1.875660065243761,1.7898213956461515,1.8448597179016617,1.6189412047667762,2.3827734194154324,2.3960660596637817
193,2.3926944349256702,2.510128622455906,0.2191577691220302,0.23955607801231388,0.8651398467838082,0.8380463698070416
194,1.8359294163689086,1.6990455572716612,0.8395236816113895,0.7443966712962734,0.5907948369220853,0.5611744372316771
195,2.853260613353596,2.753689209435157,1.9778453658858621,2.0,2.9012152384019947,2.694777957202812
196,2.6477884601692656,2.4801201504993475,1.7198792071222715,1.387668678080556,2.700002766657208,3.0
197,2.0075792692237204,1.9660798971200488,0.551868209929035,0.5106595505782169,0.001661952234536912,0.008593300464508357
198,3.778176294044662,4.0,0.5660258429751556,0.7431243146963292,2.929442275933005,2.669272898810761
199,3.466630049500576,3.5349970922360328,0.11936035693434448,0.1,1.3265520272476146,1.4963118392626045
200,3.875369827494863,3.89934820038473,0.3484049926814991,0.3261868530710956,2.536369687842436,2.58048408013547
201,3.3861145100189294,3.357879681430045,0.6957005690056879,0.5337708760076844,2.649196608011325,2.9950125545024044
202,1.971689347314608,1.984614633963897,0.47554997494996,0.4519475695670101,1.0492030642455434,1.0292155005506558
203,2.4424240736350096,2.524155724094924,1.585630391118347,1.6920670608861657,2.4920683880019614,2.440657771527103
204,3.4782601726034903,3.555485897510517,0.5591442935881407,0.7823042780938388,2.9597678580810713,2.5270512664041096
205,1.9884124936224565,2.1968979746178503,1.3698846539341545,1.4530482166386658,0.23995960365884272,0.22136548262291
206,2.888075417280573,2.7068673726697243,1.7067385450869776,1.558207602421688,1.1720690842485006,1.1866281089534672
207,1.9133904408763889,2.0195209384378034,0.9375643279670173,0.9613936983980257,2.0724160782552405,2.0942318027294005
208,1.8969914778864387,1.8665386923976492,0.2273940196733588,0.21002303637765088,0.9406816354587526,0.8818673064250964
209,2.1258738286872356,2.2511814665962615,1.1834486623428728,1.2278602063880097,2.025139006201924,1.9597923602514198
210,1.9393087025879994,1.8691781935684944,0.2468586046419774,0.1580099463746007,1.9521234888295345,1.939473751512952
211,2.4139890870426135,2.4627749137590915,1.7927604241390163,1.713170926819666,0.5422370674864082,0.6326017337103148
212,2.8397854874605377,2.971997315959645,0.7511552931979408,0.8136693834883085,0.4379235938656296,0.48314557051712376
213,2.0916727225535485,2.084719332630541,1.8605098047949862,1.9018622008928219,1.1766290942443551,1.1296463966208898
214,3.9825854749658802,3.708669799402797,1.8386496114395703,1.7294216186155495,1.402419474947806,1.3981023285117868
215,3.025071459731874,3.191616213053044,0.7064549184275104,0.7412309952185515,1.7960826360560311,1.8038393243405972
216,1.559376265714698,1.676189945923337,1.2527597878117902,1.3340030007974886,0.8365382505054149,0.8151805849332445
217,3.1296568327657246,3.339533562891257,1.0206447569433281,1.0340237946565074,0.5425196949246853,0.5076056099181397
218,3.2140632441736523,3.2740650015326302,0.47233133289881135,0.5430773449320531,2.1032809030377733,1.9419923561519281
219,3.1027289880466355,3.2978009209631516,0.6648568213864641,0.760782976598643,1.7667546656092767,1.6950152286018478
220,1.6904730282058376,1.7917820650229894,0.37392623039112605,0.1,2.4392201490747,2.9421787295926847
221,1.9875770767808916,1.983268164542468,0.7278491188235579,0.683084449255181,1.03946315312287,1.1128054046022717
222,2.9993447048391904,2.98349085450836,0.6102281871469204,0.5893766611049193,0.2736825419249569,0.32993801595561506
223,1.5383731544876462,1.5,1.6175695061131192,1.5086278516254445,0.1997441522101603,0.20232077363339332
224,1.7594186894111772,1.757036623516397,0.33787385716292906,0.22652520696848663,1.4959099307360046,1.6428158145425207
225,3.4175640333949833,3.8741918319048563,0.29343236491660785,0.6146781693836328,2.8567466521268035,2.3078411968077734
226,1.907344787309985,1.9900835175835672,0.978982770930441,0.9855579845547537,1.39917505659268,1.453331888844879
227,1.8787703231382855,1.9502886947641853,1.0670781909978935,1.1049400880288966,0.8466652160607947,0.8645406907131802
228,2.5307579014566004,2.652711663990584,0.3837164812217694,0.4039437430946081,0.5153639858147125,0.5514807066949708
229,2.275669294871566,2.4027548547710778,0.2589409424400797,0.24276734219902035,0.8131296750799104,0.8400300692191902
230,1.7315150016487777,1.7881917756307615,0.41226787584235414,0.3780764040909743,2.112636969225993,2.1478559265649793
231,2.767869999624691,2.6264601903007923,1.7818988589851057,1.6637078066785773,0.8557348301756267,0.8351540137794184
232,1.7992855126873941,1.9442301962269453,0.4360466999637763,0.4864864419723649,1.5519300104601925,1.5425899717676335
233,2.8591180001086896,3.0272272755505867,1.4194313920521533,1.4541833946244755,0.14981901296426914,0.13861863569230473
234,3.8270083149807728,4.0,0.32054937570750697,0.5306165620992567,2.8936218687217297,2.4728406563608947
235,3.1395835448220955,2.9947800310825095,1.1512114687182453,1.013679577762708,1.537148987029731,1.6803156367176566
236,3.513274612213338,3.561185910585309,1.3463325774419042,1.3718519108724136,2.1635211001703807,2.1538243448737773
237,2.872075764045529,2.7921905350075336,1.834297827189798,1.7101986508460791,0.6068399248392081,0.6521100470427231
238,2.1315738718057373,2.1181011361659365,1.2844891137427645,1.181205494747503,0.9460098419453654,0.97604099808647
239,3.899551601352776,4.0,1.3781939009472821,1.3937571441244603,2.729705119449011,2.7366361097912253
240,3.8514239276234656,3.8237013558228945,1.095197460729137,1.0973610378697674,0.26075922922078754,0.2629464496000179
241,3.895774390128748,4.0,0.45840186647625625,0.7708594053304667,2.979932994173347,2.302774385342255
242,2.781453459241854,2.7528822193742797,0.9513313016776125,0.8886492891035622,0.280932621986288,0.3111761658484491
243,2.8693491671336457,3.009563952237547,1.6631271335821767,1.6528526564978483,0.33045495626607213,0.46307795480664066
244,2.7498056228816994,2.804166917252168,1.2922310413121514,0.9856771873070775,2.555449182431846,3.0
245,2.496385758267096,2.5019994913288004,0.5779156848132299,0.6067091945276943,1.0400383331974865,0.9498705887794484
246,3.6471329423669854,3.5417152606851086,0.9256286405606089,0.8791587869783642,0.3960688933344496,0.42975154856918146
247,3.9002845184610115,3.720803670345126,0.22519882359855753,0.1526573442724545,1.6521923051640728,1.6874781208356782
248,2.6652726448378186,2.6857340348625622,0.6100010064296709,0.6827298892387489,1.4993232204878395,1.3415449947589495
249,3.773384322884799,3.9959947371689517,1.8593149239708044,1.8401058799484145,1.4042651564499349,1.4909518547032363
250,3.9586409478079516,4.0,1.2881064773522446,1.2072644027103574,1.6729969419717632,1.7437174087585308
251,2.525392086892478,2.6491936879426663,0.9000361850024253,1.1079186912307972,2.777627237524797,2.6892423306987534
252,3.5684706015451133,3.6673782865070885,1.048615423653497,1.2321181115892585,2.2766959954157375,2.0109950209732017
253,1.5585971448492015,1.6121253993088305,0.37675347249293656,0.38332365108992744,0.14199618489052734,0.15770578158930265
254,1.602008704631765,1.679069528142968,1.429543791689546,1.5266783760487275,0.5860336413511879,0.5586044169568136
255,1.7729407345563641,1.7216133169963848,0.8058326497945515,0.7237432568777755,0.9317892154809092,0.9798264941148488
256,3.2061729996193136,3.2816142341612244,0.9223811381083199,0.9784239078463925,2.2707043102621,2.2081870159307857
257,1.959169516376642,1.9752252982132201,1.5080863867295997,1.5561301073089544,1.3832056903731238,1.4531400928731475
258,3.4623034286132626,3.745593499809895,0.6631053931433708,0.8981185656810556,2.2197306461653104,1.9705667294053097
259,2.1591084413344754,2.284843100348894,1.9234997639539377,1.9308669199249147,0.5334895262938112,0.48248480444763886
260,3.4498419293605904,3.5532528319735692,1.6915097742701628,1.6938667137764514,0.7384482162684901,0.7446273327118912
261,3.0420063774611212,3.0526898908181317,0.9924008983089831,0.9635962168897849,0.9542750943605407,0.994433949370005
262,2.126546716153332,1.9788830359282494,1.4524007913641643,1.3598922836714709,0.16816897268406594,0.1722716117048032
263,2.049947308020635,2.1632546340445202,1.4447831074562767,1.539792946765388,2.1815254016091017,2.1372371156305916
264,3.6141882151279496,3.5065028007007593,1.409821012799885,1.3391932821817634,1.1554247730285732,1.1858166891180608
265,1.6752483702007264,1.7427123276954795,0.18542905634319629,0.3334405370442375,2.5353009411554384,2.4468692549995574
266,2.0985079640823256,2.041996460058906,1.3475475620508284,1.2608250506007084,1.8907752738314945,1.8249331655034249
267,1.7107458254374515,1.628764017584059,1.7039828025672599,1.5733029309537974,0.41086297933307536,0.5014071938518012
268,3.564100013244436,3.5921900374882556,0.9426584201412754,0.8906894182943271,1.234573767370063,1.2060044758259425
269,3.5579469887690736,3.3839455782949344,1.8550475178894599,1.751786196838787,2.2461673495333936,2.2341029612383396
270,1.8768195334920068,1.8914736673188246,1.7777671826818917,1.7790519637709568,1.4770296669361107,1.4799371364516747
271,2.7260720129305316,2.853987420637442,1.3245697833144747,1.351705311182605,0.7327484488818313,0.7152911602743632
272,2.2182069931820454,2.30470332427,1.0341761424701108,1.0412698126742994,0.4572112128014666,0.4849543591438254
273,1.7337907322092379,1.7964186863239031,1.0852735542780767,1.0867507042899351,0.0678361292384202,0.10336262373759994
274,3.719530726991497,3.48644290766821,1.1335389341649007,1.0425182417476364,0.18924969898989996,0.16727574234849646
275,1.8715367925242263,1.9167258329026884,1.801465430556,1.9853525839698187,2.7920745121154527,2.678047836456773
276,3.7976786553963175,3.984907373403976,0.6444704735733864,0.705979946372055,1.5592764476908598,1.4697775974726135
277,1.9539824022965235,1.9857055019647507,0.723004438807371,0.6369140330996466,1.7324706776016634,1.829866615825106
278,3.3074237856272832,3.1276900655505733,1.7951323504792693,1.6093327163417723,2.303535818390648,2.365143207043833
279,2.014653332285447,2.075016990333954,0.7453437212141772,0.7404609752279,0.029016555581281356,0.038431383674664116
280,1.625584831150828,1.698834218072475,1.6788438846150007,1.7417647800993887,1.0120757995762875,0.8886425037651422
281,3.33984259285939,3.3495470874493405,1.2437728403270547,1.2497714388536685,1.2710468499424787,1.260598938536169
282,1.6643425796778675,1.6865447549919137,1.867874518591551,1.8022725864476716,1.3034007777581103,1.2412847424973688
283,2.9615361399109403,2.9570240650750446,0.2886398671142847,0.3736398694508635,1.6056903009477197,1.462591775703436
284,2.4693645684831265,2.608582206141412,1.40896858334072,1.3499423320868729,1.5814524967263233,1.644978859125109
285,3.051465183494583,2.9866824095863564,0.722063670646479,0.7380008082833774,1.0568154137827959,1.013014745339544
286,3.3623766128511505,3.167636914895276,0.6927284136446485,0.4845943051713687,1.9514555000842453,2.2063415386813077
287,2.4093581932815304,2.220689899290037,0.6334713659267696,0.17924029717563056,2.4208568753152058,3.0
288,2.3134411732525333,2.3575626489713453,0.803979665011873,0.7878296875435435,1.2795935322098844,1.374413494907199
289,2.229511674678253,2.1232479942014133,1.556405047333722,1.4939157731634163,0.931943402606611,0.7689656645594937
290,1.8701432137106395,1.9240508008460961,0.1265800076642092,0.13355322944836465,0.18157873151704818,0.23207035139355572
291,3.94331938535122,4.0,0.2997472210758235,0.3005979691315847,2.613415058130716,2.5690723376381035
292,3.549177281346186,3.5100922236170877,1.4615857822360792,1.441763614750611,1.3517647265759805,1.3273131668637823
293,3.01013528821865,3.0708927701420157,1.0927890181147093,1.19323961182357,1.4922978176241994,1.4009213542222199
294,2.800755789540198,2.8176705421156587,1.8164746443021385,1.7543312608377477,0.27349362974108715,0.3577729362201111
295,2.3973329955955602,2.6646688556779687,0.7528937276285833,0.8199383836521896,0.7021055424016436,0.7517579224993374
296,3.6313983214084056,3.901426080048675,1.7383713931992242,1.800583636937521,1.0660091045357594,1.105408018478908
297,1.828750305439387,1.833763300322472,1.373092205960026,1.3474768842735083,1.6069426304343044,1.6341228663311949
298,3.0998369460698036,2.9230321847696588,0.3550071262981723,0.30601396900218125,1.4637364282352454,1.377578657795256
299,2.879955991787747,3.0518298114506077,0.49318748776113397,0.5292064089093496,1.3894178260473873,1.2949059312146955
300,3.6699679366300577,3.6561672461264245,1.8280275184490156,1.8298279261403356,0.9625695480216743,0.9201143347942952
301,3.3958465382358876,3.3430897587144357,0.5667106967319973,0.5274300860594264,0.4945834090464928,0.5423273930355414
302,2.7566483786152407,2.7924865169555275,1.4357110770743793,1.4290482199469654,1.0230668386533792,1.0125015823158718
303,1.9632053084263301,1.983104366090878,0.33085366319619447,0.37508592828133097,2.071840766403948,2.0737841883637187
304,2.873988007708516,3.0928005360607456,0.6021409564212098,0.6765239344514401,1.7685887010477652,1.7260660133977377
305,1.747935579752816,1.776428501800009,1.2246040343553168,1.177652505286611,2.439187673489072,2.4900942458018047
306,2.7388835947553956,2.9459710807795685,0.7124681341326808,0.7353388807172335,0.8868486486516857,0.9157922266072126
307,2.6242637396564397,3.0115539584158344,1.0780504134093827,1.1551006789949454,1.04961840515486,1.167409098513136
308,3.3826628189727783,3.2577386002358244,0.4410728308973939,0.3971460287549423,1.0850640711627273,1.1231605488971537
309,3.969797670463428,3.829326962836578,1.1938602418407689,1.1362098944934758,1.956348371685019,1.9634339521557
310,3.881223269722354,4.0,0.9481234702994186,0.8800713418301135,2.0084912130293464,2.1029580520988094
311,3.5867546718107026,3.5740201096633357,0.9761629640567601,0.8982229941733613,1.2575822320923895,1.3118575745301537
312,3.4743295642717618,3.3275640046312254,1.0982612410710795,0.9982930074785571,2.579544953524315,2.5806558899733614
313,3.2732792728188036,3.2643559148584047,0.6586436078057211,0.6826545095130434,1.3799518126316745,1.3711385522865704
314,1.5771190497787968,1.6079445687536282,0.45025072677417854,0.28124326991729065,2.113750635280092,2.346964670772993
315,2.5188469493503547,2.530343155866651,0.9357957582426325,0.8423848467103641,2.5026199735886516,2.575384733819681
316,2.5422602690958325,2.8164314641525907,0.1522133717582097,0.49932269296157444,2.8632777601826813,2.4216905524101184
317,2.7372425482992355,2.8720454617212288,1.9256927616519863,1.8968379951371794,2.89478621256644,3.0
318,2.7316174348512954,2.5873922369298743,1.509067418568252,1.2854674043535437,1.9462362059811125,2.104477782564595
319,3.8428625010409374,3.800077552591455,1.181533663039995,1.1823104823229293,0.7242862801168333,0.6868533741703657
320,2.390214017657358,2.361652770937962,1.7464899477901425,1.692352449138845,1.7567354534042452,1.7477435531961685
321,1.8721770591171967,1.8983608746396976,1.3854143775334118,1.3407651969725802,0.32061586816098653,0.3081651299280372
322,3.7599834798127216,3.757365141255677,0.34970162603499955,0.36977657004975906,1.392611622088197,1.3300839862328295
323,3.483212576245929,3.3186088319571945,0.2631315476598249,0.24007374853857813,0.35099040836000805,0.3561839088665796
324,2.208577503515367,2.3344970221038577,0.1597685628859077,0.17563048334719555,0.6353906580262397,0.5845384853310588
325,1.9076750125715491,1.8364455455272595,1.8697575305124852,1.740004552768727,0.2935972347068425,0.27226533799831615
326,3.495938508827153,3.3355343752562225,1.1192656618903989,1.0172657310714146,0.5789323724733025,0.5429938554676021
327,3.4435296090033614,3.689936610912685,0.6905221759681682,0.7744626288765334,1.8332780455090845,1.8613065523183219
328,2.6803453341659766,2.5347648773249105,1.3469126357452175,1.2433977830178813,0.040242979432190795,0.06239416476765716
329,1.5010676951257773,1.5624686741482454,0.9298438850174161,0.9009432135211068,2.2662225303597987,2.396799179997616
330,1.7849844469887275,1.7588810348933412,1.0149259874309418,0.9768050415759104,0.4757177187890629,0.4891978666769778
331,3.2004019680682387,3.311808721434799,0.5380166944788443,0.5715768002330625,1.501612716717823,1.435652395709281
332,2.04242387856565,2.163056167403196,1.6619236681279128,1.664397258830027,2.1101986380725615,2.2439067043990413
333,3.769701717162706,3.6637824403225907,1.2406501190825039,1.2041217798782775,0.21446630069967676,0.27081556463909956
334,3.442397774490343,3.3506331822922557,1.8045901094511012,1.723865972862335,1.5260125052445992,1.4726801102705047
335,2.481613342993019,2.327028814148958,1.0556805640103897,1.0083614777229248,0.09192057385809072,0.039614065293320115
336,2.878316733893431,2.818675903976496,1.586388629100427,1.4874146012530827,2.0873549578190094,2.1572147092225467
337,3.577945041091973,3.7268787694014804,0.4369066330206549,0.49049557011791217,1.6017270089877864,1.4837158978518707
338,1.603527079284064,1.7049240409148803,0.7262486979656784,0.7593013886271874,1.1203209067301239,1.1163396435233326
339,3.7742060685302072,4.0,1.8961535848019184,1.8580613567330073,2.8137901724636993,3.0
340,2.311829923792741,2.434532552629142,0.2458141874040396,0.27019091977999876,1.1638523328759305,1.1906825086926303
341,3.4693923205732893,3.363030661942398,0.33187455051779813,0.32152607476440187,0.6655572973846958,0.6646076474295356
342,2.604784342290807,2.6039936563070714,1.54900927179845,1.5284162721890018,0.7327528683180063,0.7636814650026469
343,3.8799183274127573,4.0,1.1382385291090171,1.1537488273564331,0.5131158108682957,0.5491395304422109
344,3.2154281202087063,3.192095265658323,0.8240432383869231,0.6912537259681795,2.815017088093923,3.0
345,3.890337246964271,3.617590584097437,1.8487269443760388,1.7472073742725,1.5378344239211943,1.5223557970639328
346,2.1446109991967295,2.2596313095147527,1.1709996997346446,1.2145708443190983,0.039348235277559485,0.0
347,2.8945255198239943,3.1638685397719017,1.132092857337329,1.2413275564172574,1.173363263866936,1.1435964307894575
348,2.7716133544008237,2.7969166250504354,0.12395640564519017,0.14961662558896888,2.367147085461854,2.3237275027162028
349,3.299288813440426,3.050165211835854,1.8502036795132029,1.7281283727256715,0.9435294730215973,1.0511888876951359
350,3.644679120307245,3.513408522248262,1.7713817718945986,1.7309908966335457,0.4459554155931731,0.3898506670077265
351,3.6915339719279436,3.85595462006269,0.8677081370903614,0.8862737314416219,0.12186494437359285,0.20426278338845136
352,3.09491938351581,2.9504051310719186,0.2728255244526009,0.1,1.8007577846286649,2.0991172402580873
353,1.659058324668363,1.7245998428540483,1.4137003586358425,1.3916078752923102,2.777214401558131,2.827227781541834
354,2.1540241562541995,2.196531728156771,1.9094571924356367,1.8079141776138303,2.8239522459007036,3.0
355,3.4856210989911025,3.4177209251914062,1.465588595788964,1.3545325257329528,2.9196605863552314,3.0
356,3.8351758686739745,3.625822221813739,0.7541095379975756,0.7221456651289331,2.078351028304089,1.985571993645881
357,3.3680221929953014,3.1461843434160457,0.7552391769957347,0.42562566752626885,2.499681688135404,3.0
358,1.6126993355371508,1.5197414155242441,0.5957947094345977,0.5232960353847885,0.7394611713653629,0.6518028749737222
359,1.7885080456305822,1.8553546977153694,0.15549103462929298,0.1,2.404739533252444,2.566469828735993
360,2.5785549471065288,2.563751228567464,0.28773892107038757,0.30911439216331277,0.90310256864025,0.8212002882290063
361,2.239736684127763,2.409721319950801,1.8985447558609954,2.0,0.7884712054960139,0.7586154664020978
362,2.966065551323915,3.3655479686234213,1.7679593069382988,1.9341866871504807,0.8796690110065407,0.8944424749774675
363,2.262436782698227,2.3045749190734157,0.20110091915029488,0.2339693738382064,1.3607309253886566,1.3233653176817644
364,1.5410750908790811,1.5182917697875218,0.5408437940109498,0.46308726669958905,1.8688490168641743,1.960739483457392
365,2.490535672999363,2.38898595062626,1.1597053964128745,1.0874287382197394,1.4402616833459105,1.3701931151256723
366,3.7546028721658997,3.5345992263334924,1.698168521612004,1.5879776378989103,1.0947035291947664,1.0968641600733815
367,3.87022811810621,3.764976677998755,0.48854615242362265,0.45540247849021864,1.2404874767618714,1.2372172503289272
368,2.5792062717432707,2.5285726394786936,0.4687969918694568,0.42270923735200566,0.737789730804157,0.7074940104339335
369,2.560672292809075,2.5723728397925876,0.5131093220042137,0.49342852227464007,0.6215221465864432,0.6182941731855577
370,1.717993919481304,1.7999193976497476,0.15688911256383792,0.1,2.1896989876868536,2.3742409678247425
371,3.061886193523635,3.172848532491988,0.5496457067184405,0.5677945842896633,1.0553740484153065,1.0313636176703025
372,3.1140698599664995,3.2673254985431166,0.43427997535751584,0.4461316709946169,0.911353058462219,0.910342323687938
373,1.6963994117092527,1.6492369014145227,0.36135964631591044,0.23767842608503373,1.9298758950903243,2.029189590038537
374,2.2963029192357296,2.345764039158884,1.9822878711600362,1.9637884039863447,1.278072811179524,1.2789572268714644
375,2.5346119708978723,2.717042477668301,1.2793676931842846,1.5716935751534475,2.9773364679610825,2.751580932493348
376,1.9079664017018616,1.9020522860854512,0.402007087587848,0.33228991174274025,1.2272707214341207,1.2753044558197482
377,3.7993224548238396,3.7984496715805274,1.7476700481527543,1.6881911259332312,1.6761334267448047,1.683309599359104
378,3.764953272970788,3.940969901621462,0.8359052703208996,0.8767979554805597,1.2692793116463512,1.1701782909341634
379,2.3886968179348465,2.379251257588769,1.22700688818006,1.180404237756414,2.829369271177282,2.8430859656746237
380,2.6127618098069005,2.7058144220647287,1.3280749538982137,1.3877312573531855,1.426005698454762,1.3605637369908532
381,2.095216621367241,2.0526955942904186,0.8706327367938616,0.8692198373664394,0.6408431625713774,0.6970791134653951
382,2.6113001292493463,2.67436894989785,0.6778523103015739,0.6776808462074921,1.1589979742844214,1.1815262682975443
383,3.134470133996938,3.2007699679393387,1.5695598068135233,1.6318303962273044,2.3715238833482677,2.298418855462686
384,2.763120519074217,2.711938120551889,1.023193288328961,0.9097758705141525,1.1814711886305593,1.269914503723836
385,3.01033239251786,3.051577928548603,1.8939541517925464,1.8483898340295628,2.4330256174581826,2.5278344115404563
386,2.561413764744711,2.581761874164427,1.1734314133442052,1.1328498548264523,1.3256348312696935,1.2835272440606862
387,1.8767600262219362,1.8437834953816639,0.7624905149384966,0.6879766332212511,0.973976311763424,0.9604018848061731
388,1.6971027352512622,1.6962141021503054,0.5631351103370379,0.5594829455228092,2.396422317017657,2.3081761201646476
389,1.6665992466481687,1.71227583116124,0.5277433687963742,0.6050741587601554,2.1176054431642664,2.010917616755101
390,2.6279539140777577,2.608406381739491,1.8737428266123641,1.8050096714526929,0.014589802601035151,0.0
391,2.2524915771725516,2.3289422605203884,1.361228376518698,1.3439815013261758,1.6371892870305995,1.6196785941855096
392,1.5031493744383844,1.5,1.7210046984723235,1.4567301267749202,1.6075114865119065,1.704309861037852
393,1.72655197678837,1.7247917281476728,1.6510776048036064,1.6575371643735337,0.546091046109635,0.4836207252420611
394,1.819351260868791,1.8313228641471897,0.38752331656567396,0.3307361175571765,1.0344732984535625,1.0929256424517606
395,2.8000405153771744,2.7853996959441476,0.6543972492044218,0.48468726291153097,2.738675255541744,3.0
396,2.1810599916075883,2.0344488364147257,1.5568591115671055,1.3765303685366048,1.278588144952447,1.237268254530526
397,2.5690247939661566,2.639286374099456,1.5138933989999428,1.5045031317335822,0.6161140036819848,0.5583543614827915
398,2.1622962626218105,2.108500771993656,0.9686971653669139,0.944842422862041,0.8263111377428622,0.7823081815302689
399,1.8186906967161454,1.9354415506046714,0.7030787759341213,0.8051813979644012,2.503237589046584,2.599166362241102
400,3.2629259465450815,3.0803805349937905,0.7725637000506755,0.41719283190088247,1.686012570332767,2.267371309559238
401,3.7459608016508166,3.6173757123981085,1.2456251916224907,1.1440193986814655,1.388893788546135,1.4200861502744455
402,3.155165774899823,3.1059524116528494,0.6835302663690748,0.5804790888898528,1.8994067143177453,1.8925456469609279
403,2.08810969126774,2.212510862469465,1.255777031770541,1.1690519068802605,2.675263355469138,3.0
404,2.0768234911193613,2.112892839749281,1.5619234403541546,1.5726898939818297,1.4800351384760906,1.527325586528544
405,3.1266535298372875,3.276427810405516,0.4556784183231197,0.452539217970207,0.7148924974743625,0.80227874736542
406,1.6671699505208089,1.7312039972799402,1.0115217334602908,1.019090265706579,1.751582355832154,1.8443509304606753
407,2.847764461552914,2.760150822993494,1.6429406171291119,1.3398367983017416,2.768017484276624,3.0
408,3.6491028704989787,3.903973459765392,0.2781125670618001,0.3491616199557168,1.177776708435884,1.1127231154655917
409,3.375329138983671,3.47850753054054,0.9035228623421955,1.0993407434258853,2.8574086010102446,2.6061445467748383
410,2.8230038699811884,2.9650444638378888,0.36015147084833843,0.39006188654905966,2.5140481210586305,2.5802890315014055
411,2.1986422174621287,2.337727346017179,0.9657270065714887,1.1543510857950676,2.8682722112891614,2.6364907799285953
412,3.5943235603990513,3.7718875497538598,1.6075854267792349,1.6652696892608747,1.663888445670241,1.6803502850560523
413,1.727498010547936,1.6816057789442511,0.8287550363406644,0.7519375648416338,0.027070144652562078,0.03408821429692986
414,3.8424699215312823,3.8076235835378642,0.7255016562907948,0.7468991307200544,1.5434655405756974,1.4228350505886107
415,3.746344579112062,4.0,0.28363003012866006,0.43564080732429195,2.0284157834506416,1.8291910413383825
416,3.1873243515847487,3.069514007626438,0.917431213060989,0.8620289383588724,0.38307393247519106,0.3261087750968244
417,3.2298021644565784,2.916835630000703,0.7034249230524118,0.3387381373942332,2.6458361028862,3.0
418,2.6331231225376994,2.7299460901415586,1.6630684615514377,1.675147600821492,2.845764675459871,2.9711221787822577
419,3.7105279884895683,3.8518419592509385,1.1723970994573394,1.1798736591525407,2.0268725041042455,2.0503642175310377
420,2.9484919123391835,2.7544651765326362,0.9433976602446095,0.863643337548267,1.4141155129401413,1.3085533847712547
421,2.867593990823008,3.0319327253830113,1.9210392439271644,1.9428414813722061,0.6838374647381451,0.6948718336756966
422,3.1126209691727973,3.0516406759438843,0.12659868835550458,0.12940788508109244,0.9121010344704708,0.8691047819213874
423,2.5202597256786583,2.5225263421645883,0.6772670964112483,0.6733098585595516,0.09386891873667225,0.054650414621156745
424,2.414063872950338,2.3043449562669975,1.8457104015625432,1.6911946316904425,1.836125567622656,1.9081351620790739
425,1.5414310916741036,1.5687909232520552,0.7312930555097109,0.6899184663964884,0.4957422927303642,0.48734322308246625
426,3.821379565017338,3.8168167863879483,0.5709198582682198,0.5491217269360311,0.6145776588771336,0.6282913766068245
427,3.8262101578895757,3.8405124231115475,0.5157486370988059,0.47730605775539947,1.0355255198858044,1.0978141495314948
428,3.016433607004173,2.946682360287899,1.0073835824766926,0.972969692192079,0.44388074315872283,0.4103733349167193
429,1.9154635490571137,1.9243207528476964,1.4776262689996524,1.446211081861295,2.5210745159180656,2.5062609067426025
430,2.442430226739506,2.3704867252491546,0.6978619804835876,0.6358592650269307,0.6788658224339509,0.6249114540738396
431,2.5254261757244842,2.4470745998672476,0.785866004164148,0.7630312405748686,0.5101037681881646,0.4975328633612584
432,3.0736131745189725,3.0804234581704186,0.275791264026329,0.2556461375814293,1.9933992513157057,2.032682239676028
433,3.205866546109366,3.1657029653385953,1.210880669793757,1.1322645611582127,0.11830705186638546,0.16528693009133258
434,3.7051974661615588,4.0,1.7128272327249146,1.7704533352009444,0.12023854841898929,0.1507143664875325
435,2.0548346084027314,2.0421366488784733,1.0070455113405627,1.1115167445768754,2.683117628858505,2.521255567982942
436,2.9990585293518732,2.8093454411866756,0.835638343310426,0.6714927388209434,2.9110265924154763,3.0
437,1.579686324906672,1.6341605476768102,1.3528678065070192,1.3745858836013203,1.14579572328789,1.2838170893005396
438,3.001501981062664,3.243899759947249,0.6437264444771951,0.7676648012112095,1.7026708300605085,1.613665277913582
439,2.072583973817525,1.974185906888887,0.5619982330121457,0.2115872798581768,2.3268581210535952,2.685627029707283
440,3.7454210159960097,3.783637766135585,0.7103039326232554,0.7598024380227503,2.0413214839569194,1.9518786247875821
441,1.730861937014319,1.7305088533021378,1.7065923020028737,1.6678911235590896,1.2132190603863764,1.1993887053044276
442,2.339364099061076,2.296990277789866,1.1805624471348397,1.0189593807195216,2.0278004598897357,2.1259530367697668
443,3.6289905748626943,3.481778926253917,0.9395430699714988,0.7899252143754096,2.3328504825426615,2.4137777047664186
444,2.6356227901163463,2.8008060684199605,0.31847717393847247,0.3560011228019016,0.34069213575470814,0.36670447046414995
445,3.7311769219310973,3.5627699539559297,0.6902607735464238,0.5127416223162929,1.9321176268578797,2.1667873112417873
446,3.098310736421462,2.913122532634784,1.9790041405784455,1.750877859179406,2.340674586876208,2.3672518368618234
447,2.5374136494203032,2.42899097841814,0.25927919735444255,0.2473621442856112,0.4843169213438534,0.4343255709902813
448,2.6103829705584403,2.5153507396378996,1.0151807667214283,1.0495509080994496,2.3444218452836014,2.1364848824131153
449,2.981765601379569,2.857840143906848,1.9114221870490526,1.8197853161651731,0.8595749391920214,0.9195617445667257
450,3.9221995592927152,3.934821848189057,0.2689303957128717,0.16857165944272257,1.7920866365655495,2.061475682958707
451,2.6695108668085155,2.49499413942994,1.5274984224445973,1.4025685745752605,0.8352730296884792,0.8394551750494821
452,1.6277741165441546,1.691542474369617,1.6346584052667672,1.686669783466659,1.9379347361257415,2.108144915008025
453,1.9196946106198864,1.8911366033521526,1.8046385394139677,1.7713147136173057,1.8485038581896682,1.7517210640027039
454,2.6077136424408014,2.713541101103466,1.696534544698474,1.7512798198384674,1.7574680243855,1.7652121746563574
455,2.451952739570153,2.3750434107784675,0.24722355905555754,0.1,2.318942855515579,2.415561755584647
456,1.857568903245672,1.9417080353746443,0.21237186474959469,0.26414307316199376,1.7813492582994837,1.6665935835437813
457,2.9002318149685804,2.9317142920540316,0.4033549267671591,0.40739615895986764,1.5977335023038757,1.567160927274263
458,3.5389287085293253,3.7098049258068384,0.7935921514794265,0.8345016212673841,1.152679434515262,1.0474251296480153
459,3.6420515534235403,3.6288430127194227,0.70833207776414,0.7009056469214149,0.6310255589793098,0.6538252567307624
460,3.337368598980693,3.434282032627066,1.026534614041115,1.0329186313893728,1.1546857665142292,1.1171361013929435
461,3.6432400719331026,3.694974461575282,0.44443852939441686,0.45480835054311436,0.6036772224210978,0.5907072115124353
462,3.456631690192897,3.3984553989831245,0.7970070940827422,0.810456659584608,2.725968187801556,2.6118341586817575
463,3.272344510855395,3.083786777592126,0.27482744096275336,0.1,1.429729214290445,1.7111570643592688
464,3.9364783463766755,3.9839947635332327,1.8798813622198804,1.8674296478163148,0.4928056396069461,0.45538293112292094
465,1.7218752639677104,1.7130313207062642,0.934446368515121,1.0068973481339258,2.583574333395873,2.4047391486705774
466,3.9723124674502186,4.0,1.283436482939205,1.2743040075003573,0.030616477610705517,0.07371563038246576
467,1.6643485872256558,1.7418522592188044,1.1816506614778348,1.2025082528754552,1.0683806554778905,1.0831366897332249
468,2.053194556214535,2.0560426226276913,0.5112089368927456,0.4639094977559867,0.9397103829659827,0.9268252383347196
469,3.0919786503315603,3.1497434771370507,1.504796745998903,1.5206993034719747,2.0664804870293825,2.0042335223068104
470,3.5396772486299177,3.5042773741181685,1.8955163891201474,1.8154823767119896,0.5259514065163597,0.5048950208631909
471,3.3441744116624057,3.6460723068206016,1.8449153367024402,2.0,2.0352349444442193,2.046292512722331
472,3.935522800873555,3.7072183107504655,0.7339044729363138,0.46468484737093696,2.402789412345454,2.8032397652883425
473,2.194615800688518,2.2485531598335546,1.268974959301498,1.184693593648344,1.5740519510835145,1.6680279679971115
474,1.700939958672255,1.8319846269525657,1.996751111588286,2.0,1.4015314193985517,1.4010379460898101
475,2.1033043278694454,2.0357371623912934,0.857485461674858,0.982856212149203,2.826872493868721,2.6101999940283864
476,3.689608368049435,3.9058143663790608,0.3830478706789784,0.42133373471121854,2.22122659574163,2.181165695219903
477,1.852387044468698,1.9109179801059082,1.802132707634498,1.8144429067106482,2.0316609727628636,2.057729277247858
478,2.910566094606965,3.0617375013976385,1.8202973883152729,1.835510438983993,1.5309475627241915,1.562563262454122
479,3.7267456050375287,3.6903405158574043,1.9725294722582702,1.9460356909530878,1.4473236902839748,1.3707504743183252
480,2.2123260269975313,2.2117899284910996,1.7460852487997973,1.7292665271331942,2.386599277240343,2.3461415333523927
481,1.5767063273076678,1.6014242369939784,1.4720878800924317,1.4585471441449982,2.0599867904825873,2.087008290865189
482,2.2123843583320433,2.24143957384571,0.5765519899156759,0.6130912643078154,2.133597080276055,2.029927891966317
483,2.6047170299169378,2.7269608650505273,0.2616865404586403,0.3558927017568255,1.6828000320734127,1.5983261650871652
484,3.6624597534318415,3.5572875138120974,0.778153347240744,0.7436151900677324,0.25015241794576837,0.2509753612287725
485,3.1086735300807917,3.220600570570731,1.8535850676529695,1.8450445237415865,1.2514932653568644,1.3376312815215001
486,3.215685561698801,3.308913896163669,0.4685329117986686,0.4905025234289698,2.434041834444384,2.464464706871084
487,1.8852580892557502,1.8737757480543837,0.7698243428649625,0.7704284740045665,2.1594303373834505,2.2111313707340545
488,1.6525574556065625,1.7291188239138862,0.9813698440108571,1.0323295984821257,1.4830770392246868,1.5214544154390512
489,1.9364841286812897,2.080393293019388,0.4174537927365991,0.4947746240326743,2.5901999233100175,2.6335072729376794
490,3.9734581020408535,4.0,0.3542888413946981,0.35147397293868243,0.18835605436192904,0.1659485052529271
491,2.194317793306511,2.201763966499727,1.3160123884317878,1.4052522730526837,2.4686091699712076,2.478434797019137
492,3.0926385867755832,3.170193473826147,1.197356236184503,1.3637614397631912,2.6981497823066007,2.452579163463785
493,1.5784015123453663,1.5856199722532265,1.1810766575063376,0.9733452066844004,2.3579419164741773,2.5266819381985464
494,3.045639800631789,2.992282206628929,0.3889198696862285,0.36826538983358625,0.47200413876110947,0.4486373955800005
495,2.011188564616854,2.0592299957053752,0.42163623669846795,0.365829513052997,2.3194949289533753,2.4318086106541403
496,3.79122594396207,3.6587039773942536,0.7982672993101875,0.7552308775242742,2.4298945800127507,2.3062216338413988
497,3.1964406346224017,3.2270247824394684,0.10554490301457434,0.1,0.23754885854164598,0.2436247814007635
498,3.4053001530950153,3.145414649661204,1.2020805808724067,0.7601499950936437,2.427967057174719,3.0
499,3.2444124437144883,3.187234092947951,0.7414477251972114,0.6937065247081328,1.5387033308526856,1.5416121492206243
500,1.6442283867659142,1.6040737952151143,1.6458934467812232,1.4751483658603886,2.819412877248204,2.7832976150280273
501,1.8360440632338835,1.8295448138282788,1.1262363835430815,1.0907445880808078,0.8680744299404699,0.8557950075160882
502,2.334143824128091,2.2451625748249486,1.8476358219882703,1.7258471330802956,1.213546660741558,1.1734034254751362
503,3.900770348846411,4.0,0.4592276980255958,0.579094807043453,2.7356568579273652,2.5021977512471585
504,1.9585911728173269,1.9108942828489297,1.6779893719558772,1.4748234699427862,2.845456324431341,3.0
505,3.3139432719620965,3.702301264474525,1.4592405234898749,1.5368218385392263,0.11208515581537148,0.05481957685383233
506,3.882268528658982,3.8659349730607344,0.10614315690429271,0.10083463203007711,0.08866987214035815,0.0747121135177763
507,1.5590093390358386,1.5337918798384678,1.776454583823498,1.6247034358950212,1.96793328342235,1.9688415311269252
508,1.7494490963556173,1.673967323905356,0.8161120156751771,0.4364004945994712,2.5639966698111385,3.0
509,1.8017189340129072,1.8756565457198922,1.8261716083817703,1.7744408699281895,0.9988132322005875,1.1229428113157744
510,3.2425870981420126,3.3446435166839117,1.899350145291811,2.0,2.5061420997351704,2.4173977291048794
511,3.7236973839584655,3.3539692296390173,0.7185805469762621,0.4477522121296265,2.1763956127110444,2.46744017863551
512,3.0699313752833466,3.1176338446764924,0.9751442558016891,0.9836417485555903,0.6659623740423514,0.7282043233576947
513,2.4989606767646086,2.349895067043502,0.6142343533668219,0.5671333493259061,0.22842897282994168,0.24568640453962493
514,2.5821012181628085,2.783543309526517,1.1620129869700118,1.338920680961482,2.5677327658817477,2.471975874987557
515,2.3272815790227543,2.417516800272438,0.5006387992459606,0.7812700797409939,2.6101248875768657,2.246684489870821
516,1.9497195497849344,1.9366862327888694,0.966076518512376,1.1368853469235491,2.480114545975126,2.1998804656594952
517,2.2896229202549137,2.223934777559167,1.3497030764151683,1.3429687445845455,2.141419595653109,2.15105962952898
518,1.7668520140040154,1.854125066276375,1.303461995896666,1.351726404478259,1.3351643935717301,1.2910302698542053
519,1.9976115077617858,2.0529675543586894,0.31818410621555615,0.2802241747318473,2.781056785761797,2.911215005249337
520,1.9460633507770926,1.9853687937013214,1.9729518307181642,1.668716426830453,2.859026994895431,3.0
521,2.3388389001436023,2.1736434217491585,1.9161895402772922,1.7476659496302889,1.0689632898841945,1.0872315141164361
522,2.1786286202821956,2.048429935194925,0.5113673090515437,0.2733121830288106,2.250232157491113,2.3283487498612643
523,2.523382053773437,2.7791141412651275,1.9056422702816418,1.9857920882630014,0.346729797962379,0.30064149141327134
524,3.60638439077054,3.657471728479112,0.2884826983414239,0.30487043646449696,1.3042459549376089,1.2540215457947033
525,2.8836962154177623,3.1411450351818804,1.6111232973085798,1.6182074267421322,1.213142517377372,1.2725328858711393
526,3.3067644239849514,3.4621870477190972,0.7425025627187778,0.7439023507184384,0.3791595179058007,0.38806304787220636
527,2.001578766195622,1.9416200094347291,0.6054476777410837,0.5810477263099318,0.6225982636800056,0.5892823884353408
528,3.4178733795658207,3.2718240643475136,0.9530958944024882,0.8865180925537396,1.6787548824253706,1.6721254890283994
529,1.8360774067585344,1.7682456538750326,1.575875928261555,1.3250982970177503,2.966773535833917,3.0
530,3.190505175560925,3.2761690428839545,1.8224971308048024,1.8195952013766417,0.23134975000235625,0.29282067722328714
531,3.11397514689972,3.1552617860135137,0.8052983712994117,0.7803796483703405,2.071521294089605,2.021327523486663
532,3.1829795167848682,3.4858471393935497,1.7608381809072549,1.8405147816011964,2.487500492874709,2.5959164576213656
533,1.8447969160079318,1.7919218297562547,1.1024948962144496,1.0581892920094835,2.1950967908661627,2.1102803980808624
534,2.5995593139558997,2.315101218283812,0.9804035868100544,0.6287589595349252,2.895199535287,3.0
535,3.652388973327343,3.9045613505730037,1.1063976241035531,1.1947283203319405,2.952153521147409,2.8080575554662537
536,3.305874499392403,3.167908266801226,0.6369105904434463,0.5656448064267968,2.719776978918271,2.741936170245583
537,2.742879545455171,2.5670800761267967,0.6284318461643054,0.5482807237814726,1.0874152050852344,1.0758389409683116
538,2.7048049636670353,2.6013851479750505,0.7817848045785062,0.7141688391382442,0.5315200044596982,0.5236036910450098
539,2.24694868753069,2.333532053164765,0.7306396357647038,0.6934250831758294,0.17938756369838704,0.15598805076912364
540,2.1690613448378993,2.1230409877942007,1.055071279689699,0.8824375254537093,2.9169313755432618,3.0
541,3.4015366633478537,3.3616678760755696,1.6376436886035248,1.589542669078485,1.556506792362766,1.6060301826114536
542,2.652749876142951,2.606971518261884,1.2366398484265424,1.1920759268636263,1.3194223812919916,1.2988242030622394
543,3.027091117654132,3.049016876037354,0.5845122758211223,0.6161521711036642,0.4006422217565052,0.37477146391528393
544,2.8486208672138704,2.906145165582164,1.3437543293936314,1.3232291991846379,2.1724705200583063,2.2309517554849525
545,3.082987598274738,3.299753297092938,0.11081064076438746,0.12441725113350607,0.2042833093068649,0.19943174138143205
546,2.4380354606199544,2.3942962219313397,1.4141385493024976,1.35528414866694,0.23368413362743745,0.2731651340524857
547,3.7586998769988913,3.5076884360300755,1.9293171074451765,1.7598069279202087,2.9729011940376067,2.9556175533643745
548,3.7530151885694982,3.9244916100539693,0.8521680736634484,0.8614974666414793,0.27055708796788513,0.29161433802272635
549,1.9955265227877217,1.8282526034177646,1.8397208644481453,1.5775595359034724,1.325751813560728,1.4150142199815796
550,3.1400574265289753,3.0448292723869548,1.664385987278891,1.578898076667851,1.7059820806078758,1.8185095193686478
551,3.942379850467841,3.8669654421374147,0.1303044240306136,0.12231080990024809,0.2753754307132039,0.28447182134887644
552,3.9485600897486406,3.8726402737241066,1.8480830450677486,1.7953435925329884,2.1541854245583028,2.1647581257517072
553,3.8272042630946297,4.0,1.8809901215515696,1.8888580131438593,2.065870494037513,2.1228538813303164
554,3.926470484284214,3.7611250199457222,0.838257865234615,0.7101856248661791,1.8396458622439498,1.8828337719422035
555,2.138252118617708,2.0919743699542845,1.1288370591659755,1.131051879881251,1.6979309670104588,1.698204753148259
556,3.0998524690489218,3.0626590022683455,1.0956098711884583,0.9872986559344178,2.942568598045015,3.0
557,3.3972779361105205,3.597137233510358,0.45281141197117014,0.4912583769783475,0.027920304700132514,0.02749427813274774
558,3.292400287674404,3.242246402852838,1.2307543408087294,1.191843582575593,1.0137342979425408,0.9486063935499425
559,1.5579906670895807,1.5795180873160286,1.6157092342774826,1.5757202441447211,0.2876860762864808,0.31262796417421457
560,2.6871842600147477,2.6597562607708514,1.504176373958541,1.4440923278308535,2.0651077222806427,2.0764807602104183
561,3.2544335413685155,3.4604789029744487,0.8021644909086192,0.8351242193287716,0.6733759747951855,0.6713807515875546
562,1.616591616125807,1.6736243771737447,0.21548098673824553,0.3740233995093409,2.6244115492049773,2.4507356962799616
563,3.885572538802205,4.0,0.24448008952020406,0.27393608692976645,2.8125007364132557,2.7800406008542797
564,3.1750122270905043,3.1071372397753874,1.0916880473390114,1.1250304884479034,2.4746547946255455,2.3513036034587675
565,3.0204013284313014,2.789164547914145,0.5101968447203918,0.22463870758230153,1.8012685895769205,2.2261122932785438
566,3.4436397012240403,3.462658720304593,0.35420437366968194,0.4551210781030613,2.404056119298378,2.1864392991785424
567,2.63920373193433,2.695686474440142,0.7756042236104927,0.7721768845949326,0.5299326785017955,0.4667729071689272
568,2.3412378492661317,2.3902547246748593,1.525365969580201,1.5285264644534922,1.0831021588387904,0.9886781502911061
569,3.9808020524212964,4.0,1.0989181949279871,1.1202044774084745,1.2830314506454412,1.2942794917749414
570,2.1001518334613674,2.216512101018423,0.748652394619265,0.7894474098732558,1.4791817060111176,1.6099657100366964
571,2.160942733344067,2.1376334746690344,0.5912420109732467,0.581900673361117,1.5371654537046062,1.5155137622539863
572,3.1613675067348215,3.1352051885497287,1.9311232712095512,1.8574661913701682,0.2928997357705414,0.28594506132106273
573,2.024093628381306,2.090600363456644,0.5929704689587796,0.6930712602586082,2.9293256157563174,2.7731431401818325
574,2.403107508983506,2.320342108899373,1.8065841900039992,1.679755423209292,1.1540569454411505,1.2092256004876125
575,2.143219704353836,2.093169998842025,1.3434351816640655,1.1869780059838317,1.9420134007803402,1.9730791941514993
576,3.7005583343520945,3.495532212982185,1.8882688887263432,1.3882654723065537,2.577149034935669,3.0
577,3.4000992977317424,3.350198239611377,0.6495103882604267,0.5627712061356798,2.858476484090264,3.0
578,3.650885930995087,3.622876939818836,1.0740004129373801,1.0457068845231436,1.2249601340554572,1.1766400562214427
579,3.295723431506749,3.2729317443439547,0.47682414088610015,0.4193986659775879,2.2816860004550557,2.379475496358658
580,2.6526059905971655,2.5847535158829946,1.047451280884332,0.9343073334766298,2.374646028717637,2.44874459007116
581,2.4986434356623155,2.6497038859288216,0.8735426477390021,0.888672349874244,0.438345368987773,0.45981893329074536
582,2.891793851114329,3.116196802376598,1.6554020456490894,1.6583267102754198,0.5617859468937707,0.6939559058459915
583,2.849056101089957,2.9055786628810827,1.738376319981588,1.7520610621176862,0.15891118903155543,0.104282655437215
584,3.8064498445680894,3.8271365831369963,1.5787248723762164,1.599245831789141,0.7384451610177807,0.6170951260591722
585,2.384303401132382,2.4033630249434044,1.2051043409262967,1.1907441341747187,0.18381711833030168,0.22483459429537578
586,2.1003871003321946,2.2288955688269,1.5114700778873686,1.6599283249483747,2.0053994703401585,1.949138791153778
587,2.195022581061356,2.105017407779242,0.1575215544187744,0.1,2.7469825294596344,2.757578672766237
588,3.475260364853277,3.3660359735311585,0.453556104251291,0.43688566949865465,1.0346479528463588,0.9890249027044088
589,1.5825137409002716,1.5145672022455212,1.09521060016269,0.9611668152371023,0.47200652987456704,0.5186376939934644
590,2.816344999921122,2.8814134896614005,1.562445372242392,1.5709977280451801,1.2986202870304826,1.2755513183627856
591,3.537960751042402,3.312073063508248,1.1484987833511189,1.0524853362280737,0.2823744044587587,0.3674854015756656
592,3.5052032335812506,3.4389651587042733,0.2852438229152171,0.24956679452001382,0.7993850142918915,0.8441543227049885
593,1.9202629570900047,1.8952163044136787,0.5767413408305011,0.2725413134702873,2.7181149281323895,3.0
594,3.5299207623726074,3.458159285012363,0.3088115488338723,0.27586805644967993,1.3098679544793785,1.3520739413808716
595,2.334347837359392,2.394684806870031,1.002878422902412,1.0188493955974112,0.39104783537856513,0.3611171452686853
596,2.8515294064567644,2.7849531121309132,0.7461302245194207,0.6774075454285635,0.8203506410924334,0.7742694073795151
597,3.3077065961842638,3.21319131623667,0.1932071642197923,0.17590973211253308,0.5857889587838384,0.6108491936658935
598,3.5873469661563817,3.6293638125969996,1.4833733500674315,1.430247473789259,0.3161827028047537,0.35015471677168664
599,1.5911508782804449,1.5984967180842409,1.5781438615837042,1.7050519076418353,2.777965271553007,2.6170732876763356
600,3.940850930464062,4.0,0.500458557722391,0.5027447192449147,0.20520633011528633,0.16062006114403377
601,2.4238192301723402,2.3881212683416386,1.7759012868356858,1.7780456210572935,1.0514220299757153,1.0430745742188043
602,2.0018300515308596,2.1076020886255207,1.8597869005344956,1.862315023502386,2.8282517148826045,3.0
603,1.9621394651295454,2.077675423883449,0.3910717236094394,0.398639470464411,1.0812936417904164,1.1523089227693453
604,1.7930643490808007,1.8997506316662742,0.5819410863414862,0.5693417780354098,2.828814026667381,3.0
605,2.133642644765464,2.115929731276515,0.7334468841424234,0.7334453718095445,0.20916330110800396,0.22684905970876806
606,1.6253786846585943,1.763312945545804,1.7653371170137167,1.6495913283053845,2.7645320551606734,2.980015098011483
607,3.715749415670634,3.5770313005295917,0.5068230491858818,0.4835201029301124,0.2568825205481814,0.31636840767541646
608,3.131844680485159,3.4890049562407337,1.7293299245228586,1.7200166405880692,0.22306410148330147,0.3286408028992117
609,1.7114301491986856,1.7683952252764383,0.7443062511330486,0.7279686824260585,1.4262915250153272,1.4110287172613845
610,3.872326316325091,3.7444713888312737,1.4597443332962772,1.3773797927582068,1.3372791337549708,1.3682006127432103
611,1.8709052158460469,1.947388269583969,1.516549040299447,1.6129530989569765,2.2700588915650375,2.3638012216530977
612,3.5146046916504954,3.4166030732146284,0.34686731131088494,0.24642041275238008,2.02930516970878,2.1619551089908806
613,3.331939139090559,3.211943780365076,1.6734580451183791,1.5616668684199595,1.3441802791408528,1.3117453881514471
614,1.8056265661998248,1.8944334001846632,0.36023423025529067,0.36816510721038287,0.9370267696320025,1.006614851333403
615,1.8881047106861573,1.7656389000623944,0.783817231437046,0.7167796991334876,0.8333657749191344,0.7773667294846979
616,2.302569371018252,2.2658809646883524,1.9118828906874905,1.913201775765693,2.1894572925679916,2.0509633491084958
617,2.2985985289390896,2.218919299806062,1.4927417159001652,1.389965649243639,1.0243622493023694,0.9885335636193864
618,2.4595218085698196,2.5002976893601527,1.5732188388467365,1.5807614562720802,1.6447105310169068,1.6777766004903978
619,2.533615607692142,2.4865863651668345,0.3683298351088139,0.3136318700787794,1.6347487612696006,1.6935168670036442
620,2.716589751075217,2.6927748420011755,1.2762068235334159,1.2324208993297208,0.5349228806330636,0.5634323587560788
621,2.090460321305228,2.156400467558179,0.9066458471356453,0.5400682035783764,2.481882267996564,3.0
622,2.359746235707629,2.533678170377648,1.5393756634911002,1.8157252194397888,2.655075166886194,2.570872377921006
623,1.9123086068005999,1.8899040008116612,1.4535007289578523,1.4344398417986517,2.5677822197600477,2.50261904650111
624,1.9910929772500172,1.9364344331883465,1.5095251002420338,1.3185906725055832,2.989699875862609,3.0
625,1.7846230279030617,1.8354336762734969,1.6517179019234263,1.650007366436995,2.1023587988173844,2.137059530271015
626,3.6507587630453204,3.90114443057878,0.5649910884373119,0.5959066498906279,0.32930763964931553,0.2900110138061281
627,2.3485391764706933,2.435489973437484,1.6795213863701262,1.6911695209474245,0.17919170443371868,0.1354291795561453
628,3.426938503723525,3.44351405901645,0.786678468249082,0.7800754888054198,0.07204321992594986,0.05611845712411435
629,2.8368091192232123,2.802962120568077,1.7930914142790897,1.762842654854271,1.4220099469212926,1.4314317824042373
630,1.6021454103006554,1.6290372150877133,0.7806064327891429,0.7521036057407288,2.9927220987107823,3.0
631,1.7708162185940235,1.69353955574571,1.3527934010446778,1.2087575674878137,1.591456784390751,1.6603015758900672
632,2.2222614164176404,2.1615409748306775,1.9774289417630617,1.8866828452382307,0.14082093522150518,0.1619495607436745
633,1.969246140077089,1.8609056277906182,1.2552772252482793,1.1400709865272558,1.8528669708536407,1.8686626535125
634,2.712237711958294,2.6505374683995053,1.8952761613831532,1.969922570960741,2.7135027111168073,2.5159797704395173
635,2.610991746492068,2.603529803674706,0.5623601587393701,0.5062962576715341,1.541854240551113,1.5952792606203572
636,3.0990566615401116,3.0662655882352263,1.1886310433698244,1.210518395415581,1.7960089701813557,1.6404060226968373
637,3.52872737687757,3.5614172163743736,1.0807726038917917,1.0393237005481453,1.621884663784654,1.6514515680709254
638,3.8367412933446547,3.8282993773431975,1.85507509020567,1.836754277536152,0.5714616258233277,0.6567182031083625
639,3.76722123110219,3.7946221527538495,0.7508501131460051,0.7686574530614376,2.5359552642142025,2.443396331330492
640,1.8224892645171253,1.9126731803636483,0.41513384055388913,0.5382469941166794,1.7576986441207345,1.6690413265637087
641,3.057926601392838,3.0998968054029774,0.4193749654953799,0.3531497050025479,2.733927664706716,2.9456549887500176
642,1.9206545472146574,1.8857951566160727,0.8788247998096331,0.8409234689106325,0.10477829299931884,0.10568412656649255
643,2.8737707311367924,2.9245128459178726,1.6281428048324091,1.5692321964745912,0.36626537387897484,0.357376759149243
644,3.1451065942805894,3.0171149522139253,0.9319769671574714,0.8624361214161244,1.3902222656135486,1.4215616376145055
645,3.7701190215248,3.652077863931213,0.4243257517003175,0.34983065686531367,2.9400165393323734,2.9999941455333774
646,3.4255659028015373,3.824134691460151,1.2433347141409146,1.546374285059496,2.823280684954725,2.658070955196269
647,3.8941243313433405,4.0,0.1692152274231607,0.163652313456949,0.7767104097849218,0.8270057651780526
648,2.073879057797486,1.9922287499115374,0.27490222719992935,0.2500081877696814,0.24560270868172318,0.2037270213611526
649,3.7674052455153815,3.782454138056029,1.7074654478420757,1.5858568127334258,2.782949849596942,2.90824100037364
650,1.6757142948746462,1.7001118060940699,0.8370278556842977,0.8198283586293892,2.6320078335552988,2.679038157702707
651,2.1002943669184106,2.0783378546152673,0.9188503754658631,0.8055219851660763,2.0268778120531525,2.1052005424072955
652,1.7368921562570434,1.8298758086807867,0.24390377616291176,0.1,2.28658758043162,2.569022657526468
653,3.2665665720712047,3.3458864899731076,1.9454137566022076,2.0,2.7213835930586177,2.659611799137189
654,3.1638396009959058,3.3459375963787443,1.2875041263899119,1.3568962149201245,1.2664519352879915,1.2378043491630013
655,3.127862099230088,3.1947382482311366,0.6357923223375436,0.7243080030004223,2.676345129820507,2.511713690341265
656,3.3006119292654788,3.0261263083286605,1.840991069110839,1.6907005736919232,0.37767299656234377,0.34482219752683163
657,3.696071065203457,3.4566647269215522,0.5186988251102193,0.48749504443565816,0.39409742128354186,0.4096270382353217
658,2.4877109035500875,2.5121571118941852,0.13222315242060878,0.2038202750387609,1.5064021074099774,1.3590496069260654
659,3.4220926687751145,3.5843156141850376,1.4702556675292864,1.5651214359742756,0.9195984570553962,0.8238054825010489
660,3.978959371915334,4.0,0.6727573816671361,0.6357105737031225,1.0690008008803504,1.0872889369842205
661,3.1861631902153533,2.987872056664838,1.1994260340454261,0.7643589911159538,2.457153350995691,2.8769465917397024
662,3.8211368806584067,3.966996413227072,1.6923828937295065,1.8624178094014863,2.510514700669005,2.3583650531725375
663,1.7278625880837328,1.8338662763501754,1.8608787914087082,1.8962399226625561,0.11362438941665876,0.13368662591909197
664,3.35649259139495,3.4817438495338044,0.7331415328216152,0.7469557594472654,1.708448020896665,1.7841283129920806
665,1.7369980311152462,1.7890824089095465,0.6757952632528748,0.5350727155693795,2.7983498393380883,3.0
666,2.684825379152561,2.579771073086644,1.5351485515631766,1.4855267535607524,0.02656875011448112,0.08932911867626057
667,3.705939275112228,3.985947790371442,0.4216564305149567,0.4334195405455846,1.195960736812954,1.305186470053329
668,2.6913687092767473,2.854247076358992,1.6115289676027598,1.6461452802658467,0.060654583098391446,0.05618633702098721
669,2.228576549177744,2.2435226401392434,0.7612913620110193,0.5589731420105979,2.6782573654850466,3.0
670,2.090986891533065,1.9911077294386794,0.9116974921570767,0.8649082079531588,0.9301311516525786,0.8537834754599086
671,3.3715107328292033,3.2817216257005217,0.9739162729076274,0.9415992542099982,1.7723695129215291,1.7311205450318676
672,2.554662356858904,2.514558743503845,1.1822279623287189,1.1504683664158115,0.6454744507949806,0.6689601781715775
673,2.919846237334172,3.309891943244486,0.6397773892901165,0.8816875496358881,2.7041900572529336,2.483679997132869
674,3.047424744261981,3.3875220712033647,0.8514893944612714,1.0223939017983334,2.974311233328037,3.0
675,3.0364146198134057,3.1525608031795302,1.5413100282582803,1.6548249647292326,2.480459566628076,2.4995257905607096
676,3.991145004675914,4.0,0.9578581296658508,0.9344901537465244,0.95672494934811,0.8997221891661725
677,3.5146994977476234,3.3082369968068845,1.27804288589985,1.0550287292061402,2.9716036320485086,3.0
678,1.5541897504074913,1.5340992445782418,0.9653721532970565,0.9049817024174756,2.092827035392218,2.0362386399856107
679,3.4294415360917756,3.3645275780894246,0.8892369377967727,0.8023795743954258,1.7079063854656105,1.7419335664577165
680,2.629230315984203,2.757972284051948,1.246109236056433,1.2782704425669764,0.8464743551666362,0.9263235769590775
681,2.286007489572361,2.3923002627190355,0.6374641237935164,0.7347563693034583,2.112929995819757,2.021929906967093
682,3.833306852548154,3.9644426767944587,1.133464937685691,1.133511635350196,0.7789019228934629,0.7911765078444548
683,3.882865307984582,3.9304690377443965,0.7574274828782783,0.752299955247622,1.210243885523385,1.1196067676949448
684,2.8434615805178507,2.7316282651455497,1.7030392609522402,1.6799871243356166,0.049150943510048006,0.0
685,2.455778443461276,2.6182469124819243,1.9126770037986733,2.0,0.732856386162152,0.7396419615952271
686,1.6854322397893424,1.84670883362751,0.5255707444709692,0.7416033069601676,2.0310709310455146,1.8635954198908256
687,2.8958711797660417,2.9571497727587355,1.952411868212331,2.0,1.0329565269654069,1.0709110220482105
688,1.563254745472269,1.5085624082511433,0.5637386815926374,0.48531091969426166,0.5210682262881283,0.4962006739015447
689,1.7258112577541473,1.7614609779063035,1.2815077737874938,1.222323702716685,2.607816630556071,2.745394662453724
690,1.9474234602700944,1.9799157752371206,0.6577803906215717,0.672190810274724,2.218011383588564,2.2451016793026968
691,1.6534538519695607,1.692431535627947,0.8171232683533918,0.8467173187902023,0.22094419129469023,0.21640662633841815
692,1.501949663892795,1.5735584489651202,0.8707734897092723,0.8920588807878124,1.8814264029073606,1.986353395463701
693,3.37024847423181,3.3313067277241357,0.11801388495566739,0.10843037071827419,2.278426120318213,2.298251481244412
694,3.674199341389305,3.742971828178563,0.2508737517088341,0.1,2.3614986973625225,2.79183513520834
695,3.5738122925214757,3.551422075782181,0.4126245229428622,0.26580138358729455,2.648464650982102,3.0
696,3.6190745465971323,3.57984460825171,0.610201122337648,0.5648917034128904,1.4701814823109665,1.5221338157442903
697,1.773084180385287,1.794761964499922,0.9622769565413702,0.9221581458486331,0.3429666233285109,0.3945223444762764
698,3.2057651761625534,3.469240041398353,1.9126713739467955,1.9777134566115262,1.1204137174054,1.1488268404547817
699,2.7554267402536365,2.8702862389282875,1.6614201386350873,1.762557023234151,0.7698621191180063,0.8154449570398924
700,3.476190217803661,3.401232187368204,0.9053370598094226,0.64387970303713,2.1556552556333153,2.5610786045712004
701,3.958073980932866,3.798722200685302,0.470410016129287,0.4415928212854748,0.6358325629880439,0.6259399646959721
702,3.112576070251251,3.1841584514402936,0.749005744572591,0.7713522234588824,0.08678274427475374,0.0670093186685156
703,3.2143099059215503,3.2731555219644357,0.9316361490962147,0.9870151732500708,1.9720653418833298,1.8456899027318656
704,3.496801167982592,3.528846376529225,0.6237975547707691,0.5705735412564445,1.8304775073784612,1.9048972095995278
705,3.643554745404695,3.928729469560103,0.8605749464580987,0.9045124079349262,0.3331731020471096,0.37374710599256405
706,2.703374457464579,2.8862582511815007,0.12004856027053441,0.15213007417242627,2.901000597867212,3.0
707,3.568972086036754,3.511536676405196,1.0727458593841108,1.0045058846817163,2.188421199663377,2.218677158037887
708,3.474586321510756,3.42814426261175,1.1249713235838306,1.0810076975818241,0.1336723002920942,0.14043230168817322
709,1.7701614373944403,1.935228206577631,1.58600204555326,1.803315258969709,2.2955278031167294,2.3208225529619044
710,1.8613876663858653,1.960643367794271,0.1361614298725551,0.1,2.4035915926730125,2.49587524202157
711,2.0547419544115764,1.9274470135717925,1.1664289287317484,1.0346069599168404,1.0500166327176381,1.0673308626871214
712,2.2847254413587152,2.2299049393255252,0.5145257818380953,0.10228988340325118,2.3730607947151676,3.0
713,3.2327252634305794,3.5785943752951495,1.4838259874346624,1.657263523116274,2.628413638787038,2.6408589332693273
714,2.4267709310094263,2.2268279478381454,1.2521309879908087,1.1313015394382882,0.9930133096856062,1.026260318994267
715,2.247423323348845,2.2967602227138744,0.7939392278951242,0.7561160086578821,0.4144949612844828,0.45718327403246795
716,3.362645900477503,3.3654164735045304,0.6065937804992897,0.6924951503612137,2.1477348035707817,1.9450918984063759
717,2.2937937321169475,2.2147712322296633,1.0153892939554212,1.014552930205406,0.6541983710831002,0.6410215653164337
718,3.3278305353262274,3.241482169591227,0.3559450168626912,0.23379580600925426,1.7344884207839097,1.9267318756771303
719,2.879297162659558,2.859977733305124,1.9843596012776903,1.9851464919432553,1.803713975792158,1.693426708316274
720,1.7516172328453932,1.7790413279800739,0.21513726161859215,0.12725343422346266,1.812245147990533,1.959505811508743
721,3.7650687188865124,3.5744014265623143,0.45275262477434086,0.35439740744837467,2.9128090238562394,3.0
722,2.0893631693730255,2.05677972041812,1.5987148618687586,1.4851678252415683,0.7221505092743927,0.7223975936790651
723,1.6099729156871625,1.5761294061449702,1.769945095506965,1.7344480041011883,0.7555875748351977,0.7513912120266026
724,2.5444750647295504,2.709343406955387,1.8573091329444054,1.9363386883934413,0.038295151468806576,0.010543307051542017
725,3.499874783252591,3.277420583077849,0.126157124875296,0.11546431765364515,0.2750856391831923,0.23851634672435032
726,2.957701893332283,3.0707553720331635,1.4127637013333065,1.464163260923984,1.7273120244367393,1.6779252935031026
727,2.9043981685267104,2.89290948479174,1.2394270262651192,1.217425759710441,0.1243194960368309,0.1473898042835104
728,2.691805636219196,2.760485442636359,0.3038362032091113,0.32189547841218646,1.7275732813431914,1.6889266716800586
729,3.6163954866783077,3.511806167422673,0.8305992274695492,0.8303194410224649,0.2518899353898133,0.27901356325111754
730,2.4541483880367116,2.5006485745304583,1.990700988409006,1.9493831952423664,0.33122790073744124,0.3582339910203005
731,2.822337536456776,2.8388818286113056,0.9106593084633305,0.9053357480125657,2.2221370330315935,2.085586144014746
732,3.907765964202892,3.7453175471855498,1.9678399361148666,1.9176778343963126,1.0264470466409241,0.9775888002861877
733,1.9124780181029597,1.8340384726511436,1.6189470053782555,1.481540100341611,1.2272572195485714,1.305568436129729
734,2.5323072432067897,2.672724660170321,1.6685664707120087,1.643923916526998,0.41837655273530605,0.48227471714601894
735,2.9956385878320253,3.039881743540165,0.5637177126711337,0.5243667535776516,0.84991399809134,0.845247569176124
736,3.140865347541398,3.0223220384497615,0.4083322751380929,0.1,1.9688653093682145,2.5387126187601448
737,1.9986987328814663,1.9873275095925789,0.32477312770501726,0.33161731956970336,0.34224597752274033,0.37451793203927625
738,3.416939690808137,3.0979300037465225,1.7259617554399844,1.4598122628134964,2.6191765754992122,2.7085571832200572
739,2.6519343774537028,2.726049919839677,1.4566110473913014,1.4768194450261352,1.3619070007792433,1.296225047383903
740,1.625945314639374,1.6586427318218582,1.6196520512371733,1.5311506979562441,2.1153513550920007,2.2777631853582525
741,2.6798021913383057,2.6116474520577406,1.3798060675602706,1.1796541174769726,2.62325902010625,2.86095645813896
742,2.763025778072005,2.951325016857816,1.5714785863737313,1.6297546054100305,1.3242293634861206,1.3739401512757154
743,2.6408282626370627,2.6327793432622264,0.8152818981840152,0.6678904143856204,2.4606182253788287,2.5915195739348604
744,2.630992942663337,2.662166001805889,0.7288707087111974,0.7401118320392022,2.9844312372706985,3.0
745,3.8173808125656405,3.776818565507059,1.7725124197512887,1.7199918421545897,0.5540227432405751,0.5538320707176312
746,1.6630022947476877,1.6931992751128928,0.14836004010080656,0.1,2.6376757086620395,2.729618251321566
747,3.615560169755609,3.802699501267662,1.4243345081481515,1.5435896118047407,2.787655980006672,2.713208359243905
748,3.7981189888199,3.9549418103402103,1.1149613589089145,1.307108562133093,2.020633988532533,1.8196379775481013
749,3.8512438569594356,3.757399568796176,1.9841069177125665,1.8901609013725982,2.466540925480261,2.4191664262844874
750,1.5958920573307647,1.6354585687992096,0.5025429517586268,0.4486894100069628,2.5856015638724448,2.6441918380253444
751,3.1167303245003124,2.934255411040454,1.885005947091567,1.7544405865001167,2.0230352062806993,1.9810244742438397
752,2.2408615541448693,2.19409563878454,0.7020729908382997,0.6797876919203104,0.31528520185695097,0.36293963812765756
753,2.014898429390065,2.209787608111016,1.0900931732556725,1.1422779323465022,1.140893176811672,1.1806210927447973
754,3.634919165610663,3.587325002638201,0.8427220155895992,0.8061663542723725,1.4941779308789562,1.452932414190694
755,1.7829208866249262,1.9047451571067018,0.9970789339370284,1.0850159029516127,1.96915557650255,2.0395980257665713
756,2.0263068786402627,1.851266028993143,1.89559833027397,1.7129379993445826,0.3361353737726177,0.3680464614725866
757,3.6279856309054277,3.9128274994218812,0.3089503820897359,0.33580120488441273,2.916664592390807,2.9975925975125675
758,3.264935342620971,3.2896196873780967,0.5688740778102072,0.5595347734993543,0.2997221268686343,0.2850778182425142
759,3.6029835432480275,3.8591366612510085,1.617985830648155,1.7500343691812612,2.1974984662553863,2.156246320557306
760,1.8969855398202573,1.8890994010410929,0.20193596948545578,0.23117813374801197,1.4397172604607114,1.399407119034574
761,2.733325113393229,2.7384520970951343,0.3640329692041876,0.33129551472686525,2.9570299368687585,3.0
762,2.134937090727268,2.0855965991025567,1.7431227574156454,1.6471909304135728,2.9081859879306835,2.8748634512571822
763,2.408033627866703,2.4317066409085206,0.7062510897630336,0.6514900554056484,1.0463070169139503,1.1706303893430212
764,3.136672683178868,3.205396801501819,1.2560127066072018,1.2038430110989604,1.7808150808007313,1.904772342493054
765,2.847505786789519,2.8321280030767566,0.4599628529679266,0.3909051118653545,2.211084552919375,2.2478451876354084
766,3.9135365770806545,4.0,1.001500722021627,0.9745234873805211,2.040195041749885,2.1282223784269783
767,3.891120829198372,3.6400708903565446,1.524322948462834,1.3748629452281549,1.028093032947249,1.0491517586659551
768,2.34095589790087,2.482505083319521,1.3190641715989624,1.4087002521113714,2.2443490891250413,2.3561874163217964
769,3.0547414805061144,3.179231699246922,0.3049651064248274,0.41642393199676386,1.6188302880423298,1.454907995731334
770,3.8941859074968312,4.0,0.4302466142874133,0.5272574608631129,2.424657950399458,2.2771987711522
771,1.8420749614228071,1.8797321082527356,0.4610993963356341,0.5335683703376433,1.1213106351801676,1.082953897573215
772,2.7766581422223977,2.8424737591075635,0.12129646036215488,0.1,2.201057466671273,2.2722453815314814
773,3.448034398545386,3.457805645460806,0.5732412631971907,0.615011711742652,1.6831616286664688,1.582467213713214
774,2.4072359864806026,2.3217522400088844,1.1159534870632268,0.9353080773871709,1.264467367225437,1.427881954899115
775,2.0612589597143147,2.026704435655562,0.6236900502875121,0.5905340879536171,0.7053104170571128,0.7512632313650549
776,2.7838127345634085,2.8461865099749617,0.40096710447221173,0.4447447908130794,2.963089724766885,2.8979178817942524
777,3.4174437540970857,3.6726354654655813,1.6762082044533264,1.6398422102556038,1.248027155394828,1.273426037607406
778,1.7314436937210853,1.7124685107124544,0.42615561624241494,0.4167012239302376,0.6917588154176533,0.724600849794875
779,2.042081888834142,2.188222774048988,1.3006199147820252,1.383173916311774,1.665609902388936,1.779052597006697
780,1.6407350018231959,1.732709028637385,0.7062933524063658,0.7740592149889348,1.8743162874337642,1.9881114331371337
781,1.6871710971960914,1.7012609023040632,1.7656311828020437,1.6238450735975207,2.2449010304807357,2.2016977679311505
782,1.9751214230901715,2.0798350255580855,0.6208262244437213,0.5363347891629116,2.6267011591360254,2.9541409460726507
783,1.9542897642924153,2.039801740694267,0.31506865089786307,0.1,2.1900119855083466,2.7220175368169603
784,2.290114198617319,2.388161216018706,1.9015331617690407,1.9561899111007715,0.15697554438364736,0.14652538305609486
785,2.4931551901642126,2.5412494569405224,1.408639056898523,1.3949526827169865,0.7087369078215612,0.7157317041198322
786,3.0197959546486413,3.2605809369115746,0.8861257980626616,1.044818739751587,2.104049840333617,1.995700204070322
787,3.397734254540153,3.5246739885887464,0.8827100538785377,0.8888963438641246,1.1258420910983007,1.17648759327726
788,3.1940308649811366,3.3280034167592256,0.7734797987084576,0.8113532826409271,0.8927300168096984,0.8926650755202872
789,1.533081599565822,1.5923460803468532,1.502763087847401,1.421246440130134,1.639547933570443,1.7339579967899912
790,1.9252641309700789,1.886376314052346,0.7932040790073891,0.7445826251845911,0.42699428870315914,0.5476234571498357
791,3.0029081788326266,2.9434441800696227,0.9970973344907519,0.9054409312906941,1.873461030563866,1.9049114849843811
792,2.3522460146842654,2.288420833474039,1.6533690493700017,1.6012776117651308,0.20886043012634892,0.19221535678226673
793,3.940825123660871,4.0,1.5448532585656913,1.5343876707047146,2.098980843159242,2.1665732199662306
794,3.8835636072753523,3.8504379172687173,1.0569827880074916,1.0426722508438324,1.1308155496276213,1.1251990191894319
795,3.847999848987278,3.9582011727875503,1.7789013407306047,1.747365117284886,0.6648354290506996,0.7241293221831376
796,3.815329571113265,3.6758962626690854,0.6438671625119935,0.3821195655698388,2.5170437830308883,3.0
797,1.6921934614774978,1.7892073969882305,0.5744498227956901,0.5995326353364374,0.46817221247595264,0.4656631800647136
798,3.5160761670369074,3.6829536376905696,1.8539482093996231,1.9055890986997006,1.4843705302235806,1.475307130213172
799,2.707900484544649,2.7517321064242104,1.9704270822969097,1.9687741435607005,0.6086694218403692,0.5557366854464547
800,3.447331516422723,3.451167852425775,0.8340810991582194,0.7975455979195576,2.930946086456373,3.0
801,3.4500420334614255,3.3094176759538416,1.5457335868833815,1.5044252939675453,2.7045227722285903,2.594077553827201
802,2.242498300145318,2.1250385091230934,1.5778384893448225,1.5336329703504858,1.1073885416881644,1.140399971253903
803,2.865668453738486,3.06489773785727,0.466669260188608,0.46906781205357084,1.3934439870238196,1.376934262378903
804,3.2207155304986053,3.3362308166913963,1.5534561862297664,1.6488486027694547,1.8216068069856157,1.7746515633106164
805,2.7757114669302196,2.611539697224075,1.9390283159385189,1.7254716487278996,2.880752471127142,2.8740726309736746
806,3.9773122148420152,3.8006338336958656,0.5750496140516437,0.5477106132070427,0.5411322755586634,0.5244004206976001
807,2.4410640813476157,2.5397780497465083,0.8753650439187155,0.9761992217627521,1.4390688586963152,1.4354514488214989
808,2.0529415394026556,2.009108180298814,1.7334897195547323,1.7000810714643964,0.9156403129978,0.9233084822569821
809,1.6790542309618353,1.737081802905883,0.7668872653852289,0.8038462804215457,0.1767711006807482,0.21444613940370125
810,3.969947347842654,3.840367026228497,0.14620032375697503,0.14643219382855413,0.5810278153210274,0.5605742774369501
811,1.5473731147337753,1.5320175310309556,0.2519149048746997,0.22366583812432328,0.665358450571741,0.6383628024721498
812,2.7815090616126827,2.734497374499984,0.1525323597246701,0.12077310899992924,1.821693866892549,1.862653096475452
813,1.634238525525129,1.7242062506552214,0.6490435776865292,0.9326632091265692,2.997113920451638,2.7396423573576176
814,3.278990869549589,3.1867679489741634,0.4906209153824945,0.459447909203827,1.5472472000451132,1.5751209105521204
815,2.070259498736856,2.0709312461235374,1.9086318993113447,1.9201372787784956,1.819886878286485,1.7408701044391082
816,2.8088900834218995,2.852618716704811,1.7775945081112177,1.872568139156207,2.6403685302774993,2.5676361832770085
817,3.1836969452358383,3.149070313569082,0.8822128536856126,0.8029415227688337,1.0756323884594434,1.100637582888289
818,1.7237483083438871,1.6488360476968358,1.7200124482697212,1.539686975024838,0.47229015892689086,0.35518514580631144
819,3.807984472250308,3.9399891751942664,0.2839715003693902,0.29333484985591757,0.015481781716553122,0.00609896788642607
820,3.713140130793353,3.575185763900269,0.16314072133074903,0.1,1.8078553386617657,1.8657139256824629
821,1.666814120809198,1.7223540795112653,1.6990059154872326,1.6055837409181455,2.0357435872114356,2.2227028224825647
822,3.6248927024898276,3.654906426379748,1.93192029395133,2.0,2.800867496676135,2.781973226312797
823,2.1915119408379686,2.1842522460504172,1.2137570288142254,1.0993823019597337,1.519910172287959,1.6418448307966855
824,1.5234217749428833,1.6142648288541113,1.5493259584458348,1.6301259387632066,0.6571244630999556,0.6459014455735504
825,2.2655094583966893,2.399678670177318,0.2049569423140229,0.2342803164883317,0.9482458688576586,0.9677955628882581
826,3.099435204858836,3.166706554303357,1.4875101623577223,1.4786047505003426,1.3012434428137953,1.3126327946220357
827,2.663282154004288,2.6028282654176946,1.2806205856324322,1.1913998059635682,0.5173433292233686,0.5156308170056312
828,3.923787517291782,3.6415309802951255,0.7007849961247328,0.6611742810417065,1.000217461118115,0.9494709028434252
829,2.989655096039013,2.7960206239542615,1.637873453823082,1.5518085432745754,1.3769408406396977,1.388916500938232
830,2.9797750293850256,2.9540005482159373,1.8932280390333869,1.8118981439280362,1.631077798863791,1.730142093399765
831,3.496062756538836,3.5217163172779276,1.31322430031203,1.283136265724203,0.9281410809465352,0.8876465824169527
832,3.189270931297418,3.1928896924024346,1.7436765346646401,1.6838812498693572,1.5782181919114286,1.6132832419160186
833,3.465329522175847,3.473741800359725,0.1470979865776772,0.143411157171316,0.7856703746612526,0.8252853514353928
834,2.1032818877077113,2.0138911562512734,0.75368218037195,0.7633459209402119,1.535256458406287,1.4431046205902613
835,2.3077516499984085,2.1054717681815682,0.36174617386260244,0.3290752680380351,0.5427930573690654,0.4892137410769763
836,3.8887093296874355,3.8451643132520252,1.4433310706904725,1.4331440144315346,0.43193680019130565,0.35040529610344223
837,3.0202515232468983,3.2796432198632526,0.3681916377639556,0.38518183810563583,0.43327956597127915,0.4136014449411412
838,1.9371880220839657,1.9996636143859534,0.1356308416914619,0.1,1.5095726990112888,1.660392847923545
839,1.5683287801682138,1.5583824062947595,0.11068227032560103,0.1,2.4668901683516617,2.4460380978553267
840,3.7173411865355956,3.9745568383565435,0.28554008929062813,0.37405981500223273,1.5770217817782852,1.4983631471468872
841,2.752521613177822,2.8780058364473025,1.2237617475830087,1.2370864139986884,0.7063374984898787,0.6868459411468819
842,2.3072254648038983,2.5225055723726197,0.6687778210306841,0.747376051039363,2.9340275758112355,3.0
843,2.1831758416225724,2.164220888129488,1.1642187936509847,1.0569033954220075,1.6896806097595845,1.7013315493760324
844,1.7698485035566434,1.9123513335366444,1.352146423389479,1.5238742887672214,2.383373436975165,2.3157502576469366
845,2.641153152969511,2.6877157029072203,0.8560514773024587,0.9050724296233787,1.3988572034840323,1.3727664763822784
846,3.6041326651537386,3.4695679821016494,1.3577778261445128,1.2633283081007405,2.958380731863612,3.0
847,3.541273526255936,3.715990490215577,1.9026980826888726,1.9127939447878826,0.2080922488962359,0.19655690274272927
848,2.626514120879232,2.7372965069737747,1.3665922280080651,1.4730921072512984,2.161499384853597,2.0785767827551607
849,2.0290724828521567,2.0553064249484336,0.4037335551397597,0.27146998401769656,2.895008404539231,3.0
850,1.6238198177909764,1.658491914696699,0.14165993176787472,0.1,1.8109341701896438,1.9499359334140796
851,3.0861885639968176,3.3082088579823803,1.0524168099531501,1.1590055650254605,2.1999696976515284,2.1364616551412943
852,2.7193389282645795,2.7753889199369834,1.5120846142964768,1.4660087201099166,0.3014400204208484,0.2660004800821865
853,2.6628832999095615,2.7191069352210806,1.0298734750562406,1.132579508304471,2.138826473569849,1.9842395816694631
854,3.195747850036202,3.0808729444418104,0.4893756352267249,0.4261612292148591,1.3236000454177916,1.3451760300387332
855,3.5447124999569795,3.750455361985858,0.9058322729765952,0.8714437327212671,2.7585849309704686,2.933208468689475
856,3.748108529413786,3.716372543354634,1.7076289616527736,1.6642085598057843,1.6262134410319025,1.5595454853053956
857,2.411344834062957,2.536413890667525,0.1397591100649439,0.13787332806031716,0.8772467524115631,0.8798728019829164
858,2.1885368101292872,2.152753273572491,1.3091496924509676,1.2192569039564474,2.5099005621523585,2.381024041503348
859,2.69863102130137,2.9616869583870358,0.7079428953872668,0.8602896607523803,2.7685265472216063,2.786720367060227
860,3.6755040792149556,3.3514838239143057,0.3392530651766764,0.1,1.8555875521899594,2.2250699670120873
861,1.8755368563605832,1.8321304677118428,0.3884007213984001,0.4052591223795202,2.2406222528477002,2.204882659499678
862,2.6255666247100984,2.7616111857891537,1.9244533943406794,2.0,0.3922126392382771,0.4869969495597639
863,2.5299852772722575,2.58095573648836,1.0242159913113533,1.1563402763221187,2.367328984084759,2.159687102626258
864,3.6316459879803586,3.5368592912506243,0.2716290326699441,0.23664860549970226,0.8224796004081899,0.8426438124152323
865,3.6642066295289446,3.9577382173555695,1.494604859560368,1.7856522904525176,2.7848198083736966,2.5636832254140107
866,3.398997478839434,3.685393507081914,0.89959842472122,0.9233758197099402,2.333989719583892,2.4517540526294423
867,2.8679302280192225,2.797902340400186,1.7359486225342624,1.6487767271762659,0.8462249338377322,0.9021975440200158
868,2.324920441646798,2.412711240381238,0.7149929653751134,0.7663407996445045,1.4163067030368088,1.4741157784238945
869,2.6009945094793516,2.4475775099832426,1.5473314266240448,1.4667965152039917,0.6541832402161865,0.6249141834350653
870,1.9926192645248229,2.011909575254026,0.831410842166072,0.6467385927597337,2.682555984651179,3.0
871,1.5540541200042302,1.6868083292582547,0.9900377185356296,1.2128147216692444,2.4464230356027654,2.2576808199491856
872,3.455921133873133,3.622472804260554,0.9350879137781023,1.0058943242062617,1.373616371067233,1.3244826343982732
873,3.8657042585559536,3.651836824938358,1.8568279592178378,1.6985130573413478,1.2167234374332567,1.2766909566249307
874,1.7377608924744077,1.7730717506819254,1.107983190883923,1.048726721253454,1.0150804809143321,1.0324886284802886
875,1.5980584996341352,1.7278582905697177,0.9001266211961171,0.9965114448155027,1.5812888398819833,1.5921175920801929
876,2.578292029034303,2.556940900302598,0.8005971219994326,0.7968066215018795,1.4953149316401448,1.5235349081928864
877,2.9381481093367006,2.8741942815111834,0.4863740250691486,0.459092526152208,1.21944959123851,1.2092018812959286
878,3.1168714022956854,2.8164844666266164,1.8868425077104538,1.474966309657167,2.1976907065040296,2.4161184085391594
879,1.5558581904739803,1.5918617673022273,1.9216814017872303,1.9189322267358953,0.9023361872032898,0.7934055320893806
880,3.1716861729478962,3.17379860343891,0.5018263512091351,0.39818734037234527,2.7599868074639904,3.0
881,3.1837207237648784,3.216884897983897,1.057543290818381,1.0223217070251096,1.1501809038494302,1.1513820856345187
882,2.4595154089030187,2.668829667451319,0.3685715177255743,0.4907226090113395,2.159221707763576,2.1287050792180175
883,3.689923322788591,3.7990298843852255,1.7754113384699668,1.7321891035328818,2.1772595661499574,2.247054985366308
884,3.1829717572157366,2.978574452367156,1.9962815429060368,1.8360474660618709,0.6211551566166642,0.6602080285060078
885,3.8208665358449956,4.0,1.52707491791811,1.5566525771009438,0.2879413544475816,0.3487792923144807
886,2.5913509562356096,2.6266863339921587,1.2461565961804824,1.2278425608101764,2.918881112691887,3.0
887,2.5283465803903544,2.622103065559804,0.30636787432846596,0.3037183529472204,2.907659754479358,3.0
888,2.100720046684352,2.079011187487968,0.5169945854467554,0.48696039121130064,2.056087983004268,2.0279485454346173
889,1.9325391905068445,2.0314114441000233,0.9073832762581878,0.9967324044219974,1.2347731742203174,1.2094515502055034
890,1.615541350022528,1.5941870082042715,0.39984838670115974,0.4234210275530511,1.0772539009798137,0.9501307669850729
891,1.913149060958242,1.7983675730802104,0.5398738965567504,0.5465365371778765,2.2050712668908004,2.066584284231069
892,1.5191239780024346,1.6044808243389928,1.1803796185939819,1.2112928675693033,0.7476356131763215,0.8045159954342421
893,3.127642383866116,3.4703158923057793,1.7454403468787205,1.920680872176318,2.5331018042251783,2.6546070824586763
894,2.676552170239514,2.559948542629157,1.3584170674938667,1.2340479923506076,1.986791113650644,1.9714846763925906
895,3.808075114160092,4.0,1.3181308440639457,1.569751788451783,2.4933843701737928,2.254970304949358
896,3.2211663599387106,3.265296912447508,0.5152769121967231,0.5654316101750917,1.9715827335204752,1.9458327130409163
897,2.93226774887726,2.9226039517778837,1.412394261729383,1.3443813748812543,2.1546805059070158,2.16777139426138
898,1.9626326561774046,1.8989915313548806,1.0565952158871783,0.9770265153740381,0.4106687867114889,0.4061434471789864
899,1.6607473535838242,1.629203224330093,1.8439636475799055,1.7733618488063956,2.0174445559604264,1.9310134407687332
900,1.652082676705836,1.7525612209418326,0.11327769044933246,0.301833844846435,2.9141505225740563,2.780261224569595
901,3.3081906804164634,3.337942183215148,0.24732587143386914,0.30681648773362746,2.3403336339828873,2.2315697244496935
902,3.4327163382324946,3.4478264805554937,1.493671035972323,1.4490055269103352,2.7775833404206196,2.837457491831497
903,3.7823184314361273,4.0,1.8029329785981691,1.7990755745097713,0.5624470142743863,0.6451678507499348
904,1.6992750482944796,1.74695176735105,0.5780421592072212,0.5868692126742235,0.5383818116554755,0.523674767346859
905,3.9963589822805914,3.7705912018514303,1.4251182192886784,1.275532888812571,2.811000525510531,2.7894202502795578
906,3.6574921496192303,3.9592158284798,0.41627165751034156,0.4547154837287559,1.7373045576134896,1.737024377958937
907,3.865896019616691,4.0,1.8844399806808947,1.9123630437775407,1.1570916494817665,1.08310615431611
908,1.61628996098086,1.6623176361648895,0.4736988591301746,0.419279363683508,2.138909603844193,2.1427041593086353
909,2.515886278075261,2.485886615933629,1.315941198954132,1.3519542696086522,1.1647827218658888,1.1285516072206754
910,2.1841321722729656,2.1048293655931065,1.4254442131332683,1.3874114201551317,1.359929986113633,1.310788834544317
911,3.170482023148359,3.2011810793264455,0.7504571152238529,0.728941115735109,0.42887387865459903,0.43946502683516836
912,3.603645360339969,3.7819468405991583,1.0669456388404917,1.2215817043296608,2.493832797309402,2.325706346582586
913,3.651181305428646,3.6875381746426923,1.7378807507656868,1.7292138864488034,1.2815328750123545,1.2349224150414047
914,2.7008114769311002,2.5833923258476883,0.2353492817560289,0.1968081907087456,0.22723797507193533,0.23520913505974428
915,2.8127642771671275,2.7969863736595233,1.356686414935606,1.270800639801396,0.23364245678104878,0.33337470804773034
916,2.0626867018161414,2.0146507537464284,1.4346017128975508,1.35619819723529,1.3600779802728549,1.3001666431862724
917,2.4448250637029725,2.5996577577073743,1.6696711446610446,1.7076118005565384,1.7631274036433746,1.7373111215272496
918,1.9674956236727326,1.8842840821504903,1.6952099918159969,1.263063368150203,2.813002714526498,3.0
919,2.1568693508956573,2.2019694739700997,1.0540615397474866,1.0862607119252077,2.063843926610414,2.0353154439258296
920,2.6049848600502754,2.557323567519793,1.6511679789053857,1.593206087924678,1.669177992379045,1.6441653480334744
921,2.4838998861576087,2.508151668769778,0.9007213671560689,0.853476919026725,0.06958928982776691,0.08699826428612224
922,2.3184225680078265,2.377541465642796,0.5556744618390882,0.3032558473124723,2.3768206046814875,2.9406291430281377
923,3.6345967468438123,3.545029496691343,1.8213841301112756,1.8896276721210339,2.0854762580365267,1.8980055954891655
924,1.745166733107338,1.7383220020343357,1.2300127235078757,1.135388524256198,2.0329278849111696,2.1088260428377836
925,2.9538691472642395,2.9489234401755784,1.9109773260786016,1.8441102541783423,1.3320902888720854,1.322367684697378
926,1.7675663399885833,1.95369160462318,1.726776994590882,1.8063779241055522,1.0587407147637824,1.0638637638254385
927,3.3146955752691962,3.113491064374006,1.1883220174006353,1.1164266135075718,0.6534952409136336,0.60531333431649
928,3.5784218954097047,3.5716024292904893,0.45462306359260196,0.4684355437852793,1.6665115159148032,1.644453727455497
929,3.0147956831022693,2.8684791321385483,1.5348982478621842,1.4423199509388147,0.5715177614852396,0.519394914681854
930,3.4760955731896073,3.570370605316633,1.47652826353647,1.494591224169678,1.2206544168431979,1.29405083081034
931,2.671234090993365,2.871474185287622,1.7927054346084073,1.851664234215272,0.5927265700908911,0.6039137397792856
932,3.814837613026676,3.91666982048456,1.4576811857152099,1.4856842531065533,1.8137589617333867,1.845837864360421
933,2.373824065390334,2.4634179007980115,1.6249814852397746,1.6329526644271632,0.7301048695817703,0.8179487448103603
934,3.9416180748472565,4.0,0.18898996086443967,0.24683673064661196,2.205877990340376,2.0782972584384773
935,2.4689562489318444,2.7640160275753383,0.36777200222851836,0.43365378542407534,0.8995815449356068,0.9440452261278571
936,2.917675337082737,3.0238237484997317,1.4500280947026472,1.4592386520459522,0.985560741060541,0.9466251124110354
937,3.9478248816594688,3.7415605770715827,1.015034426034353,0.9714611137069801,1.4967768482994797,1.4482054164960008
938,2.592868217335074,2.6147132629188197,0.9001089634898796,0.8908677103512396,0.7029816336578084,0.6640771429830798
939,2.6029524248905673,2.4893699175459445,0.7036631005917602,0.6302481474189003,2.1620076116139653,2.1836229268390484
940,3.9235084766283714,4.0,0.4089813413876482,0.38983579423946707,1.2626282521435608,1.3050276298329335
941,2.5294836007294053,2.7114253483368023,0.370611114962762,0.6624688212193215,2.9107770152689003,2.5524028338560436
942,1.5050149604705416,1.5704882474303818,1.7685091606010148,1.7812968777708023,2.0370651055012186,2.083866051822133
943,1.5694831634769,1.6061439751773454,1.069801540105739,1.0453805490925252,2.6388063399996753,2.635813150256425
944,3.8336858508791893,3.946009555210145,0.31297673423240124,0.3330664298579285,1.241122357084928,1.2718958052466236
945,3.266553901227098,3.422544616314886,0.5271334506590956,0.5760721442580579,0.834418160098088,0.7717171456320905
946,2.906696566744969,2.830443508266589,1.1771661890474663,0.9740094341954214,2.2488560474629473,2.507205405079754
947,2.9686384200618647,3.1696042729819927,1.3179023924135322,1.4060051908027715,1.4205810620953423,1.4401853435538567
948,3.237751005743982,3.1301331974117383,0.868654715935631,0.6670395776068415,2.1629832233457993,2.4110518805448757
949,1.8490604786317317,1.965089629130858,1.3831444594461424,1.5323179813579846,1.693984261370437,1.6635360529555172
950,3.5521144773259765,3.7086029212474196,1.2226578343621748,1.258697940664126,1.1687799144041233,1.2658492689608394
951,3.8450039342228095,4.0,0.633018403519568,0.5826549400993029,2.6981100278040713,3.0
952,2.6981383897651274,2.746142161790528,1.9422938868734243,2.0,0.15947297567874064,0.1799497838493373
953,2.5329166989623637,2.603527415941332,0.2140046069331594,0.2196976646257192,0.29922791803289883,0.2712527646541378
954,2.0032164712450395,1.9478324323781349,0.23540961681916484,0.1,2.3600088520612084,2.412095151749555
955,2.0886976645422104,2.0842825037345687,1.9732585873511481,1.8621453508637695,0.4221535873858905,0.4732259675548528
956,3.421648070550803,3.6610066438914997,0.663125753830824,0.6769971602419931,1.072594012212368,1.1082789801369088
957,2.6468478446584838,2.5790804469017425,0.1796562620276862,0.16483746167705782,0.561774815589204,0.5552170356191294
958,1.6084459352114064,1.6516385483365947,0.8257770145738329,0.729666045063774,2.9824896337100126,3.0
959,3.669061917983407,3.70881516777614,0.2225192195669975,0.36854155643988185,2.679780880746288,2.3464692614366514
960,3.94147738146536,3.7332314880894404,0.8654902933582185,0.4396559287912951,2.3234483145577034,3.0
961,3.7498394536605906,3.9489713039732446,1.3130533636095314,1.438293735776448,2.378453068518071,2.344816142161148
962,3.8380383714375785,3.7071318883936017,1.7333713028115403,1.6688555065074082,0.6361309891432111,0.7534683904677549
963,3.4583836551040297,3.374500752792548,0.5275608809478091,0.5135222102003516,0.6243862184353314,0.6329932959738536
964,1.6556942028784478,1.7103386432326326,1.7377572139817412,1.715744222678872,2.889414063542225,2.9764780953453838
965,2.7839792085409143,2.9925333056218006,1.891383282468799,2.0,1.962249911939807,1.933016299977991
966,3.3344109884183206,3.500646303348547,0.3068942354682219,0.2966898678562663,2.7826017551085496,2.958052518693653
967,3.8506856072919726,4.0,1.782034756810763,1.8746535955773687,1.4967467992735313,1.560941914696439
968,3.4438221810337266,3.071195862611531,1.453027841459162,0.8371017501304443,2.354174831821476,3.0
969,1.594297225070785,1.6532297289437565,1.700333186411299,1.6967591108106852,0.739637826726005,0.7583004651070067
970,3.054162637667025,2.8774140685379983,1.5776345514093366,1.4334359924300901,0.8487368768316981,0.7987528863271107
971,2.2101714322242847,2.2694622714356276,0.19156989311617592,0.27117443100201716,1.7859512561885862,1.648285483909141
972,1.7211929456517465,1.6971083708507178,0.9378987652102316,0.5726770296715489,2.5515475573594344,2.9347137695845427
973,2.4721937782416434,2.59615275596482,1.1260398817068982,1.2738038411628285,2.6927774952390733,2.6244439792080425
974,3.007599698157412,3.0407624095769212,0.33831484794130506,0.3598125797943473,0.8333972584853382,0.7474832577816806
975,2.9527277264403065,2.9786160314356405,0.2836446395863802,0.28435359089896683,0.2450243131537183,0.2574587201069328
976,3.03191446690889,2.990740274841283,1.1747931577569248,1.1390127721946284,0.8577925755338489,0.9457139247319248
977,2.5753530649692644,2.5901013609220054,0.8775097287931086,0.8800862955634764,1.6211431833320025,1.6331069492268238
978,3.1044707233497792,3.005449438444362,0.2015772566811877,0.18122770628372162,0.46287675182780996,0.4766605909309611
979,2.1101380480638143,2.1520986704688,1.1184203832177075,1.2042947318744872,2.9089834209109116,2.7922964710700695
980,3.989992098298392,3.8780406635236484,0.1842393571265985,0.18345554370046183,2.841324454398729,2.7418233492557524
981,1.7278895632107911,1.749218804214418,0.14009036834514083,0.11453657532201052,1.1770944360049964,1.273829461141856
982,2.8025926815367708,2.8336360500721023,0.30258361424099767,0.3188354255533438,0.6740261442069307,0.6431712284516075
983,1.7995898987413215,1.827518572415408,0.27127116179766875,0.320591416391094,1.6074511165119083,1.5193958478035172
984,2.800895145200495,2.5770459671688255,1.3347964256855473,1.0123256688681987,2.1262532006416763,2.360735175323085
985,3.17715851063821,3.0435702871905495,1.1737067080823387,1.164674528201346,2.420948978658765,2.3142065576068473
986,3.5785109837962206,3.3289770092790203,0.6479519745764665,0.30034119308606366,2.516281286968481,3.0
987,2.6164693020073653,2.605822571010189,0.4043676103143574,0.29713704175304934,1.9635674032478363,2.158220842184003
988,2.4620443865973862,2.4243478125183207,0.9334145227563729,0.9224434796447107,2.3217428119180124,2.35282207411599
989,2.628549603023491,2.57552951893948,0.19561793391282523,0.14350129329177458,1.524442983253689,1.5612884325511815
990,2.0548439458525047,2.009083544736056,1.9446241118856995,1.5951016044200994,2.75426579711283,3.0
991,2.961351457500501,2.7476584551746948,1.5331063410715111,1.4059825551048148,1.3036558426954195,1.357141942432113
992,1.8225168489230337,2.0039480591169645,1.7578584235163353,1.9045034647205108,1.5934729928210498,1.5931927856225505
993,2.5786013486209822,2.4251050724420375,1.8118311574757087,1.6951592020341832,1.2418558373497333,1.1432852382609866
994,3.65309628719489,3.6537641320174674,1.810950148223762,1.758155808311814,2.0834381580409187,2.1458878863413418
995,1.5402273728447111,1.5097232357335375,0.5015215101096386,0.5288820095381934,1.896426456825321,1.880026262555817
996,2.541961775949739,2.601408279161845,1.0877931613770944,1.0191441180063256,1.7901188610893664,1.761533019384785
997,2.8025878285520625,2.6035421814254085,1.81708148861214,1.7206029352181733,1.5755603755625232,1.5529046163079452
998,1.7018616384453673,1.7996195311136232,0.4702187807810774,0.512731897812546,0.7861052492312424,0.7460403593434494
999,1.5371008861570143,1.7385705830682763,1.9108389358416562,2.0,0.07766721505885654,0.1613918684641682
