,a_true,a_estimate,lambda_true,lambda_estimate,delta_true,delta_estimate
0,1.583195401010879,1.5,0.9906821208204146,0.9124137451175748,1.993263902137889,1.9489177468345689
1,3.946899519484829,4.0,1.8536122780343725,1.8389218752257857,2.4630044792695127,2.405981400937455
2,1.53514404506936,1.6118554287714149,0.7392825724197737,0.7843304052022266,0.5385951719857479,0.5969923431945926
3,3.769695070883888,3.5031444210250955,0.4425318540140066,0.3890975659791524,0.2524085454620082,0.223323732243389
4,3.104731149465336,2.8993835568086777,1.7264752863563622,1.6744278010702298,1.215555676924522,1.1986092401330417
5,3.013174134720967,3.024797481200584,1.946367769568491,1.843614441226151,1.291883863650232,1.4147023560547234
6,2.222284018925072,1.9972052861432463,0.2012009286824412,0.1,2.370877975082498,2.335401621561434
7,2.956023686581129,3.004645944244965,1.1547460680430162,1.1104022780305718,1.694073154094676,1.7011148581416429
8,2.38939695574671,2.4223994404275584,1.9333438505925544,1.9546059678644825,0.0913795310994037,0.0020558124792223
9,3.76554698214936,4.0,1.813678941330808,1.8403831967123772,0.7563104892866249,0.7439103487392331
10,3.897602559114613,3.1795789695380363,1.9489795732173696,1.7000524455786088,1.1593544533608675,1.211441583625674
11,2.1656370350611835,2.237863523760118,0.3421916212331224,0.349101958829041,0.4958094695994436,0.4654402687744272
12,3.5838887423038135,3.495478747112732,1.7466373809145213,1.6860803309776076,0.7189471721213622,0.7652067577695257
13,2.974535708345946,3.0238419519612343,1.583580564178388,1.5215148464732546,2.009056668741445,1.963962542442866
14,1.7595719384675008,1.5119540306641657,1.6426778756670923,1.438453180618103,2.48886112537636,2.5345641425122105
15,2.992402897192914,3.1955873236961803,1.891321282525286,1.8876662426169124,2.8437253957342707,3.0
16,3.8303343788346025,3.546353757659219,0.8067642449297411,0.696811833828557,1.5415492150059114,1.5835627046463998
17,1.6263945395466597,1.7267549815118932,1.1895382392362148,1.3349712780886749,2.258833147549218,2.2653342207985467
18,3.1045598752361796,3.0509706753995145,1.2466548336810714,1.250322798949168,1.43803802944897,1.3881484828486212
19,1.57145679133979,1.5642851848189263,0.6204316112375534,0.6582438680642226,1.9996159039411217,1.9043230414149988
20,1.5107630975934525,1.5,1.48531092542888,1.4343712377855755,0.8605017584141175,0.7728836533978796
21,2.356988553382711,2.621138902982344,1.865837333450162,1.9408736446065211,1.1090294901566378,1.0940586042639908
22,3.6051537572309926,3.4584804963549622,1.340536733330289,1.2287321196208802,1.705415679154561,1.7127443391162978
23,3.833933341403012,4.0,0.2794500508963428,0.2878707564948873,0.4858781679565167,0.4877341387397025
24,2.3362136925070596,2.314478638751863,0.7274349358498776,0.7317191425476829,0.5360207679913449,0.5736625876311342
25,3.826427950525519,3.966913360299666,1.8201843433185196,1.646351423740916,1.9189763395225965,2.035228386671716
26,3.967807945742857,3.758998489097909,1.1321950556372171,1.081691482960805,1.6449765844038349,1.6188996289985178
27,1.625440010074488,1.6193651143722945,1.5921073989576264,1.4343837118849558,0.4768731255989515,0.4285966269418509
28,2.4597415126053632,2.414156849229231,0.5260361087922115,0.4947316763589404,1.8960523765247397,1.9193962500591553
29,1.8639827733032823,1.8694035159384923,0.5620474401057751,0.5462242787404542,0.2825784456651602,0.2284862579876538
30,2.0544663992009484,2.0236869125276793,0.6238197341951726,0.5120803023439868,1.3960106551393296,1.530855610545614
31,3.961895942864178,3.932706953222636,1.079143172452828,1.0464476453416722,0.2737794093772916,0.1928802794192189
32,2.761066586061485,2.7132627661955375,0.3014706427633092,0.2796731719030434,0.8899351788647438,0.8903069358971886
33,2.145822602849438,2.1336754476579873,1.7988250325642383,1.74449184318941,2.3630774312066127,2.253427886583063
34,2.5952891080426097,2.489574750902852,0.7909343946369338,0.7548460356175586,0.1238486264221565,0.1015832462164692
35,2.750827593210846,2.735570666350685,1.3379930494030352,1.1716308783955574,2.6623675530009754,2.7923054348515857
36,2.348130798897377,2.284931580636943,0.9938230133320152,1.0249416444527126,2.2400699965636224,2.1983250520802784
37,1.7359467420419448,1.7167177993996516,0.5703334669886124,0.5299357840016468,1.7070203990336732,1.7135354324466736
38,3.2752025883496576,3.454655617367272,0.1751543305332004,0.2482125960537552,1.5221504190340855,1.432595924904202
39,1.8190125356686575,1.8764052031656595,1.0481529086551398,0.9737406138508032,2.027053005523517,2.1529670570409287
40,2.6615428036021935,2.618506170897745,1.058544122139023,1.0414701496367127,2.28172823493538,2.2348822801521724
41,1.57482940969363,1.6146287665966583,0.2253588824240033,0.2287044164809827,0.789434543779669,0.787849307276196
42,2.2007417599119106,2.170421465133687,0.4164728610857209,0.1,2.0599518034886195,2.525139231709541
43,3.542957792028928,3.708701288581111,1.5606308774762998,1.67404698693664,2.374341827326607,2.3450126343923907
44,2.5996439930335287,2.5829223641276573,1.0386071537155162,1.0049104650430267,1.9294103848791169,2.0032889402718483
45,2.7528174250419895,2.6929181273993796,1.545846107349761,1.4058279572457946,1.937011682686553,1.9749886815037976
46,3.346510706125926,3.2480137211600777,0.3119667455493976,0.2860803180170685,0.0637416493229624,0.0667843385207637
47,3.0035683964092343,3.344977906873699,1.0772423744239414,1.0986631739039252,2.2776880475262655,2.340372944234089
48,3.882365904129041,3.317807113400464,1.57406467132742,1.219872160935718,2.326236180977767,2.4588323536056462
49,1.753286331746139,1.784588308411181,0.2809882952355729,0.2771051887176691,0.1289810058856001,0.078587742577208
50,2.1074339307477983,2.0773418735211537,0.1980939700225479,0.2212283510395604,1.287583011790482,1.225158272822951
51,3.4847878512724697,3.5000991696079717,0.6545849439517809,0.6057539291323988,1.6355753664060702,1.6538466066599666
52,2.471535087523492,2.2572334601325563,1.890508584520248,1.8061151197481455,0.2567304129901939,0.2600056084026446
53,1.5958307913935383,1.6150038935647948,0.2525533462936054,0.1,2.5280902578607978,2.607734859523156
54,2.652779769002022,2.929074206772867,1.763138452969988,1.9785528457451984,1.808527322176402,1.7298760704403102
55,1.980512513028524,2.1153262363694476,0.3680495334068102,0.3973132711431081,0.4119318568242931,0.4039834512476747
56,2.8042404712258917,2.9841569362441516,0.1488578876182351,0.4095174858006652,2.6108619277602845,2.248251052670713
57,2.5493366484196107,2.6510079839211667,0.407931738937526,0.4370279196057452,1.4522270788167422,1.4047574426604788
58,1.7358877760457254,1.5,1.9216306297848007,1.8344676022550623,2.6743372145479016,2.7614272012088494
59,2.645880419437691,2.824345785523616,0.3408443704757822,0.4019086252871121,1.494927549578711,1.3900938049498317
60,2.1619118570079183,2.1605275545119107,0.1500309043364418,0.1,2.0153891009319373,2.117886145939073
61,2.927128624911155,2.937838609683204,0.5661274155008575,0.5566331146148179,0.7744911351629549,0.7925772366958336
62,3.2877845555126264,3.395139484005115,0.6178343189417045,0.6459120512598912,1.1299280431405427,1.1786561466329817
63,1.9759673810484593,1.9650065863011743,1.7587927721320016,1.7814878527622418,2.4616192422391565,2.392918620772378
64,2.1227272950495166,2.0848040008880244,1.4346522769174053,1.4854534684406546,1.9988089071031647,1.955513096357572
65,1.7027078594419334,2.02815624750155,0.9865491406014342,1.3479019775813028,2.5739303200277384,2.430043072984623
66,1.5621400733442414,1.5,1.1180868797461994,1.035616182474317,1.1190820128730028,1.2602754977890074
67,1.870492724165551,1.8557905055156592,0.8621539490212892,1.0266468714215653,2.760688752405927,2.527257736860627
68,2.6850373891154975,2.5523563621138647,1.7292319494612831,1.698599635798648,0.4332536565548898,0.5101061762023555
69,3.348580211865312,3.321254768841887,0.3086911497737535,0.2858413586689138,1.445531232258645,1.397278969478657
70,2.4070749351869054,2.4498954770367107,0.3174126294076981,0.3198201622960363,0.6379831282835764,0.72930177167679
71,3.4003920633057785,3.663160263242766,1.325692033190382,1.4081765594419926,2.632371849121384,2.706449474892864
72,2.860764943550264,2.850933731596478,0.218006698354219,0.2163088212984178,0.5166972469847836,0.50789077618451
73,3.5448440968651207,3.549323433351163,0.217847665650823,0.1000170197616484,2.2881746504533953,2.6157115172841054
74,2.127707209809322,1.8945245053204336,0.6667788895224567,0.3845592280599614,2.077657303968729,2.190417150275764
75,3.1686327741221896,3.100481491588696,1.7783759338843403,1.6748018557396689,1.3619761791025526,1.4022861730771785
76,3.705995133962004,3.5827448536019557,1.00885059339507,0.997308639214432,0.4424244571482442,0.5079497255902937
77,2.450862394999392,2.441950251443864,1.5600227155728774,1.4417116760905937,1.6285935907417115,1.6200210127839398
78,2.524875949937388,2.500035764453715,0.8299164777072651,0.8726226584395415,2.404627103043182,2.3808256069681297
79,1.7960381893215602,1.7695344117826517,0.7618655055368818,0.7138324618855427,0.294752797785163,0.28911235209736
80,3.196175017968931,3.2222689039728634,0.4558450480457342,0.4390442182222043,0.0399166111497263,0.0060059291255883
81,1.9896181631414351,2.1441096113562823,0.502409140517709,0.5080410122841157,1.2407576860393512,1.291545652994397
82,2.832891841381746,2.608227127092771,1.1086359881868175,1.0128754483739597,0.8143710152459593,0.7790115395508207
83,1.664303808108297,1.6622266165158963,1.0541069912166177,1.0174137689907774,1.3147010999924316,1.30512835777452
84,2.0818915254361796,1.7156738809409966,1.8947473061333264,1.5464092231201103,1.378923232062675,1.3259672912192637
85,3.56087445717042,3.4909787921969087,0.7276184759762355,0.6967801163767656,0.4554350967979147,0.5096858819173794
86,2.914792083436276,2.8631589894920464,0.8616674334913806,0.9228040151468316,2.8423560934627425,2.768168905167548
87,3.8921449289901817,3.860302994785509,1.3743494554322644,1.0860596950873,2.5692610978450316,2.92098342315595
88,1.611136771324625,1.535328356638303,1.2423143506489107,1.1263315160708207,2.2046779386240045,2.2837366792240785
89,3.7894790243257326,3.810767337029464,1.500320884423116,1.4664018693984475,0.6285887956048287,0.5835574064447472
90,1.7635535417620805,1.6636173788809,1.9515195261329037,1.8099483078988985,0.5752178373764518,0.5184533643990413
91,2.537538173976089,2.4782575586379214,0.1784866689604679,0.1865128416317127,1.5321024951548643,1.4693407805002672
92,1.6519604933156324,1.6243394068587138,0.1009343689995129,0.1,0.6085688912627044,0.6114666811113119
93,3.18956728435714,3.2160604621186706,0.9795086921821492,0.9361805706850088,1.7460417967925466,1.7889528805985455
94,3.22752231750706,3.564465377001298,1.0464162974476776,1.2110923574675343,2.3058732783812,2.212433715692272
95,2.5896697319156248,2.729145219679906,0.3772552894635453,0.5719135412556378,2.7929232776472133,2.3977703263695016
96,2.791849395457524,2.876175018003103,0.1217070732059649,0.1250985700152038,0.2295143935925798,0.23991915590404
97,3.3927303076608366,3.671865996184452,1.02445475015994,1.0437610010656242,1.2919367174180516,1.213636304651637
98,1.9061667969401417,1.8712645203108589,0.3651809126083026,0.3627134139421847,1.0867330652852978,1.045250504147248
99,1.5396010034642569,1.5417586976627755,1.7371467463334398,1.6924543537756491,0.157097733545005,0.1353126374232323
100,1.738680898986018,1.6278039440400938,1.9289560989864594,1.81547012903719,1.5936032643748557,1.7271933458712345
101,1.7653220735322512,1.7630583630935748,1.6647703862574297,1.634438006078148,1.3231595928338717,1.2449390972080459
102,2.3592098795060643,2.407847113527273,0.33445336644096474,0.4287692958841126,1.8768896138704632,1.7879358092689825
103,3.393301816547468,3.4571592874671184,1.5425339812357373,1.5794034652605629,0.7773225247235777,0.7921709361404933
104,1.5297994850120085,1.5,1.1600526501346664,1.218263768234723,0.6374461152355007,0.572489212360179
105,2.9906582804447517,3.2258540918104965,0.6579543282209014,0.6340978272275044,2.315402950792363,2.454491166996144
106,3.1206450666131293,3.1150968304441675,0.5268050906463231,0.5420445878875723,1.9664146058303251,2.0122989443107047
107,3.9826844622850515,4.0,0.4236980184913882,0.3956290758872421,1.0643435772325702,1.0573959253210095
108,1.5537393745335444,1.5637926516989982,1.8597852748952612,1.797759647622365,0.16604360190445533,0.1735064270922248
109,3.7745150086633634,4.0,1.6545447487811773,1.516451176692734,2.206369530108402,2.4324315628132767
110,2.823597116773696,2.708549363649708,1.1829307547647216,0.9092731055083848,2.565204140826352,2.7193313031013746
111,3.2831776872295633,3.5336417443601693,0.3042858163903951,0.30046267740149213,0.44498776700638554,0.45781690493658617
112,1.6593251604577428,1.6236776289010921,0.32826822491882635,0.1,2.6902356912311034,2.9529056256848034
113,1.7138356565533224,1.757716486214457,0.7623297828091586,0.7686548299643858,0.18005297862604897,0.2123751772255472
114,3.8731533427720923,4.0,1.2979314946776235,1.2468380562047252,2.3117659545009097,2.4793332683715175
115,3.242948830778517,3.471376954077212,1.450774735812078,1.3432502088717035,2.797751442833986,3.0
116,3.3683075846729555,3.412703647790713,0.6844131352747929,0.677490722454483,1.8998281667469095,1.901398657358489
117,3.4678947737706385,3.397518374684726,1.2213153727387709,1.1641661428424943,1.7536164156025555,1.7280154261918115
118,2.700615151076373,2.6129532121646206,0.9105840356411984,0.7888922760876701,2.550432296269654,2.55803649374492
119,3.9636045188361524,3.6376867418659744,0.8140158977117641,0.5777781426285306,1.8890259870896353,2.0614174519705224
120,2.0020225420290103,2.043443406212568,0.2385282047263083,0.2541545563035339,1.3398011863496289,1.252255818998579
121,2.1684623718911986,2.060966368568911,0.9888216224901404,0.934120681870909,1.5845211733838633,1.5259220116450842
122,1.9510263024162111,1.9653009048656118,1.7839113986046595,1.7182284284134604,1.7026128694970266,1.6730427434930806
123,3.565344492291089,4.0,0.35143694810762194,0.33933282746823595,1.7699182778704527,1.9005865692704331
124,1.5361947874782729,1.5584759676230064,0.1370741702548648,0.17476410314775964,1.4545388528776804,1.4260174972362953
125,3.833605178718659,3.9548969538353176,1.095813765333761,0.9827476277085192,2.4801622943048796,2.5678350981183886
126,3.991697993377163,3.8120011345364073,0.6087533247204419,0.5863019151829849,0.01256407154584116,0.0
127,3.004575595918495,3.079505607150216,1.39418033594802,1.3834585902877337,0.8063963293344469,0.7737779876355595
128,1.7491069047133652,1.6803683134509688,1.3745168009421371,1.3348497937940493,2.814104720838369,2.841805473816888
129,2.5807428531160053,3.074237531513424,0.9784079333392025,1.416045855785872,2.9067930410997085,2.571898250894278
130,2.547444591849557,2.4362957532788947,0.8186624207289388,0.8207012931704964,2.0564891946083375,2.13367846360735
131,3.6849872399017993,4.0,1.6986847708240569,1.9849503895613463,2.9172407716288573,2.7798321857368
132,2.664726531270645,2.414025393431157,1.9811038918860264,1.7847542262531613,1.9132848832071039,1.9046357208843534
133,1.757599052651568,1.7544764548401726,1.287447063128071,1.1760958001073984,2.07557439405882,2.007317914160668
134,3.364714137931435,3.1318802227270885,1.174395111210354,1.12161450325549,1.9207962971399226,1.7275396751675773
135,3.1972490230020085,3.0436159315678415,0.5309669115038739,0.48939593609655774,2.01994733310092,2.03110591997524
136,1.9721976546071454,1.844083650037596,0.9606802273707903,0.9320561095458268,0.515461751298718,0.5350714338289865
137,2.7319657041354093,2.5059032453152046,1.3452035073747133,0.7571132850134299,2.517374991584049,2.9999967337413613
138,2.7957220002193512,2.6715522550675717,1.2224448866127404,1.2107883395024983,0.3058023660134944,0.3351948672817591
139,2.5873589861140545,2.9136973940991835,1.0820617190607975,1.1652606831087005,0.7578575824930862,0.7926477713628939
140,2.1905418800515073,2.1635497224855986,1.868321017146232,1.7835588286454935,1.6047132168486398,1.6099368241051064
141,3.557787449435048,3.701838304930595,1.7625378865465482,1.7676015363113147,2.4297137897810384,2.4360457173143852
142,1.8809520009254208,1.935386750614075,1.5869676580033938,1.6692569631565815,1.4650530269334041,1.4599146000427907
143,2.7280406706301594,3.023269797291624,0.7805010003868258,0.8292654849386325,0.5872313848765962,0.6658065027133212
144,2.2874553071181816,2.2036791512561287,1.0131370954681664,0.9542445059755142,0.5728399366950319,0.5226378819064499
145,2.8772786214617416,2.882641402147873,1.0238472447677516,0.9814618516200923,0.5516591637605379,0.5522720238392402
146,2.3513076951422844,2.081191237928107,1.0496762834479585,0.8769937860308504,2.003703187231678,2.0694038678719298
147,3.441627777510459,3.4802176474059086,0.11871985124136797,0.16723344412166427,1.4233255576485875,1.304868180480433
148,2.225333713116676,1.9918175986044548,1.952402215790714,1.9818530879532819,2.9592117717249327,2.742734618032097
149,1.9657654468455195,2.028822651392029,0.8130639115162773,0.7791131700259226,2.3259298414345664,2.2624724719182185
150,2.736603214709348,2.670743264092283,1.7240415554904633,1.7169229711183467,1.6701550682822621,1.6954592723977981
151,3.884968146075092,4.0,0.47565127265280494,0.5273900151333036,2.713504929857989,2.5577146841902283
152,2.1207253719403623,1.7862122307342663,1.8350590435001217,1.7037535348220876,2.048379435609964,2.031337780698855
153,3.971825847333695,3.8455457027679953,1.3965308556693898,1.3649415172214476,1.0891250294227985,1.148274053985115
154,2.3126533043648787,2.089979458362448,1.3780033363783768,1.284022440802391,2.9809631881153074,3.0
155,2.8445508880403882,3.0021400169428722,0.4697229482480091,0.48673471123222356,0.1821878952120366,0.16705220231591406
156,2.6427134153821528,2.6362523795638926,1.5568278164988851,1.566734218812998,1.8323258527287982,1.7628351262962003
157,3.1700747851773294,3.3047281055079454,1.4020956007048988,1.3891094432835083,0.971439904203666,0.9788050388998982
158,2.387623907846619,2.388835561635979,0.6967430150605729,0.6886374191923168,1.037558792390965,1.0704052962617965
159,2.770023147003479,3.05420390492665,1.9884405232744111,1.9645918806622245,2.6825713686302164,3.0
160,2.0763681109386383,1.8041957567807307,1.8274305892034994,1.6215945568257277,1.983429102587721,1.9774018870942365
161,3.5117239646077967,3.351225718682995,1.3434873401502847,1.085622356535357,2.7947046170008236,2.914946391642364
162,3.430561255894947,3.0425750943380785,1.3795473435059735,1.122304327699606,2.1588562597009897,2.2529658054108266
163,2.5609227045792813,3.036969117720654,1.8440640867536366,2.0,2.70181627320889,2.6216214859425615
164,2.1643093368034307,2.0444958615257436,1.7538358757202552,1.7042242074723017,0.7708867407705283,0.681402361882167
165,2.4665279415709938,3.0196254759771644,1.0022313733224362,1.2642645522661518,2.051324065513456,1.8428627021009378
166,3.805607672166241,3.317352541303109,1.5494537867747598,1.3691737906120622,1.5366025185937873,1.5119379271782873
167,2.641927312586839,2.753787855168313,0.5368055523595596,0.5197125955189774,2.863361926679673,3.0
168,3.2116670489159436,3.1760155996556065,1.821116683218352,1.8660982121800695,2.649785836892402,2.530048246039839
169,3.0106439859691987,3.626902134681314,1.8681852221367643,1.9406234214126867,2.210645508199069,2.1867490827457985
170,2.0476390652385428,1.9029542201844811,1.1916876763119577,1.079356085294605,0.5006737428312705,0.5748729456750529
171,3.0114889646485614,2.825485119545198,0.3990446072947015,0.4164500124101213,2.947692182145787,2.7014845507916254
172,2.197820167069924,2.3482055412826766,1.9308102770981685,2.0,2.000164936965532,2.2666215337294195
173,2.198318781346029,2.2048060022082403,0.21288314205672143,0.35058321063976294,2.0447527350841685,1.7445951934792272
174,3.209598153665789,3.4275725989723873,0.23690367643758892,0.25399738404020716,0.3388054342528577,0.35037158006928704
175,3.8348411317652413,3.8294723363293297,1.1162199180221652,1.0768910105639478,1.0102741678576534,1.0045849748252071
176,3.6023590643168997,3.3846471361110555,1.9808634446694264,1.8861802098077038,2.282900227521107,2.3863668138420526
177,3.397207020441317,3.3759800458533973,1.3845402772034536,1.1552200853091135,2.175233443547456,2.387618879898692
178,3.4978417979085252,3.4664845008125096,1.6948765521844094,1.627253711253566,0.1744476763114282,0.2660187877526877
179,2.765189387390973,2.7828340470329964,0.9729112755889218,0.9882903821083253,1.6577528093341907,1.647933054929141
180,2.5251223846327058,2.4967097687378623,1.192351281817121,1.1595609470919694,0.24908322680737605,0.2397538897193236
181,1.8140594188291335,2.0120480980323183,1.425473360020021,1.603099379877461,2.663563835777964,2.643634978586106
182,1.9812302839124525,1.9888663513750162,1.2342363910334944,1.2370452847768105,2.987912030911932,3.0
183,3.859900406049623,3.6559728340217035,0.94500844475532,0.9193438555990433,0.7160062990531528,0.677851978248878
184,3.4226361204791256,3.8619189159509535,1.6666505099088038,1.8246602014330378,1.1267360566027587,1.2250374312897823
185,3.2884881840670728,3.5114090674255696,1.1225193308365748,1.1446362817157887,0.4727113312571395,0.5179105435229027
186,2.7987521697965105,2.723155021786991,1.766947056841316,1.7159707431848052,0.6104150279272886,0.6175199891681145
187,1.506807477439835,1.6557155057267956,1.7324384412884515,1.7371517670842167,0.3729700228983822,0.4601382726924209
188,2.336221938021764,2.3437447500624624,0.525158406586863,0.6401226057704381,2.446474229358369,2.2215558130350366
189,3.0004147156820817,3.0608127267939174,1.8492312211818271,1.8237924420691471,0.36088707312744217,0.29995670623476584
190,3.6351488825233154,3.416966521436388,0.3388387889289363,0.3527271742818767,1.3736334879290242,1.2456769073157556
191,1.633031256747496,1.7761651551180808,0.9955070663658968,1.1019216479805396,1.0826890353194534,1.1152030790455771
192,3.454899031412182,3.7893231071333933,0.8239349247829285,1.0465195922724793,2.017385093733384,1.8782853521253715
193,2.5564192345554586,2.6278966205280385,0.6899529916882671,0.676512698331528,0.13706663367333927,0.13983841572700514
194,3.143553463823665,3.2474629106132067,0.2716014414109375,0.27751974096628096,0.5116292201589807,0.4831238151185917
195,3.0024512757770534,2.8754513277700293,0.5523578718366869,0.5343385301785787,0.6637450495138035,0.6242080803800524
196,2.86541073532085,2.8805618322585795,0.31073045870197874,0.3652330589739263,1.4225825973445887,1.371177698822318
197,3.610794117861386,3.8851352341258956,1.5176798084633645,1.4404440176629707,1.8411262908158421,1.9488030345634426
198,2.5768830123549478,2.3399198077495895,0.29281183617105416,0.2294208752415487,1.2049063353401221,1.2768411121119938
199,1.6177449651082918,1.7961935083512217,0.5323235183202074,0.658397872306596,1.2117414309395564,1.108523763549835
200,2.024450946173225,2.0161266757344687,1.6415005688829156,1.5644123536766843,1.2423853069552577,1.3885427774988939
201,1.5314281968984074,1.7088140542317787,0.5965458642998617,0.7014993271609048,2.9209091514265024,3.0
202,3.7597442800802723,3.65386268836868,0.4943324995092465,0.455566874896009,1.9456080513085534,1.9470224382636956
203,1.6132718039805811,1.8940256032706118,1.6040688446845075,1.5624840481375006,2.2451009525897887,2.38451424390395
204,3.3253786504008103,3.5707828420287946,1.6317999392069324,1.7395074423465897,1.2150295248555643,1.150430116292278
205,1.9554974336374875,1.9831274518225621,0.7123334057136617,0.488050893750795,2.0635103403786537,2.315373180099721
206,1.5546035520428787,1.519091098490822,0.7107407054601598,0.6758184043170744,1.8498283054988376,1.8254244541805575
207,2.45788786392006,2.480463734537341,1.3967990335280047,1.3945151571554668,1.8554225200168901,1.6991750959407073
208,2.2695668847753216,2.230006498131799,0.6962267068438457,0.6959423708389353,1.6571370148525677,1.6134097971819263
209,1.694901258197446,1.7410871334400393,0.78751538308463,0.8576656605410079,1.179465597425979,1.0985944103025607
210,1.9837825987838194,1.8523171449035596,1.4568668990490563,1.4231316349155614,0.21074473965884144,0.22769612253503346
211,2.190416480363422,2.232883052697718,0.5319292416512991,0.5627606101187295,2.251083022748032,2.1709675266462485
212,2.82819791059664,2.939981968435532,1.9873143290128366,1.9686530893910403,1.671690122341067,1.8100424612891162
213,1.9216123363257762,2.0335970480847663,0.8403822288308685,0.729865466164114,1.6321191597495992,1.7189034933597873
214,3.9017535993959713,3.8802493925247976,0.8849486297453716,1.0163856395346993,2.3734816324363974,2.1431007485255176
215,3.500367777417999,3.537895008368708,0.971391754466553,0.9658671401078789,0.5179707364296053,0.5292898983400331
216,3.617440491720877,3.382296945912783,0.18387812923314406,0.17160883875100616,0.8654920507784606,0.7953976518702804
217,3.636705260097914,3.661210040488824,0.19594295957758986,0.15955661774509927,2.890704964092904,3.0
218,3.8918854732385264,3.9518895750786722,1.7146927622443306,1.7700039774066114,0.18759401570934764,0.2240355897385495
219,3.531569584235166,3.3772320937777103,1.787852323500611,1.6824979957552821,0.27696974472374714,0.3002296025875904
220,3.790947642405819,3.5990383621780713,0.865129425399813,0.8462027218980185,0.8189302818182423,0.8215726605071648
221,3.2898162983171497,3.337661528910366,1.4391010844910699,1.4003176835998934,1.103813201023482,1.0776771739536852
222,3.450945520658135,3.6763208413788524,1.4443079920318977,1.5177668572901677,0.6312469606337141,0.6242460547193805
223,3.892624019138215,3.4720215430434367,1.0455305155709653,0.9396499517462565,0.5287458642499436,0.45579171893057285
224,3.0938538680772805,3.1299136608837492,0.8488434469202353,0.8796477383904066,2.4801483923479237,2.4756963939797956
225,3.373912969292813,3.5401055312950422,1.3504866358026868,1.388754690865628,1.4663933086659013,1.546573358383814
226,2.2858043296609347,2.262884671298837,0.4883624706214116,0.48936962101926046,1.4693851811958882,1.4566414971080326
227,3.7722642886469266,3.7579144570167244,0.17886127197189453,0.18133379412842662,0.9020136280150803,0.8885163277502534
228,1.8448571612019902,1.7950927842434112,1.3182597605195805,1.248501256461231,0.01716831143161479,0.0
229,3.3559874677089176,3.5672828480007124,1.6241375070031137,1.6352492033330317,1.4897809966109379,1.4602101687460225
230,3.3230389872364285,3.346673763244433,0.25679826246445236,0.22520628417422353,2.833197578312414,2.9999465900345
231,2.0927264431414927,2.290928892274889,1.9253465543518866,1.942922125025675,1.9982961041116984,1.854389735454468
232,1.7591628023041261,1.6770092513437582,0.4816967208309423,0.42003318724769323,0.11441798892681854,0.15879730677994547
233,2.003533966042538,2.029618717455942,1.1605800576732261,1.090435854506906,0.3892859529435907,0.44322195327512703
234,3.4088593661941045,3.3333800187452325,0.6510803031991305,0.575644861820243,2.116069161627142,2.228151744813825
235,3.845729903842159,3.620519575308677,0.5298932236713676,0.3099894709176781,2.7010322413413284,3.0
236,2.7911205026290955,2.7620185988612445,0.6584703971944578,0.6288438230973701,1.3990505256109107,1.3919635324146047
237,2.9232185979319283,2.965038088481988,1.4975233986828438,1.573566426327137,1.5918733785367793,1.494309812640878
238,2.0139341131790696,1.9527092339173202,0.7224228064628443,0.6173748537652489,1.3489610809386607,1.3754658918682683
239,2.702049518370523,2.608119104677524,0.4680103119259944,0.38059280845757765,1.6333804115771957,1.8230792560425988
240,3.9306660513785188,3.9127949668664064,0.7745180623212752,0.7734251064179325,0.7658365566198808,0.8469923784157541
241,1.7417656767456213,2.181566554627967,1.8614410720676913,2.0,2.6543189264200784,2.740283903459853
242,2.573716137480841,2.538382470825754,0.21399637165256397,0.20293356871157311,0.6392969524107902,0.6184992589801298
243,2.918051328307662,3.034812457352348,1.1915333446088827,1.2156892959474408,0.8802952676647596,0.792682117241492
244,2.917312741575432,2.791539948450416,1.7185023518361242,1.7722752974223963,1.0262852222792667,1.0754991698503882
245,3.0164144873631678,3.1789785828349473,0.37925167455650377,0.5203051297845757,2.8375171378162274,2.626540722885293
246,3.760812900424719,3.26730466086386,0.702366202226212,0.3015408852575637,1.870224045687158,2.389927001142889
247,3.2642911947656517,3.2258285464824983,1.0540555290223472,1.0345223941774735,0.5564921574657283,0.5130449735237508
248,2.4501432484469143,2.2893433706948674,1.8583804835735276,1.7669680715686829,1.0234528002429912,1.0473764251144453
249,2.408467274895399,2.5223941894760444,0.5964077350198387,0.5945478252595635,0.7021863935322128,0.7112705180020978
250,2.852619794723342,2.933802917972777,1.1535257481938417,1.2019595702275716,0.6033988195432162,0.5898891215655461
251,3.3109980949259312,4.0,1.4845963687974852,1.5488500187081486,1.2040828645777863,1.280988214727379
252,2.14443071496507,1.9808968511243217,1.313846481129786,1.229234373191256,2.6976517002313005,2.614237369662954
253,2.9528571461154294,3.0193944096481404,1.0869962369198618,1.0709550663804448,0.7222689444302143,0.7070519413474428
254,2.6238506746363486,2.4499559727649234,0.8738274430384588,0.866569947304551,1.5335428232370578,1.3772202559933766
255,3.4326799752083166,3.389178062328001,0.4654230247823813,0.31418117837907544,2.565599186414324,2.9133823867631374
256,3.092784257788144,2.921894640720331,0.17838092983857845,0.16777984848263017,2.502753373349234,2.3543366552981047
257,2.9617406543074596,2.9714719903075193,0.6324615270404501,0.4990991395916427,2.013492178129098,2.1746780933960044
258,2.1213999170092928,2.3662562921500117,1.4134176117719366,1.4906278442888343,2.054962682348223,2.15473968977399
259,2.0490378507705445,2.1236877305857145,0.991698615629079,1.1448420711633125,2.5885651990963403,2.3367219284698084
260,1.6599746810473905,1.7565671373399216,1.0594192586592053,1.1583344653695722,1.631991336890463,1.5825004610661195
261,1.6896450453973089,1.732996380774542,0.29734176241803933,0.33169515032018826,2.4423564511005518,2.343881197095657
262,3.836135816486064,3.584202256953828,0.7712084196029632,0.7315546673497859,0.09401855556673078,0.13743306664455704
263,3.0807075003497855,3.388627836758051,1.4817147759336005,1.5017760220279843,0.3089662383620616,0.33168382784485534
264,3.907392287420735,3.7871535352844323,1.2169087496746418,1.1194519638344247,1.2475893497644817,1.3632813301516202
265,1.8681536918542414,1.8825815459706943,1.5054217552906197,1.4659652859535133,1.9975372164158367,2.047461110655746
266,3.8230690586379845,4.0,0.333875064115159,0.38856877876480256,2.474165302610642,2.4821003453070505
267,3.687265047502203,3.910789213129018,0.28172979425402467,0.40941532241722156,1.967092271971961,1.7434090386966732
268,2.523261724821774,2.5314427120656386,0.5598576915470556,0.5642234746652774,0.09277524335669007,0.060430831354098595
269,3.1643080504882057,3.2084623234564513,1.2304940522343986,1.2045121559530123,0.22549752153260982,0.2593089147520763
270,1.7941405679864564,1.8144442670896326,1.3673233205619506,1.3068584403705445,1.3337709056122504,1.5012360318406557
271,3.4373738652369292,3.7507805541833115,0.49667175709138744,0.8069902357041923,2.8856903440257002,2.3495863359095557
272,3.2214952767626044,2.760968541256245,1.2535552399370036,1.1211197546140659,0.9782144503171101,0.929208718270924
273,2.1438150674298067,2.0827856998487118,1.9399629000497864,1.4628300922560127,2.6812243649783865,2.9537456200670915
274,2.9205080185379027,2.9922451747210124,1.4804025522453828,1.5551799327923057,2.7638686604393246,2.6674034165238485
275,2.48012734756328,2.61074081105492,0.4924911357195608,0.5091886110867176,1.5706205831291267,1.4721119864630496
276,1.723505669809284,1.6756870436124056,1.9725829468563016,1.8699652108289573,2.3337706480143092,2.376891649908899
277,2.4508049187739287,2.607796605047092,1.5649476840169134,1.7607561549556836,2.5277235431316383,2.4432172803632404
278,2.571026201557472,2.4286197056827548,0.4924454190931774,0.1,2.291823831695826,2.8614781668160245
279,2.8550684780225986,2.8261738507561684,1.9289648412248854,1.7866020420215798,1.589164537238362,1.5372698309821133
280,1.9878109756186457,1.8981561913536307,1.9405786353738297,1.8349815727749992,1.4246366754670228,1.3782889340573625
281,3.7868867230356678,3.4944730032286597,0.968393508483952,0.892350011244894,0.21077264731007606,0.3033693072571594
282,1.5435412991831432,1.5,1.0036249667373336,0.9573670031721464,1.9779735893001416,2.050975471328285
283,2.554916606065067,2.951808353073768,1.0959612977531716,1.2035538268265265,1.248078481987592,1.2431612603559932
284,3.61921939202027,3.1775556384353,1.0577796333633327,0.9369402009917658,0.4596736979738183,0.4356562889006387
285,3.283746507123319,3.536785229441979,0.4350339098260594,0.43745818405716824,1.3814538735072261,1.4160872633495307
286,2.3092443705088845,2.233945530216219,1.944330563512676,1.6467126301228967,2.9377614844470754,3.0
287,3.6234933372331612,3.791374781731213,0.3480192394293819,0.38797715760139523,1.5625394514901187,1.491932312911235
288,2.0135239988661375,1.9212580507664239,0.18716044085554212,0.15899364922367354,0.8904304975084721,0.883855650832725
289,1.867658582479426,1.8907939748707703,0.1483581731923426,0.17031745563032127,1.1060207378811855,1.0761522551793135
290,2.3049916256505663,1.9807585959905887,1.8174916903272202,1.6421257455855933,0.112955192026446,0.16559774582601414
291,2.626043278508835,2.824069735181201,1.5297140950314485,1.5389095382247513,1.751427106390555,1.7503079993729953
292,3.96588844893093,4.0,0.2599693340617519,0.2580023233731509,0.6868883863013582,0.6854464569397096
293,3.298149630820636,3.0911489778731425,1.7726946289711496,1.6335056714907774,1.1360866121964803,1.0691045376430435
294,1.9374947618760245,1.9051271041467017,1.2437050077182277,1.2876936620808586,0.961747190595046,0.8554816303358561
295,3.889841646888625,4.0,1.1679617408404641,1.128740328529931,1.3657614700715963,1.3636739376511946
296,3.9505059088519503,3.8472382321935097,1.7147097035378016,1.6827651720586254,0.2040578202971527,0.05786253286021822
297,2.7041593018208143,3.0504538717039047,1.6259865685886403,1.8460920412465365,2.6457544556314643,2.6728666324790957
298,1.992155583886547,2.0341208012718437,0.20019220615586858,0.29357149853308584,2.1854263939877705,2.0756564927064374
299,3.3805791167740242,3.463743190516194,1.458327165722689,1.270153671800935,2.122716444119082,2.2246166845656
300,2.698847296393387,2.8261983707102014,1.8258099787348456,2.0,2.8804668459401923,2.859683082932174
301,2.6827673131133905,2.9217302726245533,1.6812453697023515,1.7168839150160384,2.176245630324986,2.2391622429494427
302,3.4809494238350434,3.3834466138423958,1.0654205067855624,1.0372229681474952,1.5952772776670123,1.643707334565484
303,1.7843600517827953,1.83122580608165,1.7783861061219668,1.8092448214187606,0.5185393517519525,0.380149505082226
304,2.600678265310581,2.3313993099928,1.0039050133508822,0.8977719578792315,1.7808751954349331,1.699834995809513
305,1.7938998877489296,2.138051159229411,1.3767095020164521,1.3874133835723033,2.537406816414566,2.4821982818385764
306,3.757297032645952,3.608573767901897,1.639795493514172,1.5363611127499148,1.868566060008848,2.0434600517026893
307,2.372775417135249,2.3108017492419326,1.2809972964550902,1.1394652170795263,2.1043758927602663,2.1557002155117138
308,2.3907575414846316,2.5468505504915306,1.2009348304428014,1.2651569320624567,1.8615113296120316,1.9266413300732679
309,3.7712893655704676,4.0,1.6153228057805993,1.6056797902216196,1.2630310861057112,1.2601596946415234
310,1.5172669382966015,1.5,1.1564357835676802,1.4407358866274294,2.6181132518225145,2.6395143849376623
311,1.5944331287532054,1.5766631903525858,0.4591590706241765,0.10526016413716176,2.5239497273293026,3.0
312,3.0252780506400683,2.903261608920952,1.0596189266926217,0.997740370720284,1.6710070306928044,1.6118193985864961
313,3.8406763160698247,3.516922409298057,0.36770979339475285,0.1,1.6292668692740442,2.0831530997094054
314,3.6052346764684735,3.6403453157681835,0.48318681946528885,0.47865779859434476,1.4167521568912032,1.3878742124802654
315,1.915635530569223,2.115526728088618,1.8202634880784971,1.7538488909435999,2.5289743494290766,2.6202254008901127
316,2.7611504478679376,2.910894724719497,1.3667653289478288,1.6185953315628043,2.5693674338694747,2.373553635695221
317,3.6254957471371156,3.5853629464132997,1.1683208431138985,1.1812647808228631,0.8556947885790326,0.8775794201577418
318,3.868878626035202,3.8949270152371804,0.3935279866256989,0.4186733519421965,1.400943664387077,1.3464367861147766
319,2.116005920402765,2.1677606388052344,0.39367585652642834,0.3863592441706507,1.8318300140421875,1.8304556159772036
320,1.880911706084244,1.8324607187906279,1.4803813275874875,1.4181766950390537,0.8093674114923167,0.7894899638479183
321,3.4942043845652284,3.762167172214264,0.6241340529463403,0.6844502491792573,1.846226581842775,1.8426125846830133
322,3.4787033309971775,3.597344650753273,1.922196895619148,1.9237553225177548,0.2501119630490545,0.36370845903277843
323,1.8718538303055883,2.0286147413201827,0.8481125200491794,0.8896259960147574,0.6886140294333079,0.6496538690654287
324,2.966465018797691,2.7921002160652466,1.3020438111491912,1.2220212627363227,1.7835923842380934,1.7771565514711527
325,3.8936835775729133,4.0,0.7418420046026972,0.47972378489105183,2.0584208831233566,2.5934055999340617
326,3.2518690568287814,2.9912927247297887,1.8558139691003293,1.7955983205249797,0.09632734459673031,0.11910019450655264
327,2.694523367873666,2.5882192056615114,0.26181294198436067,0.22112890449753167,0.5895720175812199,0.600936576778896
328,1.9707951952077718,1.959296274167596,0.5790346526507465,0.5823044000311198,1.0396089576645013,0.987530980313505
329,2.6552169927811438,2.6459926373339986,0.1532266997775461,0.14158980469486973,0.9314646391028286,0.9508569599001012
330,2.850789906531924,2.9455860625219024,0.9681921701173253,0.9666814514378345,0.45195650776294505,0.4613779954969185
331,3.8431803309475283,3.9394216949321783,0.24680981932943893,0.25493318365224554,0.4014259853423483,0.3675705396254639
332,2.622164703695568,2.557935496738655,1.7792966309965905,1.7165503466337035,2.0769793879249194,2.1006768372810183
333,3.6572286579921065,3.6796309340795825,1.0737713771774602,1.0634984571790094,0.08116989766812721,0.07506021015586807
334,3.9435352966852246,4.0,1.8464626075883566,1.9181209868649127,1.8052640790267747,1.7911593111575264
335,2.958457601032662,3.444217128410959,1.1707509109259886,1.3871447674472628,1.6022378731326805,1.5386007047843377
336,1.8458446265164519,1.8286717727463988,0.7982577224537407,0.7018419131408936,2.427077462491468,2.61546948649628
337,2.7380187476905817,3.0710019679838534,1.7746987664280844,1.7564843963829966,2.2520466061037396,2.1864413216260816
338,3.9955201452575513,4.0,1.7589296555109133,1.6424905896660826,2.4975659771955683,2.6785813734310944
339,2.4408131032532463,2.3830263248485726,1.256813326927067,0.8530906583278557,2.5525886182522024,3.0
340,2.8269428652573154,2.8004491256052573,1.4181415318569524,1.3806532914287075,0.4936537772823991,0.5113856213540094
341,3.4599741237839314,3.5326500114195487,0.4229834269370498,0.41048995496190027,1.016391532552725,1.054913373615733
342,2.591174315472908,2.476207118028081,1.435429516092927,1.3124934527722314,1.7490481650022769,1.7877951067818367
343,2.308156691887476,2.56269312631367,0.6147808361538579,1.0050540587194379,2.957081171908137,2.581791169650603
344,3.7213748376703952,3.8869001512129233,0.10346475331827104,0.1818587174279205,1.5775054374703155,1.395019444118474
345,3.4391224913451146,3.4341790478615075,0.7234582355503743,0.7702934212327842,2.0864479111175367,2.0181359609215628
346,2.8192487977547036,2.7518215659951903,1.5444687544698597,1.3309158673059016,2.354385878245783,2.582192444871916
347,1.50219989247627,1.5073253381815377,1.6819008191299234,1.606972042279682,1.4288282662554233,1.4729111171541451
348,3.133318916494385,3.069149420287509,0.236818019027469,0.21524794246794834,2.1726172057258024,2.1733224177957915
349,2.2082147680020796,2.1728179133936822,1.7796708320134713,1.6994345589933972,0.49524373666050303,0.5070889203763547
350,2.3368398807424615,2.2219763539350383,0.3852114891864403,0.1,2.507922318865572,2.8414788513400766
351,2.024894179757378,2.101919476893584,0.2988594168923108,0.340112985800876,1.8689423330165922,1.7616464674824253
352,2.2833470229752333,2.216385028968834,1.1028685469682322,0.9725255096109351,2.2256813563178035,2.290174326927663
353,2.95858632252318,3.067282684597715,1.5562056012320555,1.5232275796237078,1.0661603710198364,1.1035380004781385
354,3.965956167148095,3.7054985016655864,0.7534151025227179,0.743323373553973,0.7758911947364102,0.7579714475128503
355,2.3139456817057646,2.5206539383607716,0.1444829839318712,0.1,1.9100399339093475,2.0930402271026285
356,3.7098914648381256,3.19011201581809,1.0326301993346538,0.5448518684661428,2.3491431894205705,3.0
357,3.961541098941751,3.9825278097265397,0.3669691146121069,0.3819305171109411,1.5682440165268101,1.5499283454264314
358,2.838590435902268,2.917001939574923,1.762587838028464,1.778024697404556,0.5648311207871807,0.6691690561150712
359,3.349056658726337,3.8355688929523577,0.33501773600666096,0.4516104652111734,2.7726948342026505,2.6910283971959696
360,3.342513973348795,3.4649586074216376,1.0809520556160037,1.1222696278267081,0.12401784582866882,0.13005189509202764
361,2.1097426533662476,2.4956696556379563,0.8109194619523457,0.9231194340580637,0.9998443498040064,1.1281000621442523
362,2.6794882957651076,2.8285993117809243,1.3562643858148644,1.4076845168184158,0.7845859435419263,0.8210638137129049
363,3.0152964822917427,2.8790790949414897,1.7286184937170226,1.356816039790478,2.6737313387269706,3.0
364,2.2691601422847176,2.1694827076126155,1.9096389076019997,1.7778448396255648,1.9956141637214357,1.96885870403373
365,3.2769225061788445,3.1694675135492765,1.0715163372066414,0.9990093414398944,0.11426055736704932,0.14558173836039404
366,2.2968020762160632,2.209929772730746,1.8574590925864531,1.9223646693851355,2.9992851995795045,3.0
367,2.9060271389245984,2.9900229799176636,1.5849308627626986,1.545675850317731,2.1229394685389167,2.124225766311644
368,2.331065963274239,2.322251021295996,0.4110400897828175,0.3757942109368699,1.3164995218556954,1.2865357123496777
369,3.1799955989471616,3.4754817575480184,1.9672608259367004,2.0,1.6322714555934246,1.6945265897064095
370,1.7563731439463943,1.5,1.2133194520688049,1.1812225074747646,2.1868644101882344,2.163001301288698
371,2.301515726153853,2.4577975129526335,1.0334538323146836,1.0439749129216571,1.1178958713612352,1.053046433197433
372,3.945070702395999,3.889938938193575,1.2208364380659036,1.2055009308552538,0.30395103506288923,0.31785652842932305
373,3.7992846858798135,3.8968106317677,1.5269537796977803,1.5368765061610452,1.5210280021761422,1.5651776773755715
374,2.721290002754845,2.5111668733959225,1.1881829021357575,1.005344089708999,2.358775836550633,2.442916752624514
375,3.3856092412975687,3.334732781332854,0.8400609580250679,0.8552655714749666,1.1407497293591247,1.058767982176018
376,2.5654378701297778,2.5563865573132065,1.4776208314969477,1.440172949481945,1.1464024754618851,1.1905160495219977
377,1.647056540768982,1.790355097026202,0.8351710257188549,0.8282649631299461,0.9175358014994096,0.919386841071357
378,3.3462959031768653,3.357511866551414,0.5572856978643846,0.5685193272891953,0.5205821214626933,0.5041598395168003
379,1.7107040092642973,1.8581711023169527,1.612308031698567,1.706364281550737,1.6424824681641224,1.6696944875682374
380,2.673003219702864,2.677027766693347,1.4271749186587779,1.3829343898465094,0.2507892857254218,0.2808444510373985
381,1.9632661292876037,2.065008640814635,0.6930300972292076,0.9170073009181553,2.3002359946026245,2.1696269616529418
382,3.8527200964360855,3.8438078216657026,1.320420810211633,1.3217627547188764,1.4527779553424531,1.4060940406906788
383,3.5412270742930234,3.576309951844141,1.840472454993249,1.7941001692038772,0.2647849077160169,0.22085422144697406
384,1.6314509826973667,1.5061989369508522,1.2210885401219211,1.0692828234796354,0.5484034880554414,0.5766803672782173
385,3.2877631921911634,3.5145705004277574,0.12632879946271958,0.1415956645467051,0.4140037429697765,0.3857905472539021
386,2.9661227967847403,2.925812229543182,0.3182433384669866,0.13071926505065612,1.6389319306338863,1.9632483286868787
387,2.0035887166401984,2.0185773101734985,0.8458305886921687,0.8215450000510677,1.146494662406332,1.1394606787230608
388,3.452927136180208,3.5161987623094664,0.7897478630219102,0.799578039626979,0.5954067770241769,0.6094469751624465
389,1.6266775464314005,1.7798473857659083,0.35483126693579714,0.3467695338699282,1.5253152516375192,1.5863908925649173
390,3.921677355876848,3.788109863796305,1.972175140687607,1.9210646165891845,0.08968395408724594,0.10900686253798596
391,2.974675331691597,3.0255524603995396,1.1739991356979067,1.157973735491618,0.4034157541651826,0.3539693389514903
392,3.4992081931943786,3.372504694980578,1.348086891524585,1.30321028106049,0.7829752006514686,0.7630573826070073
393,2.4469604370580855,2.5414794090953383,0.3594369575123386,0.38323005386472886,0.11286740330571343,0.10970948649119643
394,3.4722178703910442,3.47995576833773,0.866307499638073,0.8649040811335648,0.362254747997772,0.3122424049721989
395,3.4733896544094405,3.530800912213143,1.1386398644268987,1.0867647917633447,0.7473705786278557,0.7750066751005554
396,2.0960922497080796,2.2055370742821494,1.8087804121954156,1.8137639643958332,1.449251870349137,1.596894569864445
397,1.9188700438043336,1.950965350518676,0.3495733981716408,0.3744309857461862,1.5791334302392854,1.4426618677373013
398,3.052894703379795,3.22483341853887,0.3685056174144876,0.45664727245209147,2.9132121521962024,2.7955072346933902
399,2.820563124953613,2.6794584944403854,0.4370953015579262,0.389914684863636,1.1295954756921636,1.1397211350486356
400,2.7766884029126557,2.9749249985070962,0.3566855341768186,0.5700059831029928,2.9449167384730046,2.766096813145278
401,3.779063275151023,3.8332867092041436,0.20908979452496307,0.10001327075910393,2.404278556085341,2.715334724753756
402,2.432534493507222,2.198817416102673,1.1956804424673924,1.2304243494025067,1.9292823905186003,1.9131192306722211
403,3.601758350631788,3.6158267386616556,1.505857509554102,1.3442937298864805,2.4479969600984224,2.6284124383750163
404,2.0195841945484823,2.03149077681948,0.49498798849868564,0.4939271889791637,0.7993357388276952,0.7472528202162897
405,1.7460687397987902,1.8101926705560203,1.9300640977654064,1.7719188986136887,2.044554643935749,2.0732069720214863
406,2.080085806163156,2.143429698841973,0.6086940085490666,0.6249657495639953,0.6251052157526189,0.6213279145737256
407,3.4455145235462346,3.3396250820404387,1.8382320305700282,1.678100563150904,0.6723354333849224,0.7137338419920244
408,1.9663245455253473,1.8115881951424537,0.5000233812823832,0.41247896046162824,1.2182785408321934,1.1882042324494713
409,3.238920217612334,3.2046315363896163,1.8174415202399221,1.7818120423390662,0.3751342740715975,0.3796066876655043
410,2.3723442723262913,2.55841066797303,0.7032627295082555,0.976048193865364,2.5310603777925134,2.300923464063752
411,2.542114177287974,2.688881690428493,1.0533747079415543,1.047104574201708,0.24081029433151202,0.193767575142317
412,1.7694745356806492,1.6445202433775157,1.040169798998854,0.9312199909601251,1.408305658937385,1.523503608266305
413,1.8908629898082217,1.9637452506382718,0.3298768525227761,0.33831538631624747,0.3765431796745221,0.42020849986087777
414,3.3984375906006785,3.460318879330697,1.4464877223724026,1.4306641663652482,2.6169928856368316,2.574043711502454
415,3.7387095849828444,3.8566655402791294,0.26870657080559657,0.3014160368482658,1.8915139946371406,1.8327844823263857
416,2.9188348655907093,2.763035923290917,1.4978193056379179,1.4683872226872927,1.2619258078493911,1.3691869455210604
417,1.834287435455395,2.010731360590632,1.7838062719649115,1.8952364632979906,0.9411090238628935,0.8841656980840065
418,2.7538737227325125,3.0080801610452608,0.6864910063608975,0.8045546979656705,2.953610013582621,3.0
419,2.6034040542829833,2.7490069828276584,0.9092411030820433,0.8739197854508747,2.3190192888973753,2.2899468909505387
420,2.7376737676889324,2.5315200500725896,0.7973252932283966,0.46705029265586306,2.1025144182866864,2.378199979312424
421,1.7399416959829535,1.813397142827799,1.3738386047229374,1.3888653825194546,0.97378553703296,0.9319771303706241
422,2.9816667806670623,2.852992154404528,0.9224675179224036,0.7309571634478415,2.861032967462503,3.0
423,2.975426854383957,3.180734648592174,1.1934313053470829,1.221415605708005,0.30211732847784567,0.20711286080570468
424,2.992288991820065,2.8974362163039378,1.3266657409707543,1.2738132759437664,1.963193995715568,1.9235894630384034
425,2.220973215238357,2.260637045972189,0.6138105620524914,0.3264065697639277,2.093052420741869,2.608637759000421
426,1.679414236936414,1.5,1.315649766869087,1.3102728507182304,2.53656328658254,2.363840061679555
427,1.580932557501904,1.5622466454152328,0.26848643760158264,0.24355746909004505,1.4873711987100813,1.5094827026543827
428,3.177551535027699,3.051032299939878,1.3077322493795709,1.2348374104155728,2.453090906695205,2.452198268982474
429,3.6603842418286967,3.5654452364322164,1.0172284016521314,0.9584740910353463,2.0029423713029595,1.9779561467136146
430,1.6254266015385208,1.7509928793030303,0.3842850128916645,0.4486281363984746,0.12271345060066008,0.1717435823777297
431,2.0090662772130337,2.180369170259153,0.23872468147688977,0.2588745121401875,0.28588874395401154,0.35723599453074706
432,1.577066262101456,1.55888038430839,1.0764250364271912,0.9922109616673556,1.2143852292041004,1.1832340833963457
433,3.035582495989932,3.4614577037546588,0.8990886414615391,0.9669575381307688,0.030912988631119576,0.0
434,2.0756113541967736,2.0562733187708173,0.1515272331307403,0.10966878060452592,1.6774263736480277,1.666617955729923
435,1.9299722965676203,2.120407524036655,1.8279890986471297,1.875031782490757,0.7880401543719153,0.6754126019674924
436,1.7619703773021258,1.7499821380691771,1.1893482031991154,1.1485173008862242,1.5986948788812256,1.6857749279569085
437,3.6384208360758143,3.7143926142081782,0.18854200501594248,0.2890708629469833,2.1494504287465466,1.979453245167087
438,1.5310290212527111,1.5,1.6130364379514588,1.5591978993145033,1.5856415233965484,1.5414658026112544
439,3.9521908254997453,4.0,1.2630179822169845,1.2342946380804558,0.4431430840630757,0.4120939453963857
440,2.413089857465737,2.1841852901861367,0.7497943855481939,0.695786479594092,1.7719413085955575,1.7286019771451078
441,3.768231533494039,3.948668255191997,0.24925189059285452,0.2853190076110902,0.6806597598667734,0.6530547971812112
442,3.006117133239697,2.8478303848711355,0.3529785076391113,0.3268393243619586,1.6669218414365115,1.5897045926371112
443,3.4575841350152334,3.2115623284720893,1.9728529931030772,1.8502825798606533,0.7173914128901248,0.6187441646751982
444,2.3798476942345306,2.29725207977154,1.8568098161609357,1.7490810699999815,0.4965918509827043,0.500221725459555
445,2.663633530063146,2.9226607327441005,0.6174958256382056,0.6881837276623548,1.0474220457808223,1.0128777768474624
446,1.7813817305845148,1.6092832461015723,1.7937331375961758,1.67864613267529,2.1479035417077594,2.1798073154638193
447,3.445057790566363,3.9153339748649088,0.5440345364393888,0.88511917008515,2.887262729033674,2.4903014170835
448,3.2401378248811934,2.8708499060317076,1.3445049647961353,1.2330920305752144,0.6304418543377864,0.6495144246752593
449,2.400565617750021,2.47748730438857,0.9613997005190535,0.9620711441963642,2.0154691308558568,2.078500536219506
450,3.2410516312403557,3.437617378114782,1.7956924401357264,2.0,2.43188460318697,2.3503077718463006
451,3.876814384876595,4.0,1.346509801578645,1.3542563752812418,1.9023338999267265,1.9304462687813404
452,2.395336474832691,2.3796964338159614,0.9930689040482684,0.9745384237807505,0.5989059195281053,0.603831997223773
453,2.9087988814169314,2.809298786162198,0.2905999034165653,0.2551421161539206,0.5521396047036498,0.6191391635711959
454,1.7621103313313897,1.7284671522489392,0.9431496267968329,0.9111097451620846,1.393094061029314,1.4248744935742592
455,1.5481610759962126,1.738437678240796,1.283170964337184,1.41995625085343,1.0704028806717332,1.1918142616217111
456,2.938133361531964,2.863060281733377,0.7927602547725342,0.7754045407340732,0.11388469336724949,0.04587324714914417
457,2.1068304951008683,2.2296041830503324,1.7330051314200712,1.7877409782594667,1.4517763642438857,1.409226987610575
458,3.7703151059319486,3.51881463938632,1.3412542151157392,1.276140106633646,0.4309396417428072,0.49096207752707316
459,2.491995399415151,2.6008515717380245,1.5550003672227497,1.394545389324593,1.9119837840861942,2.0459394746713513
460,3.9010104516861497,3.9179377071307684,0.4205061857868514,0.4312823847549126,0.4170715516887117,0.3892867282565841
461,3.841603644265826,3.848586850730936,1.2153548636544926,1.1870103485727703,0.19832174398351288,0.14781896139010914
462,3.5828580441149134,3.5918064675474275,0.9860913923376174,0.9709063815929727,2.763205990031679,2.740468337084703
463,2.4439542401798375,2.6720223328382042,0.4025408605189219,0.5403423329295945,1.8570492929654492,1.8179725069949155
464,2.1755828255594998,2.218183992823882,1.8104552125675366,1.7648772859017436,1.7712195305276806,1.751513132655415
465,2.3227248583773754,2.3346591949068443,0.11310072145737024,0.12188653035598819,0.8174058583463306,0.7436681767786901
466,2.159387717162871,2.2819912769106137,1.7773365313127498,2.0,2.555340924532284,2.4259581929253495
467,2.349798727159983,2.8427627510139386,1.5568464360192091,1.6642434802483157,1.8692660922005615,1.9035155796599161
468,2.802411226876603,2.785060949025025,1.1402853333642005,1.0906819265129377,1.5698635672767987,1.5944559254248023
469,3.115538141422471,3.2588678048456265,1.0283325829064653,1.013939525311864,2.6775607899708986,2.6104498473786566
470,3.963350765808324,3.558575231052599,1.8747794631046857,1.8467400415937518,1.7223669604627423,1.7396735302066166
471,1.9470660150758843,2.100889193640632,1.3558109509133567,1.4029602527623444,1.3624723676556438,1.3113417774137037
472,3.9470202834746706,3.723904878269305,0.3101903314104789,0.3016984977562356,2.481941863380564,2.4056469949296875
473,3.8610772759398078,3.797806523838128,1.1781494991716743,1.1674995216261224,0.32639671726563035,0.33056878835767933
474,3.7270077439052556,3.5817918786515937,1.7737711601935082,1.7601314033657323,0.6790954704805989,0.6611617873409653
475,2.3854744863686514,2.4072490103331035,1.9726288900526336,1.8408790025089936,0.98828536201458,1.0103660366972091
476,2.0517025651318255,2.029897563800951,1.4681840041359135,1.318410294293224,1.5674782762651882,1.6309941963309602
477,1.9931297815235471,2.0441854564939534,1.1628110766338564,1.09178279176146,0.8632062924341453,0.8008922845128835
478,3.488712685619766,3.5448774269884,1.7427934603663522,1.8852055503050507,2.410532725157954,2.2723758136429297
479,2.217057027485435,2.302677461770962,1.8356294192659472,1.8002412866563833,1.3321465654344269,1.462307592741961
480,2.0397871225506465,1.919067126985324,1.1940726595922933,1.1082092557359535,0.2031901038909787,0.18990703651424715
481,2.6445781413600375,2.9158437038372758,1.685488051484615,1.7056426333249908,0.08911180317915257,0.09476717789756917
482,3.5920365167452633,3.4257168605119124,1.7534662395991951,1.8641804287901371,2.3616736835111807,2.4505195563035467
483,2.6247431319029535,2.6860947257399332,1.871916472260203,1.9934425948515975,2.242298085071722,2.091829076143711
484,2.731671378636121,2.7656722379991816,1.0559758720767178,1.0659972927044332,0.15372855159888787,0.11320253890141742
485,2.41063523775674,2.46448167068141,0.43884400587743755,0.4200713523337243,0.04570465529924905,0.043298019242624275
486,1.7184089894962082,1.665242908432205,0.8311251016872708,0.8706913732305478,2.922355229339584,2.7435720596312723
487,2.7743357151622288,2.9262426366178134,1.539893664457136,1.5528715631605394,2.4825018586582033,2.5420832886070728
488,2.720830654603168,2.6083108004280735,1.1534164170558459,1.0317916047791449,1.623623147965926,1.7073538023554378
489,3.0683483172194137,3.4521122783514415,1.7839699197647108,1.8951468771490407,1.497575598349683,1.5068715550828704
490,3.8089196288166254,3.539234129994133,1.3038666525003004,1.2794026083281282,1.5591060956274974,1.4794712790456832
491,1.5361163404984113,1.6911922698689517,1.193716270817402,1.2753655140541182,1.906526699040219,1.7418376874517367
492,2.152167588712836,2.1488657993369684,1.6800750627520535,1.6857167579525205,0.7687832726229817,0.7986910388499391
493,3.6095317501293875,3.557429835451338,1.872235259290037,1.894109449048991,2.445857521170144,2.3777360473387503
494,2.17589324464993,1.9025696226938504,1.7046487913977868,1.526813778919742,1.0920305661485257,1.1188508340011554
495,1.6683050593759725,1.6905650880234884,0.35206337317922975,0.3210608331819776,0.7253798926014385,0.7295640223563375
496,2.2736143697833695,2.09243552127315,0.8479070275387297,0.576865880878864,2.811542916762794,3.0
497,3.058502599792275,3.011466702429492,0.22839045611497205,0.14237875496351915,2.135413247123025,2.258239266615986
498,2.810924779901524,2.767923901512957,1.6199922461185763,1.764596667690313,2.8363716975698754,2.680724571465526
499,2.8085693551938062,3.0252420431816107,1.5488582498400765,1.5789159732499491,0.27197097935615433,0.2547528558119903
500,2.2916595450468296,2.581343082238856,1.7679931844962247,1.9641666662769957,2.5631406264690186,2.5790541532741957
501,2.384355822973956,2.688775169657044,0.964906356762516,1.1014907493890138,1.4796326197990037,1.4683613703683482
502,2.195078155500503,1.9913763993965898,1.159188314113454,0.951225189102538,2.3284319780023797,2.359231521873648
503,3.805834803146879,3.9584378383673364,1.1714157731842743,1.2221602312033368,2.975742332561673,3.0
504,1.9733876866477833,1.835958640882711,1.171671012601436,1.0599006036293208,1.3134974931250345,1.3424498924842436
505,2.8638750404290803,3.0049453584078307,1.08922614235998,1.083627037846325,0.10864552959330487,0.12699178035264533
506,2.6473227454338604,2.6242698890847054,1.2887077700081893,1.343215436647917,1.381927527420917,1.3556879857392448
507,3.167539916907117,3.4290095571797723,0.28843381900916754,0.6280584207732208,2.8443514177810516,2.256946578173432
508,2.7476282518582416,2.7002379012816626,0.2625303813563191,0.4018138738420476,1.8083868847257372,1.656957926676791
509,3.809362193967284,4.0,1.183948071171147,1.1266886726058956,2.2216864010399355,2.2545487637348693
510,3.3815008151468966,3.5942659447642153,1.450518762386938,1.5884705493233349,2.8271781821055137,2.790558689117401
511,2.4427119833175133,2.5313490096336846,1.3782277577325823,1.1647714798369482,2.0682774809969056,2.176113759155866
512,2.028596194828254,1.9877676604047538,0.5658120048000926,0.5772514178851905,1.4650220014324393,1.3634135774484435
513,3.524362901530824,3.6961684046625596,1.1540814997980926,1.141871524486996,0.2919761022944667,0.3317030524478303
514,2.27484297600322,2.320467836577705,1.5802366559443548,1.7627881878962286,2.9877393399766947,2.8253766697623455
515,3.2819546057133118,3.560981367047674,0.4029543217302832,0.4836238773741356,2.6672478400188195,2.6788777756322864
516,3.1881984731598143,3.006829466004622,1.706041840209719,1.5940270146446138,0.35314895680992175,0.399539937805497
517,1.765359247645025,1.8834352995040788,0.9587190086681703,1.0451694812172412,1.968929313025839,1.9121272946137218
518,2.8474994527047564,2.7164030622741966,0.5114223219548569,0.5043877609606087,0.685488484495264,0.6564072602658417
519,2.7299574622715452,2.6288597975273227,0.5798074952156693,0.5778523589073219,2.503356133239105,2.3952347673157433
520,2.7389382061395775,2.3869286193491983,0.3608328473287973,0.1732871319225557,2.89741111157781,3.0
521,1.8502411089986195,2.1005370698742696,1.8807525216705587,1.981114625581764,1.2912607085668055,1.2421167530886559
522,3.9440386050730156,4.0,0.15588294474343012,0.1,1.4570541418004637,1.62544805359211
523,2.789967356870614,2.715584056629747,0.3633718496569026,0.3455424529733713,0.7044088421090513,0.6715645487137393
524,1.929478226218893,1.849999797521556,0.8149488784966796,0.7437800836629135,0.2506497982393868,0.21335381577279444
525,3.597567523377553,3.703070695180042,1.1924275609556494,1.2658792801949408,2.1809343941706842,1.994742546515537
526,2.6998205635003023,2.7581524804955886,1.3384289363047461,1.3726669108152985,0.07287841872305778,0.04611328707915552
527,3.1147638322914135,3.2900730654393904,0.12912981324561695,0.1,2.009268594901614,2.158159213066723
528,2.9188015147164568,2.8084991941314965,1.8653238313187246,1.702482148261459,2.2633807671101573,2.5218173770238166
529,2.8519478546938544,2.7285976873881626,0.6595319056986996,0.3100211965325998,1.987024463036525,2.3719359469542862
530,1.8034699107111785,1.6381742218813098,1.4954296172214583,1.3432023606823522,0.2369487224540282,0.15888406853441286
531,2.053109115935672,2.155917330445369,0.9867240855948255,0.9665817615912671,0.1940035203615026,0.18816034922692884
532,2.124934037984006,2.0384055320587433,1.790711314584602,1.7225436996408885,0.9066090900388051,0.9363361019230576
533,1.911453878379722,1.9397617615019145,0.8607765352744351,0.925032339363764,2.715493299872195,2.6041652370776514
534,3.8321184863812006,3.7687760936763417,0.1827859108088667,0.1,1.852810655563454,2.042697212252434
535,2.716505986823736,3.122071253219425,1.575255741314954,1.6680117030800972,2.570088126590854,2.5825659424982788
536,1.7769721391838837,1.576628113998057,1.571607305074581,1.3306494839620673,0.1566121916708103,0.1634303519572272
537,2.406673556809206,2.3812481172269298,0.9212375677119409,0.8835650818742561,0.3133846708361412,0.2834198284549547
538,2.533353902300898,2.5238679708138196,0.2739035772549351,0.26647942839546757,0.7621298307143131,0.7096537476153845
539,2.9645057277190103,3.0189924262973538,1.3556335030973694,1.3144538520350801,2.1658852126653727,2.1620188544585273
540,1.880928912328463,1.7938796969878135,1.5964777778220474,1.3468616368696684,2.590291750766244,2.7110364832911285
541,3.500783365359751,3.954561024894548,1.3513856776485271,1.4205797019855158,1.345014837684598,1.3698298207558672
542,3.1531998220390762,2.7801104589529557,1.7281971669209184,1.4281480551008483,2.0421222735837965,2.1353820529394403
543,2.292324347974911,2.579764371380487,1.373236250656166,1.4353539032558362,0.991455079944673,0.9640323728134063
544,3.6288434244778704,3.9014384441227037,1.3700788907721915,1.5844256961557808,2.6719782330121737,2.5183147001137867
545,1.7085205000682628,1.8275216091409883,0.6681971502891215,0.7137172212809794,0.15422125027878497,0.02979463459916638
546,2.4033131046015064,2.433951251474217,0.24273658964965147,0.2719065939615804,1.607759459648022,1.6135521402018593
547,1.8880417934364204,1.901244444740703,1.3249293276737117,1.339343570772839,0.9178626934175073,0.909938671491042
548,3.019395285419172,3.1062618409857596,1.6800814245632387,1.8506166019244037,2.583140131400474,2.526224515805453
549,2.7200063931636507,3.0838339135550012,1.701107210005334,1.7913615904173654,1.3113859703291513,1.3578223075406302
550,3.2424351387368313,3.2581499492182293,0.8414155740905461,0.7898724680620152,2.959878224321865,3.0
551,3.16840615250565,3.369243011469681,0.27158010178642955,0.1,1.7221171226829761,2.1634698787665934
552,2.1885723427955215,2.3290573182600114,1.6218267395683743,1.6832856110892336,0.0851822157584069,0.10417122612873587
553,3.2232758883950754,3.3787009198243014,1.389510969091468,1.3920296772299716,0.33036304347722756,0.3059524314807284
554,3.9504771098436833,4.0,0.23019317440880194,0.33260198246049455,2.665603262221846,2.3757046581185293
555,3.527461002297975,3.7183084571074874,0.40913935045774175,0.4225643328172077,0.8333868387517046,0.8280191609409056
556,3.789337344684318,3.987536248034807,1.767347320078508,1.7098657466448817,2.556431180483858,2.82715117599431
557,3.1679947858847703,3.2170297448320175,1.148773384125974,1.1059182186873011,0.34265314723931806,0.28746919867955856
558,2.1610916538089633,2.0984737750488236,0.6304946937557379,0.6208428604150479,0.18453601558974386,0.22296239567330015
559,3.0607758629971347,3.1905294700203317,1.0105981804249913,0.998361761068309,0.4768164880997966,0.48745950217136913
560,2.3924717020905217,2.438271036697748,0.11180628335094729,0.1,2.2526502862683175,2.3334096452740085
561,2.1224873332102403,2.1142153461464064,1.9019264030814826,1.943449894493238,2.7047050914800153,2.522350034469053
562,2.362803862354908,2.160037976146716,1.2428657438983328,1.033880401751986,2.2842327897277035,2.472347096956252
563,3.5528646964286708,3.7966628351219707,1.5509963644803217,1.6274570864221811,0.011660408337548556,0.04580541237410065
564,3.360855899874629,3.381522245678256,0.7640427552978091,0.760469685708495,0.5061854941773875,0.5364468091952953
565,2.9527658638698115,3.225494429930727,0.288618990932998,0.34703100626594646,2.254867785931596,2.2515865278849896
566,3.746322301475896,3.595027364780305,1.6156039095320391,1.556674619315728,0.05969449532288762,0.10753799520977309
567,3.0712006956066906,3.2497578340188995,1.5742601811739823,1.5830681809652918,0.15998476811028584,0.12640787774780504
568,2.9202843768464484,2.9169930687871313,1.5859581052177554,1.4660381868879628,2.7910620203385585,2.881316757889268
569,2.6725357657364537,2.9571091019805316,0.4087311482486967,0.4293294846435689,0.5870736484450102,0.6331321981601705
570,3.0411544864690327,2.9573676271809695,1.0380662380182208,0.8656761520243195,2.7353199002177804,3.0
571,3.785268522442113,4.0,0.5772651367141064,0.6153654345390962,1.637377470225116,1.5104820167020745
572,2.131358043466304,1.9331832000022446,1.3715274597438512,1.2681295349772381,0.24103649011206474,0.19872647587331263
573,3.346252006073667,3.482029085597488,0.319246584649206,0.1866600305007945,1.8135744800807614,2.129265180694684
574,2.740678071968158,2.4393662971013628,1.269536927317486,1.1987721993350624,0.7912387933699415,0.7680713877489364
575,3.870868475698548,3.9110982779327985,0.1543837148316749,0.1,1.0733422282915575,1.268799956552449
576,1.852972263250745,1.817899093442621,1.0459526209755199,1.0025856343476354,0.10167594432228433,0.15714192478584954
577,2.7036095754726945,2.706876750793827,0.46601554664329004,0.40253100949272913,1.812374991181382,1.847041563061541
578,2.6078492395441035,2.7457291447133394,1.7140509739957008,1.7520935716676953,0.39753590627529956,0.4916760129786915
579,2.2975230280454086,2.4632789907857635,1.6198673089961029,1.5576600369206695,1.6071338948811347,1.6268773271433756
580,1.9657542512084576,1.7455489222457663,1.5987948539485486,1.3789808311738372,0.989930970527623,1.0257677076615201
581,2.1451854181090653,2.0975927449451177,0.3221463083138042,0.3034743504714684,0.5659609976448121,0.5587178055251352
582,3.4196803706492975,3.2403673658418017,0.9664175542469884,0.9099062194806485,1.6213183708376204,1.609339411459574
583,2.0425335257178316,2.348421532795481,1.0666108307670195,1.154961854957881,2.0408118987436596,1.948342413963153
584,2.6806617452544366,2.557137008772222,1.0697253083734322,1.011843838458885,1.3528187533802747,1.4991389138406326
585,2.9584273641197534,3.0889971843460957,0.44212949080007935,0.5484694288844866,1.6734699063346827,1.5242790116510505
586,3.0170315135432655,3.207268843587043,0.24474968340921507,0.5571706101267844,2.6885869024637783,2.1696503950086665
587,2.4651335230937783,2.717896511500784,0.1870609622440217,0.31925429170276926,1.5273923827436893,1.3586572887467083
588,3.7084526146836043,3.485908578983098,0.3676783255946312,0.22479454757929324,2.444027464347488,2.73510854422942
589,2.5920296521987876,2.6996153899012176,1.2224708631914982,1.1939324321632232,1.9739171296711726,2.176018902422101
590,2.5746382373024286,2.4294581568478715,1.3030061521437903,1.1328695916980536,2.797900428727617,3.0
591,2.793045271045947,2.8346310820771845,0.2922713524937621,0.308807769343447,2.1895689085235945,2.1530241548301836
592,3.8564227186569378,3.877141940773298,1.7492378807039464,1.7102800206807054,2.4012669724969866,2.4682202001602254
593,2.0705702033101914,2.136664197132176,1.1776295528286538,1.143627597487126,0.5000898276229452,0.5009543953003704
594,3.4979181739842318,3.641072214005871,0.6681061846437416,0.7211540582168379,0.46554809451062273,0.45758020654734494
595,3.0715807679293503,2.994540120967362,1.1564963761614775,0.8165215545227896,2.3207682387555604,2.61704257992055
596,3.8145102374778133,4.0,1.462549865028798,1.46470979579192,0.040635799023951424,0.08328635093576046
597,3.6211141629948,3.481372329587962,0.14709752701224316,0.1443487051445905,1.3124292419873196,1.2343900639930958
598,2.673220566633763,2.777784398824225,0.6097455112100444,0.6622143127598891,1.5677730133990688,1.5421998603858549
599,1.5748734300548257,1.6840859021614953,0.5517042720700983,0.37942834493553146,2.6997643971599405,3.0
600,1.803792952566766,1.751753862686136,0.6614782663964949,0.560086555918962,2.942413066284889,3.0
601,1.575520237960622,1.7310754657917113,0.2900683676880844,0.1662784038706777,2.7123629379759056,3.0
602,1.8236672614579403,1.9319228278614646,1.0184867108127262,1.1002604876414896,0.5981471325548208,0.6258446192005166
603,2.4105671944064953,2.566332423164774,0.7874473784133302,0.8101910981697904,1.2702002040258082,1.3976225801204687
604,2.853416123806151,2.644068408666364,0.8086232392888357,0.8955868383529184,2.877366461108938,2.7160682586196354
605,1.8976574764428285,1.9224267898837573,0.39189529938608614,0.41826318769820087,1.1189801380379556,1.026966191276595
606,1.7447969599841842,1.7802828337333276,0.2390194089678486,0.1,2.6354129437898925,2.838496901966797
607,1.564503107237819,1.6886354728709483,0.38734712331648435,0.41822397234643016,0.880779223689862,0.8715550619368596
608,3.747944571975629,3.9532048950628953,1.280291475849208,1.3262602180597909,0.4829484360652977,0.5258838606348517
609,2.9797153560624814,2.7951263877614974,0.2361913786860177,0.17883290038050004,1.5507349798695,1.563977062182547
610,1.9598966015838666,1.9045677901267282,0.14935310809229302,0.14130203211942394,0.8188250078655315,0.8070849653694147
611,3.8015566659190583,4.0,0.42057814627801937,0.4535414892325322,0.8224161786908044,0.8107348083584368
612,3.8524698055481217,3.7139158300867736,0.4319180232119597,0.3670974659420324,1.2554257012303136,1.3062315178584945
613,2.9838069756361913,3.0668558706893974,0.685125232005245,0.7487009079045737,2.296239623189277,2.167480319346851
614,3.8393399312807825,4.0,1.0271255651631972,1.048600850231198,1.0731741608756487,1.135231263947418
615,3.713686986216303,3.5718635371064833,0.9040438899570019,0.5078329618426571,2.0277584029547127,2.574648459837031
616,2.4329341182055604,2.4769566914609706,0.530498126587749,0.36967442113936033,2.645062883766645,3.0
617,3.5419001758924433,3.378319328415452,1.216205546818687,1.0987569277731986,1.7098419377938234,1.773440331174942
618,2.982008924091664,3.0626365842544487,0.4218331317056815,0.3869787124390368,2.876169730700166,3.0
619,2.3630248600938897,2.4752188600945537,1.5062987363576483,1.4372741959114115,1.0230321858272353,1.101871551044715
620,1.778930990055366,1.7123168319568658,1.6154254927496663,1.6043973458840122,2.9902488947845347,2.9351554299414584
621,2.724348953792619,2.748050142339498,1.6346533529096012,1.6299429314964302,1.7425932145016905,1.6913244887370076
622,1.6570820419854244,1.6527418481630616,1.036960089638627,0.9586415141119798,1.0674358497693266,1.0925024738020048
623,2.022419111412564,1.9812995171515724,0.18370838138264062,0.1,2.3673028140747334,2.4507585284071007
624,2.531740889924994,2.363353107288522,1.4402459302817494,1.2239620821497097,1.8240737734109225,1.8942121490759973
625,2.8369045371841013,3.2106671556322723,0.4149271596070321,0.5650655202474216,2.2688066733247476,2.1805445843960536
626,3.547312040981403,3.752722526056897,0.5521981957080766,0.6356502952954265,1.990292258346663,1.9633093000450046
627,2.253922822271512,2.373261111230949,0.28994232721924285,0.2976218478674376,1.053469233802022,1.1298958527165117
628,3.752070633567663,3.7120162802819294,0.34441045517563484,0.3040322727600375,1.3464196366259495,1.4378215135308225
629,1.8545466701683575,1.7652947442840414,1.7233675300883862,1.5314631873726285,1.7891288577063515,1.7909615523651934
630,3.0732498543716167,3.1450870793566863,0.11675225281484986,0.12090713687084423,0.6810742222772506,0.6460668461032884
631,1.8803279480483455,1.936116866613524,0.7257302064333122,0.6588759909223355,2.084620865925917,2.1426629064797615
632,1.9260868803773183,1.7419076651623875,1.8119196748448188,1.6301330938941565,0.2621431710366253,0.26266397101545585
633,3.5517096271432544,3.7178870793168945,0.4407030703983933,0.4904122849100721,1.5802506940680447,1.5768225661832744
634,2.2850881126293308,2.2266642957305094,1.4988092848654329,1.4699348630071034,1.4329588722411548,1.3852504644999468
635,1.7017584007280269,1.887829229075018,1.6034299781518249,1.65262066172271,1.8218050262971626,1.8728572327603026
636,2.0278571126752984,1.9634019494788069,1.8605496083350046,1.791216066938973,0.22789889859471124,0.27893007413757454
637,2.447876219179947,2.5551816112943677,0.5694937491272277,0.5691459860567866,0.17671360765263022,0.17581676171195357
638,3.769044523801558,3.9471438487446884,1.9703487210857007,1.9958576655165674,0.9406847143205974,1.0068001884642912
639,2.333981226171,2.686076034110588,1.8931219929921683,2.0,1.9774160274592107,1.832350273346467
640,1.7837030416502078,1.695362722474577,1.6968529849666727,1.56128181695634,0.6749465825556711,0.7303418793247646
641,3.925533911540469,4.0,1.3296298750072237,1.1793571420094775,1.9281479655969882,2.0631151024582057
642,1.5515655244499018,1.5,0.5482124459061832,0.8121280799866277,2.980165975343391,2.8864574203652205
643,2.3803321443608865,2.4983357234223016,0.361033825378251,0.38572785276982186,1.0984380616966913,1.1418192116504313
644,2.0268698066496005,1.9353879423172584,1.1690201754796135,1.0942710953767563,0.6046507474362809,0.5552245277812471
645,2.579653389408058,2.9551208795288963,1.4242893425239227,1.4986603550051303,0.5618828336755038,0.49540962661299004
646,1.751674356548717,1.6558154578551505,1.6040047964263031,1.503104047320407,0.8179700739495275,0.8011979476507588
647,2.323946707481281,2.414713524728233,1.0343983912268715,0.9948421218278569,1.2798288050255375,1.311137251395637
648,2.597596894739085,2.5346460489501554,0.5975194698742788,0.5606134090180102,1.17546116517012,1.2114133105132978
649,3.9197478620468287,4.0,1.484037159355164,1.5298847297260934,0.8933712226210677,0.9030374308421206
650,3.086635167190562,3.4194368518442158,0.489321787289992,0.5282452071545433,0.1943129567150088,0.17125200104547286
651,3.0207263207960438,3.030076916662523,0.5363866063643434,0.6242906466827666,2.645146779855585,2.3961828787673563
652,2.8462170395414237,2.574484175415076,1.7545102038605538,1.6509116073836008,1.1718573890285304,1.0901659951980565
653,2.7784596438378575,2.7307074054720393,1.1968334558644154,0.9553439310610407,2.492799448243894,2.75888867221319
654,2.0419614647427373,1.8277126447147556,1.681860641870499,1.5258763314408725,1.6354273821641552,1.6865531437763706
655,2.671228236332775,2.619265739603741,1.8304297986392242,1.7733992053620202,1.3335655241010587,1.2838602193465882
656,3.775103041354058,3.893604618295465,1.052994498282041,0.9548425720944713,1.9706274211803962,2.168047663509523
657,2.7196431517303035,3.1651744095307697,1.102619406596675,1.3950485417674507,2.814127527178637,2.5334249297024374
658,3.0846698741103764,3.0403575094703754,0.33921024926284404,0.3510470783827419,1.6997645988403616,1.6587666159703724
659,3.050691953716633,2.9788785748079945,0.38248494319189064,0.18828041820475075,2.6583647627789517,2.9896691519022167
660,3.9844184376361738,4.0,0.15551289862147902,0.1,2.2271645138309824,2.4165328927051672
661,2.4109220328851606,2.5109129860141643,0.6221878902235782,0.6601301705998082,1.6668573778514817,1.6127071556859707
662,2.577049345232507,2.6053746118304444,0.16249827639048753,0.15586717303047068,0.15872496707360106,0.167321085906835
663,2.7614079740684723,2.871897683514655,0.923654033364421,0.9315099150877503,0.28282860746167904,0.24773210124525508
664,2.587146260497538,2.178977267553847,1.902834383764434,1.5280685400896314,2.5922430128521596,2.6716606562401317
665,2.4315047595907946,2.5646098760663847,0.8128412078269961,0.8240675954275135,1.2080384135269946,1.2016452812935443
666,2.4314742070409303,2.375239476497983,1.060823395783096,1.0553916709739861,1.961616283514371,1.831062007486231
667,3.7393880123039756,3.9093023821568873,1.741215311281065,1.766208431072983,2.55104482238096,2.5733404820108903
668,2.4205210281982654,2.027432181167784,1.6731485925165521,1.3923329917005873,2.372410604362938,2.402897754945187
669,2.3910728795634704,2.523248898645162,0.1730068248986176,0.20005945311060505,0.04225307927680089,0.031165486876886812
670,3.750618495525783,3.375391079105596,1.3612093526455116,1.2567245656190675,0.48666182866727237,0.48213332120758534
671,1.5261859948621397,1.5132698888050558,0.3429918523835441,0.32758036870406987,1.873355824332759,1.751685061131129
672,2.8457549493952015,2.788672773955094,0.14795189845687845,0.14646144673790332,0.9144024262002266,0.8795464709045386
673,3.59237906866779,3.5430197837345268,1.3235213953784588,1.2554847807981806,0.5333775763159646,0.5169061783236848
674,2.311452642172657,2.348840389680933,0.4943832096560544,0.5806257862583633,1.7177136770670203,1.6230285909121054
675,3.8749985357301795,3.883940761266177,1.8935040663001668,1.852016864816452,1.0685319207141242,0.943999813658173
676,3.0428214429057885,2.855479481617707,1.4958575448847988,1.4405097325748806,0.6800547755257889,0.7605530603499031
677,2.3112127421135873,2.568396376327357,0.15768395771339921,0.2443643420621332,1.7268404929627637,1.6865827486289953
678,2.959935866772999,2.946814845896617,0.9188989054210377,0.9063658329338152,0.7089703915128205,0.6958203272690857
679,3.0222646948781073,3.1645208525746895,0.7568541561211887,0.7672457117132223,0.7785713836492995,0.7614684987048296
680,3.8180213637431675,4.0,1.5865129557385353,1.619834396729693,2.9390388799333147,3.0
681,2.479688876737599,2.5548780398384183,1.2516148936212854,1.1871274642782275,0.1623318582122527,0.2334437372378721
682,3.3749530807676535,3.7019272344216163,0.9981459130780356,1.0696692451369227,0.44956992636661786,0.5081600492709687
683,3.743098845385905,3.960758208097732,1.028137803415425,1.090039870784566,1.4229906020125598,1.3753222777263798
684,2.6700967586767597,2.6534955702204224,1.272033986840622,1.230599853115383,1.8387163514453397,1.8091791803603248
685,3.767227851742683,3.6161316888929074,1.8925636624464826,1.7625964898341315,2.787773211636482,2.69730379891352
686,2.496084691864815,2.3301916522566732,1.3904281526440934,1.5309579265433773,2.922939874848218,2.6939302207416342
687,1.9901155852733607,1.9366376668206502,0.7993925907724024,0.6970346277838049,2.338965789082467,2.2752946618524286
688,2.06128962437601,2.0726336852297287,1.0057663779755448,0.9404988716159615,0.07149229125190193,0.07686864604631775
689,3.503965635805405,3.333576091513419,1.0849134505250035,1.029093772388125,0.38972471536603315,0.4073332744057778
690,2.767890803839729,2.5561308570314085,1.2719048813802125,0.929476029118639,2.640836686309004,2.905078835034277
691,1.7885499783633585,1.7362621841827235,1.5163057097442012,1.225326595201949,2.7173046570444157,2.9005970524791422
692,3.5369646492789912,3.2053291125378007,1.7500875034813985,1.5098251667707234,1.5413914054526985,1.7574452432328203
693,2.2512653314138906,2.3575706060859076,1.120831814711117,1.178094087491971,0.8163028904464209,0.8657909508826339
694,3.3782198196384625,3.2494961406232634,0.44472451183386563,0.4186065052879828,1.2020937671465128,1.1444790423526643
695,1.97943538645872,1.9895782773572954,0.9638752804264978,0.8967592943613265,0.2193964097341845,0.21182922018947645
696,3.5758850865757768,3.661066088658673,1.1366670370196947,1.1828140432235408,1.7696860612180023,1.7495986373365868
697,2.7635873804798052,2.603215899889434,0.4325865547341542,0.3986211072207509,0.4288520503059824,0.37847681385102505
698,3.7363064679644213,3.744335419718171,0.3316954937706558,0.3628088463777166,2.205110354264348,2.127653160053387
699,1.6867822373135064,1.7602664260919487,0.8580743798680999,0.8449007693858817,0.6981378976018268,0.6730088553450744
700,3.365507269898579,3.2164564421600947,1.4780651346454552,1.2934440805936862,2.867028376307724,3.0
701,2.45994805931155,2.3643919761201158,1.9040150842604764,1.7878533128772174,0.1958495196682457,0.1566503038610444
702,2.7707705055419547,2.9710058523182217,0.48487650609861466,0.49627438266928675,1.1810651364761298,1.1515243807391224
703,1.9157211015116147,1.8910489563531976,1.1130881657960616,1.0334428294842684,1.3647791642770142,1.3498211812052119
704,1.604565613348242,1.554199618548616,1.029154061371011,0.9925269476264189,1.450010461668143,1.4987546071166575
705,3.418075423058329,3.470792143772635,1.7203889168900122,1.5540968163347495,2.7480449152258934,2.956318311579114
706,3.1215889331194093,3.2236156057663625,0.2866644838403305,0.3205773896222958,2.9829964926975663,3.0
707,2.6686645910510425,2.4651352477407644,1.1242526657519005,1.0062625886235623,0.40368041542856825,0.35659795018103146
708,3.7322703383372886,3.286127876745075,0.6339394049623286,0.4818536328498339,2.2525933401998355,2.3563325731392486
709,3.238321433144459,3.1873219989706514,0.8427175580096744,0.7737225469523747,1.6159794603006319,1.6763000917824533
710,1.9344821735260012,2.0527645276406172,1.2853088842365412,1.306570884739892,0.6916033815649798,0.8407427884828856
711,3.2804891963138356,3.415806863955511,0.9720811668179461,0.9868919962312871,1.1911845259345841,1.1538570602424059
712,2.197124807253643,2.0736368702775456,1.8955150458363317,1.8110766952832458,0.8137041828847026,0.8056764349936658
713,3.9949875269475856,4.0,0.45475117424734013,0.21351491870018693,2.0102646259766397,2.5910536377024433
714,2.8919101044652655,2.7965217483913785,0.3925249900657155,0.33546504090780216,1.195914697158059,1.3089330307218503
715,2.0415678907921224,2.125638181697849,0.6202547403617543,0.6326281496259867,0.8248006210257866,0.8313615031685997
716,2.3924900981606205,2.3408168163399146,0.4023105186878494,0.2381976850153671,1.8593394581273675,2.1349168447269378
717,3.4625715720276014,4.0,1.688387448409757,1.7299083288806858,0.7855201905193595,0.7422531799248229
718,3.607100548925078,3.2440343708615917,1.2431827036145584,1.0705822591793128,2.201929868443227,2.2673700962604486
719,1.770729388104778,1.8728768965530873,0.6202863003405231,0.623903792553587,0.5010257881311923,0.6222857297764236
720,2.02288858179618,2.0415874005377175,1.1540321653209056,1.09049589925584,1.0637437011283295,1.1100815014318148
721,3.8881595360612877,4.0,1.134609967335787,0.9435037269600605,2.8431341197090894,3.0
722,2.7478568988754,2.5460622723493063,1.7804099251893157,1.6545837212809056,2.0627556267287575,2.0519130972889545
723,1.9968877994743701,2.0674090877378433,0.6924884611711226,0.6986055416504937,0.8957256368157529,0.8853318094599572
724,2.2008169227936327,2.183997015557587,0.4177654212497184,0.3856476794975386,0.6648236121573501,0.7551275835519794
725,2.408468816709347,2.308983684112961,0.2537349564626085,0.1,1.769645441575583,1.9628588464174874
726,3.6322895126902504,3.2797416690138363,1.2229364221825747,0.7781615939327184,2.425020598550177,2.9658647768174395
727,3.98059457583771,3.8691418935703275,1.0941118475980258,1.019372311091667,2.9250673920614285,3.0
728,3.055589657830833,2.9043560022924755,0.6248874100511043,0.5723828779747687,0.17378812758440454,0.130852885019679
729,2.762247953890763,2.767650951489605,0.8278782293507637,0.7871684579519372,1.9917740740559813,2.051236336506635
730,3.4534996515317316,3.2381864595078698,1.1005660582428645,1.0756639180391634,1.8268586109136458,1.8686855119272996
731,2.755713438255362,2.766616317181876,1.8891145704668493,1.6859920553452534,2.3151584970306684,2.5394477870789225
732,3.1108067382013482,2.7379415453212563,1.1379612447698202,1.0020231860415192,0.8188390934321456,0.8282409081014637
733,2.684615759502806,2.6735280840382973,0.5393120396933593,0.5057431557702741,1.3602641102682793,1.291693761169434
734,3.935401216890357,3.877090859208473,1.5854434028354976,1.5781148118685555,0.878600619188005,0.8436524364242688
735,2.462435170490033,2.219496375622165,1.9651457995936412,1.6843249733901438,0.7722138498632418,0.8561983027091687
736,3.0322023667708335,3.09886028475399,0.4202523426378493,0.46820819401291885,1.726903586563452,1.68037952985402
737,2.9781072431304363,3.1330200136367004,0.9088485571470502,0.9349237478668311,0.7339166483753258,0.7165259427530246
738,2.729357097378064,2.509953344336297,1.6619394417708544,1.6587738948229573,2.636309307005209,2.4592790890857175
739,2.3314672485473213,2.5245603071926737,1.9403692587302905,1.9168823074538839,1.5483830716119547,1.5388490943514428
740,1.8986696450005462,1.9134369028492852,0.4424004410778368,0.45265776068709046,0.7639987725341482,0.8084727198282777
741,1.8414720994733957,1.8709211099809664,1.5627150252255793,1.5601643137980994,0.8459245995272157,0.7992829583007116
742,3.2317479563110014,3.0043732399013883,1.4975658956773288,1.3293616738051441,2.815454293436626,3.0
743,2.7855130030491715,3.0859154340306794,1.735463326053931,1.7430304213302,0.24559326194567377,0.27168833470109904
744,3.3679460625272872,3.2911454829386204,0.5790052267177582,0.6370688919758286,2.450280984124632,2.3102796796830734
745,3.528714945262159,3.3521468005285393,1.853284897345922,1.7514884569834783,1.0257793391119139,1.0368693450437436
746,2.0297393978770852,2.044757835628677,1.5517613812048154,1.3923606898795517,2.3685601202761983,2.567524637811368
747,1.6049667873979945,1.8404842286403404,0.158132417548044,0.4653292386649087,2.9035051299569368,2.7586823286168514
748,2.6156643219707245,2.4360550634004534,0.41408134947246134,0.12417229616943362,1.8508914262442393,2.202887644344516
749,3.275284892181914,3.3340934695069127,0.8894829086518137,0.9726940568632935,2.130614918256919,2.019315550090172
750,2.191099161885461,2.274183285276419,0.6886507512374646,0.7399488609710834,1.5477409797535906,1.5046198658469596
751,3.8223957877123427,4.0,0.9873798376154955,0.9888228900982692,0.5302455308466092,0.5000332344736166
752,2.952380615264388,2.823357785736756,0.5664763685955782,0.5530750130401633,1.2897984426159939,1.1978386354057802
753,1.8988783360561257,2.1827147064695356,0.5108111760245442,0.8145976265070061,2.5015279750717205,2.20305104125983
754,2.7758263610358713,2.8779427374499176,0.6369386517900443,0.6370660437801031,0.43635987288250944,0.42798876288252696
755,3.083749737069992,3.13414821013752,1.3662601644619754,1.2456821773611946,1.8227433085953904,1.978748547857087
756,1.7767823461961085,1.8693651007987346,0.9058056996983406,0.9472503002722764,2.628986733635865,2.660019899480044
757,2.3715101040464286,2.5686070985967304,0.9108352055406252,0.9181350824101121,0.8492493108313502,0.9363777539884396
758,3.440208760464946,3.0718792776143986,1.0945574364913542,0.6810388046840462,2.556694310214125,3.0
759,3.9803869139999453,3.937320140926505,0.39137874519770754,0.42319474500112936,1.5041213255482662,1.4638325320240486
760,3.0373484425575077,3.028124938625391,1.9690401106516027,2.0,2.109852356350406,2.143799596000417
761,3.0515974432810253,3.0505859644606046,0.18283378328022948,0.19533348772391226,1.2013887227928044,1.1811554923201053
762,3.761641032556946,3.6320703498771634,0.2836985358947462,0.26276591031933844,1.1658210926353396,1.1835366758102153
763,3.8437570142363326,3.7023418528104193,1.7050969561547495,1.6106678166613178,1.763695050010059,1.6982967268025566
764,1.7384640595868348,1.747380540436944,0.16480403980977637,0.12513456441517135,1.7037499512386112,1.7435524763868577
765,2.6148186081991223,2.8540195930635655,0.892897182528136,0.7635180348674642,2.465192146152524,2.7083978644424356
766,3.8148487372332425,3.665762720740904,1.1675237874166366,1.1341633139612857,1.5431696233746035,1.5763240209282405
767,3.511423569623407,3.4191778669442754,1.5566153197909682,1.4692512608812511,1.9874789987775472,1.973672538756033
768,2.3931148831398663,2.4763012078091506,0.6485597054442088,0.6481211988614554,1.4903376820770478,1.5465239826738726
769,2.2400997883156575,2.193299137980769,0.458954873287419,0.33284432229417565,1.431911914705776,1.5325841744303899
770,2.69293382907503,2.5777797276364622,1.6122568292392967,1.5411086674515653,1.4252469114796935,1.4435817912657032
771,1.7019386543883608,1.7891339498608745,1.938220199665121,2.0,2.9617284224527998,3.0
772,3.03460581592831,2.8938564093336963,1.3748947097436675,1.2092390848472727,1.3074412585842472,1.392085663944685
773,1.7335087268588876,1.879330969263758,1.698573931583941,1.5840025469829313,1.8924824789333186,1.9475021932572887
774,2.7938626765421226,2.6331307350875077,1.5689224049633501,1.4376733069163263,2.394736261891123,2.513210035113877
775,3.543821096133367,3.62835704703975,0.11562776131861383,0.10207894780186949,2.97495374751671,3.0
776,3.97639649772947,3.953760604056739,1.6575141346014115,1.6387865141073237,1.3926067418848493,1.4555137712218158
777,3.4318238251274087,3.433102830281809,0.3515963070339033,0.26857212992629415,2.8583348701999354,3.0
778,3.680746183375089,3.8470489958067606,1.007845221987638,1.0225623140183207,1.3980518552880858,1.449387055177541
779,3.177819079070229,3.027131810687603,0.8759444335741967,0.6978819555578657,1.7855341731548284,1.921945305648455
780,3.3830144306064733,3.361584791990964,1.5961507218531763,1.5741141191652288,0.48242257287095125,0.6027398038001691
781,3.9866886627704687,4.0,1.2899826274064587,1.2336417804526911,0.7801555359272506,0.7805314630304406
782,1.5634714696349605,1.566801250299116,0.503445260128825,0.4852766599177284,0.7199392637659026,0.7971529432258335
783,3.9921336727606507,4.0,1.2379609340499058,1.0066790456926444,2.1529515858047623,2.5431829508358588
784,3.6128457377004755,3.6751564390729166,0.5732384750047274,0.4575698549784254,2.79855195600067,3.0
785,1.6744445217624067,1.9258069792917851,1.0774065596432725,1.1361948917483566,0.8491193309936999,0.9950069044907908
786,3.322826463433339,3.080430799511688,1.4064296028291174,0.9920458732005335,2.096594481987345,2.431081247778655
787,1.7888440079353702,1.8649212841444658,1.5329889748502992,1.5150349383005615,0.2886635960365195,0.28546375052286194
788,2.7256887212875296,2.774219004516993,0.10535634809981326,0.13042162241520153,1.4673710216715272,1.454637170772512
789,1.9714065544114483,2.3336706902248014,1.8367617872192594,1.9817580513023954,1.5132094194532248,1.5040833588758349
790,2.400057178841911,2.516769880627058,1.2408698947941381,1.281643639716082,1.7307995550751603,1.7576659672132362
791,2.2112703196784103,2.2262443543387476,1.5148452867160558,1.52291974323683,1.2955435192776854,1.1676823628651287
792,2.700332163141765,2.561286386829036,1.844669971186221,1.779413481551981,0.10788830365307744,0.12780729801410828
793,3.2906573516223334,3.6977479593432663,1.3209256720654807,1.3785586342325322,2.5859898509377413,2.5875652392389252
794,2.085057691643982,2.0312937536054685,1.1929837928196365,1.0348088474710717,2.4264392287643846,2.538386764295465
795,3.77711868567651,4.0,1.4290527892459506,1.257792909018131,2.622764707443903,3.0
796,1.5100056927352463,1.5562234661479977,1.4023327503233693,1.4138081057290497,2.1842734742414067,2.3213366554024124
797,2.1149156293943503,2.365985687565244,1.1391426079970415,1.1389579309710736,2.00317354634655,2.062768432753975
798,2.742601952565433,2.3555679053595453,1.7811393234354778,1.5880742298641448,2.636667981007304,2.675171045735254
799,2.708555166496392,2.619463908387271,0.7362816844714194,0.6956434427687758,1.0408355858721547,0.9439944768822418
800,2.259410300568714,2.0960319211699203,1.711798892644,1.3810069750485159,2.7786415226530092,2.942112006259052
801,1.5941348413468157,1.686671291241464,1.5566166034495104,1.570035759437533,2.0936733842623516,2.016564246393096
802,3.8675733592222246,4.0,0.43390061729182405,0.4333973456950971,2.56934304028203,2.6925673873001252
803,2.5021424473632035,2.3838232240053845,0.33913604646040363,0.32206205706663277,0.586559611734042,0.5840929867294715
804,1.9715909688060353,1.8305894634765738,1.5664560096588385,1.4790029098769284,1.2008561446156092,1.321539473023605
805,1.9551130867773632,2.139958714120641,1.2504927853250165,1.286788764379966,0.18609117049829305,0.15961457340129273
806,2.471965206302041,2.5360298744773773,1.2438396640336227,1.2281051174050839,1.940972515980762,1.970182839033091
807,2.404606153344602,2.387627389794232,0.9472547124195235,0.8959094244349946,2.7371592861581853,2.7499878469904693
808,3.77979288026465,3.75630876111003,0.5671787390239421,0.5489582714288747,0.10806943402793134,0.13999148177265305
809,1.8013875813006388,2.0547287411333026,1.938515840004871,2.0,1.348065935511162,1.3891331394508415
810,2.1072764414986835,2.482792097458065,1.3286672412129155,1.5983706490597127,1.88349454590089,1.9625480630050682
811,3.845544412883313,4.0,1.1370748234337862,1.0359972112834315,2.8316206595834155,3.0
812,3.487406230725748,3.2746495436786374,0.30863845436561493,0.28438289332820427,0.909992222277038,0.8828430640679761
813,3.909808311532534,3.9487816160426834,0.7031188175812153,0.6595659406133391,1.281410523168805,1.2436671081230617
814,2.0423058718501954,1.91440026870467,1.12894193942228,1.1449954563262046,2.2798274096299203,2.2719282872916446
815,1.912204146527303,1.8724921386063442,1.0539913855099765,0.7760465531287899,2.5004059511955843,2.6467396331749926
816,1.5320920200784642,1.5,1.681279002378552,1.6831769171929707,0.8100183781942218,0.840466500918497
817,3.0664342248834,3.3429299059757174,1.3676458937597513,1.348720190192357,1.8406860916489123,1.9491932994829755
818,1.7064001797007753,1.5878573704133754,1.7098450483264533,1.6333885191711415,0.00037391914611673016,0.0
819,3.1031054378386997,3.2552384063922166,1.9918753579663993,1.9934061260677831,1.6633889190588587,1.6396364850846539
820,2.2541899144813518,2.448482487729649,1.7896319298899244,1.8964982988459573,1.0035834222140227,0.9907725959537876
821,2.633239254151377,2.722574564741184,0.6867186996287391,0.7694861674890063,1.5126186112276183,1.5037101122644703
822,1.7614341863309297,1.7528526507408575,0.6761619379011593,0.6909674072772244,2.634560140706947,2.663497017145392
823,2.403143308276006,2.457588730450824,1.021297318120793,0.9772435666489034,1.4412062413783067,1.3867629041202083
824,1.9603890801548884,1.7053286213441512,1.272205419294805,1.1013930526452076,1.0311678961506479,1.0611864364662347
825,3.7606626009395554,3.9071755908432966,0.6091455450203125,0.5898993951782988,2.0263330313405867,2.0399950494238723
826,3.8796702715149056,3.600185337920009,0.8393990148640852,0.5724788366156134,2.622839804573606,2.9697713979990747
827,2.5875837289498795,2.7025695408306007,0.6706370091401292,0.6955506052378085,1.8297601106101005,1.7092744785583311
828,1.9710974818669353,1.7864988965362698,0.489051884493407,0.33335217437040804,2.1901113487553134,2.2570327888196124
829,2.0613230502684434,2.0470792836084604,0.7273806302686042,0.726851370878327,1.199586034370728,1.1641144160085894
830,1.8116490094965942,1.6406521025456957,1.3942950350799812,1.350131366735045,0.8613654506277496,0.8961222115023657
831,3.371705087348696,3.6479374642932396,1.6842285813546132,1.6618608705776918,1.598984904343781,1.7664810993869153
832,3.1799390250672626,3.3033830981138723,1.9175345992800519,2.0,0.2218522770528505,0.21606519678568917
833,3.926028533954811,4.0,1.650870545375067,1.57734317395388,2.3744647719103775,2.4130666387907778
834,3.8184233958695586,3.553198208926296,0.31933200691612584,0.3567231635227498,2.7818635757874084,2.4938847599484952
835,3.1225219405000324,3.164263081924375,0.8813363432886846,0.9079292914920103,1.8391375466219848,1.8241615699791376
836,1.9919413703923645,2.0034854258411054,1.9762358283985633,1.9043608501675735,0.6582070643848412,0.7940531349530685
837,3.1831233971922597,3.1360517402107235,0.8059454683613633,0.7583359710596954,0.6598316122116417,0.6098052558419899
838,1.5382186171256729,1.5,1.7996625945487739,1.8589585959829138,2.5269656743816533,2.6301074010043575
839,2.3213616889798927,2.5050500152055304,1.1305051291557762,1.2359344165103883,0.6392743994973228,0.573064779428037
840,2.9364500818571146,2.9973300447084856,1.2703810714031916,1.3718128220555486,2.309121151544442,2.214883734440836
841,3.0238668251655154,3.066232344549835,1.0964706466302492,1.0819493542013467,0.3918446862598749,0.41176691477870786
842,3.5676770882577755,3.435162312510161,1.3930257080400934,1.3175813230444313,2.970233205530802,3.0
843,1.8068313548071941,2.023873260987812,0.885436054984304,1.0007479780092552,1.9364020410689817,1.938365488744243
844,3.0578454619862967,3.1955241475553566,1.1727101391085424,1.1998995835376451,0.9861298375784256,0.9592090987538765
845,2.8934193381255624,3.078765067494466,0.7770858813566208,0.7667423391535396,1.8285503677955832,1.7682438548538817
846,3.3180856035517023,3.264046583577839,0.16493554339408434,0.16069416053171953,0.27160812534642775,0.25278529293047086
847,3.474732527920495,3.4405625522706096,0.5483535755289358,0.15619918400305544,2.2277302164948067,3.0
848,1.5583601104180036,1.5821427092583948,1.2521056959495487,1.0817160537360908,1.8573942656658158,1.9858577290568487
849,3.1823793199508206,3.027763015489556,1.1547222974669202,1.1101878140854775,0.8671511156109654,0.8281252077904716
850,2.4613750539068335,2.286858185128128,1.5042154465682875,1.342500974605629,1.385425805396393,1.4510504134961577
851,3.744954211301938,4.0,0.6224164581048868,0.6486638862042375,0.26565000993428445,0.30486456002938694
852,3.3417180848467227,3.3638982820349947,0.1819682406446902,0.22046431875752567,1.9870686808188232,1.8924616971105939
853,2.9205442939313815,2.9424915218769367,1.4732829199173372,1.40453357169436,0.8160700640338814,0.8452446338421774
854,2.7130699941247403,2.6642504786668106,1.4343026186924444,1.5056914740493301,2.1125672754390337,1.9224260047256778
855,1.9158758139788965,2.2614371969900104,1.42329248550482,1.6619687851110532,2.700066142579719,2.7023157315299735
856,3.4166309124543255,3.4326481913968125,1.5465416821768014,1.4615286593661652,2.033749704372431,2.1721795212993933
857,2.147471927630156,2.37214923643109,0.5572256098251314,0.6196182162130809,0.9812172637097493,0.9882712545935568
858,1.7140333570884911,1.6170183018702855,1.9064472181201009,1.590238175160881,2.9015833072978205,2.966979105092571
859,3.0957929286285992,3.18370060533245,0.3954769645877535,0.37915319393216196,1.111596795797654,1.1738975008952872
860,2.854595512725685,2.7703133364556494,0.9550506985165264,0.917892371393613,1.8271072701635764,1.7837267781814914
861,3.7454041962550644,3.7184397377507854,1.782224089552389,1.7906859935956527,0.35648223582447913,0.389294068968971
862,1.6405984477621267,1.5760497230441102,0.21865180910403947,0.18761629885851902,2.0168334368453698,2.0321673647367997
863,3.097780106233211,3.233066249034238,1.1423140426389335,1.180758835648401,1.6072072778525601,1.4884332465003478
864,1.5525411278746122,1.5,0.4347787377306185,0.41305124137318283,0.12379737587746809,0.12123848706378826
865,3.8647221282606985,3.8754227780856145,0.9516892099708137,0.8895912249534138,2.3728704799030966,2.4853697824638674
866,3.4857618753287767,2.983702525645504,1.6460652428218305,1.3492461857080227,2.7822908160141435,3.0
867,1.6248152379627834,1.6221240864202733,1.9943945782455177,2.0,1.492185921357363,1.4495418436255771
868,3.035577231528135,2.8321236860696324,1.7538762572196762,1.5879509063089103,2.5347519283753615,2.4678815979366133
869,3.2388558133694234,3.4615599356612363,0.6387494802280776,0.683050671475954,1.1706782187362683,1.1273228978906868
870,3.0288255385640293,2.949139942944213,0.8696398710092904,0.863447219052288,1.190937257560936,1.10170141158474
871,3.4771742791782385,4.0,1.6467617869495157,1.842891360490612,2.5989058641665563,2.6407512175149916
872,3.9108442940392747,3.6565620278595103,1.7379028461268757,1.6959203906834495,1.416783577846341,1.367029218966942
873,3.872991939973202,4.0,1.8811865952036482,1.853205124609726,0.07151976743608712,0.1610967813867506
874,1.999449754214743,2.0816762839709764,1.5491991518118828,1.540382632552022,0.374715544300691,0.3696546224936135
875,3.813862511915989,3.7900059888826987,1.681132892659263,1.6308195879374674,0.5578583564489124,0.5255775735504209
876,2.2503535922123965,2.005449322899885,1.9208804586714294,1.547344604918559,2.2246710400254033,2.4209647402744565
877,3.538293325872695,3.415559320797765,1.4522064700395674,1.3698042635862475,0.9657023731947799,0.9828767694938665
878,3.262462584994184,3.0776837130900283,0.21526568971446794,0.1,1.5288889730298885,1.7769751875132633
879,1.6506473757552398,1.8761907811363288,1.4904835818001287,1.5329705956101185,2.5611713785835017,2.458965932492099
880,3.8196017860634988,3.4617345056011692,1.4374528924515004,1.322449170399831,1.1929351816242677,1.200124741648255
881,2.073584923386805,2.0591053289907877,0.8385593105598509,0.7619105848509568,1.0278947652568742,1.0157032944533337
882,2.3275991642064073,2.3835274296965716,0.8895723736383017,0.9392717369776892,0.0633943044082621,0.10162633917534779
883,2.4232935165237612,2.6340012751665993,1.4652663848123626,1.4686582416134846,2.5236421288919946,2.564691803357472
884,3.8140802510399068,3.9952364825036306,0.33563595995111684,0.4904474521672174,2.2897172094857856,2.068482837470921
885,2.7043380080575883,2.671440590920501,0.6625027306332091,0.4046521756431609,2.0673268656457875,2.4726317026876155
886,2.4688227930434232,2.409486529400701,1.825833713205157,1.8825747272715458,1.255925008389751,1.284015313485536
887,3.248193068408346,3.1052515445527287,1.7744253669285108,1.583520516007724,2.8143738312077575,3.0
888,3.946267550779556,3.9003566830651026,0.16825298076850204,0.10362021253775039,2.3122566095321098,2.504002362053485
889,3.014979569948006,3.385283635571175,0.9150134638476137,0.9782592314096188,1.84388576474349,1.8211611082762686
890,2.4821996550623124,2.4527498895493958,0.3752602046123563,0.3720091635086583,1.271097997104302,1.304617946024152
891,2.9355960566272143,3.1246629128155763,0.47693799180821317,0.5123987096436203,1.2038408555914533,1.1894181733798335
892,1.6495677347388034,1.5,1.2082419900436987,1.0961081848140315,2.8128488023726184,2.707214607139736
893,1.7633005634467986,1.900040616109608,1.3765611113909866,1.3588296212574895,1.0479530536469708,1.1010729937622141
894,3.9665918795123822,3.5484631170991188,1.9832802569061432,1.9137639708996275,0.39611778822935684,0.44135336212074944
895,3.641982316741315,3.6012186593130924,1.5385877970275843,1.5438428892823912,2.1407172999222315,2.070838194423896
896,3.534492135657557,3.3280072260475517,0.6170650730737683,0.5553719528440576,1.2031928072211542,1.1777320614754232
897,3.8312283581183024,3.6568470483316626,1.4670277873646134,1.3095512120490478,1.6842322454691545,1.7417174711189494
898,2.6609552599166015,2.555304693840253,1.071497681263534,0.9458050079741405,2.1259338475805984,2.0888546589365005
899,2.0958538847882706,2.0486345435684803,0.29577020709816726,0.1,2.220111470873269,2.596763435547933
900,1.5290637815781887,1.5,0.7278208804901053,0.7891795265134945,2.6490479658266275,2.5305391403191604
901,2.6647635218950203,2.5953127051601927,0.4582509282520093,0.1,2.077596355986963,2.7280184888753327
902,1.9430772718081064,1.932482183692955,0.41244828044694226,0.4771125982911758,2.1434573070132714,2.0781663850847503
903,2.40923195843754,2.806549647250392,1.3350021824413656,1.5032673509203398,1.7099595587947156,1.7560034613672098
904,3.620192320486073,3.230437373854819,0.8210876413016601,0.685039086419826,2.0241349679602214,1.9888261324845484
905,1.718101158039063,1.8360907648590452,1.0888234670007626,1.074594976490942,0.03143835138507656,0.009405212405354094
906,3.739909931835038,3.7968390438411275,0.1506696883626241,0.15525375885865292,0.805637035337019,0.7647547747564033
907,2.4132709754786528,2.507878801800185,0.5608057264945917,0.5808384259770255,0.38032445567588846,0.4418534117381815
908,2.851928572925389,2.7482071485854975,0.22683863745756327,0.21523522705118525,1.3794332980179012,1.3995297704262213
909,2.6720429269217494,2.6033227943920125,1.004374337907048,0.7160325077043279,2.572612434273058,2.785964233917146
910,2.5547479251691896,2.3722268390043695,1.0876003424073544,0.9921826577714699,1.8845608148540636,1.9034108578265303
911,1.9101483788203333,2.096109398764094,0.9945663823739144,0.9998499343298909,1.022684053817024,1.0834703233310012
912,2.9492054556264646,3.0342963371821403,0.6656329725851435,0.7191504341106103,1.68108444828338,1.7339884154224325
913,2.077248495045184,2.089243200019055,1.153674326296886,1.1155620899045795,0.9757764090269467,0.9692693209505604
914,1.8968409381667204,1.7994344256039587,1.627590735844478,1.4842536223146992,0.6854085582652383,0.7737380469919222
915,2.6289103860079264,2.694222233692494,1.9302394848859634,2.0,1.7042807141843677,1.7130595369081323
916,1.9574015980346364,2.0398306373109762,0.6067088894994632,0.6106720708902751,1.4408829614508512,1.4573856099617408
917,3.727644704385983,3.875999385207808,1.2528445314240482,1.199596688063984,2.8843426372019465,3.0
918,1.9119823615310763,1.918953860225603,1.9293645854342365,1.8747289797095466,0.09343377838662714,0.100626805500971
919,2.988613008197114,2.946208828521824,0.5217836409581028,0.4943564422373725,0.8660440753602254,0.8497523864975018
920,3.4872900138143574,3.5334955298086297,1.5071956021823474,1.6130230009353104,1.416178128807656,1.3157967452713735
921,3.2342664584556013,3.6810300674417364,0.9951501753971185,1.1249805899092302,2.284756116097406,2.2950655205160104
922,3.9442328270387224,3.7100534936728518,1.822057199027378,1.6966638037401114,2.1401730125917653,2.151399399532836
923,2.504448215454036,2.8442942485199083,0.828085429309251,0.8740187787298787,2.692211771560831,2.794414786837949
924,3.1037579126152925,3.0485600671955497,1.9657818596451822,1.9140183681964535,2.892020034146379,2.781892457926847
925,3.8018711869706276,4.0,0.5415243864522227,0.6599415111674195,2.651836465219543,2.449612117447785
926,2.1541839779524077,2.1097835162894167,1.7653695112453232,1.752344683115155,0.18577628459551332,0.23250552100630612
927,3.4180303541164463,3.3558102086650403,1.2214670431564152,1.1379291234050903,2.0541545119720888,2.0501275919777764
928,2.123952635584785,2.047892522158046,0.5511486966145509,0.45958123748808155,1.837884015560891,2.0336209547811026
929,2.3322873680900864,2.5164166475213845,1.0744765433057084,1.0813468387788825,1.5052300130387497,1.4834937737169704
930,2.7644498047038675,2.395590330667421,1.6510060040588048,1.4843431044704785,0.7685641895828993,0.7701870118540889
931,1.8740176826369632,1.9272817225760448,1.7600361767634136,1.7483042177676917,0.639455040159417,0.6550435023261737
932,3.5459592516118215,3.6372518074681355,0.5026014297443175,0.6966087144017379,2.8402389831287596,2.4681205354837426
933,3.85718280617021,4.0,1.531794177074652,1.4633567085532422,0.975347392041479,0.9436235200340455
934,2.0160626436650313,1.9221521794432692,0.8016553104295181,0.913894810741256,2.544002110884616,2.2368440963502003
935,3.710165863506552,3.580586959318101,1.1493308510884255,1.06216094141022,1.024421621573036,0.8935168853298591
936,2.5584983277603133,2.443301168555572,0.5369610351440095,0.5146658405446805,1.6656937428813745,1.6315194538125406
937,2.4670263916380692,2.399844536420085,0.2128114493509374,0.1723568719108336,1.3378826843552933,1.357846775833696
938,2.6868623370856826,2.6991768268939933,0.15976545029055006,0.1,1.6088862204870407,1.7202551418619476
939,1.5888126580737767,1.7399270249284182,1.3421292822663344,1.5990987631726767,2.1174660798919644,1.9916432738515562
940,3.3095986821819587,3.4231051372247236,1.807377498627995,1.8522793468087921,0.10318238599996643,0.1948777030404456
941,1.7193233246873583,1.7994184939370865,0.760907745207943,0.8065616619759086,2.8640563493323823,3.0
942,3.2648463928355524,2.9422875788877363,1.2982950487757547,0.9499526042863,2.527689529513632,2.8727307484895013
943,3.2111994387647744,3.663011514368847,1.3597937751398272,1.3728208831883162,2.124308107676976,2.1577246656765006
944,3.980843588580993,3.998312877878493,0.2864474404516669,0.26341280656648824,0.8220937143571152,0.8366699569225485
945,2.5060240167067738,2.8570017501446174,1.1235778245027797,1.2201008707736911,2.5635656834226257,2.620137262669733
946,1.7886398540452388,1.782194368212753,1.7060801545413904,1.6913922292425472,1.4296258239434358,1.3870406429573894
947,3.407557215161416,3.642706138737335,0.9423552342332152,1.000237163742799,1.0987357191266633,1.1247852429872156
948,3.2966266107527273,3.0913366569625333,0.5232763933818484,0.49701336533383816,1.5854833392024932,1.5518918037994927
949,2.198824755674563,2.602356319790703,1.5555520472003443,1.6971518502207186,0.5478445011222685,0.5281060952189496
950,2.8996931863141704,2.706553187944668,0.9123914362838051,0.8563899605764469,2.6233503108618117,2.735959925532537
951,2.650972188884327,2.5886849601816966,0.4380389800567065,0.1,1.8966889878938265,2.539868473638415
952,3.2908453768074777,3.2471263640943,1.3503717904733472,1.3994588688404717,0.14151479960528002,0.13307793100295232
953,3.7398218264256724,3.8680828887785723,1.8166410600999705,1.7987811439430033,0.7241834913748846,0.6467194300570364
954,2.56861234319235,2.554716739441814,0.8325372699214787,1.106023414052965,2.9251867439576045,2.646070465962267
955,2.546430571284349,2.5832528343357324,1.8217877675828162,1.935030306831664,2.357909370863572,2.2606459778026355
956,2.089116826665848,1.9283944648353823,1.7687287691166198,1.6078498812366988,1.0808216950295413,1.150636509774125
957,3.734109902856762,3.7664687039218796,0.2031131834645789,0.20463006733959907,0.5180524521067146,0.5101501126239191
958,2.2376242811376823,2.0818895391809344,0.11511793743636989,0.1,1.6501427291622361,1.5601145751539032
959,3.5737561942600755,3.6963499514335836,1.574111152516643,1.5542072564477434,1.6026070790641738,1.6305123430624193
960,1.5235436025404225,1.5,1.3294350881981474,1.2730476286845844,0.44275204899967413,0.37270518533771874
961,2.7884281981755477,2.9437794838030555,1.1567170376585838,1.2416438331929176,1.8980538102738813,1.785365749763102
962,2.004115423712138,1.8021274808291197,0.6490429027906058,0.3744492743263756,2.04589604093811,2.242683930211003
963,3.1734735346771306,3.131384884628037,0.10431965940755453,0.1,0.032310761498335894,0.025942115175298368
964,3.0969393107222825,2.8221734425413145,1.998075028949166,1.9189416118487073,0.31781091915133575,0.3648075210407955
965,3.953447018409054,3.802343647129636,1.9620838711969788,1.81642167759566,2.13809348116786,2.1214774836401373
966,2.2470132550328827,2.1075653334089286,0.570036436104123,0.5082391516039731,0.9101440739343475,0.9276242221243817
967,3.338136234787754,3.1881724853824807,1.287073771811044,1.073477271501567,2.9127576541920197,3.0
968,1.6448920980487527,1.6678707265165627,1.3247812135413122,1.2838804945250153,0.24912101208081616,0.28329150260048486
969,2.22803632329285,2.2984390695615944,0.4376827922526896,0.4207036487874493,0.20862038044373765,0.16617886673823465
970,3.332739701432316,3.4501911444009195,1.3301664956259998,1.3250271207626947,2.1663583885390834,2.303957893756139
971,2.609328208926205,2.627776977016463,0.8867680494212686,0.7578175910064191,2.735841614327762,2.926248581310446
972,2.8400192327496265,2.8631151062418665,1.4414296265554876,1.5348975207559254,2.3900252151425407,2.327007986224257
973,3.668813670758997,4.0,1.1048580576324039,1.3938050823054176,2.6600341689826688,2.3744406707289167
974,1.8506708671620686,1.9027150485139441,1.5090197212817484,1.5909576211640168,1.958780534304751,2.000807304295434
975,2.547641296471289,2.6912414087874112,0.8312606352650952,0.9454980669992523,2.5590736413689585,2.3890971381339288
976,1.891000688844363,1.9124826800973265,1.849077971705218,1.7569632857216968,1.3982626479752498,1.393471964067307
977,2.5094928940032637,2.678448202152941,0.40653447181291835,0.4084477069283591,0.2451260535102362,0.25900562916533815
978,3.587107331850509,3.1581903262127513,1.9566427838910123,1.7987464182200337,0.3840869388317154,0.40375779897111075
979,1.5073223985645487,1.5,1.1467422904427385,1.1118662306949016,0.5992813051791882,0.7088860552212871
980,2.86613709902234,2.51359358283308,0.809046528543308,0.4650851813570313,2.276003731766097,2.4994615526951374
981,2.994367154335155,3.0229042283514973,0.29657640007715147,0.2656954062248979,2.070824704036803,2.116087929109675
982,1.6481992355531774,1.6916158578135612,0.5268605142689882,0.5519391819368957,0.2531460047992965,0.22104701236524643
983,1.9496819384593889,1.9609472531410461,1.9841845546696693,1.8647508061752047,1.0153511576964784,0.9335726652503684
984,1.8886273527664599,1.7126087886419477,1.9966889646472477,1.8140381133942818,1.094869398328829,1.0038407273315002
985,2.1129147482100246,2.3585451422779995,0.5913775529702048,0.6332952325211044,0.06604452160568886,0.06663002741153574
986,2.468451184534212,2.3938370421726423,0.77659447036393,0.7538443851520831,1.0201548304300765,1.0807973356880447
987,3.1457574367293795,3.216903590502033,0.5803326646465105,0.5574950295226545,0.416668056116957,0.43408651531881826
988,2.1690763034529734,2.0081862559270762,1.0203133667931699,0.9265468861402544,0.04735245697453927,0.03144699204754493
989,2.9321239849291154,3.01367314370397,0.9499524347031235,1.0584799343714317,2.1678166467222124,2.048639082101965
990,3.7895894665771936,3.768685910198281,0.492848389036623,0.4171502860107012,1.4813924407178516,1.6777559390347507
991,3.103342185095784,3.1557482652570292,0.16692854141272612,0.1975818402254874,1.442359428756321,1.3781219821131885
992,3.08600626615796,2.5707868445414106,1.7264853353519187,1.416726630692133,2.968699657007669,3.0
993,2.162473832102391,2.1341984067607234,0.5715613315917852,0.4437006667001983,1.855649159477036,1.9632941663408743
994,3.698779762527737,3.4526082576899664,1.6852997884874081,1.7883377724837712,2.978141172945375,2.7114276199650162
995,2.425477895395969,2.4138964744626543,1.6775050350779002,1.5844240481894802,1.6211995115675155,1.5530012821259682
996,1.6106047623802637,1.5554137480241386,1.4932450491923512,1.4134879659875794,1.850576386936261,1.8661330011510493
997,1.6104204557625434,1.715277671336382,1.124773802641145,1.1177762245115073,1.1541556171693415,1.2302073398478386
998,3.5135386594336993,3.7241181797393863,0.411375786838701,0.5491454778522769,2.7013369263839757,2.559695758394314
999,3.382905207294285,3.5917517418971863,0.9396426737371764,0.8048823357442614,2.3362616129303087,2.4574286498882976
