,a_true,a_estimate,lambda_true,lambda_estimate,delta_true,delta_estimate
0,2.8365685684462556,2.7410619700821734,0.7118740022268507,0.7055579594543734,0.5037875471332284,0.5365298468694948
1,3.2412093006222595,3.456670062187594,1.6479049714838223,1.3501694831314592,2.1198726748739496,2.4608366034363924
2,1.7135429684295873,1.6691311198735157,0.7737049402211952,0.7318792828261439,0.719114083992547,0.7046454917271758
3,3.507546269753921,3.767146408350786,0.8416773417761877,0.8328586384526874,1.3106305101302451,1.2895647727807429
4,1.541620455188052,1.5708764475970929,1.368203058604798,1.4359775597110116,0.5051248134234356,0.3985404954788139
5,1.6308273677495462,1.9290992682839931,1.1890049517838968,1.253775657532649,0.7940666208469256,0.7836194814548864
6,2.943433066907068,3.0435906243044593,0.1274788298491054,0.3612125800211732,2.5808221213820213,2.1300078422603743
7,2.6106306761073528,2.661506300003765,0.2204136301305663,0.1,1.6034713734223978,1.776089976148945
8,3.592863016575349,3.4673553320400523,0.5421828597768915,0.5107235869779417,0.1523561725295606,0.1406040327459058
9,2.776569802951384,2.660738779112387,1.85389467410992,1.8528086481567128,2.271751536383677,2.0698246591777827
10,3.579934943779636,3.199723374522626,0.8275824902704487,0.7019821388873523,2.928413104412282,3.0
11,2.4184704401789685,2.437550494201633,1.525918281032847,1.3616193819987286,2.564603304578072,2.6488405214499084
12,3.2354263605991456,3.0555522039903447,0.9627188441463106,0.9128814466708988,0.296222650258172,0.310322860219091
13,3.8948105499933496,4.0,0.1531079124403843,0.1,1.6282839778615572,1.7843856843577846
14,3.497211396974039,3.149264541759134,1.0949661653440077,0.9454063565380966,2.6053473717013893,2.786648338269345
15,1.7959586500128075,1.8101827064648657,1.4357145459796714,1.3720277792863402,0.8156247887186998,0.862324281770318
16,2.1614583363464326,2.0866919423501114,1.241661862300227,1.2591853642896564,0.6753548064791602,0.5177121136590159
17,3.9726931544095487,4.0,1.0195011797647058,0.967914173441355,1.033780054092469,1.0268055765089763
18,2.2419626660756267,2.2896759076808104,0.5732279458868177,0.5025294971229693,1.6322540192429755,1.7540781467630795
19,3.5695418529976086,4.0,1.8921559059950463,1.965569465439949,2.661359402722753,2.798819659361478
20,1.559700844589998,1.6196717477697964,1.2812980993582788,1.382442842625755,2.4822141963541657,2.415731476782377
21,3.477557549433405,3.383753597289281,0.8553183070297762,0.8068517532014635,2.1506017721006128,2.180999223537205
22,1.5914170868542028,1.5,1.5259795994972416,1.4897913218596968,1.8830229158789609,1.9955365415013175
23,2.623113710818163,3.071641816851916,1.2881510025057796,1.3653194402464843,0.3320663051315243,0.2458869147506407
24,3.414839756107375,3.0670275575757904,0.6189054232015038,0.3538759310259652,2.082618184045466,2.3341983197340204
25,1.7729045971047614,1.9498487100039767,1.845031909506783,1.8913465007079044,0.3295024518079387,0.297871727371906
26,1.8953605658382384,1.7572811392871976,1.1409924033386516,1.084147108289085,0.1464469381396029,0.1592227583990463
27,3.0556071548238646,3.0776194735661284,0.2376926355838883,0.2301787913000378,0.0031264649880643,0.0318747710206715
28,1.7811666812079188,1.5266542973562751,1.6075648054878366,1.2948425644364765,1.041864444351996,1.135324547553925
29,2.792465085198587,2.870571247850123,0.2181536016909263,0.1,2.255394261524229,2.5260462803274226
30,2.346855454432513,2.2491428443547044,1.396489893356211,1.3335816376161576,0.0060352738024619,0.0001659160766123
31,1.9671181160200035,2.0504169429543606,0.4598185187867699,0.5249956201934178,1.40994101580691,1.3481370262368335
32,1.7710226120634551,1.749923335771579,1.811786676944945,1.832498235140501,2.5600382643681128,2.601621510065688
33,2.388866321958683,2.3915505381026976,0.2707437011683375,0.4237506568654107,2.814800850901352,2.3100615670128812
34,2.828203463446253,2.8646580216857345,0.1537948039413698,0.1482155938314867,1.71503331586139,1.7094147151458894
35,3.4660972346767966,3.689001149672302,0.4596800147411058,0.4617236463204079,1.1806251643163894,1.2465536734195222
36,2.171930039274424,2.189150687131426,1.6626881613041753,1.818565704715656,2.3303873056173843,2.3092630552904234
37,3.011749202516823,3.049155808490915,0.6954433009877988,0.7224952850564413,2.0398079292159337,1.8921368711832696
38,1.7621483004098626,1.672226884456828,1.0959216436344903,0.9901373480407664,0.5601187100630585,0.6045679935372449
39,2.1790281100417843,2.481860764890885,0.5595713315299755,0.4241353581973336,2.5961869325624565,3.0
40,3.628327706549082,3.3767853255983447,0.7585579932213856,0.7111349196596873,1.0818628198996767,1.0833413858949446
41,3.6528371810683704,4.0,1.7356364833883235,1.76149677384596,2.1704656396034863,2.1601040704786585
42,2.1954785982891387,2.1685782101768543,0.9486606052153542,0.9605489279591004,0.9646278585522094,0.9410566668837018
43,3.3259443106508177,3.802604043508393,0.7555862572662654,1.136827334200459,2.8634208607034606,2.4860485826000573
44,2.5710332164067173,2.3615867002526385,1.147118541311938,1.0812945096286577,0.2205648662964422,0.2312792485037693
45,2.1365250475158475,2.09796628281669,1.3148957113938138,1.247583857405112,0.5882104693750687,0.5886109576629773
46,1.6450257792448792,1.591013994646544,0.1130911009769994,0.1,2.4938175951329846,2.5180616867773513
47,3.5397078407656783,4.0,1.602726215585612,1.7567947565756188,1.1323905651411827,1.1119665643903156
48,2.2156852697397884,1.978301951101202,1.67660325455889,1.694634356051517,2.6514992370810444,2.4157083377256474
49,3.23242320498204,3.3967071663457302,0.932850364581558,0.9969472231173612,1.907110173009432,1.8695742383311331
50,2.610756468514646,2.40887031733856,0.9381544155774564,0.8287350489838362,0.1855114377368149,0.1605366926475289
51,2.8593954145658493,3.207724283163311,1.4472701742889498,1.466173108517949,0.1108975311341387,0.1149678025503088
52,2.2329330193261043,2.2609949704519003,1.1676466160801493,1.1573145307670858,0.3966079588769747,0.4199432931078089
53,1.5816986708170484,1.7331705385149403,1.791195762682608,2.0,2.9377904204482825,2.878287831085424
54,1.8126626453641084,1.7069623608693392,0.218074316499081,0.1,2.3994463449831542,2.5158899473554093
55,3.282863162347192,3.3900903135265796,1.1778130840986942,1.1973351330448394,1.4444791123090668,1.4837497638376234
56,2.5445839365553695,2.3053378664907753,1.273197195366478,1.282532904446518,2.9657459267755373,3.0
57,1.5437897261710916,1.639860968287493,0.1490178491844509,0.1981823647673123,2.9551464950259474,3.0
58,3.634939507655077,3.3959101144924486,1.7573595051824829,1.5933732172078623,2.866900455283057,3.0
59,3.709999935299886,4.0,1.305421281950065,1.2841077811490436,0.0414052885150989,0.0207717155125162
60,2.957579693462531,2.7263637995345684,1.3159688289017872,1.045661263951428,2.0125415239451763,2.199447778684814
61,2.8903804964120177,2.9547010905317306,0.2790200385689209,0.3782101715270184,2.379004595054943,2.175629577302414
62,3.866668123239269,3.980015313287282,0.9319457639085912,0.9301082198918657,1.0969597627967185,1.185264286939005
63,2.560632261285242,2.917358941440632,1.082193785905594,0.9329907471763612,2.7974543582251896,3.0
64,2.96159669548327,2.923256163682975,1.828583061353794,1.783873954236605,1.1741582765487613,1.1746589589314782
65,3.2280095694845414,3.2945001440447323,1.805914482928897,1.853643096017364,0.2998452661644657,0.2201522056839017
66,2.750127144948896,2.6216030519926146,0.4765577294157234,0.4776652410246271,1.8100270778419776,1.839093484125557
67,3.668166206782941,3.6881272952132447,0.8660764262217328,0.763359672238014,2.5740293794095295,2.681280035096473
68,3.270255508360809,3.03832581682923,1.0048073885750173,1.0354243466852977,1.756851361808467,1.7039322642137118
69,3.462374893212275,3.914174036810683,1.999345526642097,2.0,2.720139244460678,2.8424507838448214
70,3.7090616780109777,3.3974609803816422,0.8917333653915146,0.8482752332864588,0.8546512748167273,0.884122628765538
71,1.5689428860430197,1.6168154528916645,0.6557691325510774,0.7016746784587198,1.6809890976349804,1.6359993873029834
72,2.597218067351885,2.415110761875558,1.079095150737136,1.0367273214624846,0.6461860885905757,0.6362487663411366
73,2.547270936013719,2.8309812509778087,0.6331285085026386,0.7332070199984303,1.99825963549759,1.9466870509115295
74,2.99558210906205,2.800395454373671,1.7138308304137078,1.6147924287552522,0.7763365709135919,0.776137584610183
75,3.5015282658774787,3.506250485918324,0.1024278900887442,0.1,0.1561507994902125,0.1407584466306591
76,3.7035792976044175,3.613455950332246,0.3316848634127437,0.3144711501896127,0.6988917395397701,0.6704037381797846
77,2.347438411651093,2.1817403115218403,1.9974884272099491,1.8276359575871028,1.9021515914092235,1.8880027051147916
78,2.9876806727867624,2.8599466363673445,0.7526639631786868,0.724954461507297,0.4613809000873993,0.4498987289202645
79,2.7621528302126483,2.7547577267949155,1.351419425952147,1.2700743928370628,0.1288373369191165,0.0550446870646221
80,2.739137946218833,2.6498425556837546,1.393244281689504,1.321245246882342,0.1774808732593021,0.1964553191070166
81,3.5792549434066188,3.755925266465957,0.9078980709120272,0.9479926924025348,0.7553411799243422,0.7814074982295315
82,2.3150458826868094,2.167397711311798,1.3247932936677191,1.4111088219873895,2.259203649162425,2.266968131298747
83,3.095513773819827,3.3604234416150867,1.1390029061666036,1.1674695064678589,1.079558780821551,1.0732423860376552
84,1.9849484812138187,1.996082132013644,0.8688089694806878,0.9115151317628892,1.2475545401501291,1.2495492622500628
85,1.8144013016635727,1.9486808980728216,1.147976786037851,1.2206954231354563,0.2957477462330183,0.2588157588414382
86,2.91813722102075,2.79265436026627,1.9864881459494068,1.9363756243072343,0.8640864569281071,0.7827250581325604
87,3.265880617682854,3.198738454187314,0.8706951411822064,0.7796172566872243,2.710716559671591,2.7578923421980583
88,1.656383807002196,1.7253252185534054,1.355039469954499,1.4618786938348245,0.2973873666701773,0.2979650866997075
89,3.549638049191848,3.7675134875304326,0.6752379960494639,0.6804937098633813,0.4620735356598817,0.4946026701635124
90,1.789777071685047,1.7511169476475883,1.7174789942929052,1.6527793881128068,0.1944906831132731,0.2475192260064462
91,3.347666691542269,3.380657041358799,0.981306658815515,0.9552322517755824,0.0266869237119713,0.0224323310255449
92,1.958780209207168,1.8760122852511791,1.2976159449133102,1.233234280618695,0.3845240661250504,0.3857224781005203
93,3.723297190625593,3.6881657046994385,1.1170287221531183,1.1016051104295073,1.445361140279056,1.446648738271278
94,3.211308397546444,3.222430115146359,1.5256582029644357,1.5396315543358077,1.6682931964355108,1.6816977753855518
95,3.884625570242207,3.805567217693024,1.2275751440875171,0.7973275895458085,2.0695872843325653,2.6522138556150567
96,2.962222582995782,2.97260398418035,1.175814879602481,1.30557985436212,2.1575092717213167,2.0884981106448532
97,2.538979844815178,2.5648769371731515,0.1032075096538406,0.1,2.612967039383369,2.5366615379173836
98,2.980187869765662,3.088968085626328,0.575281648143549,0.5920979064624556,0.003279564498025,0.0098620717289874
99,1.7094417347029356,1.7854080662468756,1.9128842231062135,1.910254795685153,0.0417404042680277,0.0
100,1.5474231498887776,1.5,1.5551489612874376,1.539076583756704,0.884204521651992,0.9238519687600529
101,2.293416191199115,2.2541383105020874,1.8571080355729703,1.859068352505417,0.44623772769876024,0.5217357499709135
102,2.607944012195746,2.3549486538091418,1.6597657942017638,1.6267885505332877,2.4956166643267346,2.4066088204967158
103,2.36329609708911,2.5427545030501704,1.1684135801406161,1.0962202534100696,1.7958003726244858,1.8917264570322752
104,2.114381857362456,1.8437241423186788,1.1536138729238363,0.9617043646840592,1.5382424170576812,1.6828852639294993
105,3.697116894999842,4.0,1.0643890323794665,0.8571866434614615,2.2138023684428525,2.5939318554248083
106,2.4025591253255625,2.330445719744364,0.23547041290742923,0.24217380503889047,1.3204447249535551,1.2581939095729748
107,2.651783822509705,2.7939872182592653,0.4785615004454252,0.5063307656664928,2.953396311077766,2.997498503357593
108,3.144211265874923,3.0106523529172886,0.2400647411227711,0.16246413330111548,2.3821764515036263,2.486534166082113
109,3.758690903243054,3.763924431965943,0.6354632412901097,0.6244245766553809,0.34233669087940866,0.3936020943397963
110,2.0338699427401785,2.0557704784375828,0.3928888825313738,0.3700344106813615,1.7093837543178663,1.8837487272288735
111,3.2944816114313396,3.152109328769952,1.097732245472975,1.0091836969962087,0.15802515349252677,0.20590831528206918
112,2.585132466709885,2.694436765446086,1.2685778624982684,1.311412575501646,1.2079001131206104,1.211436073025707
113,3.900013518227291,3.9390027888546073,1.5303645541655984,1.479704725149009,1.8189240985060775,1.8733958322498894
114,2.875367664988806,2.9774160513439005,0.7362188409608891,0.7282642922222431,1.67103962962045,1.6729389788835043
115,1.5348937670719827,1.5968584106271937,1.9616868221670714,1.9770906110620903,1.139066780051551,1.1076551148456897
116,3.4842926201615487,3.0344523411070567,1.6594467524832623,1.584350010749086,0.306310504935118,0.2546995802682266
117,2.476085731313833,2.5024518303253034,0.5570966579095138,0.6463131298144151,2.8442912812325645,2.7262313213004443
118,1.5951194279631982,1.5917304830676118,1.669364212526529,1.6794337869338836,1.6138246697656045,1.5920246009367705
119,2.918370804576209,3.5063923171121107,1.5949637526170959,1.715715851598542,1.9061082686212734,1.8479083840190584
120,1.7455800642735684,1.7717720698671346,0.2227013117013647,0.186020104574469,0.5199792580432272,0.5104484667795967
121,3.876046374920595,3.8122424124335095,1.232015801989262,1.019621307679726,2.436556858618027,2.654947892680672
122,1.5034478251363006,1.5050687643305325,0.4950000474091595,0.6637010353110788,2.682210095122744,2.384346134149895
123,2.9825472100812287,3.194189012590649,1.0243849058845744,1.1760031294180853,2.8535030569864386,2.544922775662132
124,2.2481643934322277,2.0422210669766288,1.541470399002119,1.4672729417262553,1.1823408942066242,1.2768685136843885
125,3.0376117040718675,3.4592761062713246,1.1548547181392614,1.529150062450346,2.719733387194485,2.51392961087782
126,2.8111820262724905,2.590649269571725,1.703685453758751,1.6592209221533152,2.2850023411810723,2.3808503023106127
127,2.7058500251160926,2.9042555007615807,0.2342783611804933,0.24004555290170548,0.46807201040233515,0.49028983411458776
128,2.337842445165995,2.138891820096065,1.3745292561535285,1.236327305246071,1.6478512228364912,1.622798264124573
129,1.603451738023639,1.7363751437013104,1.5539450744484915,1.6081518347979598,1.7284462618704532,1.7586678108925295
130,1.7379343646295464,1.6666477974809886,0.23169885528049153,0.1,1.8922336424114208,2.028068398539689
131,1.8645106430583975,2.3620629344562176,0.9010621095388134,1.0281687556327734,1.7814248751024209,1.8333341821791462
132,2.5660964191320232,2.2872358421049652,1.477721768937486,1.4045316771931993,0.3484296349409901,0.3806205829365533
133,2.4727353828159147,2.514968008588393,0.1302589028033563,0.12219452399152964,0.4679446490391833,0.4797776103011252
134,3.469309438675526,3.6461120233163937,1.6219119979660415,1.6948100828944461,1.9677325395419953,2.024082611489212
135,2.527402580094683,2.7643675928696183,0.9410992588538393,0.949361936852884,1.5944298953816571,1.4092044479426136
136,2.8322620572215005,2.6907903434255607,0.19306247365957901,0.10000000000000003,2.6234824381629247,2.7921889577406
137,2.723169198714282,2.473007025804404,1.719901165844199,1.2200679916485861,2.7848897063063682,3.0
138,3.50373909890232,3.7323367912813294,0.16093673146577336,0.43192999924985215,2.729449403968905,2.2287605539460373
139,1.9680071278361588,2.1333487002912928,1.7820040577587806,1.819531017962955,0.47189225872633755,0.37104735093425273
140,3.7993770842568177,3.456931367682087,1.228430095296895,1.2516737455654756,2.8308351042236177,2.546030292944506
141,2.2118802012570313,2.2255543745595197,1.9571306639836938,1.927765848969646,2.3690844863931337,2.2614859626149943
142,2.8100843892497123,2.7589293523286433,0.4358214870039473,0.42097649993934777,0.38018512260328086,0.3942603746982381
143,1.665792221293086,1.6493694489537956,0.7063210612146119,0.380155746164636,2.7212585439486885,3.0
144,1.5100402969082496,1.5761190370080318,0.9797268282974755,1.028273054297707,1.5829631205101389,1.5943108534394952
145,3.565406613956999,3.79263741635369,0.4776596081512118,0.5039701728531033,0.9130867772158231,0.953200735132106
146,3.041087564828721,3.1131745498198997,1.3298130612752042,1.277155538928805,2.689683047423116,2.878518457706483
147,1.7319048447033727,1.7734282474906877,1.1272284808738426,1.0531643263842858,0.23966134671026162,0.23790292470490132
148,1.5093897827219822,1.5,0.5454903971969401,0.289191019606928,2.6162334307259894,3.0
149,2.435246264537416,2.7794245208772694,1.495923559365764,1.5310424512266376,1.156536369621838,1.1439710295343661
150,2.76369533763449,2.655493908639704,0.7174578028114801,0.689543250776898,0.9069671116681428,0.8922576444213701
151,2.8388036850503067,3.1282616982659848,0.8369616065504363,1.0152820607558932,2.178116593610922,2.064196271372427
152,2.639084943472053,2.5282882279612244,0.18233828260662566,0.16048997203731338,0.383713323397495,0.4278673923945883
153,3.739459511753332,4.0,1.5311731438116585,1.3781944947010396,2.9563364831524113,3.0
154,3.936649175813054,3.565946815645743,0.3475924853610303,0.1589176014364019,1.9538109944066417,2.2635250618546205
155,1.8954775793977934,2.041686165506304,1.7057857101327951,1.7978617987104368,0.8050208647231981,0.7592780377194281
156,2.0006680333058844,1.8498777083269018,0.12786495962038213,0.1,1.1634502351678093,1.1546956058087152
157,2.4109709358112834,2.3919218308289705,0.4935182258629829,0.15155349184174466,2.420637040509011,3.0
158,1.6581665177719538,1.5463875915460183,0.8728643413741173,0.8165345898557599,0.5465161973139135,0.4979590996600245
159,1.8955972765855098,2.287113826872801,1.5516551284799,1.8307735379622847,2.892642168946578,2.5741635097310565
160,2.3292873753812557,2.3103247240363785,0.11681767209789105,0.1,2.9588304505642404,2.9904448369518057
161,3.7337585530741,3.797323060980375,1.3251675932269997,1.3636398358068198,1.285324014952638,1.2270347628729341
162,3.3529910167587866,2.982109956095113,1.8493133298882318,1.7722138455802459,0.24059214016468855,0.29183555408771306
163,1.5241414770621278,1.7918996824104572,0.4704076895474051,0.7715195877351693,2.977607004291836,2.7078852776420566
164,2.3453140094626255,2.241956665434509,0.6564560666723128,0.6067794929163564,0.3135299606319675,0.2849917091155017
165,3.8427838809850288,4.0,1.3777880172076793,1.3710063548390012,0.4365091647286322,0.4075486404970015
166,1.7057924894753067,1.618071756710723,0.38123274169447197,0.3888772679462265,0.24513576988768981,0.22675047625061487
167,3.5827556475700466,3.745369859593853,1.0825212584080282,1.091104283417799,0.4631529326481276,0.5166940341794982
168,1.8299599046284944,1.855381738445789,0.6414272907921783,0.6539992789429024,0.07460172486775674,0.05566056294292808
169,3.0392551313859615,3.2288241883067106,1.99355186325354,1.894081894634235,1.266465952391695,1.3275156668483503
170,3.561571566394006,3.5944538333275564,1.313644844957112,1.3757187331947198,0.9790583598853541,0.9427739479621048
171,1.8914418519586809,1.9072128089971612,1.3844369306939595,1.3172959146561862,1.5313289856800223,1.5954198640709458
172,3.099016446556365,2.691723108053723,1.1949796743519663,1.0337710269591878,0.13605752205634447,0.20187720373268675
173,2.0996935241309225,2.0806057600357306,0.8312948881746576,0.7761948465147458,1.3983106651878265,1.366526629688315
174,3.088221980880559,3.071895863566363,1.6250824342782222,1.6497330851985637,0.9655086729819822,0.9786452223298477
175,2.363190535466451,2.655309045467177,1.381665485815899,1.618972830441216,1.214261276064883,1.144282311638735
176,2.5327243209021804,2.424375827265943,1.9571538943759912,1.8693009633818567,2.1863493965724357,2.26820039812851
177,2.515824023107384,2.851541110879946,1.1943424641476115,1.4416209823605548,2.999897765152819,3.0
178,3.2586853851830186,2.7705825346412696,1.9190103915764525,1.7452670590727069,0.34601758932292204,0.30498238959587093
179,3.7434704050853043,3.652636952057533,0.77507124453944,0.7259306692531554,0.21546725782514886,0.1751822012886354
180,3.903156062655028,3.176819972887602,1.6544442473502485,1.479061945245768,1.2319081803873115,1.3248144767187828
181,3.899674608155469,3.801137751403775,1.8546709931858079,1.7391809554151254,2.0913987636423332,2.182747667619498
182,3.784681907645078,3.5728206117917978,1.440008936844833,1.4430045881284044,1.4304999064644446,1.3488217306788008
183,2.0679617025408312,2.562513642810661,1.9310477812642748,2.0,2.8838973964254473,2.942485525511614
184,3.82907396104577,3.7027580394892627,1.616607598578773,1.5743524539032863,2.34804882866107,2.4554650477129507
185,1.8326478705727536,1.9924084157924105,0.1265590559924657,0.21541106018506734,1.5255506743505796,1.4778908056258748
186,2.8071628263766235,2.745543853633508,1.7395824388617107,1.7062902695070719,2.9121619011785134,3.0
187,2.7155402285198904,2.8667450613522765,1.7180494924503462,1.747096940916916,0.09470890652366581,0.1541361460797236
188,2.3336858190089433,2.2970336574348207,0.712532449617194,0.6378424646565742,1.863282920221157,1.897254666532417
189,2.112783884774348,2.1419625823239166,0.7708335694813425,0.7533668634472492,1.4862048643171457,1.4431195794487972
190,3.636188107795197,3.38032220226196,0.7185959791777039,0.576335020451301,2.6087054596906105,2.7911679233282696
191,3.204879788665583,3.1395095034992173,1.2294627305595678,1.1182225524666667,2.5617360066951433,2.5218106206127704
192,2.1051508712035503,1.9921967111629475,1.001652900391171,0.6776106788039233,2.569305457704842,2.743328395211993
193,2.545688138404016,2.544340634663876,1.2387540929808976,1.1381472410830578,2.155215941560234,2.1496144989422943
194,1.8721455334325157,1.744816665653559,1.8611699848183914,1.843801286274634,1.323065419352783,1.3309739205466031
195,3.6644274805605637,3.674710281724444,0.11711742124195712,0.10000249229373903,1.9423950399292997,2.007661813206002
196,3.468959837080031,3.3483679828806086,1.7129671350107105,1.64309698911554,0.5068558446440335,0.5686839400068648
197,2.606111245089443,2.573829564861592,0.4201086252574273,0.4088930734194895,0.04668428174338224,0.0008829660427530945
198,3.240716067757397,3.1910408241903117,0.5615615295323576,0.5555589018802068,1.5200606486711323,1.403333351148719
199,1.8860814223192668,1.8728149123842281,0.9550069383340916,0.9079463118350716,0.3905412297086085,0.37292534115571835
200,2.251019847561023,2.239429865908499,0.7961034721811192,0.7570267264141093,0.4725145667104861,0.4091652632366156
201,2.0010256488842773,2.1357074897728654,1.4041025610284972,1.4467365089491544,0.9488069066114861,0.9099740735067151
202,2.7358711923737418,2.635114623874304,0.492140656185879,0.47934170018164995,0.024296367826951992,0.08791103217693873
203,1.8760518471277896,1.8552471520863734,1.318074247538311,1.2800205687582535,0.0657144325493837,0.04989533990978454
204,1.9483385042389827,2.015865222782838,0.8566822482726678,0.8394415130990053,0.020468878599587348,0.011805245886735845
205,2.9701497160314783,2.9384038215270105,1.682167496252868,1.5727426160266689,1.698676802629144,1.665131731718942
206,3.2307372135912886,3.0084606503262,1.9642841893110252,1.8392727798548376,1.4554224947014793,1.376055148400151
207,2.4263585362195403,2.43706726655308,0.48448237602793365,0.4803704040702062,0.06893361678084242,0.13923585499862867
208,2.0719138663530448,2.1243466708776517,1.4801850785316282,1.7301631856305209,2.816813750896424,2.671645660428439
209,3.3303598507387187,3.5181915692865724,1.9478274535491362,2.0,2.450942082929102,2.4620769739906425
210,2.434033236412309,2.313063663158037,0.949668915237612,0.9152234886262645,2.182338578224545,2.18188112036041
211,3.376067380124697,3.610515417626332,1.2858574262907385,1.2130669261404918,2.752462405185462,3.0
212,2.5047170064115836,2.1824224657695375,0.39339617909081115,0.22939483714452044,2.2855380532462997,2.358392416904573
213,3.6143676317722915,3.8865841132723844,1.341785086377609,1.3707217582922653,0.6870364244515123,0.6922646472595828
214,3.139956162003625,2.9178748541260497,1.7913560196884513,1.7710721806234655,0.47915798501856655,0.434161505804645
215,3.9387724313543737,4.0,1.762825130121121,1.658673748361934,2.291752198412196,2.2161663622509673
216,3.108498155593769,2.6710667149225062,1.6345734200638897,1.4885771251400939,0.5097216127844949,0.5052345644395493
217,2.6087361735411436,2.920530619548202,1.0595760607991815,1.1121501061164107,0.6684991902990923,0.6547436856094191
218,1.5673583598804548,1.5581568770895782,0.10717090797305401,0.1,1.5602565015613383,1.5496501821990853
219,2.7786258668302874,3.014972259010245,0.7686508843815231,0.9992778082090482,2.8179338096051705,2.6849354250794697
220,2.268839065812544,2.133939605774745,1.400592246467321,1.2522292826543848,1.839475994139081,2.020122904366485
221,3.5968896695850545,3.7710695370134077,1.943633826482819,2.0,1.325287405977634,1.2470146215334343
222,2.1586391653065933,2.2769005438895276,0.8420118892472019,1.1628654294476803,2.704627294117162,2.5465034030541953
223,3.3677604474638914,3.5757692376248142,0.35248421236053407,0.3539446415828818,1.4027113094208592,1.4080424270225458
224,3.9945040843710737,3.886122779447691,0.911839987423617,0.9465050220730814,2.002501556803301,1.8569972123589205
225,2.5571302895769032,2.7779647462401016,1.7855685565429626,1.7265096806499707,1.3720749316769516,1.4535830131571947
226,2.935947284314869,3.0539298174110128,0.679019938692405,0.6968229859086673,1.4722626237225014,1.4815123436171018
227,2.3433757669977684,2.8068713278307587,1.4399683054432713,1.5360785572266422,0.876357333444984,0.8612566713442493
228,2.2501824984591683,2.1836784707436725,1.5437163326618963,1.4573893474101662,1.9050466024848671,1.9359568526244744
229,2.0121719914612832,2.1496931961513543,0.32059798408304907,0.33644075212107427,0.054668331818586435,0.04629465307007166
230,1.7041928714592613,1.6756463175532477,1.3279466787997918,1.2038409582365672,2.9617257552628344,3.0
231,1.592742751719994,1.6484465649420694,0.19515501985379632,0.20462521722361193,0.03975641727925794,0.018342581512696667
232,3.8541108555791674,3.7927034261994654,1.009373345913537,0.989969055451069,0.47662619638717363,0.4935058809142643
233,1.7457054497698044,2.2229408623084224,0.7679788396243427,0.9355653391363516,1.6745480153938876,1.8352469811330594
234,3.2183658280790306,2.955773878661161,1.8470183567916298,1.6999214030578813,0.5351162088956634,0.5339517949159585
235,2.7410920456695456,2.779356052086732,1.1850435009673723,1.111316100327262,1.210893315521156,1.1941845418171777
236,3.4944853109281455,3.3394143125945597,1.9990093558997901,1.9376955409255727,0.4864495225238694,0.5100235688938003
237,2.6991014953787316,2.797962475010197,0.678365476210728,0.6840561636315055,1.1544835209349162,1.2011493148989905
238,3.460947518193056,3.133631404999556,0.5143036156809287,0.17909770189995206,1.9921385386579242,2.6041051244553195
239,1.9036080345414716,1.9636195879002203,0.45072574227592355,0.42516837642775435,0.5878252025223939,0.5908133546288683
240,1.6976505908247452,1.732915120410759,0.23708425625484483,0.2500892911498392,0.088166636385277,0.08737485712561135
241,2.891453068337774,3.3580042991000814,1.08190622428311,1.1230748230577106,0.3042090376356723,0.2979790736514848
242,2.12728955028789,2.053467196985565,0.7000277623980612,0.9117879215137428,2.901747861609395,2.5923078324845488
243,3.2570039754574474,3.615911195194049,1.2583075159782244,1.2480610886235493,1.566919382172551,1.5843465694241439
244,2.0239388120115422,1.9550271507988806,1.1795433633011856,1.0647088907396278,0.785049606514448,0.7641511351845247
245,3.5695818281055645,3.6522372801985927,0.9989745752817728,0.9830501468538961,0.6685576092085412,0.7112889704951675
246,2.207922177158057,2.1219208220584065,0.3329430234874058,0.118901444386662,2.7548082349985097,3.0
247,2.276947635983346,2.4062831018321726,0.41126394394772947,0.4254417681672883,2.248085295628421,2.283219594273704
248,2.2565914030714196,2.309881370661292,1.026213749226449,1.0532959763309568,0.3664629051712396,0.4054679515913941
249,2.4661415478899893,2.538933914613479,0.30508128221786157,0.1,2.0808824516104205,2.524311162233547
250,3.252475598348169,3.0594246975414783,1.264211430830393,1.2354527707532856,1.1748262474147642,1.1736359412707984
251,1.800703397709055,1.9567337290101656,1.8046397583099634,1.76833360108081,2.461977636449774,2.5915581795548057
252,2.5255961510027776,2.563436213837765,0.18981795404369994,0.1907281827150111,0.3224447879153193,0.3725584375718099
253,3.8616679507551916,3.6682661705518673,1.8328873387938767,1.5681504141748352,2.2213600378560674,2.387079381355919
254,3.720177132533932,3.2589415091899188,1.8631650318184496,1.6816488758730437,0.42910200996842307,0.46236498177968566
255,2.265509447727948,2.355566946814539,0.8432983488700574,0.8615888437475452,0.9941991390489067,0.9801056366042836
256,2.9543598168849674,2.8674727025461655,0.9594727046731778,0.6530265298338238,2.4342317886329745,2.904583125347891
257,2.140472837319334,2.2574522112971542,1.70407464819969,1.628374387644645,0.8811246066953485,0.8906590746377978
258,1.6391852566453724,1.599497502404894,1.963289711999919,1.9557401266756032,2.509723421604745,2.545504705110588
259,3.8994895193766457,4.0,1.7765738552275858,1.5060450998723862,2.4865978742958497,2.523078504068468
260,2.0482644087589015,1.8952971712090654,1.0994118831379152,1.0619258531446767,0.6682793160275962,0.7149314441285147
261,3.5486040592594614,3.562554168084881,1.6555311596645872,1.6164970485113548,0.38887527264142707,0.32660164358550514
262,1.8093949603574273,1.6448448438083227,1.0761013033437754,0.997580352523346,0.4726120663659936,0.439057910056323
263,2.1656543655632214,2.4660370192872016,1.1730220914892717,1.1590631994827254,1.7015111035446933,1.8102441089247205
264,3.937074151682154,3.6693514789319996,0.8222199548927,0.6202157168728564,2.634648710321863,3.0
265,2.0615043392056736,2.547870636754454,1.806820924172608,1.9187813037223607,0.536116414065585,0.5828069523090735
266,1.971774851685077,1.8811497963740464,1.0280642135341702,1.071381932928742,2.830914399411834,2.617594529984215
267,3.315188654285148,3.2910189465569926,1.007166469758093,0.9469438639762395,0.898196230845312,0.9194906454019395
268,2.309612900699208,2.500657835323003,0.1456265537623157,0.1787389028433447,1.0212939041325484,1.039323432676219
269,2.6059532361903655,3.043442138405895,1.9651971106558825,1.9749155053791796,1.6972987328531828,1.669951035465523
270,2.2762309572993127,2.453651853471484,0.3236271686014467,0.38104887367174095,1.1142392911691035,1.1146653868235958
271,3.2932367225327246,3.5121959906150564,1.3794552670290645,1.3231652089653305,1.636929568554495,1.6231458532013299
272,1.6767393552076508,1.545773684024111,1.7667042793219374,1.6337137424733121,0.27671232728756756,0.321476208307586
273,3.106630135659537,3.18859357330305,0.8919059999550347,0.9015366482386117,2.333152950094577,2.3633221413377856
274,3.9645833558920254,4.0,1.8610469356860317,1.8697210475582795,0.3998225127690156,0.44884458150982887
275,2.0400177362825502,2.549937951877193,1.4394501260540107,1.6479753638837653,2.666169450800296,2.701170207070953
276,2.5047669806715787,2.447285855473467,1.0976914685413803,1.084285285278465,1.8277085642511348,1.9342310778392169
277,1.7511485024225055,1.9349251347165268,1.4030626399820265,1.5021607467419351,0.24973713017787214,0.2065408990355124
278,3.065092974686323,3.1407106276440238,0.111117087301792,0.11528659314469128,0.04888213761558935,0.02924337357428109
279,3.826617495055679,3.7264693460420677,0.36619078352323975,0.2676103900281755,1.4480578124933325,1.5996510868133598
280,3.5731710460945587,3.337504484906334,1.8340462498414583,1.7800619937004574,0.3020466878101147,0.3781959301183758
281,2.635222158610695,2.6073183149772534,1.198551150994212,1.0839726428763892,1.6472551122331316,1.7222037151191059
282,2.244389185953099,2.000434951321542,1.741351220401989,1.5333563400134065,1.424249967670487,1.4838933330707926
283,1.5831748213088288,1.7606779515316022,0.6891199995804311,0.8078905409010922,0.9281862817839193,0.871327810161264
284,2.3740795219731865,2.298785425418985,0.10051663884848168,0.1,0.9899419397439962,0.9751813451344458
285,2.603359609186487,2.9443679773925413,0.894515756189766,0.9517794147629174,0.024151112723572954,0.06966137681121017
286,2.9420604473172913,3.3470074216728656,0.6918560609747754,0.7675857120997871,1.5068141291652526,1.5577367003798215
287,3.25239555783439,3.2907106488709097,1.4697992317094268,1.4388736761609442,0.68649853043751,0.6202869340437407
288,1.606276583498388,1.5,1.6693459512752302,1.5768105170380187,1.7822866187303004,1.8039307951973966
289,3.124499616407735,3.2262034645011974,0.7555586635332665,0.7662656743514915,0.3947549346839766,0.3227904950537432
290,2.10306459620874,1.9515263516085444,1.3730380591226239,1.2756114580250135,2.3417415623728455,2.473380961070022
291,1.8762516300138474,2.033207840010076,0.27447644566766605,0.28549356853323427,1.8259778859667455,1.8338866322311609
292,3.0365677064709544,3.0656862863160828,1.6649850410511098,1.658330389999886,2.8654640588016047,3.0
293,1.9969682675074236,2.1074137253681373,0.957026863428658,0.9686093855165884,2.447739526887629,2.4935650653787667
294,2.0490378469050254,2.0025640524031143,1.733429802484992,1.6538341703135604,0.819056669944251,0.8920886654611396
295,2.4785316323476527,2.694596294560596,0.45619459940247986,0.43888140266154096,1.0867667022989038,1.1443156524810916
296,1.9447711807926056,1.9345624501132486,0.31339289262709547,0.2607419408317161,1.9510039771841023,2.015696844091077
297,3.0279859871482886,2.9079891561063502,1.2229819298092766,1.0533251165120647,1.999527279413849,2.117604030697151
298,2.0412748627821427,1.9063307573894788,1.3772693637908509,1.2682838236671536,0.3469698699482975,0.4558423385889957
299,2.741026017781909,2.724839091141346,1.108111858878748,1.1324332856680048,0.7111708019869922,0.7075343323237333
300,2.286630415578582,2.0588787287122656,1.6855268253747204,1.5470729923370061,2.946998750181618,3.0
301,3.500477396268771,3.5000317245680903,0.7494952583918578,0.732726180016486,0.5846297003319844,0.5408185452918141
302,2.1673588045800267,2.0505942250176603,0.27895309422350273,0.23992145498834727,0.7842847406380569,0.7674406661658749
303,1.983954632767782,2.2048505675884242,0.9986473667618824,1.0285166896231162,0.6688332241261352,0.7320651452205428
304,3.2090626193697314,2.9154786261948042,1.2662351447474391,1.1656194200344279,0.1754624383124097,0.10632048598808591
305,1.886297367805656,2.0915250101013756,0.23521847218377934,0.29619446878649497,1.2838325161108464,1.2685826670219842
306,2.263043881880999,1.936921908827788,1.8419170531025275,1.349869969290891,2.717149919996662,2.977297202776326
307,2.40182754467834,2.619883223364724,1.3285058811577968,1.464785915770704,2.697491699588912,2.5980591918467897
308,2.812176582528121,2.9177783906302,0.7855960737287254,0.7897422754305609,0.17788837155126613,0.2331578238649177
309,2.3879559456924957,2.530025050446483,1.7974751400352786,1.9111183477334506,1.755292198265384,1.6945734148060931
310,2.9195904323829116,2.7756928361009816,0.512540906740446,0.4781091043237646,0.6244072460046378,0.6249486060523055
311,1.6982087598070104,1.8555542905751856,0.5710495892235077,0.6328214544278299,1.3251202745873147,1.2705514681621255
312,2.9411152913176997,2.9317931936537507,0.5767941485388445,0.6042576984484566,2.6162659114776154,2.7234482150672594
313,3.9486802998316146,3.992278796698011,1.0104436715705951,0.9995260838374214,2.162482670965117,2.1200405372106284
314,2.2712178971663652,2.168031082038393,0.6529054457724606,0.48078474514239633,2.128484736121659,2.2136066839947053
315,2.3210799454996263,2.687438147690123,1.5987240370089693,1.726500738541171,2.8972364092613176,2.771413876252994
316,3.0775092864101543,2.475976432001862,0.8434180034157153,0.5634999384066846,2.6745269105854033,2.883810390020077
317,2.604655989270367,2.741936827647509,1.6575870927327316,1.597928398179717,0.9790267321125383,0.9852439949903745
318,3.70947259837303,3.6226277863460474,0.4663397713462323,0.4553998412975159,0.24983609195787682,0.20857857035838293
319,1.8170323378325848,2.103251954401015,0.9564966769505473,1.0196503409622555,2.5283792612117963,2.483018632121145
320,3.036310753106762,2.822698064328024,0.6656018349514065,0.6297274674040737,0.316191623386045,0.2705530919366029
321,3.184061405564993,3.0960369110772095,0.710486444858281,0.6002822312828078,2.0644390752087984,2.2509653532052565
322,3.903686260666803,3.290606335101345,1.4827331974068965,1.3680879474421588,2.9677603804939987,3.0
323,3.5740995644630154,3.661508652758594,0.8718756510339539,0.8597217389279448,0.1605814265814005,0.1269118538671798
324,2.8238302886737285,2.7248216835716974,0.7152246383914851,0.6659124272338105,1.0074395719567009,0.9931029008655252
325,2.0108581487366357,2.4413276090083658,1.8699293654383893,1.9829862891012848,0.7916338266438807,0.9096296869756549
326,2.1952156586250915,1.8842755379323544,1.9699863658388832,1.538318873093567,2.742588383196158,2.997941937588565
327,2.774124194150196,2.797722366548164,0.8951735115859447,0.8925716877206055,1.264886773065299,1.2514762540385134
328,3.0019824590330617,2.9014447199935463,1.5069105623648806,1.6056386016377404,2.49495352412067,2.4250475967205585
329,2.618281260618013,2.7442459034953792,0.10721299258536102,0.12585618008305713,1.2767209802789714,1.3212510420398478
330,3.018354877642034,3.349819700896806,1.3902872108346378,1.5351355121704113,1.7179114677366645,1.7472203543548561
331,3.141328435744161,3.1426483568362404,1.0533944683374261,0.795713720624092,2.2634851896539505,2.6212877620505917
332,2.2645701683900974,2.2627198232662975,1.3284859639363205,1.3497919618005623,0.8733097068771082,0.8141815096087803
333,1.8128338850969334,1.801557342439303,1.4656547967602473,1.3850877182031536,0.30113541837620406,0.37291113050512287
334,2.1678998280162425,2.2447880340906314,1.3500345179004711,1.356830323607887,1.4319054023805835,1.4803437247095297
335,2.9131515388276394,3.253143535195823,0.5043560764192488,0.6915868876994411,2.898141451946857,2.758665158218481
336,1.8721526421509878,1.7286180888668687,1.9515516955635142,1.789712737290245,1.356184020074403,1.342266858308351
337,1.7119035090430716,1.744171702543797,1.7641937370684448,1.6915759375795174,1.3536064610748832,1.296646221076742
338,3.7094385414355315,3.7626714833290946,1.1580842818903327,1.3321506604188627,2.620296475060309,2.475863002595329
339,1.772909988497313,1.8445190809836975,1.682695052589572,1.7388900118458055,0.251114340551828,0.28189066107722105
340,2.1918363592118055,2.114748561660987,1.0149483179702865,0.8230037951199647,2.7140658670832103,2.8622685656464655
341,1.684255840837201,1.8641283286498342,1.6428032837445028,1.7258475121190713,0.033249737254229195,0.0
342,3.7868019751932174,3.668300558617802,1.8815335842283103,1.8966229369607772,0.45483170128152606,0.49880457490450225
343,2.1461606147246077,2.439115271047091,0.243055463286463,0.2908272728484626,0.7562721624808612,0.7482913789884172
344,1.9154957790974865,1.9005980081803358,1.771019172623279,1.7491284275616295,1.8375279641548052,1.9030570990023346
345,3.986084724510521,4.0,0.7008699192210905,0.711499123059312,0.6241198418248564,0.5995079088229772
346,2.6652629936598116,2.592821260945114,0.48116973821874565,0.5142080375870891,1.920682931231148,1.8179528242160907
347,1.5913288078970047,1.6101580220466805,1.6260645017372026,1.6246388166039212,2.4965800069360986,2.34207081439605
348,2.6322988287714066,2.531188537896548,0.7685116790837919,0.4884932883886294,2.5006937269637524,2.8116720565312048
349,3.171621181015305,3.2215530180475214,1.6691588516542726,1.6321062088292186,1.4287680829736535,1.4329232231799016
350,3.5866624958843434,3.5275239846103963,0.14988259039191676,0.14621869353714645,0.18837834658072328,0.1796656839362724
351,2.6736615612441876,2.9840723994499707,0.6647804473423696,0.7167732732833794,0.5310693374525061,0.5160797459266184
352,3.9125594380278796,3.7312856855495617,1.074704096341336,1.0615623880101,1.1878352172822306,1.214625894199112
353,3.5674174769324494,3.604943490713267,0.9607976226211542,0.9791805046258458,1.1564828553013227,1.1454090914006787
354,2.27225230958266,2.078267854185612,1.1617997526238595,1.0121568189990728,1.7689268377611558,1.7437180376950054
355,3.044491894619485,3.0267800932201054,1.694554070003691,1.6351776831554954,0.955681559780087,1.0198682399233834
356,1.800352304232311,1.6277759084697074,1.0035853634853618,0.9011899394942666,1.2691432458893739,1.3294968630118664
357,1.5786980449049055,1.800877542273702,1.6156830383660046,1.8175103293861319,2.011403855222181,1.9256388681069727
358,3.8972339866475685,3.9679248027248386,0.7433199215366042,0.7651284309292722,0.35929141223044825,0.2816639563863027
359,1.7027589346525993,1.7997069150011835,0.18647491475930233,0.16043790976878228,1.926302990354594,1.9972386447308312
360,2.2123742071108214,2.166054835947562,1.129778886695243,1.1804172098829002,2.1929613109621715,2.1767353434153813
361,3.774078157879255,3.809001876470506,1.8501258161717173,1.8236282801621244,0.4526343639110305,0.46339586745797834
362,1.685715461950042,1.5,1.492557083398238,1.45254828330724,2.380927058613178,2.3625693015832714
363,3.1970544534089207,4.0,1.1261668518566448,1.490510009243372,2.8775107178711545,2.707199068888009
364,2.0994187137725593,2.105759674349115,1.9751596275494454,2.0,2.970311850666599,2.981990881550712
365,1.9196797356885988,2.035992891568236,0.6579715814333827,0.6400886956690127,2.063478967461952,2.167948120726383
366,3.0619756778382268,2.859188023497689,1.292734610316621,1.2482180631959172,0.16049712557727847,0.152189192858702
367,3.497936249910669,3.4362005773057147,1.3669953977756744,1.36852788394825,1.7068763480829898,1.5665741954105996
368,2.472445903070551,2.672296951900391,1.646381540483749,2.0,2.912420517883505,2.7877910092946836
369,2.1071052145572895,2.246817666195713,1.7942149859941225,1.7644331516473541,1.4015669102134258,1.408740614382198
370,1.7800974095741342,1.8036796134505353,1.9643421551158382,2.0,1.1255810029276638,1.0862163957283784
371,2.7143354277024985,3.1045009393644003,0.4404530403175855,0.9464525917417441,2.948504534576924,2.3388379725469024
372,2.4225868246946236,2.0933769865679004,0.83722850317243,0.7177487875600403,0.381098891271874,0.37922376098607447
373,2.589359868732008,2.6928594469119496,0.2405344890259153,0.2872216933156794,1.4102612688291047,1.3336166451413123
374,2.0563973632583625,1.8212609111921014,1.5470182616516097,1.4606875747698163,2.6681577549266167,2.6596514369403295
375,3.33005556052868,3.3693099390315164,1.3848228312878548,1.2909278983349668,1.6218336223625374,1.6431201096972576
376,2.4026326489982757,2.339033540393025,0.18145406800646968,0.1,2.738903930601257,2.8410883923875394
377,3.6789534958342482,3.9094256359294906,1.3979273973000192,1.3797481498357551,0.1819940515844648,0.1617481569164349
378,2.4692691107089138,2.3839157831399183,1.699776222045298,1.7209933257491061,0.8669030869278455,0.8883404217063132
379,2.7717315072813244,2.764591367762352,1.9092244753819354,1.812089696978663,1.9005629356742735,1.8002135533324977
380,2.646740906586089,2.401493090041828,0.3954713957493332,0.3463664662970704,0.15432100798165327,0.23632060102684999
381,3.7718499265200403,3.853253436696721,0.6662919064189026,0.6294746051344162,1.5451163219917738,1.5391636195083505
382,1.973029382985959,1.8118030566906043,0.973292222178705,0.8851383522882552,0.24665989205623862,0.21828124238833926
383,3.6737750810151653,3.7874913124139025,0.8049072963129593,0.8377289907381121,1.8355028265264706,1.723325520747791
384,2.5945654569997503,2.7280819019115627,0.22441150769935306,0.2954366406274566,1.5568875666258688,1.5150195647284783
385,2.845948425402482,3.3513384850302743,1.4623110402887916,1.6307448163969922,2.2976125165110624,2.174647459025034
386,3.1895924939380302,3.251487756699026,0.15962374358044448,0.15700567546711153,0.8802119595771869,0.833021471653681
387,3.6147286025857617,3.3424679964921946,1.5512095630579523,1.1885650207934264,2.1464432484760043,2.470539017081275
388,3.297806358695966,3.2704371429804753,0.16198783391859498,0.1566337388129582,0.2380930312359416,0.2426810965861289
389,3.8028870937492796,3.553535477126213,0.904159514472388,0.551674676919361,2.623346365259509,3.0
390,3.2201409630538644,3.0033651773055667,1.146182619771751,1.0808479532051698,0.38601745914753616,0.37876193985842416
391,3.263313073631199,3.739950699778999,1.821708519303591,1.8541151354875414,0.9987040279270039,1.0238518785156285
392,2.0857436570701644,2.0037221775290455,0.4216913161102588,0.49197961128915674,1.8848478263516506,1.745063261393435
393,1.7427463735026452,1.8040625647870094,1.771203704792146,1.8299941548903467,1.3180073788653086,1.1980848708794256
394,3.129767469240311,3.091761223261549,0.8218353310547384,0.7775151900965969,1.927032093907548,1.9187687258071227
395,3.9804830872358776,4.0,1.7410859065542201,1.5017463250206118,2.5978349122129907,2.8760837591578947
396,1.7858885702408869,1.8107878258031602,1.559544076441122,1.5239418518802976,0.05419371809900764,0.03403185472430807
397,3.0425791439493195,2.9835147917690246,0.9173874024263572,0.8448444183736515,2.2370760305360085,2.205247547683799
398,3.9579669561530633,3.832829874436763,0.6177621307464654,0.5898515729916745,0.23039120769017307,0.22330330962413678
399,2.471801948499053,2.729045747850913,0.8651426629803115,0.9047956707347986,2.585129913908875,2.592345401510847
400,2.468360453159735,2.3552481449013514,0.37428428108350764,0.2979317039362198,2.3488530375602723,2.434222077779982
401,3.457767790285561,3.379718439092813,0.6099550985340132,0.5716056191682493,0.7941113976290467,0.7776958621926264
402,3.443715958585577,3.2419658549669843,0.8580641077098503,0.817757897298027,0.10803639995902303,0.12591223109322355
403,3.2309070605130357,3.3852940964487255,0.8214254134612018,0.7865611738484538,1.5464332874529756,1.6860579942827139
404,1.878287221239975,1.844209998420045,0.27742832075362733,0.199853651006146,1.489532397026175,1.5070706972662609
405,3.494043567824597,3.741720226887094,1.0700470284823445,1.214051150939277,2.1233482947794458,1.9042510388011518
406,3.829108281955797,3.866856636301536,0.4027714593348356,0.413132461971428,0.6457029412606875,0.6262118932116327
407,2.639357879503895,2.626062649477049,0.7150651581659533,0.7797938104232988,2.1416095448969266,1.8823314944308935
408,2.9663344794414854,2.8411431533348255,0.14592579479389736,0.1,1.2604079010060385,1.2958391666730489
409,2.7348909003306026,2.910208642429604,1.3661889370902427,1.3755235099801584,0.23802892935569508,0.274310553789607
410,1.8147627339848116,1.6867797934055768,1.432008580315477,1.3231324432658795,1.6833847184903241,1.733569325345112
411,2.7878988711086805,2.8703665753369894,1.771890400118059,1.7544784789240775,1.6228876788596214,1.6448444701549794
412,2.024609589112992,2.0795326100890064,0.7009319062688636,0.7120459035608179,2.171779598998115,2.0767280248539337
413,3.8065518867650225,3.5421536651944705,0.9418634644419529,0.5403844225380152,2.528308430745791,3.0
414,3.7076840474780752,3.6948037345070315,0.34945435424582805,0.3661529215303947,2.0069577356989154,1.9747707078537267
415,3.604548877579023,4.0,1.6237806442355585,1.5524198303222851,0.535271479387083,0.543991548995333
416,2.8643551398332208,2.570592071975005,1.2172016368504384,0.9169008616825156,2.1097969258740115,2.365603668296654
417,2.4218982677785634,2.4152270385373784,0.20396784101582904,0.19892186111020957,0.03412112142271073,0.0699389240504441
418,3.7593529162722565,3.3976257470620346,1.846514568233553,1.6759295836236532,1.004724932437961,1.0115659704406346
419,1.6512076173366304,1.8055309456116446,1.2495829381526837,1.2847476967965958,0.1772320604534129,0.20143277498648826
420,1.831607325825315,1.7903429929260797,0.2067007979005096,0.17881167972145365,0.726660359605463,0.7420386095608024
421,3.391826605773927,3.4007173276809506,0.5938779980316367,0.583301315363975,1.1105750351064871,1.0672981450102936
422,2.226248244291989,1.905658050678622,0.8718039580938733,0.5646671258316185,2.280455097566529,2.363384193933932
423,3.4641655039561448,3.554716334316199,1.5909208438355296,1.5261498547473538,1.9025517130306593,1.9597629490081168
424,2.581690974169902,2.776332980814834,1.1811656662142536,1.3009922858621477,1.1610721227362633,1.1856362931808175
425,3.818511803299809,4.0,1.084881551868647,1.0503701256688625,0.4684343242221609,0.5364610285349214
426,2.9993771433157415,2.943710264229213,0.904229711620575,0.8600996854249118,0.6403874340884218,0.6704755088723652
427,2.088265298603125,2.278149907562021,0.4079962563687842,0.4888944215914775,1.6853285300179928,1.685407333451629
428,3.4528751698840345,3.0624626758882765,1.6850368546683514,1.5936546897420265,0.16718363363075706,0.13815165692437922
429,3.042699456375325,3.0374882416508204,0.4346412804277846,0.4385074343142557,0.6456703938676784,0.6298834661305717
430,1.5404399077191686,1.5958240373348749,0.19807905237189807,0.17227856104585842,2.886238044010585,3.0
431,3.7257230547274727,3.9084760252911352,0.8487569863038605,0.863050188164242,0.3698903734025091,0.451862345834751
432,2.165017468568317,2.0609859213900044,0.2557961085534428,0.23278097225149808,1.8358904686616153,1.889549317905753
433,3.4487702660151083,3.460888825819604,0.35472074450125657,0.3271140370746506,1.9698666126938615,1.9473367234341372
434,2.453292400549379,2.193910083450471,1.8323209744596147,1.6938424560529437,0.22522873648200914,0.1930610156033648
435,3.7445138927808546,3.5841060579639277,1.7897773066006546,1.7366039735176775,1.4812202064419213,1.42334249923059
436,2.1869608190641854,2.0874316302192697,0.29553877199857614,0.2919521054200257,0.2633240816367727,0.3154611902416944
437,3.6935467575326437,3.9531656822217816,1.0481665075992266,1.0737524564196432,0.11744269238091953,0.09066130741093233
438,3.472466338286679,3.0834661129601217,1.634918078468576,1.4314939051904119,2.5366166612938352,2.4976676598283865
439,1.8230926090506216,1.9968011948750368,1.3043328495814146,1.6190915641440284,1.9107534017347416,1.7289311036271708
440,2.975925113024004,2.672839794113707,0.9756801267016929,0.8739969674238103,2.6217810764949707,2.834344435675091
441,3.580348463951135,3.9236847478363988,1.9916052555328305,1.9779249207747571,2.4896086007877134,2.405408959604663
442,3.6598051482922473,3.3004228214285476,0.8689131760394186,0.808969875238882,0.13134991763739345,0.12351399041106881
443,3.4387572553231713,3.416283005217504,1.1821268303264505,1.1469718719172564,1.3083049789867305,1.2746620005418248
444,3.154103199049584,2.948626754925871,0.3600021303690446,0.5029918402541184,2.7261838478123583,2.33384885816993
445,2.9340544845943364,3.160940296975475,1.520210956333724,1.5621774432133055,0.04537463540703901,0.04395454809381329
446,3.7673694684803176,3.4376378599889184,0.7642816838413576,0.2615261599366291,2.0485117397858428,3.0
447,3.6188225018529208,3.652315163901819,1.5272638557463452,1.5150304058729718,0.1543969902889626,0.1140647736698048
448,1.8391500414068211,1.862401792209049,1.468888592818358,1.4657295616492199,1.5245110275403435,1.4561557395094833
449,2.7941218619788044,2.8551036200823616,1.316771891157163,1.1703413667617335,2.2209888521368186,2.242130607734666
450,3.8737125151537604,4.0,0.6512637839729948,0.6773893596593478,1.126146271937607,1.1089080502814928
451,1.5232105252976957,1.613751838527718,0.3517043888077628,0.35116283120500885,1.782360798749757,1.8087879061791405
452,2.8469198571317245,2.276014450252481,1.5144025012301987,1.3533622563712768,0.6771677028535718,0.69292933328867
453,1.5732324822379102,1.6600955813383675,0.1600900039289349,0.1548454987811786,0.9810931089423117,0.9926776885031703
454,3.8950196606171295,3.5260002229700933,0.7997777983432046,0.7334940614573859,0.7727109337001404,0.8317564240729307
455,2.5536355898017087,2.512153025598834,1.9338205775557165,1.8648866983292862,0.1651217306753313,0.15182176996662153
456,3.9589532499849076,4.0,0.325842974161499,0.22438335218698338,2.679512551509106,3.0
457,3.5798559350990424,4.0,1.3101960055285695,1.3414290690886113,2.043666458618096,2.087057182222032
458,2.9039389360780428,3.082608794946784,1.6187275136452342,1.5705733945199003,1.7837023546454716,2.0141554308341596
459,1.8935795480921345,2.0117321042141696,1.6503012557947048,1.8119503898702725,2.725666792950135,2.621919988581282
460,1.6194752410998512,1.56288319140311,0.49814756357453505,0.22965846155269243,2.729655101082864,2.99999929626825
461,3.2136291562400654,3.1819595756557226,1.5343894758484993,1.4395727971375571,0.6039644188057685,0.567913477066651
462,1.8110586449408623,1.6672400330151333,0.26735058559579694,0.1,2.8700541706871507,2.9293790617973867
463,3.8637067733554598,4.0,0.6820179302920171,0.6753397218756768,2.930190800550566,3.0
464,1.7315262186671363,1.6625019816045463,0.780651773693508,0.7412848614343001,0.8971932402628354,0.8273002439835752
465,1.7150433519009718,2.032148198596028,1.4695835286391827,1.5782478303135734,1.3439280832853822,1.3212348615613014
466,3.594788017079622,3.4995933038867064,1.5150580045243796,1.4571690537939193,0.1592317211796045,0.17300593725154612
467,2.910603901530938,2.866019882303765,0.1293654493210319,0.2094517997567088,2.202305008086218,2.0052746631224254
468,2.255050219232052,2.3001722501832056,0.2009119039245813,0.1982412275821605,0.6557851819885505,0.7219847796593154
469,2.074141061537752,2.13837383432038,0.25957332465276356,0.33778970796959923,1.99352988216342,1.9401726178307854
470,2.116301957338642,2.1932802375643954,1.1341686456013325,1.1413561720790466,1.0384993640608748,1.053734868250593
471,1.9614090695163826,2.401918314991983,1.9327841455250618,2.0,2.6944761620846434,2.777127247447368
472,2.3330081516953713,2.0739803032544026,1.9952905866632236,1.9457125529158625,1.933404573609891,1.8628595597413637
473,2.574044022005592,2.41278804749185,0.6908091050151349,0.6351799295097919,0.19045307209081808,0.22216144005889446
474,3.8463946343641617,3.812410170880427,0.9829744575063811,1.1420996602337596,2.4479189721239023,2.2120270062325234
475,2.226871641004433,2.2020530841785386,1.908915185906694,1.7933490348533063,1.1458493333049766,1.1251246502840093
476,1.6832521049370204,1.7128245526369335,0.10616818052885471,0.1,2.7143728312828914,2.8341233523518703
477,3.0048029753269496,3.245788911380315,1.1155526627470589,1.170863817515506,0.3175524681461145,0.34324459202385027
478,3.2401893880654296,2.951520362021061,0.6167908116695933,0.5570208611374634,1.3070092201503405,1.32147991920917
479,1.740308218975124,2.088471309286711,1.0405128686617582,0.9940687031504968,2.0494266274243564,2.2339052471309984
480,1.5003512383161115,1.5,1.6691132520377912,1.7308741172760629,1.426330420737994,1.4366040891459193
481,2.9068579686530667,2.9075473176605042,0.37959495063843673,0.35584752827430677,1.604889711331943,1.7141185856137542
482,2.903398479513317,3.0871590391255963,0.9924359223070783,1.0414016624840885,2.2215231674602407,2.2421192794165847
483,3.6895067879074737,4.0,0.5237646660848537,0.5316734692934151,2.089105040100346,2.076377020946022
484,2.9197059899168143,3.1560054409223937,0.4744472850428453,0.565722641492816,1.8418179670575259,1.8814391597039373
485,3.5592613391118415,3.722699714544283,0.13076308525148467,0.17339779691415036,1.6591653745914199,1.5674881080578027
486,1.7487825526904883,1.71154016623302,1.1361768259295326,1.0995317914254437,2.1051027992515987,2.0924725287876504
487,3.122094441040635,3.6641555598781896,0.6860377823335578,0.8071382203651121,1.9013875330972723,1.84026049163804
488,3.125357153447036,2.8360212951036794,1.8778151867698418,1.759510564431243,2.033309198762859,2.0829839277038604
489,2.367489780552866,2.4569623448983604,1.1863992318514642,1.0399533325359962,2.4110968984296957,2.5592445918661664
490,2.8111274376668844,2.898792356175342,0.7413374778262452,0.7773895947654231,1.7628174512699926,1.8409299845376403
491,2.0667086854633387,2.158706579893904,1.9127584016756005,1.8679852976611342,2.2117121575453087,2.0528482739473666
492,2.8815267830657203,2.7401277227500667,1.5380250995098252,1.450893053847677,2.742833184688741,2.6698767724873824
493,1.959932511136362,2.0489767360936897,1.2276109598117237,1.2173095075488742,2.000197784745803,1.952217257986002
494,2.6923480742829415,2.5177896862252855,0.6562394561786269,0.6096070879930886,0.4113012984704292,0.403789969572224
495,1.7386847486528136,1.67486229310032,0.5515981665239427,0.45804015948871174,1.045519583249748,1.048856472649814
496,2.4722993325236344,2.3296240720561636,1.696768560223119,1.6081649620350995,1.7421176588569314,1.7559411072414104
497,2.366130758199065,2.5108818720787784,1.134886426310011,1.0981425646163399,0.09709506039257754,0.07853081275434712
498,1.59096233830464,1.5,0.5789678997804655,0.5497744873587178,0.7280112510977765,0.6971984196986278
499,3.488613564524755,3.813026022479636,0.8222731637964066,0.8279195741289609,0.22156426797065354,0.2170970707099039
500,2.248805569860423,2.212311254518297,1.8153008463493927,1.8671125463251754,1.3649440925801155,1.4112266985754878
501,1.6343428690292423,1.6158570650321908,1.6354405820159925,1.4138976511773862,1.81639624573532,1.804104772243574
502,3.293112068100357,2.734153698465855,1.7064145199503424,1.5849203493582495,0.644452112033579,0.6088745469745412
503,3.7952846524745345,3.8031552376828923,1.6628859173393407,1.6459443604576036,1.0909124284752314,1.1201173020284398
504,3.906887265350518,3.977692610679181,0.9654297192866138,0.9497181301936154,2.9942288366804584,3.0
505,2.3482845251964197,2.6590065940712075,1.2960454841722113,1.3808461998292172,2.875788288710147,2.9066650492624064
506,1.7411566640669096,1.5,1.5619267576090363,1.2203109468850117,2.590360135148954,2.8222257085394107
507,3.815816008840625,4.0,0.48753273917427475,0.49195174051083057,0.385852261208835,0.3745312995675702
508,3.9092445725132023,3.858437424030427,1.2825506293001117,1.3331538809911894,1.1806227250171213,1.102153754543924
509,3.3198770615242985,3.430483475925477,0.15215805000814098,0.11051964901993469,1.9226765205774288,2.0353562392724256
510,1.9920758090608592,1.9915768748818163,1.2911338008549307,1.266641544023545,1.277455263512153,1.2102723226868217
511,3.483100011721496,3.489897068738134,0.5434505218086558,0.585703206355708,1.8541958670367897,1.6943021640135627
512,2.7625005130181286,2.957005703482458,0.5500432254340013,0.610782390654956,1.1767832269295107,1.218798024545294
513,3.154600055587462,3.0558220074820572,1.8225498457447655,1.8318585814848711,1.7980727518096664,1.6713698459760242
514,2.8402541529043783,2.7924724236242757,1.183672496735968,1.1101631479802203,1.5339915769155175,1.556541972996019
515,2.902589072855202,3.1625780364204887,1.047017235591924,1.0468895556806455,0.9498791481033723,0.8848455498981151
516,2.36229743113196,2.4005082471635713,0.73611254175805,0.7547417023805147,0.653076303476823,0.6153890653172869
517,3.39103518143926,3.675082808669642,1.2918069002142816,1.2542522039890518,2.732324303858069,2.805967465217118
518,3.1254601439326057,3.1557849055708407,1.9280252485371296,2.0,2.908759359137364,2.8560759469663273
519,2.3108694241061514,2.228226819456382,0.9850947287572406,0.8713599484548984,1.2953696718052594,1.448799322207563
520,2.2596121739997272,2.150746527690685,0.5905122120037248,0.5589949882035175,2.048749844877132,2.0688806825272956
521,1.9002682854068262,1.9033634844133538,1.1655762899162516,1.034917141196159,1.13503249041903,1.1251384391746488
522,3.3219705939233135,3.1047406248006673,1.280970805833354,1.4863650404742954,2.94010129858517,2.638043987716128
523,2.2326388357777995,2.3826264701937916,0.7235281542439956,0.7283244099167957,0.08255483925233043,0.06732509829433236
524,3.240155809545601,2.6690348974316827,1.4973074556074901,1.3092328636001929,0.5198041151820102,0.5244858303914738
525,2.7341605305241288,2.8264289845718205,0.351542437907712,0.3039516184166361,2.9644021081471723,3.0
526,3.875593110345598,3.712773577158891,0.28890847929789304,0.1,1.5829515688957618,1.9853272233636972
527,3.2888545540367504,3.376733867250551,1.3561670979457707,1.2860951102558835,1.2043515469421746,1.267683181107307
528,2.4792186342703246,2.381524841828259,0.8852257931597436,0.795482558125237,2.1684290187208624,2.2130649150040815
529,2.424514138881495,2.56596133226287,1.0795689637993888,0.8699933209352413,2.556666829493735,2.9011175913967078
530,3.1557008588149094,3.116216585761404,0.7393731762733339,0.7173420804185321,1.3028743467984587,1.3531882233349313
531,3.2579040643925823,3.5232997436370317,0.8548767728024506,0.9035994068268287,0.6918875085349254,0.69966476212235
532,3.254530833272905,2.849631214955917,1.3051852278957465,1.2188135786222296,1.438163636070759,1.4506969025020244
533,3.756434147833714,4.0,0.2160045872398726,0.21158146532733707,0.736107812428457,0.8399601572627143
534,3.173910398981839,3.389573494339945,1.1987879123998546,1.2186649398112597,0.7942738174881492,0.793681504646603
535,1.9607026237286294,2.340691951028965,1.1548385418731957,1.6239421093053077,2.808171024095655,2.4373792155004086
536,2.304086762903261,2.218551593340607,1.9511252095788512,1.9860909716093433,0.2878794340936883,0.33724019853274895
537,3.0274219072406243,3.1752707903551824,0.548967569632696,0.31959504341397016,1.7021027278041592,2.179600971490175
538,2.1165022841523387,2.253607756804716,0.3234164818449705,0.2949542449976252,1.7495949660977077,1.8490744458712078
539,3.9630302758948286,4.0,0.9746857329589528,0.9288419747740452,2.03134081707179,2.055271514687826
540,2.1630956885182058,2.057756131783428,1.4125242279356374,1.2426948601251775,1.3396350613217924,1.3701530183320092
541,2.631105278328468,2.560914080636123,1.6542993377953068,1.5159671507255632,0.5715397661374583,0.5348766117669401
542,1.971606202275895,1.8764609871397762,1.0567216719463692,0.9791972202055815,0.6535512619681083,0.6384888068303167
543,2.426028043833446,2.340396199084338,1.0204190634491839,0.9481144065657301,0.24157123719617535,0.22242278998502485
544,1.7980165072267096,1.6509740952322172,1.7268423608962633,1.5657157526176049,1.1654909166522922,1.2176148137625245
545,3.7021009503488678,3.804020109066627,0.11925393518697995,0.12383828882020609,0.34017516622241484,0.3416741580208114
546,3.9606126086263687,3.4930703533990597,1.8134884077383575,1.723776135282123,1.8602994413365277,1.7942377849782356
547,3.0896553467166696,3.3242932689146447,0.8831148556746085,0.9529623367763324,1.5480683582746506,1.512802863255266
548,2.45558418670226,2.5899029858064138,0.2569886002453009,0.3173283280980951,2.769431937018136,2.866859900789594
549,2.9711342559366187,3.317250560705302,1.2800023484176968,1.3944525048339949,2.141558403405951,2.0967460221445853
550,2.88325973650195,2.704081518505965,1.477067518950919,1.3231041089708175,2.2618265119519227,2.4135714085394953
551,3.519848614638954,3.4404294728648437,0.7413800449816867,0.5022722131085,2.392771010685885,2.892083588892542
552,3.4829193231120232,3.600102262170742,0.8691755852651238,0.9795345318727965,1.9681756756491704,1.9236952131134681
553,3.127782753526294,3.0530069497376124,1.8012883276248248,1.6353850363739428,2.2239718124607566,2.1620785672480674
554,1.7286942010094117,1.6988444923693977,0.8937887688007673,0.9649756888471382,2.735161761637589,2.685406384814739
555,3.4375621548924586,3.370237648719799,1.2504826081161489,0.9943407056372082,2.6440500126419004,2.9317422011422103
556,3.0135803446458267,3.086562063574216,1.8852856621474463,1.9066522124778305,1.1519383538530892,1.2279068034223657
557,3.178239162878742,3.278959265415339,1.725153248017214,1.666282063676523,0.390376674000515,0.3064522139396453
558,2.061306461478236,2.0098766699719657,1.070327810881506,1.1574181007852329,2.492572080726433,2.373226692162693
559,3.66958955987148,3.458192065924847,1.6282036953830632,1.4646018565838914,2.8846996669663176,2.96636187889018
560,2.6790530005974817,2.754296946705619,0.7188899097407591,0.7803052801381404,1.7559362696134944,1.8036286347369344
561,2.2455794997245144,2.205041546361134,0.7644873208262729,0.6199532805876019,2.0189289944493507,2.0726762930571327
562,3.2353640088150017,2.804375380521557,0.6170097780411326,0.4587832611420683,2.350444476174562,2.473423035720401
563,2.585002735770254,2.8270405909781,1.2593269057183833,1.280993256048058,0.044860364484684556,0.0
564,3.471394246918371,3.5468360578727145,0.3633406415693967,0.3758551978412102,0.5631094338379378,0.5859133405727385
565,2.822132475430279,3.145718701347826,1.926517675171613,1.9522317999379704,0.6009472737139212,0.48083991560218436
566,2.795569649160614,2.857501682481506,0.7741370350508799,0.8480392726107434,1.5817338700898156,1.5962355648518967
567,2.4495088269860696,2.3846293763145945,0.7121112997685848,0.6032602951909036,2.932849856977497,3.0
568,1.527124943528992,1.5,1.8858474533708507,1.9099216071804428,2.475015532470872,2.4612862329069793
569,3.441009082144591,3.7490625253960186,1.1252644709002502,0.9317059982525515,2.522331568553521,2.7952599721146316
570,2.1629187257583906,2.210077219362316,1.213663019870905,1.225131850265755,1.8557176563197564,1.8664723817878481
571,3.786690952860184,4.0,0.4354749008611455,0.4854279916893056,2.8367241151624945,2.7621075445318413
572,3.523333327744093,3.377497017065393,0.6013006177858522,0.5853401224977473,0.009464691155136706,0.0
573,2.1876639748652487,2.3538719774738843,1.2837125230172874,1.2398546803866564,0.26585816944020135,0.14435404722096057
574,2.9762635280044205,3.0851786741638656,1.8099523599372498,1.7953349570153103,2.8708672224596583,2.9568530911057422
575,2.9679723816396546,3.146150131446803,1.561450213763145,1.458699561863036,2.2048771992882963,2.2234936799540646
576,2.6339463060558708,2.704429654260813,0.7616645725336119,0.7628117645673592,0.40741985316022356,0.419561416505486
577,2.7259699124816885,3.0137341718080046,1.2293953872295296,1.2347109563198853,1.3863574248397879,1.3434346407187991
578,1.686101771736272,1.6796330492962777,0.20434553629165036,0.13998597065457108,1.8044988441255971,1.8676350092248937
579,3.9131020321286067,3.6931161720145265,0.6485704875869098,0.5946938318086797,1.5042634654907037,1.40195974621626
580,2.12406331136764,2.2007904002539638,1.3910503309348186,1.4145392435887338,0.08125496729077775,0.0
581,3.2915352332069525,3.3426180667149947,1.5812330110623016,1.5189028834925586,0.2955808150902569,0.2810375330829452
582,1.8077315919186,1.6601131320031284,0.42634567961243974,0.33060176489444665,2.201551443307865,2.29896299049344
583,3.0898413104707885,3.1239181720830294,0.18268760149937474,0.194069219418354,1.1891146154055587,1.1533851263135617
584,3.0046890310338963,2.848426218900114,1.6852588757676563,1.6462519165260365,0.3278790589966092,0.40040877655357276
585,3.9567173462843446,4.0,1.381544796249313,1.3441269887499856,1.1066434737836577,1.0871192242154895
586,1.8226706828779633,1.8467516114727516,0.1582190902774599,0.1,2.806372448250684,2.914739465212442
587,3.9558359155412663,4.0,0.8613473593492409,0.8428052433753844,1.1051588628185391,1.1206643984992437
588,2.4658783055127067,2.1342384886905754,1.1102575447913643,1.043749361114629,2.7684293358412586,2.6715585354075073
589,2.6368808088409166,2.7378074788513755,1.469846711404802,1.4441644299060699,1.8692443399635619,1.989313079269848
590,2.2545082510453174,2.1005535294290993,1.128752081904685,1.0361934701373712,1.9074174729633762,1.9277613073326814
591,1.6127062175534586,1.7661805589188697,1.8971172075587097,2.0,1.8883820663958755,1.759630094104948
592,3.8067851802521684,3.6088049610291346,1.5298764018112603,1.4417724621698498,0.14914052015094448,0.1502287316778402
593,3.7841792271657333,4.0,1.4119738760681315,1.389454091166466,2.500352710437646,2.662958794019163
594,3.781794789991131,3.658688077121873,0.20765690841109957,0.1916264394875471,0.36016078185262634,0.37905667751494504
595,2.422793663700376,2.6087327398578553,1.3124663975570894,1.2880338527562216,0.878059327867513,0.9101638200776703
596,1.8781544496164022,1.8813877160961028,1.2585515444912103,1.2549339523938625,0.636878393925063,0.6223893371303639
597,2.1966980133590415,2.250700933879326,0.19387399473096262,0.1972584778637489,0.16866319457937584,0.12992929086408594
598,2.6625177850322195,2.6738054145834678,1.5079583306663118,1.555749040376894,1.0681842782499278,0.9895669119317414
599,3.6066950678906964,4.0,1.1305857890765503,1.1959835916969344,1.9314840442603336,1.91282690169939
600,1.5176318075055415,1.5,0.6421815610116556,0.7075212905774698,2.287943021432876,2.133075767592135
601,3.7561106359734544,4.0,0.4846280425586772,0.48375531015137185,0.8813618528229843,0.8745311565289681
602,1.5970331162411429,1.5,1.8274027668448307,1.8883089503286028,1.3461014285879895,1.59982720483771
603,3.781225413836256,3.7619447661175602,0.8990699144089402,0.854854793445574,1.2732139309083605,1.2299042250777887
604,3.788689723073029,3.336686908118992,0.8140302818198902,0.538440212531959,2.669847180998197,2.999999763035121
605,2.789610050626009,3.000473860903466,1.2133033158792896,1.1657321229473645,2.016215123170636,2.02316086940767
606,2.0173824686237776,1.9276109713215996,0.7810183338696802,0.7471266899807681,1.3756175797722139,1.470609218639299
607,2.150958734120203,2.272696409738491,1.9168537616067134,2.0,2.2610533357573352,2.0968251731411875
608,3.6962908865363047,3.4412388438760257,0.5957318030262237,0.574269041351126,0.43439239447689215,0.45181646322263863
609,1.8587180804974603,2.2240698003298176,1.1523318171217294,1.3567465422322715,2.530025761965604,2.394158581712295
610,2.71494924786371,2.667919364232482,1.3823875199149607,1.4766406929206746,2.6626130503760557,2.597966710297573
611,1.7254559658079904,1.7921002616042974,0.6555650347004452,0.6875566807381395,2.3139985910104715,2.3318290330451705
612,3.5738688450412104,3.675621551640352,0.9320423350019067,0.9202780906505779,0.6280045005844302,0.6572448909165025
613,1.6899004456113038,1.717399092027977,1.931197031839861,1.8314211679257693,0.23842538090206644,0.14537568114313199
614,1.5106368476914955,1.5,0.8987402411362331,0.8393961506206206,0.3585457216799446,0.42708929482241287
615,1.8219700538587449,1.8253114566604192,1.2798215235154673,1.195210668044036,0.596022322108359,0.5668437762426813
616,1.9401496839787984,1.9565588064113837,1.9154389565322458,2.0,2.2641584857185753,2.216529728048521
617,2.658382552942351,3.3001813892601835,1.8574259968269637,1.9447450594709728,1.7985007754113926,1.8827881625708858
618,3.6709717102389607,3.6050255502481225,0.24116326527973084,0.12361197679277838,2.656644930299793,3.0
619,3.894738667678357,3.920114677830031,1.556821044195124,1.4998822468609134,0.39895038686324347,0.2665869810365363
620,2.691478676607659,2.5772845857379587,0.3395572432394147,0.36577294491185586,2.0761827118468164,1.995662115950549
621,1.858469481621856,1.9480911042472582,0.4266763603474163,0.4138749112200711,1.7278365947351992,1.8055989292391699
622,3.2004117628639825,2.929575384670646,1.7294431944403204,1.650716778523381,0.7111350994748542,0.7205472645620739
623,2.2872999386527426,2.4170209655377315,1.2580168567342636,1.3057142275576945,1.7231843674437934,1.7783872197661121
624,1.7226646336558744,1.525289366986542,1.693759471531645,1.5405726964956112,0.024505901947895037,0.0015922780502349116
625,2.3122879275205275,2.3154224187907793,0.24645503200200697,0.20779878079626352,1.4573706047885646,1.4562461269522071
626,2.8186751131249532,2.8137774400440083,1.3963119175015886,1.3955901618613267,0.27679456403812086,0.33419513417743085
627,3.1726832475096174,3.0917419893210063,1.0955654852862775,0.7275281605867628,2.584498839958384,3.0
628,3.058284422384772,2.8841970693801904,1.8221032589963475,1.7617234639583828,0.6657397926806878,0.6403378709013177
629,2.661079182396107,2.924463071608555,0.7620742364162506,0.6655045265257716,1.8192981969271016,1.9852440263307547
630,3.309155017846403,3.118003956365675,1.465119167824492,1.502216552814228,2.464023068091884,2.385127355137184
631,2.5223816024433283,2.7468265696160237,1.4439073084743423,1.4454705193971293,0.41542659379204705,0.37791461225788925
632,2.1819803336823314,2.1531452596044676,1.0273508115095293,1.028388074376774,0.0806719162487829,0.04753021768385594
633,2.463299606513848,2.590046519056121,0.41815716778226864,0.42957567402017716,0.3667160659510734,0.32404388086269154
634,1.762811545020283,1.7622291697298837,0.6908601505205637,0.5925663785400264,2.102565152740363,2.3105805061824363
635,3.0500790302507323,3.020986545930362,1.9939686229190996,1.9561288607324216,0.9471572556197536,0.9582446529653487
636,3.8515900588659324,3.5632871215916118,0.8182399124176912,0.7383340643129888,2.9950320694774883,3.0
637,3.2338128689409382,3.297803817186543,1.8315914891265617,1.6556812377759837,2.615195749355566,2.652035427863214
638,2.795990617798619,2.381837786303114,0.7281911898286904,0.6433955902654171,1.0047387533623064,0.9393364989606935
639,2.823603689047192,2.853668770707881,1.9215501762765281,1.838749749041968,0.01869713037655374,0.0
640,3.792322076397836,3.42919055015997,1.679763861951185,1.56209519801861,1.0355761085427633,1.0237748424103126
641,3.3795396130502784,3.3675919020370286,1.7477229422746845,1.5022710227680474,2.6210853141348007,2.7304470152850326
642,1.6112108154002212,1.5,0.3602350248482715,0.4932558052171241,2.856712611501861,2.5977011421427245
643,1.9737918104868986,2.0362020853084597,0.31189903613620695,0.31959705691610796,1.7606462237143616,1.7598259293757885
644,3.994352218078128,3.5702515590732395,0.6688341370601033,0.2635757847735633,2.3220020815814832,3.0
645,1.8726798569576877,1.8163039327297787,0.825571286548897,0.8211948735776874,1.3101299574973235,1.2426468961639334
646,3.5794473486333462,3.523246470161748,1.7943459810373956,1.8035804943171787,0.5239059926953096,0.49881884246796915
647,2.2195534449601118,2.2328090907818967,0.5809583170632195,0.5580881167945263,1.5325172581495075,1.5103450027975371
648,1.8543708331398234,1.893825782941611,1.8162519630918146,1.8148063653932345,1.3126798970632547,1.3501083136768603
649,3.9664453817343523,4.0,0.8463816339839377,0.884025679834447,1.540633635049519,1.4232090701169697
650,3.5184225985808384,3.8522601460953525,0.4473219684242049,0.6714163416004724,2.378634684259001,2.11481287649743
651,3.304033859729336,3.659487491820378,0.298358620648716,0.4827284568481591,2.9736186526850195,2.7866740801780603
652,1.7766004416064933,1.7211590707265711,1.9986321472968724,1.9497417435506397,1.7735398335351604,1.7308529077195944
653,3.050762172842827,3.2873694126991553,1.2006735645879694,1.2447234796528872,0.47852750978256187,0.48257650089720544
654,1.8831304228383638,1.7441543322437238,0.7607550073494839,0.7020752144423594,0.7090080320478057,0.7382876017641258
655,2.9461202791703935,3.2743419673070293,1.441880896083399,1.5632380728750461,1.4809556607546055,1.4554181289679002
656,2.5509316325974396,2.536805912824858,0.6128696534883232,0.5970720846509648,1.1084731398422947,1.1324640158339836
657,2.886214672585762,3.040030184546796,0.8602129860770578,0.8362913999151059,1.0724671909458352,1.0667634900176073
658,2.7905039141533243,2.918732329322941,1.6576341983959895,1.8232445345110164,2.757347358454374,2.5483815208783196
659,3.285191968561895,3.205006388211935,0.8083057674410591,0.7233257487022264,0.8186861917419335,0.8835908600768808
660,3.151934484675257,2.950179938378314,0.7251739084385811,0.7549750034005956,2.3079087424464197,2.2163880426253035
661,1.6258661493445357,1.7046754670295046,1.8886865560296242,1.9109245247263311,0.8518431177817778,0.7772679501610659
662,2.1983452315780356,2.2086063922297465,1.5902156653272215,1.5248472683459127,2.7268325362708565,2.816668587891656
663,1.6365048891582061,1.7281942365278204,0.3358927402002547,0.1,2.407931586135331,2.768678391428216
664,2.4154235213411432,2.6325514486170394,1.5236582908839105,1.63733485090665,0.48443461187767556,0.49779131322303855
665,2.0284831870473576,1.9974895736438667,0.16371035056053634,0.16718190237411723,0.7324975711516262,0.6918338871621375
666,3.5745242097321164,3.257501324423932,1.095545127912047,0.991001056727067,0.4477720673103407,0.4211637420725304
667,3.6210885129295343,3.9723172074539397,0.6374007604300267,0.6821347311918562,0.8422652955701593,0.860869080134403
668,3.391723628309156,3.5610197077534003,1.1476477165965937,1.1589086621888327,0.274120747471878,0.3570010488922657
669,3.538991823222006,3.911506449011753,0.5503371864522432,0.6218010102439253,1.202873273357901,1.2129584202529307
670,3.2610537299181157,3.4256593222297647,1.8022042351800316,1.8544693866062312,0.026285289129522993,0.12904456833836464
671,1.8313514482778925,1.829003615416504,0.22581316447611516,0.15870786666667003,1.160952117199288,1.1965447187618565
672,3.529990567682069,3.9413513891455647,1.1495035619174316,1.5769830442603205,2.684687780694415,2.463517520736735
673,3.391378215476549,3.4811631964819436,0.7079628336331928,0.6893956292948166,0.2519199173243787,0.23252106422872854
674,3.5030183583693066,3.3168751180778635,0.6313916849085337,0.6008554190885471,0.5660767591113204,0.5511836681844913
675,1.5310513086013295,1.6093431526305262,1.304190717983349,1.4456352437399635,1.4525550899458959,1.3774372030769533
676,3.2075902079049374,3.207703561740746,1.6803306373011893,1.6548442136303811,0.6472990541543612,0.66841900612565
677,3.4564402972774038,3.314108872356097,0.45035834490722226,0.1,2.113247659570796,2.8751372811775497
678,2.435400352528422,2.405923493516664,1.0018461789777549,0.9830981303973721,1.1600578519740483,1.1581262437374114
679,1.8605066905182228,2.438147011667353,1.6070265271312474,1.815901887060943,1.6655272472154774,1.5854815946615708
680,2.4279320427017876,2.4261146676473673,0.7816195088548835,0.6531248771356442,2.733348648496527,3.0
681,3.5738168809606745,3.918958653257448,1.3208070201321565,1.3756623551761578,2.3265789836692816,2.2643951896857537
682,2.880622919453809,2.8901486214594927,1.1781347650253287,1.1514597599726544,2.2247644315983077,2.314207560481477
683,3.6195998875566504,3.8342696601539887,0.7264818862660036,0.7970544039113829,2.112451723921791,1.9887835010495596
684,1.5833279088179482,1.6371819137666328,1.044088223809857,1.0975389293199438,1.28804340868711,1.3247475441629804
685,1.9832154260509294,2.052838183455255,1.6173651342474105,1.5998837360664004,2.645042047669388,2.5696154986162507
686,3.5554088767662093,3.4867423614104602,0.7429992227665678,0.7021553473376566,1.7853259630984866,1.8903065550882836
687,2.256282529672234,2.3843271411250506,1.1257197737996818,1.1059020339754464,0.7630062257998153,0.7627027433243647
688,2.1752205189350344,2.0712042914902424,0.401623295978915,0.2815659045913816,2.750529853913501,3.0
689,1.582200928978482,1.8027592854750447,1.5174464591558747,1.629505113599186,2.180004784850874,2.117239384537151
690,3.4220162155913103,3.27258032844386,1.1733961239254647,1.100414625432181,0.8192290820313501,0.8599081267726233
691,2.7114368581768193,2.9326432835207474,0.11854474145662772,0.22094922928641264,2.181599776557998,1.9455977355638843
692,2.6411957171355027,2.7808286184952418,0.91612411170913,0.9736448378440961,0.14293954647028306,0.15489061709306476
693,2.1729985138056325,2.519566788109962,1.6660360001761385,1.6773418724339122,2.816253924776142,2.803850831978585
694,1.620233360541626,1.5266926872261402,1.2935110694895307,1.212976182632318,1.6752586042708324,1.5172097163981249
695,3.640488037984793,3.3726713512583424,1.9526476242062474,1.8323662433212178,1.3354619415302025,1.2864654855873703
696,3.252847239621023,3.1050002933838785,1.5343236391676607,1.5152665087316302,2.0094266733486235,1.970398874992479
697,2.977449899341761,3.162342377555948,0.8614876066484358,0.8878102919555709,1.741046457504345,1.7413116518680647
698,1.6621893081345518,1.6827498073709564,0.1626342757557518,0.16669951838007213,0.12230287389534289,0.15513205458903356
699,3.958581153998439,3.885768729804373,0.2572508854859794,0.27314635615087146,1.037479601910223,0.9571874079411474
700,3.445616620574964,3.7236168395111893,1.587624212824348,1.7867255578506926,2.81497386852614,2.695503796571194
701,3.332289285177044,4.0,1.4944204371960235,1.6226495051043446,2.1802441755100013,2.0836620163836383
702,1.5640252382450337,1.6375430134659092,1.811178755270189,1.6918116073011502,1.8442164482887882,2.0104554426632975
703,1.9027158093306022,2.110600443764841,1.367070870403832,1.468655955380323,1.6225659759431306,1.596053070635737
704,3.644324109310565,3.693809175712642,1.4596193752873443,1.4532390739741485,1.2510772277285818,1.2993661907842313
705,2.8354311654995152,2.8380811054046013,1.8396370606997563,1.761276615537395,0.12134470712787637,0.023287169149133237
706,2.9069882224427435,2.6591802043113355,1.2842137001723655,1.2036895221414963,1.2096934388471512,1.3880920843448001
707,2.1493958911325275,2.2508167004509954,1.8744099004465775,1.8354595561506897,0.5478492716247398,0.6266068262533742
708,3.8432743615625613,3.813399465863248,1.2750970205529086,1.2373571522718791,1.7644870630386529,1.7602233808797134
709,2.642277396225119,2.8361938936650777,1.5753567854566548,1.7634746055967818,2.9628248030774325,2.9056281417241783
710,2.521116793690447,2.3325446723117738,1.8796149569354574,1.7210635927516131,1.0712035924526433,1.041123372517894
711,1.7862689989694842,2.369687433616966,0.6846085261611234,1.1357847641160543,2.6388395675617713,2.611227369003802
712,2.944787500650464,3.061998168871609,0.3123151458957917,0.4154961823308615,1.5668972479300338,1.4349039096535303
713,2.0302238965278168,2.5541849075769476,1.3086116655986577,1.1721318716669502,2.6466102602184733,3.0
714,2.307947271038531,2.271221021360448,0.5623876704860494,0.7709495775963413,2.412413102234191,2.1649067102271906
715,3.981645197827797,3.903630488707725,1.8387771744811656,1.7322309194597865,0.5642625252467229,0.5589457167789733
716,3.965030715977365,3.6218243959708376,0.7928408555778703,0.6121159853647988,2.015385668044459,2.261242414811106
717,3.1876462208305547,3.476640952626045,1.7625305624467564,2.0,2.9884590702886826,2.786106753307298
718,2.890517586689927,2.673906525884092,1.4062815715553991,1.368907793223121,0.0820025151337026,0.12217378164288456
719,3.7059071807520327,3.860898766345983,1.7422915585541436,1.7517070779120525,1.8777013126600655,1.8598308706344902
720,3.8148854754197026,3.411248688568885,0.5603502924779492,0.5340819768074505,2.9389046555250338,2.947194939145343
721,3.3301007199178123,3.5138835066324927,1.4218459114073116,1.3587827020974712,1.9681821774072632,2.1407123369917764
722,2.038978828896297,2.021929859169854,0.41065918094363385,0.3741243757345787,1.0698704438350428,1.153557643768968
723,2.511868676362196,2.539688040722632,0.40031100744754133,0.3759426881130696,1.8153510108057218,1.8831734049287845
724,2.1301933241096043,2.1733757143871513,1.2776144505478138,1.2700463521706964,2.462359268138065,2.4887785077979103
725,1.996782098366471,2.006406326623998,0.5194478445930357,0.30591643784037076,2.6457504708010893,2.7758749411189205
726,2.8766760423140054,2.581074745458647,1.6509895924136215,1.3367652056711579,2.191067503486878,2.4886117063368918
727,3.2764240081826213,3.680667304015639,1.995044066825799,2.0,2.9515945140786632,3.0
728,3.807580456526312,3.5451676558706815,1.9702188808786854,1.873588278820492,1.4870870198184385,1.4918988032425338
729,2.795398761899758,3.3641536314832585,1.5682090889802147,1.5842771808315756,1.68411083113027,1.656567685756999
730,2.4468907301609786,2.4191853331605144,1.7429511919824747,1.7618959157861234,2.034630746570832,2.0635346714486005
731,2.248729882649429,2.3678043448719515,1.4117845172525556,1.4160503793120056,0.01707866185452256,0.04726198309314728
732,3.1596542167466155,3.0364676713055876,0.28271269010858824,0.27846446218552096,0.4885083062531448,0.4328756591651651
733,3.6446168919021353,3.788508441546584,0.2965174112041852,0.2952740047401054,0.2153592705105255,0.27635712646653315
734,3.796663288800051,3.982940497191978,0.6209582287219669,0.7896113186768732,2.366618918467282,2.2382697178124076
735,2.739865079228548,3.314514140308212,1.6826943454398753,1.9268468526090934,2.3732291883832954,2.3406471832149727
736,1.5590953196446558,1.5,1.1160497398738842,1.1421873558614093,0.659598218041282,0.767375283010084
737,3.686922082520683,3.6063043187127346,0.8545019358691717,0.8376007092620263,0.36887032562957345,0.4473473530793039
738,3.9077433866322084,3.6799140779627177,0.27697907222999585,0.22369247438442877,2.0274244985031116,2.0895878564411334
739,3.193847745655455,3.4354608700269,0.10909220354747712,0.31689739950281043,2.397535536077987,2.0387590039555104
740,2.8354519788146977,2.59045585188238,0.9211222033132606,0.8635339861340663,0.39983508623254094,0.39517298413698326
741,3.481132899799487,3.632726351737388,1.0237307656145593,1.1304137489242794,2.9082214967461004,2.7427605677420233
742,1.6779255811645197,1.6787821265233882,0.952497747491483,0.9160274687506066,1.3499954637807368,1.3070315462368205
743,3.630255715666842,3.58527719624722,0.5509035697308027,0.5005659294600548,0.9891735257558131,1.0356775789546928
744,3.8631348700638544,3.7072971334638414,0.41349688504829485,0.33042583426845507,1.4479031851714643,1.595574319936873
745,1.9397802864603535,2.259588782238683,0.3109353908449184,0.526452932276369,2.5095892476505592,2.4924160180871726
746,3.411188796696901,3.2016081732493706,1.8015953305421335,1.7378345619315447,0.6931690982969155,0.6770414809797636
747,2.0059062973482,2.0756545943273483,0.25094617945824615,0.22630656600805288,1.166110834250792,1.1850108337219027
748,1.7055880831154528,1.7012271063783504,1.617849449352,1.6793020776449525,0.042268305974185516,0.10424714019156978
749,1.9530010706150862,2.2422219686279723,1.1507905455109548,1.185295183563072,1.0549932947551903,1.049072894570264
750,2.0860193188459975,2.150033989269333,1.0697191561041441,1.0903351451591075,0.034754869714312964,0.10404309229741432
751,2.126320109083176,2.1105203449626173,1.2253293105038798,1.2058586380568177,0.3602858335297864,0.3776385666840273
752,3.7435231999618503,3.913078606631736,1.5751838324794611,1.5976239066679454,0.1415426493007491,0.1555447758865902
753,2.120109347901037,2.272457398301562,1.2769078902659894,1.1651276517067735,2.7042406410640933,2.837095227346174
754,2.30819406648825,2.251806248850478,0.24935797347710723,0.14626918506440928,2.9153505261919617,3.0
755,3.7615624893832957,3.9469092863695567,1.7680015683104586,1.7184912573842313,0.7677172544841145,0.8163360590505948
756,3.6259171486942456,3.5053735557921724,1.7116303171244946,1.6322002351540528,0.4755862642082552,0.35964658991410875
757,1.5988813148326213,1.728820585328004,0.1702308019204667,0.3107458448985432,2.778965649567604,2.775373784097117
758,3.234173663225629,2.9647056377450354,0.9367880912034805,0.8167975818168964,1.1572345147407717,1.149516946784515
759,3.6824022753066408,3.7467867093823735,0.7627634494219806,0.8380650558292292,2.2648703766572833,2.0221917962700884
760,2.9007857286410705,2.6281697028377784,1.039831506674864,0.7765258413061146,2.819053311216205,3.0
761,3.8605710693126807,4.0,0.7415654844099336,0.7487827110285862,0.7110905022823203,0.7181312884232056
762,2.2905005291392473,2.146281354154207,1.7343749722354427,1.6266472910843202,0.4525869303857486,0.3909439750598484
763,1.7682542327445814,1.8399594814089986,0.22212723490034864,0.21141517590336859,0.8886038192781841,0.8820109479044853
764,1.5893350699768347,1.5764184926370153,0.17507759453834115,0.1,2.629679282049106,2.63851517215985
765,2.335526100940636,2.685682532339266,1.9534480153345946,2.0,1.8866204436043157,1.8321383826151953
766,3.5078025992038357,3.382885146399611,1.3770968270891337,1.3617408190639668,0.7213889168984027,0.7461990957693687
767,3.6512646785010223,4.0,1.876910663306469,1.9249258397763378,1.7265068764902698,1.6778214162589986
768,1.6126211874411025,1.546642756776256,0.3927508313769017,0.3023193079480367,1.6630589250804135,1.7316164143953838
769,3.2969449545311096,3.7432232958361262,1.792483994891523,1.9799545227898545,0.7798867543168827,0.7831408641018889
770,3.0660458005137263,3.156412922291721,1.572481923081815,1.7017419714583086,1.9721077306274988,1.9107447591776077
771,2.2968933129472218,2.8264088044044064,1.76425107009982,1.8670432170127556,0.16954879261266154,0.18460190598622275
772,2.4793929647958697,2.0969374951543296,1.326172791533901,1.1660060320828058,0.19037810335055738,0.25379728340722474
773,3.5385019544172063,3.851379368613059,1.3823136631849298,1.4222581066931166,1.379651723279636,1.3471768629951673
774,1.5964893063499432,1.5586050824621132,1.1583641524173358,1.0795987942171141,0.9556534949769312,1.1119366713619772
775,2.8724137234735663,3.3636193797532314,1.9773720857343533,2.0,0.23951357332778833,0.29237118893562253
776,3.1091783707347758,3.05089135348529,0.8876014032913098,0.8603018659334943,0.1718338851206055,0.12559180430143707
777,1.6408679580666896,1.7022630538477197,0.23731295059868437,0.23958613139559368,0.48084085210236727,0.4667771411517892
778,1.7689282738622736,1.7673685011623337,1.019068571134889,0.8391289729482811,2.5280874083006966,2.731671341742587
779,3.8645118964212286,4.0,1.2320816696895946,1.1257884175045334,1.9664287286823394,2.024812236013569
780,2.010990710280251,1.9645416445458457,0.4251328247505367,0.37529479158870893,1.2709015408452107,1.3808150600327183
781,3.1905191559758275,3.3488644226899624,0.20791514723274743,0.219003361114085,0.24337284062662823,0.29187193758213287
782,2.103604547776479,1.7566327094266416,0.6224128981225583,0.2776929509688293,2.8603334431512986,3.0
783,2.236264663869374,2.2351824253993815,0.10398399054886616,0.1,0.990791521903421,0.9463098349144307
784,3.416929546963595,3.3763785899367957,0.8784098832543257,0.8261901105152569,2.1141517957930027,2.1249314160876396
785,3.8571895203984536,3.908035845615904,0.39624947203128436,0.4149950972924115,0.022163756848603833,0.0
786,3.2142134075286366,3.1646463117146233,0.29226143751091516,0.30254768701210205,0.6612788921054096,0.6460360513714195
787,3.3126674322152736,3.530627117550727,0.6801739594620843,0.739783847051312,1.195237037153304,1.1570310117512936
788,1.6012756309243357,1.6557850714398965,1.5854334475015468,1.822647021208647,1.9780909865769807,1.8908825863352228
789,1.672116649655666,1.7262899434380123,0.6594895908764365,0.6442224391381668,1.8604700520158004,1.8584133011400572
790,3.71355748316583,3.683900151592266,0.12282370098156174,0.10453699644825261,0.6803656743727784,0.7248005300526246
791,3.6873023378899674,3.486131278434159,1.9440530970178123,1.8186544774109534,0.8185253194786042,0.8051950409152763
792,2.077904316674463,1.918947961838678,0.8313266282378398,0.7844951492219595,1.7596249695178452,1.6814732043447473
793,1.6124204154726318,1.7848680631853049,1.1228529917934789,1.3941893163799075,2.467793453496501,2.424002921571841
794,2.396002294046711,2.2561065976835977,0.47226113274930714,0.43793536087764096,0.9642626686073672,0.9051443334963849
795,3.9289565919100777,3.7509075045550135,1.3096434066813147,1.285331067887844,1.6823734590362818,1.6131180334350466
796,2.8273350758667712,2.69502493773444,0.5170945431414355,0.5144572093302942,2.357499242851775,2.374505709758695
797,1.5702349719832913,2.015289748506583,1.6701323704014828,1.8308980437997893,1.9393953942166235,1.9876490225726744
798,3.8430843838380357,3.7576009391288494,1.8322690998887927,1.9040067527092015,1.9493302405118444,1.8752175449506208
799,1.571915466895462,2.058850598348686,1.1442668149518247,1.4790581353973906,2.1892373751000203,2.1885262596152733
800,3.4135845991318923,3.6800808599888417,0.9964732959334852,1.2892127372424707,2.1332985775016566,1.9073152004543317
801,2.4758951143772285,2.954310699267856,1.8442969672702256,1.874444429051452,2.0157102095421413,2.2055194028778495
802,1.8931798796118782,1.7937487090985398,0.3943448118988706,0.2488416424990495,2.506017758949358,2.6196493015990527
803,1.5020686612173912,1.762745650088396,0.6117371691399272,0.6460758965520912,2.7832737019639837,2.903234915209374
804,2.699739797406311,2.660482341994573,1.167151381445948,1.1582052238976182,1.1442943190033898,1.1357671288042543
805,2.8100588449885575,2.697326268540254,1.4200230698057819,1.357932724351121,1.0141723991402531,0.9969512323905082
806,2.9666365097627447,2.8119026040396937,0.9345715976150568,0.9228964197928922,1.4632846520355156,1.4400349955865703
807,3.1764655401181194,3.1878035863970933,1.0157589772845184,0.9412229564731828,2.6112366357368084,2.6174938313241674
808,2.5545915976239844,2.2256146721866377,1.4218309269651663,1.3713463708517024,2.7608140676125057,2.921138079458304
809,3.9428223056879577,4.0,1.9369962812215622,1.8814218207286977,0.8681259914907187,0.8733914581678838
810,2.7691984708436084,2.33695503063524,1.2900278655848254,1.2209088373440389,2.908939202227843,2.8671796481980207
811,3.308907120804249,3.618791016043894,0.25300410645943594,0.4092114717111581,2.6246980145187098,2.447540148359482
812,3.4120046728285693,3.4378680221704268,0.12447328103481327,0.1,2.566684524044847,2.7332169656139342
813,3.025300678952088,3.1245116954397867,0.7318335034736395,0.745975232737135,0.925362910075077,0.9517066016925451
814,3.8423830935177796,3.8763267368803307,0.18906983651202913,0.10837818536607444,2.6321797657415797,2.9242326894722988
815,2.264982484639227,2.4331034802218285,0.6989564083293319,0.7230805647251974,1.00204982012376,1.0010560071543761
816,3.8379217527146996,3.283246181944535,1.7977453144831839,1.602155548419747,1.4167219072812887,1.476937094904708
817,2.1621680623666633,2.0978701200629177,1.8896163857297357,1.7841875697788323,1.87045381669764,1.8387989799865125
818,1.51647893958171,1.5,1.465853081476534,1.4595208510233557,1.627893477296455,1.5664343191212153
819,2.4942663906031983,2.3461460239042355,1.21534140018456,1.0762517522624864,0.03546116028761681,0.02229368936608515
820,2.4181917145552,2.127200094498991,1.1041653134363536,0.9815459571229764,1.7634130174671212,1.744516187263221
821,2.1760505271778134,2.4558250636138594,1.8976889611458776,1.9864731810434373,2.2260956807593772,2.1886943669335786
822,2.926312454213921,2.926160670917747,0.899069930919372,1.0013443718497368,2.5665796776073853,2.3937446128086015
823,3.4438243572575997,4.0,1.582020021125104,1.7490989642691703,1.6375847322703176,1.5523097329261013
824,3.1173012100049684,2.556355574743726,1.8201103390311055,1.5884436336529695,1.3369441906214883,1.3261332552302085
825,2.5320435647755746,2.78084641643793,1.332102078968392,1.3072822510267839,2.227447355498046,2.3453034255483236
826,2.2528715564641324,2.020196072254448,1.5883315308939794,1.3515969942844785,0.7535283642659463,0.8161530701048473
827,2.849270043673777,2.8493906257916377,0.5038184162604389,0.42425386322106406,1.2954266089853,1.4423798414622007
828,3.6507271907430763,3.028030045458619,1.7051527820604826,1.5658662128040148,0.5525737419114599,0.47144348691971727
829,1.715861845572924,1.9162759329531596,0.9612026250055854,1.0198691096023258,2.781197451701492,2.793902600073484
830,1.9177517591434212,1.8052309488994676,0.982888320946661,0.9208732877581529,0.5617452631782379,0.5651014787088323
831,3.672374942551073,3.461255840565275,1.6535915673379962,1.5474974145886018,0.6047305722949826,0.5685894929378014
832,3.9981700889539087,3.8639592991939242,1.5197713843427036,1.492644461978863,0.7174021050882017,0.7441187310321962
833,1.8586886813998906,2.118168806019586,1.6386129435468066,1.728563947293388,1.7565244754162315,1.7020351790047756
834,3.6512658113036887,3.018538992818484,1.296926280623095,1.231827235786091,2.903718950321245,2.915045955502183
835,2.2259314115781312,2.3579945890472334,0.2799201270145686,0.2991361270618827,1.0178189550091217,0.9608775262938135
836,1.845232667192086,1.7113389508968042,1.1954107639189293,1.0853988118308573,0.7441080607460953,0.826125720564189
837,1.9156413573635476,1.9804942297218435,0.1485424118587595,0.17213687580795478,1.7548250941328603,1.8122961967748834
838,3.3179562093700636,3.2915013234988475,0.20760401374432141,0.1,2.575994462578758,2.860347440031526
839,2.0856278252173546,2.1194923692989915,0.19967664708156813,0.1994370822866115,1.6502812618099925,1.6280115924809382
840,2.6124972287233725,2.497784146243298,0.29360605114383787,0.30559386021083645,2.8151370483846154,2.7444673074189057
841,2.504788007590898,2.3738047386599614,0.42895865456074966,0.3680719437106544,0.7776483858394887,0.8737789553114922
842,3.587164208263876,3.38758821738845,0.9816998781948849,0.9541165542389483,2.386663594836857,2.441674828100194
843,1.787869364334551,2.0228422018188916,1.3475608372542107,1.442833905422426,0.020701506123441682,0.10871077649441464
844,1.613631162083709,1.5282706813716744,1.6834765325157326,1.579301090431177,0.8667973198726068,0.8544327799108713
845,1.8229786270786883,1.9084099636215146,0.46132558287080294,0.5075106492731837,0.46961290520683474,0.4666595519978276
846,3.68957266396036,3.755084442001349,1.217862491476115,1.2437773741289329,0.03992666581091531,0.0
847,3.5708325016901115,3.658404003756688,1.8469073634461775,1.760289989622664,0.3363554540516692,0.31104169202991183
848,3.32052829134227,3.478716507408729,1.5282400740264424,1.5964043787497026,2.08207196432289,2.1332632745805076
849,3.093971630605878,3.7428383691497964,0.5403015413815461,0.6515200427692156,2.14995503397353,2.256934745653917
850,2.790358913453109,2.631095433582564,1.924162141556238,1.8498232522062585,0.4285452516300945,0.30646492528183644
851,2.6688256824842016,2.745232950176334,1.1654561169411923,1.1639486218942,2.264702819978746,2.1147822641273173
852,3.9547344950849266,3.7419996697480724,1.9626468841616322,2.0,1.9182318240341036,1.788949504150613
853,2.940686235627421,3.3793065630215264,1.8484113616706366,1.960600991314548,1.2955596083516911,1.246458724536549
854,2.1675334072242105,2.1055514160180424,1.4976354321155685,1.4345223965954703,2.0607811733106134,2.1809895133059056
855,3.508973381674839,3.915710572853693,1.745334637173845,1.9346234774957598,2.7217174644322237,2.5968096401803997
856,2.6019205534960674,2.620007806441126,1.1682802716621814,0.9707211708405504,2.0948232699078275,2.4415074473654923
857,1.500037289043865,1.6319489072811089,0.40050012577357696,0.45690859098172004,1.145620228152433,1.126623870184784
858,2.8717534819402637,3.0181655141130053,0.224101399239089,0.3648224826677693,2.534447523993867,2.335748383786704
859,2.7857957076894313,2.7567143720784215,0.6261585979146996,0.5989090944997,0.9150892157025198,0.955869313163053
860,2.006434232868008,1.907441860328265,1.7197196576483371,1.5916251578705725,1.631353719558438,1.7349922176957273
861,2.225717312817342,2.176981305677297,1.699311559181604,1.5641574978652004,0.5004481899829356,0.47825911195052606
862,1.791746877971012,1.7761747986653285,1.375094649043502,1.346454664342284,1.2564838327052414,1.1784906502220573
863,2.9864712174881705,3.1268533969527135,1.928662460918143,1.8666595507996167,1.9008672454459101,1.8618963153495762
864,2.7842848137797143,2.621487379189368,1.6305402976414898,1.5287242262703393,0.8843948278063092,0.8911184032422504
865,3.4577762723815173,3.3262186033262022,1.243012266021705,1.1723444659267745,1.1826805659172148,1.1073564767954875
866,2.3048136584703673,2.223310989645651,1.204446836088114,1.0369945897504855,2.039857533134776,2.118840179842881
867,3.346802533887324,3.607782035762627,1.1567889356881091,1.2171891906978471,0.7673209628796502,0.7741913173077658
868,1.5910565911537202,1.5,1.0539374276545823,0.9410226916730394,1.3719242225717911,1.3883491661537553
869,2.935247521591514,2.991523829042681,0.3763797128659536,0.3607494957953018,1.0135780881352772,1.0365811845763107
870,1.819793045517052,1.540019834503116,0.5027392155631021,0.3550982477530105,1.4471289024902816,1.519570469600455
871,3.316256090330011,3.8037662952025784,1.4751793210741588,1.5612924032323496,0.700360993528468,0.6655155165464609
872,2.5193249677877803,2.5151101371439895,1.5430595412278003,1.5306663488646404,1.2723283546317763,1.2922221114371784
873,2.0064455854498053,2.00316066166162,1.4296224341048238,1.2968053417820828,2.1383646137807526,2.1455486221449984
874,2.590593478359777,2.4338696851869535,1.511205810588771,1.3393817237985421,2.342012578671717,2.6555506445954475
875,2.738425501429927,2.8642946728533363,1.7892309170354346,1.7892081436033909,0.9084074101098689,0.9148777355320221
876,2.3174806312134484,2.054288552170668,1.1804512998814314,1.0732036497872437,0.30415704615374894,0.33591334647398075
877,3.5511373548971217,3.757944726432771,0.8339791980499464,0.8461389038905028,0.7537911883871112,0.8210757956160012
878,2.704932245381488,2.570319751804199,0.6773636836715736,0.6296320630839934,1.0861843988000306,1.1114472192375207
879,2.525605998246497,2.60732771353587,1.6926420138894243,1.6560898646223763,0.046102508208612725,0.002339838689362949
880,3.6377907161893583,3.6454256560754175,0.5189515456894321,0.31419320636654013,2.5976318535706504,3.0
881,3.8513463999980053,3.885130828694789,1.9749072409171973,2.0,1.008441263021537,1.1066686663577783
882,3.6012572448104545,3.6938035370423203,1.0647465660626823,1.0997974165985687,0.06996126644759715,0.103638654456039
883,2.418730925607205,2.7740663342977276,1.736222472030666,1.8578789970347402,0.9061890992178059,0.9786486784262236
884,1.9428102469629966,1.8568054431978243,1.8061099779997734,1.6943713492266461,1.564206479308574,1.6003402566928577
885,2.549772190024988,2.785053413778944,0.1210956374115276,0.14189676240772622,0.25063088715737813,0.2253616406464764
886,2.243356013492971,2.292232571413946,1.987194541113907,1.987755171121967,1.8558119047848738,1.8592292204281944
887,2.7425435221827126,3.4802316668594484,1.336563551920564,1.619622527895048,2.1378682328273886,2.0113681629248945
888,3.7758904778425446,3.849790494164169,0.9913230718593168,1.08466004984177,1.803648046773207,1.8683761330950655
889,1.7385363569908865,1.7403111609839241,1.2539948536133594,1.1686185292305427,0.7256125186981208,0.7971571397483459
890,1.7540282373446823,1.6641697623676266,1.8701398135683371,1.8005378824833218,2.0974627989654504,1.9461172426458846
891,2.913834389244817,4.0,1.1857695810352877,1.5780479695977951,2.466056442154238,2.3375601627722036
892,1.6609338000312484,1.519811806037004,0.5741681221529312,0.4121575622714053,1.3089246288934444,1.3241403832936944
893,3.476415143887338,3.9908350020991303,1.2362058956449324,1.3786806698040044,2.688072561762192,2.4934282367811464
894,2.7930417498534394,2.5622447221247526,0.31384074054728617,0.2735241922978672,0.02117723693259166,0.0
895,2.283677248275516,2.3631694378985357,0.9531217529505251,0.75886328488144,2.4553393231528204,2.794168060262904
896,2.6803684704818718,2.4970373115074405,0.39092821984115433,0.16889196478248797,2.6973630763266137,3.0
897,3.280276630254167,3.2886152538355207,1.6543195197744176,1.497290168661063,2.520908822898129,2.583695135492518
898,3.27058438185295,3.3771335042636896,0.6337461199886961,0.6273577212769765,0.666570798036299,0.6523571647204757
899,3.2731444418590625,3.3504347453751033,0.3513830329430937,0.3440869038608436,0.38782360998719456,0.4495946178943644
900,1.732087738878585,1.5427217657276049,1.9855192828134771,1.8319774073943222,1.6903479048184789,1.7172549598444626
901,2.120346554684179,2.3148749014796,0.4695975332250899,0.49368001427777186,0.3249625913813674,0.3495933089788808
902,2.0734321469474293,1.894156923965094,0.7961311387006487,0.7707101283234377,0.7704601158458197,0.7301853851455113
903,2.075379650143322,2.0867952977642275,1.438807448278891,1.3943986551289145,0.7934979296570445,0.7312698526349307
904,3.928190157980475,4.0,1.1799331900947392,1.1574462139979158,0.10030391197789823,0.13498497879096857
905,3.9568531497575083,4.0,0.9555653783762436,0.9659372346128757,2.9896080111113896,3.0
906,1.6462691763361301,1.64119379133169,0.4237852413075477,0.36553977415265093,1.669917933237639,1.809392089344626
907,1.8648048468090117,1.8163062177378149,1.2255000217636884,1.2936431124656715,2.4456967009462605,2.1960872870457897
908,2.260328399760122,2.319457709526261,1.5169218953088588,1.542469173059527,1.406907211750955,1.4871340333821859
909,3.1933542985344188,3.4585277892697732,1.4245693674412339,1.4729803173828095,1.0513495420289027,1.1364272932026747
910,3.1283756263712137,2.8859333361624584,1.5005773895142582,1.4016267536081226,0.16696466378142438,0.15455140820650545
911,1.6264263551541536,1.7888726664691073,1.2437420135304131,1.3939612090143514,2.598857306950938,2.512961219866251
912,2.1921418276619935,2.1239470525952364,0.537563807277528,0.4917132430254878,0.019337549502573825,0.0
913,3.7743426810409724,3.8644853118976736,1.7556249925792735,1.790488699788366,1.1553315006217266,1.1622109038390513
914,1.5674901334846953,1.5,1.9712838847173324,1.9295673751527616,2.623487584142681,2.6577080401239233
915,3.6672321769555243,4.0,0.7933234896041192,0.6785967654097628,2.46715049737859,2.7776903524719185
916,1.934877171044464,1.950017168167701,1.5518303992399434,1.474381151006755,2.131955862390029,2.1242663683216505
917,2.5855839571502903,3.3208599837523174,1.501216489706144,1.6467191306939148,0.15092593114386121,0.0786598023726716
918,2.968571652983083,2.6243860409689037,1.7062159158852956,1.6202368228697408,0.1099825784693711,0.20723120926073027
919,1.576895080835557,1.6654887612131573,0.11576774343485585,0.3270057505112054,2.8410138132072467,2.5479186348156504
920,2.711142494284,2.642665939469964,0.6114681003308301,0.5088028991357233,2.788643292761132,2.841020758935074
921,3.963423734910792,4.0,1.7507653133086505,1.7265090555731182,1.7438797755323296,1.7470759295721046
922,1.7847551931060057,1.8184005749324272,1.8130198839232672,1.8582247168982757,1.7665919511554886,1.9124006615788807
923,3.592262376422216,3.906275355522101,0.27992863995875594,0.392823418341361,2.6512419673982586,2.3821072463426853
924,2.169313927129534,2.1302725796484943,0.17238393511409505,0.16209624248839405,0.13841693954342404,0.13127956423990728
925,3.5401910522136575,4.0,1.3816569206432028,1.3707828599893912,1.3331371588190841,1.3877779276880526
926,3.710038207886482,3.5115307008279215,1.5091800900040897,1.5725077198626962,2.610154080988818,2.433121252692889
927,2.9655825033249164,2.9445137735294953,0.5349059391654535,0.45703682776858356,2.253070370131492,2.347705511814713
928,3.4657653771330477,3.0584953659741316,0.4540039444123305,0.2767633545576974,1.8553781279821746,2.054533914114412
929,3.7819878497105885,3.6891920829896487,0.15686390748026613,0.1,2.4645439145942225,2.5479478997862985
930,3.819358664786974,3.2470115561703756,1.9232952720376568,1.8231713239026563,1.595971080697518,1.5265742274467464
931,2.1025656310182286,2.20325606382469,0.4031039274308994,0.24000551968060593,2.0663804288795125,2.306431333978564
932,2.744197766814408,2.8532338359664053,0.24979182762210625,0.3148149390727767,1.234474969411464,1.169688133423374
933,3.2227858277832553,3.1852882444451187,0.31335104014515824,0.2253058698620144,2.8526331571034294,3.0
934,1.9623214099584148,1.8887025062985037,0.20203492989783411,0.1864087278678363,1.0674303383535246,1.0273518133373922
935,2.419100239046451,2.5871281507178328,0.2557923434189352,0.5119523901338168,2.9972297907564824,2.560307218313942
936,3.976693996484853,4.0,1.8478950819040922,1.8828828836453162,1.4322768265649626,1.5073189484215468
937,1.7839675293585961,1.837070839625075,0.7488195165509818,0.805247130361909,1.0826177419158762,1.0180213773162405
938,3.286856190770566,3.326504294045434,1.4260151221651347,1.4624797758792591,1.1529667889410935,1.15569429292514
939,3.3182214282721603,3.622736505383627,0.961558692503058,0.9657795240333622,1.2491532163609376,1.3136555614820338
940,2.013554556523941,1.9101947101603574,1.2608731075399415,1.243542027122607,0.4855777650330152,0.5809162048882948
941,2.180121205888164,2.254317925987701,0.948253704654475,1.055151647318495,2.741321431687969,2.7379564423866665
942,1.6993945001456974,1.8009132748339587,0.515096289682818,0.5615848355619353,0.1024333366888408,0.2006122231653732
943,2.0217028971219855,2.3224098055345723,1.6170017946204243,1.6545932903961742,0.6159916801648323,0.5499271719129952
944,3.79856651690193,3.9516390052241537,1.6864200375132332,1.7053486692233482,1.047100120145329,1.114101854340083
945,2.2779963264239664,2.208479937424694,0.16876339589351422,0.15490337578442803,0.3395026461174371,0.35859097207052776
946,1.8643890768099192,1.8054605948022922,1.0752039380458067,1.1845623784906005,2.5838590817629647,2.4856077179937386
947,2.622646315273781,2.748960766888894,0.28118725174100934,0.2866763091659309,0.673879493999601,0.7217904015467377
948,1.8483335524621842,1.764396091364738,1.177221943376505,1.0439271534610075,1.6652636104911624,1.7433671160501825
949,2.99954559888743,3.597811555159158,1.2185395510109254,1.6499578919339881,2.9492053299185317,2.5877953535515124
950,3.632676342764785,3.499827581480459,0.24007433824270455,0.23390084381131346,0.7324283649639379,0.767459637109294
951,3.712937028140655,4.0,1.4236003472018217,1.52972210302328,2.231288773763233,2.136151711671352
952,2.632224342548991,2.258539114489567,0.9557970604802336,0.7454328554702487,2.0905323466670582,2.140277729889708
953,3.4483957482434766,3.364973120088675,1.2834213492393582,1.2530605609064098,0.9205698620999913,1.0145414530599342
954,2.493609054144778,2.4566893767691225,1.3607818152141633,1.3522845654100861,1.4124118638785086,1.36833033815004
955,2.53544610937253,2.484607020043481,0.9654646576517816,0.9230153341188218,0.8697504111584864,0.9176893518491747
956,3.215482538153281,2.693070841881401,1.877915965147531,1.6979038686638606,2.2513122067679916,2.360253742688317
957,2.9331762590997643,3.0292563137715036,1.472861906902302,1.4252267915629795,1.5491919297266432,1.5504211004778679
958,2.5565158892669295,2.5029796753380262,0.3016033659915379,0.3044622046300193,0.5721594579805773,0.5890734244558944
959,1.965499822141677,2.0358021984347467,1.2759116609599999,1.291102778385532,0.6871684036050562,0.7828022981709827
960,2.670446137705608,2.3683177242219116,1.8579089697774498,1.686998587711663,0.5089479715150912,0.4994916059606219
961,2.59819561688703,3.0431446371214954,0.3381303866500021,0.39476457894909445,0.941122232224414,0.9171642920170562
962,1.5831443707574653,1.5751693865012169,1.9770518769291476,2.0,2.766729227468769,2.898575493822042
963,3.220015044713541,3.2421748073550702,1.4419681703824454,1.4183609841791116,0.24750801808085565,0.23919668177401668
964,1.955939110524348,1.8802764152670983,0.32922276630221237,0.4344102117565846,2.60389091302838,2.3799520838142803
965,2.251173694188339,2.3185304095798283,0.544582472552621,0.5318108861276893,0.8475592641455333,0.7947519530328752
966,2.8211950307493625,3.009239908082933,1.0999575259921086,1.1345474181868092,0.6758178763784607,0.717644675430469
967,2.3600406521827555,2.3954620355209806,0.292456376935093,0.28350013389506157,0.3433615662247095,0.3829663226331993
968,3.644128216433797,3.667278790008895,0.41020747940681457,0.3398803403720558,1.5848347269083003,1.7779638462711
969,1.6862708608173778,1.7506565310627475,0.22659001809231877,0.2494811540274004,0.714472343885549,0.6928764265366263
970,1.5398979043953958,1.5,0.8983281529292841,0.8448437334041947,2.4662163787484306,2.491312194125176
971,1.9614473726516812,2.067986463125017,1.4055063383176976,1.3253648319716633,1.5010122323891135,1.5372758424754105
972,2.1367377489850767,1.7599358094925508,1.6424617319822667,1.231796748918218,2.891402156537768,3.0
973,3.369945661967361,3.4391088660890388,0.3543578098041249,0.34303820738099206,0.7991194222636203,0.8151487057484348
974,3.4267934165421345,3.1005992908210978,1.8104465464548862,1.8128468064244354,1.9649719523527795,1.90857049063984
975,2.23973718739436,2.581721385055521,1.238035453827941,1.4510244576485523,2.8397246311513116,2.6964045755010213
976,1.8454903560669067,1.6667126076782088,1.1507463521700845,1.0110609710591438,1.7756027469293274,1.8642552725733017
977,1.5202955663710789,1.506728482692468,1.6588693214239212,1.5363525752551965,2.939232853409211,3.0
978,2.9224096029119453,3.000509629031031,0.6558414979806959,0.7470707503991534,1.4676163864193885,1.3147072245937719
979,2.878989770729371,3.1264324305203948,0.26631863960381325,0.2745870299096371,0.9713934744659045,1.0014878365664337
980,2.04584918139066,1.923346773957928,1.488997034516837,1.4498140712897587,2.7700554434759495,2.7807998146687116
981,3.28212399086554,3.7145728767268613,0.8347704738406745,0.9280414607650928,0.18972570222745977,0.18226236675307858
982,3.5091368476824116,3.3215716783247835,1.277767914224929,1.265144962767144,1.6725751859113105,1.6456256925016737
983,3.1195816646564922,3.508959413218849,1.5885014131714608,1.7412433228883861,2.120962118792015,2.0576664579781174
984,3.417941392272441,3.4113238013505898,1.95174031061831,1.9393327188655463,1.2778314570444298,1.3445148268740805
985,3.2230419441763853,2.8795093041955626,1.304874127039283,0.8875029961757965,2.643875910212753,2.915744738117803
986,3.5892688806351,3.438664144856954,1.065334446444912,1.0181621292731098,0.7171801898200918,0.7532864887301463
987,3.237237755498697,3.5804996420959374,1.579427287395931,1.5652563360296317,1.7753366650547686,1.8057613666362384
988,3.4565149570054614,3.603093704065156,1.8642740973075143,2.0,2.774660655378659,2.6115766847796813
989,3.7240853449652285,3.6997439012865225,0.7378212221791696,0.30873094335460366,2.2756050870668174,3.0
990,2.04951751174471,1.5536857151475953,1.2003790333462905,1.0231905053530386,2.937878122242401,2.7855418978739883
991,3.5540943002337135,3.886521233930258,1.9146512967731657,1.893360194642603,1.3693411420784531,1.3486778265413186
992,1.7951466379639602,1.9012563200811354,1.50418895257307,1.7641044136375341,2.469882750011665,2.309013809339179
993,3.543577871940351,4.0,0.3501484673545442,0.537681683448991,1.9290387361131431,1.5423225098995794
994,2.180270678563533,2.0740885581436426,1.1506856476130174,0.984372541661429,2.9219056450669547,3.0
995,2.6037925829534743,2.7128410540976424,1.059977126987027,1.0544534093179345,2.6981794661029395,2.6482723683329534
996,3.721300505597835,3.7731924745351284,1.6236453320521385,1.755744882882889,2.284814355026737,2.220170116382281
997,2.938595453311969,2.986538533545519,0.2650818015627389,0.26724474736414,0.9085947742107845,0.9233408445197419
998,3.2380336429121224,3.2412180707876677,0.3499566058267072,0.30199046924920325,1.2340133752477667,1.3807669374162708
999,1.9848583662866521,1.9234749152265045,1.2773171128508063,1.155689395642006,1.160129232932019,1.2145413397976574
