,a_true,a_estimate,lambda_true,lambda_estimate,delta_true,delta_estimate
0,3.0465392899874724,2.681741910684783,1.921689588993927,1.7104573538621204,2.1495830555210644,2.22704759176919
1,3.388471777102968,3.5561406991062103,0.2319348648506598,0.2266380789676202,2.0093857043152776,2.0716226248057263
2,3.704296080779936,3.613529528978163,1.9895092231699365,1.8106805702464943,2.5306702124593228,2.700485320963932
3,3.962219489970468,4.0,1.9600184658276592,1.95958989080242,1.6935192969386343,1.6359612204486411
4,1.7202304235955816,1.634748711371683,1.9796909443082285,1.8316022253561417,1.083037107434,1.0185607005754531
5,3.408481569634622,3.435996485441697,1.2924570206553048,1.3130152609740722,0.5445349288959422,0.5359699135411744
6,3.948447134031864,3.598838828305512,1.6578720932322886,1.501823100132155,1.444276667762929,1.4863574483015354
7,2.4985795816569745,2.600934457830765,1.1105546711003935,1.105809960651986,0.0473822148799397,0.0269880965038567
8,3.357489909907571,3.3627726342600184,1.300391957923862,1.211417660114757,0.4316145825789361,0.4598840482226874
9,2.708983681814524,2.8077725880688744,0.1093277666596773,0.1,1.9094919643075392,1.9544631759606304
10,1.7224683667804062,1.5720204440204442,1.052261591544802,0.9489201863978548,0.0101861450699936,0.0
11,3.9081806892331,3.6075055611675526,0.72074772454615,0.6502943885823419,1.2848750551314665,1.201145957813081
12,1.55163091756881,1.510780603141059,1.7399979599789868,1.758059131220033,1.4115614337038145,1.425551117973714
13,2.9413019904967372,2.857713217974337,1.0749967458531802,1.0438536822934092,0.8012355841157583,0.8270707673037865
14,2.840085437262614,2.7586254134210058,1.6813499655123831,1.54391520089404,0.7971782702334687,0.8146919955204397
15,3.0858466515783034,3.318202522963986,0.7530325734733521,0.794710007853278,2.4877171927274704,2.436286589356021
16,1.6787133847243003,1.5877366897582526,1.8217556801640764,1.636545685261991,1.165848257100047,1.0278367450267207
17,3.2925749686865178,3.55626337092157,0.785754323496233,0.8477345088252781,1.7382272976858988,1.8306578925136976
18,1.81291832613794,1.8493212471114544,1.6871217635113918,1.597409652189644,1.4779176232530349,1.588512526744099
19,1.8135684390346152,1.9257937196541364,0.8545971961893903,0.839987981207604,0.4822285705374743,0.4849992322850859
20,1.7564492379371084,1.709212618415474,1.8618186029583188,1.793566734170904,0.2593742377731146,0.1482251771966756
21,2.9483379641549843,3.2420792017123365,0.1429252710491923,0.1657087363151495,1.2120677428343716,1.2195593210613576
22,3.961010387998355,3.9472208183102766,1.1688399261625109,1.111783307471878,1.8472666959855593,1.9815859804267493
23,2.307165774044599,2.4082027650223754,0.1593987835585354,0.1482153842277589,0.7259347680906815,0.7946179175304231
24,3.565993715491586,3.486125934068355,1.802572811671003,1.7466872611926545,0.0329163513246476,0.0
25,2.8029149561037947,3.049223802625117,0.7996047973477732,0.838322593136209,0.3405903641229169,0.3324294032136864
26,3.625888954888828,3.606727579112239,1.704461099168393,1.5588396441729944,2.4996261783579397,2.655878876523073
27,2.0962330498461172,2.1907940527378025,1.296899071116926,1.3503859558485434,1.65885697672804,1.5725126893557095
28,1.8654828198155124,1.805271064086464,1.0515082490862695,0.9459242982617164,0.4502526255019469,0.4235741637824256
29,2.779857052306246,2.9897114646113443,1.503566107475219,1.5548228317464308,0.447962706778929,0.3627637476907923
30,2.122874414762556,1.992426179461213,1.5346287582773206,1.4610270545905597,1.0927043104881833,1.0016299926901688
31,3.289006893386065,2.969747029519789,0.719169212496877,0.2757570445470577,2.393553254938567,2.9527246132850995
32,2.2492718794417663,2.1193452385486937,1.6177388296980164,1.5133125029411083,0.2349720762063381,0.1753218773768228
33,3.904688862325695,3.9544971217955793,0.5268644077405821,0.4927339567024487,2.948852770626222,3.0
34,2.2534706896207677,2.3591138276186823,1.922619874789585,2.0,0.726076102354655,0.6940946858597768
35,2.455370062899467,2.754901667395259,1.391176875064465,1.5002408717217943,2.318570702338799,2.37392994978021
36,1.5156707831723848,1.512489282597044,0.9415122507594864,1.0044231131496129,1.30761028664392,1.260341872205594
37,3.819211029418112,3.704483434940469,1.1607788577570854,1.1326019075860363,1.7518929852824054,1.7372148754217596
38,1.648953815794727,1.5,1.905511536600343,1.628644351070854,2.628968400506449,2.6712722017570187
39,2.948295910981406,2.9714356646412634,1.6351952596035615,1.6219539802859932,1.5436175769225997,1.53320866690907
40,1.7317354492802246,1.8941689237470591,1.7547851273750794,1.7921934819210332,0.8520931411451313,0.796105376128306
41,3.292022224988197,3.5884422603262545,1.068121910673136,1.0934358010504328,2.929155739963008,3.0
42,2.733405916327932,2.5563271332544075,1.8630188730819848,1.6594589906611608,1.8627159197211651,1.947609697227242
43,1.947607023407888,2.0685173691518592,0.2231094300883233,0.3128400040314289,1.6354927254475196,1.467787074388103
44,3.171662795027091,3.3683150712973537,0.416875032284969,0.5635872483355059,1.8423694375408153,1.6901119212633755
45,3.5975561283989523,3.8074450475352775,1.3523016568671282,1.3950524406825,1.497725681895364,1.5305554840943152
46,1.8226773343459397,1.8199962496392417,0.6387507865460444,0.7157703127126855,1.8156272076381577,1.725861055250639
47,2.080102609134503,2.090667274073282,0.7532979436350429,0.7470973893086359,0.33652413484805,0.3090161194508091
48,2.07697899556044,2.0667955286242794,1.0947761232134934,1.1150458572991055,0.2954201705680436,0.233279829645651
49,3.9043580812267034,4.0,1.453903969713771,1.4375425821428691,0.6624119998022615,0.6460525275545873
50,3.127267426623306,3.1631211624980833,0.3249289702314173,0.3168325631467141,1.1467619397640458,1.1063239705554002
51,3.746006158381907,3.9068804705868665,0.7578841265545151,0.7824844514476035,0.6225713214741403,0.6553113407938751
52,1.8461152336540612,1.8001430862517789,0.4504675049134801,0.4517665263843837,2.311016352172875,2.254683864787947
53,1.8270435153717144,1.8319469243595987,0.85566817004338,0.7894719507686555,0.6957815563843482,0.7654689828914865
54,3.3530507391227475,3.71031487237492,1.7086962741076015,1.7868013239961282,1.855835954875594,1.9391893466469443
55,2.4878583145166298,2.5582422896857437,1.5647500322291066,1.43260249034445,2.4747228311977745,2.560531944823545
56,3.1664068506453367,3.1365462141689946,1.8546434922784725,1.8496965716472664,2.882743962475736,3.0
57,1.553364189047569,1.6449553552968257,1.7118133595929037,1.8020259860991588,1.6291401110142587,1.577600065272791
58,2.458644243934994,2.3668353937469178,0.5830016947133361,0.5725453471736057,0.4535759421963201,0.4096047043219998
59,2.563567144675756,2.575935279787166,1.401542673820813,1.422168522243823,0.9621476906000448,0.7909876127425616
60,3.5880732878367465,3.244911077386934,1.4574802717311413,1.375367130881535,0.5581811129896155,0.5580889354832116
61,2.905231885882303,2.8712709595135424,1.65178826910346,1.5228140196177953,2.504780575249074,2.5892891517046777
62,3.1147317363251457,2.9619780562231184,1.9296751614021204,1.830196593645277,0.98266456519221,1.0078508963154684
63,1.785536842504205,2.115854921722614,1.1515808849624234,1.4023093001316147,1.9406494593609616,1.785970438140771
64,1.9213056342886936,2.0517330124186457,1.008901072905256,1.0441022731401073,1.5943392770054985,1.6365440791671932
65,2.5088840070430516,2.4837778283973133,1.4802981121966463,1.3464346522948951,1.396675387717047,1.4898763354083535
66,2.284973593757298,2.24777904796067,0.3932545849257222,0.1,2.2376148057703875,2.7469667100658706
67,3.4208614300757043,3.1379671168803016,1.7858256980098248,1.6087490339900317,0.7827444423786343,0.707441791046524
68,3.9812086697806697,4.0,0.4968924871047762,0.4860545889019601,2.102789384420399,2.214818379026972
69,1.5983714657216563,1.5380272143357108,1.3550030119212324,1.2705453218763694,1.0260465840649382,0.989133782761948
70,2.90276632082133,2.9994948435765303,0.8245781121282242,0.8467180427261989,2.127734325564835,2.1007071818511514
71,3.8751587364958584,3.5917064513709898,1.6299010509648897,1.5150967159302993,1.0862636824436431,1.0547294877081237
72,3.897603172687953,3.695513892978455,1.3305342672380047,1.2968588646217123,1.2787942459457748,1.277987328496865
73,3.293576873706084,3.3306512148642424,1.704421830707485,1.6490449095866184,2.6607238351151787,2.6839883445063117
74,3.5775367438959593,3.342588686321875,1.75598166486286,1.5342380226592056,2.9188893437355485,3.0
75,2.7098972414857805,2.905033459030641,1.618924268341042,1.6352366645117382,1.0681362648920238,1.0440734796427071
76,2.137514136693765,1.979433870093774,0.476831739881571,0.1001413791538014,2.539809974856733,3.0
77,2.389638984381144,2.347511577661712,0.2806524870688892,0.2711741516692342,0.1034315045433573,0.0702437658085911
78,1.7930448679181952,1.8731813769411227,0.7077463031901462,0.7390610263507711,2.121317202701056,2.163628988955126
79,3.014682949287877,3.0743873635116743,0.3787466208276873,0.2922240247481852,2.8351430059801923,3.0
80,2.895600255703494,2.7532572671998925,1.2059938136800057,1.1511018871654328,1.2947884757153116,1.336949201570484
81,2.7570427303117246,2.775260255323031,1.0411770659534154,1.041469451982947,0.5848594353016096,0.5155512606081786
82,3.76677551888966,3.596082898165431,0.7244912266788776,0.6942999265256182,0.3742851793158391,0.3638451199226165
83,3.4977644231934812,3.756240349605555,1.2427799987315404,1.3953934559358592,2.935087203047746,2.8401423508890016
84,1.9675450170679871,1.9759075320825177,1.837755913420719,1.882646666301148,1.395088802680933,1.370587983385157
85,3.508239745702877,3.490912910653352,0.2483861998672046,0.232981172163056,0.9470670666787908,0.9899527969661084
86,1.9879757206063553,1.9627134584526196,0.7826343812303291,0.7744735916642613,0.5079999942032962,0.5680395408767436
87,2.7768740890224617,2.9008507290915033,0.2251979599261916,0.2295025361432225,2.587049434646598,2.676419198553158
88,2.393308486074032,2.4023213317180683,1.2328225082529218,1.1747591998457978,1.4952370101861452,1.629116775290901
89,2.9106350403162473,3.2005966742809733,1.1974628854883986,1.4345988435613557,2.640580649797245,2.546793819858584
90,3.0273654438374873,2.88275868189156,1.6155189023124912,1.5623515843280944,2.9068637008786053,2.935362534174242
91,3.302039553817409,3.5001742099221262,1.1114642083693016,1.1375612915202062,1.308927167179098,1.3208901373194266
92,3.523786602547305,3.497930748403619,1.0535155509498035,1.0167897010671911,0.1121759468308418,0.1571331931660811
93,2.6967915487967393,2.7381669470406917,0.173127694883984,0.1361173370875461,1.7766872704362957,1.915503473614934
94,3.0162545872127646,2.9213465489431,1.1850369319819138,1.1583444811601789,1.1945311099905545,1.2064523341004922
95,1.5139452862171274,1.5084356674102648,0.1878938769132535,0.1,1.8416709837217395,1.9108461396798604
96,2.5212054130173516,2.5262003780376316,0.1920485727771661,0.3083830885473994,2.417725084002912,2.2184845818538825
97,1.585347217208228,1.6021086396317643,0.2831756056172101,0.2732814477707659,0.5234041555956832,0.51322857718951
98,2.7233884325417907,2.73799823849191,0.1298788249118055,0.1,2.8810446310654596,2.9743273600327447
99,3.850439975332221,3.920797205529824,0.836410042687605,0.8428501160908627,2.509670416379553,2.3876382799987006
100,3.8956363570319885,4.0,0.6389558289149716,0.5346651089874578,2.730802237378473,3.0
101,2.6900571664324078,3.2061497274913333,1.7387143712184205,1.8859562229202855,0.28614011972579667,0.27159261505118065
102,1.5836922299390463,1.7092810003481254,1.045483075832113,1.161548449918406,1.579000994417021,1.5912641483480092
103,2.52126670617179,2.529075962526666,1.8198997443219105,1.7462736945929351,0.12656084072316287,0.16738362228434428
104,1.6342775504863272,1.597140736592726,1.9239766126396594,1.8349004297742197,0.8139222194302247,0.7341291830583886
105,1.5322179292647888,1.5550650043335643,1.6534080448487587,1.6801194421395456,2.6335614139322376,2.488461606807411
106,3.730504504671404,3.814877949652901,0.2240242420871691,0.33690807764823555,2.512751933082523,2.2537261400730424
107,2.8605127657272265,2.9231795393423865,1.8755565446666749,1.8600084427174495,0.5124292555102535,0.5917188014454503
108,3.1654262682054277,3.2125306381011107,1.0647359449035472,1.017128612776573,1.9814766032095892,2.0980448314145828
109,1.7188240156391776,1.7119149160346439,0.2733595091343795,0.19968564315658066,1.6336850854020017,1.7704563165987945
110,2.78921836297347,2.865122805014709,0.45356934928115966,0.4503269498028666,0.10018030166526826,0.10468223964306687
111,1.5687004461299214,1.655077381359592,1.225602967917266,1.1919716896982502,2.4344769951405767,2.510081754755081
112,2.0697908589578082,2.073641609624508,1.7302835122688311,1.6678653065417977,2.985462699137241,2.9472993500573903
113,2.5109682322488114,2.61138773312052,1.3776190312385894,1.3462955197197484,2.3080775238904385,2.275116172397042
114,2.5602319286639603,2.4555166003362747,1.6459303257170894,1.5384725015836938,1.4415237222822537,1.4560728095035302
115,2.0575453331257316,2.2260599084087738,1.9159409431797791,1.9597045028664468,0.8514299141488788,0.8544161724926067
116,1.7815283250757803,1.666393906449414,1.4458119784334271,1.3122657397239015,1.83107273474584,1.76074019819744
117,2.7354501233729014,2.7886270918054143,0.5384988143748841,0.5232528311944322,0.7631241265013197,0.7835298895724458
118,1.6453346914592153,1.7155713589940396,0.23403059863379091,0.10696556697191843,1.6205980892736105,1.9081472641728887
119,2.000578487743012,2.0210187162539293,0.35909033064943574,0.3600120913178918,1.6020605886380828,1.615621339839058
120,3.4903816346626346,3.164872523705238,0.887183445360308,0.45175496109571733,2.489152049767555,3.0
121,2.9584152695882953,2.9974638399552784,0.35301524581130816,0.36170941935155776,0.6748789475911391,0.6523193324848023
122,3.7476044421917534,3.599110937028854,1.4639203503526437,1.3705764485887693,0.32163652028985246,0.3877446531797437
123,2.700766106314972,2.8791811015557305,0.4698672085967869,0.77264836316513,2.6845861510377538,2.240538677707857
124,2.9783884522824247,2.732853374890888,1.2911757100150363,1.186019535795449,0.4391705777050958,0.3834484458485167
125,3.9248883422241163,4.0,0.9035328211505729,0.8762524013487286,2.6707868122020697,2.633621326278537
126,3.0142894893380134,2.7403204390864926,1.0210129071981984,0.8550089524067668,2.438251260335588,2.535315700289254
127,1.939707950665618,1.939469672333054,0.458477870522627,0.4937378683799167,1.411672695021686,1.3074805869195891
128,1.9439200158915737,1.8862822649160296,1.7379981061859917,1.6910508362414818,0.37374885608083375,0.3573211901782527
129,2.895751751926863,2.86674589308357,0.6820039395575431,0.6676611322896253,0.463166464320804,0.4490506471414263
130,2.4515458003235233,2.341853469462898,0.5443188622191807,0.5352079414736801,1.5725050359742523,1.4371744441162566
131,3.58174975129904,3.589403180144688,0.9409014724490727,0.9379541199179569,1.6756722260715469,1.5614759115790984
132,1.6732096035477737,1.5667964372589216,0.7318833500670022,0.6718442561928286,1.220207897824615,1.2553133537311303
133,3.5387050333911865,3.4380801351047428,0.46254857635540125,0.44205996046347057,0.648589989086555,0.6260242208181814
134,2.138969983453884,2.1620199020720565,0.5549962316933508,0.7884173730293031,2.987246333923623,2.710330475278172
135,3.566108522184171,3.7274046310727473,1.3305711912454115,1.265341197761693,1.7240649250876805,1.8904020210866117
136,3.7096193625638385,3.8168164545676393,1.2678235463213596,1.1825177169470322,2.5958783097598306,2.710826091782335
137,1.7091745893081818,1.8083340317141283,0.7245603270440008,0.7012328612746545,1.2381096921026629,1.328794778733329
138,2.5746785773751215,2.490289497934979,1.4417111756238707,1.254749139053538,1.5419355296193427,1.6762934711343045
139,2.8689402531639097,2.877580888714751,0.9312425202187032,0.8803946112555323,0.827278605317759,0.763917853695244
140,2.1489638842846372,2.1410102344580335,1.6444748005390901,1.5419410175686823,1.223378405176719,1.336505773369392
141,2.0098977472749673,2.0647087572839786,0.5674763181340349,0.5658587362666475,0.39396718065865033,0.46909480714657
142,2.0389222387249255,2.1425069704389617,1.144545502898148,1.1915239281634262,0.8866028416295513,0.8227057430485436
143,3.650080403409912,3.645018182620766,0.21869957514760768,0.1,1.9526199497923202,2.2142453592113576
144,3.8810001302753503,3.801927802857596,0.8622101186024466,0.8254784897631777,1.441719863038382,1.49783660689403
145,3.527037483012484,3.7447673001987782,0.42710631559574797,0.43703968430894935,0.04381107532466755,0.029532427413326307
146,3.796357809369634,3.7167925280856653,1.847719049199643,1.8152151268064525,2.1077232629501097,2.054757611528388
147,3.9100746772812793,3.9999969582874932,0.955277984129309,0.9638294407864697,1.638829612149566,1.603071440014535
148,1.5554134666713633,1.5600219201125214,1.2095522977530817,1.2884477437430697,2.210377848263446,2.0447138602164796
149,1.5692639091465608,1.7620267744648106,1.7744079311281433,1.9475638243738012,1.1038634852336877,1.0767000256262755
150,3.1287400228468916,3.1738648528186895,1.5419580890101137,1.6444138297856197,2.875397780775101,2.7714171969483785
151,2.2587906297731957,2.505651232136318,0.8109806921295915,0.8751935601463935,0.9900831932667734,1.0167828516172313
152,2.8147695404943835,2.9997118130780263,0.5856585925739752,0.6605203431050917,1.2494287703418037,1.2648964754949084
153,2.1621979738057657,2.1390203174960343,0.5512057279170464,0.5521382384498539,0.18390392022260127,0.2776237386483795
154,1.6897516481289871,1.5914073755654552,0.6773431750019845,0.5713211085677823,1.3517396190973607,1.4459463418036576
155,2.7044081799651654,2.7863283992807717,1.7772918572026049,1.5952775519245543,2.79805050652758,3.0
156,2.2759087560372944,2.4688691251636823,0.4911282868835455,0.5339726891757784,0.3307731400677575,0.3393697017254674
157,1.530828409050068,1.7181861176170703,1.1473333419488552,1.3193244331227223,2.994343614640333,3.0
158,3.38012728024541,3.3008119785070025,1.862618512227289,1.7050955815855593,1.4519633506176928,1.495818431066278
159,2.9331648322877877,2.810586497533626,1.051290726325971,0.9718220853043059,0.613168423273382,0.6310079072051924
160,3.176810704361748,3.1532593190598996,0.43785295006327085,0.30497293829492766,2.7061134743005137,3.0
161,2.93630032521111,3.0917016230356418,0.4314286035154685,0.3841133866855699,1.6850523974877918,1.8654404006472152
162,3.926773567606437,4.0,0.8614783710487344,0.8476513812938374,0.8640286420093757,0.8333834643324731
163,3.6471395607824273,4.0,0.7968197756212697,0.9700482366585693,2.387335866666978,2.2330883007196314
164,2.126388561431096,2.171288251292329,0.3546035646063034,0.39757747936225435,0.9351134547878035,0.9100272997219847
165,3.1766850342711996,3.3139723174706437,1.2018624931932265,1.1760501834592985,0.6018217733839528,0.6725832632021733
166,1.8124421559702626,1.8801087029556516,1.7068272699702527,1.7800750384478148,1.2936050120292042,1.3002039385037496
167,3.037430646777778,3.275486322062121,0.39561083668756536,0.42409042001069813,0.2899366156415478,0.29261403623417653
168,3.9397402654949136,4.0,0.42012617478739833,0.4080499275543196,2.29672076769017,2.2804731219460193
169,1.9353196948584273,2.0150952937920756,1.1288068784770653,1.1489637948302809,0.9494772868761813,0.971694588754668
170,2.852620711567937,2.877334211027816,1.253749770934249,1.3087255459281881,2.640946696016835,2.578160103493088
171,1.8112543998505088,1.7884639976394967,1.6007201868373147,1.5412989484534274,1.163521128869617,1.1981323880083004
172,3.7279677842162244,3.3325650870968357,0.5279268209926911,0.12858795691025032,2.3120345822727204,3.0
173,1.7994138990780923,1.8401736424581707,0.6369076208014088,0.7507115080141815,2.4807461124551966,2.2448776081931285
174,3.877737578390106,3.777817725615293,1.4411163127007367,1.4520409341994767,0.9494899708688728,0.9228089895475721
175,3.5735235311126723,3.5515782758950487,0.7055167691177088,0.6864050257445591,0.7785309461568772,0.7478605213816034
176,1.6341764229917768,1.5340197352886582,0.8984945522914516,0.6368638219241546,1.9695379116893164,2.1160400311032164
177,2.331776330832299,2.320291575950495,1.9683972619517027,1.8399625372487431,0.26369597014395574,0.2985163960876644
178,1.614183389802923,1.6347388667964438,0.15126221965183875,0.2932495779926369,2.932222965537831,2.783116228194375
179,3.475388826890878,3.4849686870672194,0.521186221816826,0.5173505060558099,1.7317005946824375,1.7636696507594005
180,3.399782292403082,3.550653110071725,1.615283598540179,1.6502802615783339,1.645986576587018,1.6948827121620647
181,1.8918319050308963,1.8886604479780058,1.3111635733949356,1.3504268625395621,2.7274618545677787,2.6713158036012903
182,3.011738719916944,3.2312212853967437,0.17387633584127635,0.3133598224134737,1.6921866394557925,1.6058188441079442
183,2.900131975082467,3.0501083321933358,0.8997397461813211,0.9139774618506136,0.4801382362018781,0.42743573949924535
184,2.062123014305553,2.0143569104085497,0.839240834304456,0.8466695811700512,1.6296850065729471,1.7215343068093596
185,2.9544584925016033,2.9238300888720494,0.25151747592583595,0.3436094943897015,2.0709049305391614,1.729353976028562
186,3.5131775090153257,3.158883503426269,1.5445595103457188,1.4305650306217887,0.0813551179349109,0.09290619333689179
187,2.335818098885528,2.5473617040385435,0.2911469874157937,0.3132608307435889,0.17159036929247096,0.1765528100683838
188,3.8615513376303046,3.7433614286077157,0.40226356980151434,0.429871091038837,1.2662705210984377,1.1664814410569144
189,3.9838294011602238,3.8798935890556274,0.37115522928273303,0.34605534165899654,1.9531785964650803,1.9386313099287331
190,3.9892343664526106,3.5455180187601965,1.1178681015808298,0.9704228375680606,1.787785052973768,1.7418553444432914
191,1.7411326781528713,1.7187297051469335,1.5017793388334628,1.445060035902605,1.29274706825981,1.2566123692367377
192,2.9970945484546236,2.9739934953413694,0.7638200189580229,0.7739740043358981,1.0193386453851316,1.0005835681483255
193,2.9261666952708656,2.974811451708755,0.8827716057917,0.9426239075910435,1.9260575750210525,1.753259580577267
194,3.982237954691604,3.8634937134435092,1.4821033625169795,1.2683135089051243,2.719236490026941,2.910172328764067
195,3.456720408975505,3.306921834822062,1.6051157714967066,1.5246393177668371,1.5123439626938824,1.4017248138504068
196,3.4011129049965336,3.462635375647407,1.8759579984868617,1.8638388657862637,1.1568717158457567,1.129795438151004
197,3.086656384448094,3.1281912180754023,1.0461799834011394,0.9412859244731847,2.7563144776815998,2.825531564932752
198,3.2801647545052717,3.5594251280174247,0.38005936504164006,0.39200029903351397,0.1977984352730099,0.2500177807980785
199,2.215711062014338,2.237124718713155,1.4293605562211678,1.382687428418392,1.427894261152006,1.5499842741769554
200,3.557025304754207,3.427636510185008,0.22573996645497757,0.20458283567419042,0.7116739894044541,0.6694883246419401
201,3.489398382511959,3.444615743443839,0.9905048888728463,0.9120719987805214,2.394289878077526,2.4049328525599014
202,2.062694720814393,2.0571390096365536,0.34497325565085174,0.3463228691463439,0.8223374755237183,0.8713227031168299
203,3.2555209456511487,3.2015556968059937,1.7067263846430722,1.630703725927932,0.0408547158164968,0.03627463423741765
204,3.9106418241693692,3.8746756066530783,1.3873313466176782,1.395803989318839,2.1161582756195,2.104706766980975
205,1.6540693596306166,1.7270616389463374,1.9754338881973184,2.0,1.4576436325377973,1.3018615278561818
206,2.1806830550129837,2.074227009763475,1.64543667859422,1.6106093091344293,2.886230588079785,2.851894584926269
207,2.586354661054828,2.6517013935301295,1.7931578433911237,1.8286959552860393,2.38465713756026,2.3624379564870344
208,3.0700764659687154,3.2428672865925416,0.32005423722647064,0.33714115619846885,0.8969570377538238,0.908602956976225
209,2.567101789496634,2.5988830533317357,1.5383955624423533,1.5956753949288225,1.6530024376126224,1.6058584511162846
210,2.3428575380756564,2.209251627152639,1.4251238079202335,1.292077205725555,1.2511781412269338,1.2805690239366403
211,1.8564645662981383,1.8840054569607616,0.15545689735255738,0.1,1.2927861478045528,1.404906820342909
212,2.107737424295779,2.129281214306143,1.2736405143049794,1.301908669714746,1.8020757244575898,1.8708497512343214
213,2.6470955602371338,2.6499040988154987,0.2406082157285831,0.1,2.234823311574318,2.3903698583351396
214,2.091903452333535,2.078562391811229,0.9419318559001205,0.872264667121827,1.1468867800117215,1.068199546523916
215,2.4682733253943328,2.6102998555089223,1.6220276082868053,1.5996267579756285,1.7536135472026526,1.750113252140533
216,2.4620923821917016,2.523906598342199,0.3594541217181433,0.374800158602202,0.7603740428274325,0.7568177185351013
217,2.4726489628860184,2.7534228309021764,1.8131339473912496,1.9687670808546616,2.8088947695880346,2.7264685321165514
218,1.9615998257895457,1.9550664759356222,0.5261491059857183,0.5122871006873363,0.7640818354151179,0.7840026762770161
219,3.9517863172966146,4.0,1.6761352863596621,1.5784732448305636,2.1950994410626294,2.303201927208906
220,3.3437275469629624,3.6495929446369404,1.3560216076181566,1.5829266813544587,2.5494590640216295,2.498809158094643
221,2.479408784569654,2.4472046507861522,0.5511185612518348,0.5469079283955174,1.428192513978856,1.4215557715070932
222,3.9718520299329354,3.8172251177601706,0.9934428767231361,1.1303123569115536,2.5014039581413545,2.16774381354392
223,2.408559596268196,2.6963947401099584,1.5646821098320298,1.6893733406021922,1.3434366473888102,1.4478774306557702
224,3.3325913537007663,3.4782820387407756,1.9245270686580955,1.961421379196771,1.3568393800690695,1.3942145835934532
225,3.5813052421517493,3.7026578917602153,0.8053998848597672,0.8091087834243326,0.5521478713018967,0.5601691976409215
226,1.5395353271968768,1.5,1.89558511035753,1.7986391093677332,1.0657506139037007,1.0167938979675857
227,1.7391642305160118,1.8188605529405162,0.6916367093255725,0.6954044564503312,0.3456953559185608,0.3117378564206581
228,2.038881162032346,2.0588005329056442,1.825708880590575,1.7691989246647195,2.6499545258427206,2.617817716557752
229,2.1017510695079453,2.139358692332063,0.8260889949731788,0.8251797723908602,0.8389437709127229,0.8430576402042631
230,2.571948739057349,2.6902420355264596,0.9724783752576234,1.0066752535906194,0.1702320423352327,0.15360347967745283
231,3.6670103147479165,3.8952365564773985,1.1892543156402513,1.2265582456106203,0.3158310492347095,0.2652030262177247
232,3.8431432684912163,4.0,0.1371257389525974,0.13918040864731365,0.1241261319434428,0.11593662484534513
233,3.4934820507279523,3.4824216412211366,1.4352019926647703,1.3863941460683247,0.8502025425954618,0.8359090626976152
234,2.975068472662454,3.0083325514217436,0.5850342695363996,0.5320148251261181,1.3385040261403935,1.448998266635679
235,2.179811441681627,2.182591580625526,0.251794525896873,0.1681192092546114,1.3102647899901223,1.468325369406029
236,2.0720470019035915,2.0260461985795057,0.9589812127378806,0.9893210494490412,1.6880175418343955,1.5899201665568439
237,2.9400096004309497,3.1548088403586116,1.1866748009801467,1.26625484635068,0.9751183249061244,0.9462705446672942
238,2.499830321599103,2.4791624474431457,1.6922976023975496,1.6218061321594404,2.7019855225311726,2.6875290277815087
239,3.7067116939044915,3.825956727991629,0.4613890035128263,0.4796490935221915,0.372073986831128,0.3881665665597077
240,3.5015965753046614,3.3125988382280043,0.21987205226470619,0.1782077457045441,0.9728379307218655,1.0174967252106442
241,2.223229211279519,2.134304861159707,0.24414007808193583,0.2209473159486021,0.5833561981838788,0.5441036282780661
242,1.8001839474293968,1.8353846163614238,1.0050034496778262,0.9964593364836799,1.3351231471523395,1.2882130742524207
243,3.8969220061310192,4.0,1.4555743015972031,1.405681865389137,1.0672216765397002,1.1348873223264102
244,2.3802421538025,2.3392863453608115,1.9900402844456426,1.9246801827078033,0.8544801480810115,0.771122019734673
245,3.3350459209698817,3.7486597620993227,1.1498880017989068,1.2964948730146084,1.5800435831063657,1.5410619089031719
246,2.1152658955844155,2.1216163066542637,0.9324271926465217,0.9288160102356525,1.7093277970434426,1.7047925261172514
247,3.154336930161149,3.351370940532611,1.956223529470367,2.0,1.4920669819453654,1.4961688308597731
248,3.0419253931506325,2.963815137062245,1.7741756801293083,1.7508517569271245,0.09546427011092007,0.08615366202348497
249,1.9223742758283517,2.070388631744963,1.6846843032389673,1.8123654175782238,1.6052348127107645,1.7139801266386072
250,1.8204103270005283,1.7120582270580191,1.0248197461390478,0.7724696039649672,2.8634277824206746,3.0
251,3.962464734153565,4.0,0.43985816482253215,0.4332610778955698,1.189499123352052,1.2722630502108745
252,3.221362349371911,2.815479283421656,1.0474236003450077,0.5248019415969021,1.979148742478718,2.4823872249279297
253,3.9443683434022843,3.9607888589210756,0.5329640889137465,0.5489225326073948,1.4796696634448088,1.4454821169908034
254,3.9738632302498504,4.0,0.7209071688738582,0.7834428386730672,2.225079902701323,2.1049668248909557
255,3.1356564440041765,3.0911335045703545,1.9485153967954267,1.9347592402558313,2.500159257552501,2.4558463430247603
256,3.2237638336078156,3.1409524037975296,1.9920340449457326,1.9574210799971798,0.0050025453909547934,0.057731935636374423
257,3.114177769755716,3.192906330900007,1.6590207573069584,1.67274605016872,0.17270507397055168,0.27310909432832303
258,3.4173111186246805,3.053599700855769,1.1840215742030864,0.9206080967449597,2.19367658095998,2.412445411704593
259,3.1105846596024014,3.494971445213511,1.8509348372195904,2.0,2.9763834359976498,3.0
260,2.7045145150066725,2.5378830103219383,1.225503997532849,1.2945873177043927,2.9562608955770946,2.7427088214500857
261,2.2265695069413196,2.3918905601321283,0.8907471808902622,0.9880995348841032,0.5728725884650949,0.5377938688101248
262,3.015110953996308,2.9485779120949576,0.26525519691724786,0.1,2.107568992441382,2.412909097642925
263,2.7865337450675236,2.955606141611839,0.5346433877537294,0.5587523725822862,1.0939388626564104,1.1485118055283343
264,2.656655177023882,2.5728715824347845,0.19978175370720297,0.1,1.9211315017349242,2.0538810548051343
265,3.792683573826108,4.0,1.5010881051632257,1.513788917205287,1.559352933993143,1.59150447465848
266,2.824436788101057,2.7813537837261864,1.439066149866823,1.3808364794588726,1.839596760111017,1.7423440162499129
267,1.9466277040343871,2.0164230691024287,1.4701478796023628,1.3848082595336015,2.5009438747725223,2.6491376461298204
268,2.8978292169737436,3.1871005923230844,0.7838164202070012,0.8337765299299903,0.43346367932065843,0.46849276849779903
269,2.7869935678147724,2.915355954893137,1.7505980502246774,1.7071471619419956,0.4857270165106041,0.5093056419304725
270,3.1927956062210554,3.13102085279501,0.30343531414575675,0.27562976304850234,0.6274669256437074,0.6113342209166851
271,2.2944806301254963,2.3053377788460576,1.9576036814324296,1.9361970275583311,2.3588639025891447,2.264759295648777
272,3.079542977534949,2.893492739645526,1.5525345013672422,1.4922755007105832,0.20094685574894,0.24669489645772805
273,1.8581081575243354,1.9664925401268545,0.47694875382079327,0.7198401186920033,2.798420640479972,2.524626113888558
274,2.1774430482028695,2.1568347237673944,1.2886558425551853,1.2505233377265472,1.0857421243529988,1.116239658378764
275,1.830810158690411,1.976696340354222,0.4628723877045351,0.47057077393239594,1.0928320839008605,1.1043148245925685
276,2.402127410709265,2.4463373583337638,0.6723268770906355,0.7335946059435899,2.0585816626219495,2.0620316949016897
277,3.1016844062656643,3.0510253064273885,0.7690412010265616,0.7343034849749475,0.27853508329099297,0.2615985967937921
278,3.7001017912022554,3.5689103896454775,1.4021363893271077,1.266103000902657,2.2961966470032777,2.4758545826700793
279,2.8286012595939702,3.012479147073557,0.34996857818380467,0.4206527877840414,1.606819336321177,1.5100066141214536
280,2.8628065570562864,2.7758795155005584,0.6614849337005079,0.6077913355722888,1.2529777857769515,1.2547064424276513
281,1.7709258783733697,1.814857927623712,1.846654314926381,1.8814534473808213,2.4537439290344096,2.363727318781285
282,1.7734946951491297,1.7894859298606287,0.36529630465454077,0.3071074047728607,1.9921057541550837,2.0433628716521874
283,3.2407237747288833,3.629162088450246,1.2057126551921262,1.3160527461458327,1.885783155660928,1.8821663581301118
284,3.784398637415102,3.738052827852389,1.015867088287508,0.9608472750498666,1.0651169260046245,1.2388769651457998
285,2.6892199062023447,2.7247637417721973,1.2367865382575067,1.1752763534125519,1.664681176384367,1.70260325264982
286,1.9026776041863014,1.8660894482083772,1.4892230434101899,1.4209463339701023,0.35671150916471794,0.31527021792768783
287,2.996616348233563,3.156736151635594,0.8349640676639393,0.8631796723016674,1.6185370420029423,1.6280107329502849
288,1.6482857231445118,1.6192822158717295,1.672537012632857,1.6336692177244772,2.6153032837888457,2.726184264189483
289,1.6744458998656717,1.7567337714194293,0.6340889078288594,0.5803864447892225,1.6525007442820216,1.8253274223141887
290,2.607701764791421,2.6458083251345332,0.6776682799321826,0.7475078465477691,2.54194428036794,2.395283440776681
291,1.867274104478991,1.8075874317806737,0.770207727822742,0.6717849985195828,0.1811378517841128,0.20908624668936016
292,3.975461004441089,4.0,0.7924037725436052,0.8087255956072306,0.017595905614656626,0.0
293,1.6301839708801056,1.687970151329887,1.996176063283243,1.8565846565086643,1.411847654008652,1.428287592774856
294,3.58206297532547,3.6862322348843004,1.7313350850890994,1.764806102155872,2.1785988694995844,2.1546959566469788
295,2.240334401353323,2.247702292268204,0.8519079177255671,0.8084641389368791,1.312928372757669,1.3023097463631574
296,3.949653631098542,3.944399625191869,1.6286983680720821,1.5793108409759826,0.9220880072919561,0.9666397862584006
297,2.973459803743951,3.0473072860063226,1.1937779857940827,1.2042051045043338,2.622610079437906,2.521636340508826
298,3.0590500928129254,3.0593075707831026,1.0814893982090468,1.1218637678842647,2.392123560282343,2.3032971549256915
299,2.865575123379439,2.953467032764366,0.5671023796696071,0.6145246068341993,2.8619548676202,2.793140787983714
300,2.6273451778040893,2.497196672748723,0.4261571585624868,0.1,1.586380020953801,2.122239559922648
301,1.8601447794740364,1.8264122671732452,1.6825102245268913,1.4611022565797622,2.1089710917869477,2.1870298880787247
302,3.7735233637083194,3.7222084494936762,1.6862130124819126,1.6358558421205935,0.383637671863991,0.45890425186019573
303,3.521313664337845,3.719196038698613,1.2704017406876222,1.4507772370104595,2.7224799300726064,2.4903678424809192
304,1.7742239549451115,1.8613608617744835,0.6289152729233529,0.6068900541435954,1.355335427287752,1.471862665720026
305,3.890191670085759,4.0,0.37113937250338414,0.30436518698726694,2.3235748669890386,2.577914897238972
306,3.8684341229020225,3.8313181930342566,1.9817947186588034,1.9593254728379028,2.80088302689627,2.7381014332660216
307,3.9194540877432877,4.0,1.286872341656582,1.1089809089211289,2.286348052762369,2.582489571211433
308,2.0611622065608595,2.0122687235228103,0.7651681647600029,0.700279430854641,0.16190195656386275,0.17638812833759118
309,1.698206796571452,1.6522249042816977,1.2388215133653142,1.115868166577237,1.2063192749992369,1.2001984594472688
310,3.1997001487484673,2.8993925277948573,0.529329331648987,0.1,2.05450396844309,2.710855628852272
311,2.9455534726394212,2.945038499648192,0.2549351182965437,0.27490469050702254,2.3566090899516814,2.270526544594741
312,2.612794211120688,2.5819734080285164,0.7679259988962001,0.7194389902767463,0.44355024201776294,0.4819573845959359
313,1.7982195452802454,1.8442763128104136,0.40650962976898475,0.3697791352894933,1.6198447703784198,1.7560778776420174
314,1.8822711331210902,1.9934111185594499,1.209627581197069,1.3549558643045316,2.380221390749957,2.433471139684063
315,2.1120737030946,2.251259390271177,1.145772397045984,1.1201851057392678,2.0031505601119473,2.1492010623220743
316,2.8137461538551323,2.9040844711382263,0.6490005112831458,0.8245867362226258,2.4211528902156925,2.1653941283889027
317,3.0636954769292846,3.3223809738966574,1.9530302297526312,2.0,0.6005086265228256,0.6179400754425729
318,2.422619860408919,2.397944815434822,1.5100834509404824,1.4788424792368375,1.3639957791014343,1.3822335422076322
319,3.1674548044287096,3.0549181145173394,1.3805852785183501,1.3554275410146828,0.6581320591669859,0.6399517782022789
320,1.500454868464788,1.5774488038358419,0.9744258686557273,1.0554869092707841,0.5756817463516117,0.5499200632872839
321,2.2323564919401617,2.5847929024343324,1.6676061091168426,1.8088030550725025,1.4309226729587088,1.4177217051148439
322,2.8137588958374162,2.5682604406493748,1.0665780945862646,0.9421504044457726,0.9243969310089578,0.9077715689803717
323,1.5835687445283462,1.5763067565227151,1.6247514579611297,1.5637180281998468,0.2117895425192663,0.23907048395727085
324,3.30913488582269,3.4623662350165003,0.8612921297051247,0.9461528921706145,2.1073035941180285,2.1488921977121
325,2.0107627452968275,2.047534724863214,1.9406736045147506,1.8683274127521536,1.5325785939024312,1.4914672496890107
326,2.202485940700867,2.1867088979630025,0.25981189545776595,0.3067596756111461,1.3425779480596969,1.2252594419186305
327,3.7234964716966905,3.9415166993747874,1.484394871970934,1.5554501996219285,1.1524738689198557,1.19631914392336
328,1.5998500377253009,1.5614442189664095,1.46782259108438,1.326435108198141,0.96543268701457,0.8693813588365619
329,3.986352112506272,4.0,1.3167535978532474,1.4590587512042381,1.6535160785667142,1.5252070557665365
330,3.0382202959897544,3.0810439249175827,0.11951915311860493,0.1,1.5624995382226783,1.642625867205162
331,1.577383928664009,1.5796429180572218,0.1979960725805831,0.183674715883964,1.5981122262568572,1.5860918703652167
332,1.888971778572529,1.8091750247636513,0.9871245142670468,0.8957011078272556,1.1750839161202915,1.1981746518239904
333,1.9871000266223526,2.0343500279399502,1.3122168273839083,1.2795644697652728,0.32438488536078336,0.18712293079381379
334,1.897931162275016,1.9370533573213842,1.5928415387256896,1.5705437967936458,1.339302513271591,1.3534870940371901
335,3.0274384359872997,3.2671770187080313,0.5683489604743699,0.6269672178597328,2.8898653751785517,3.0
336,2.801735105213713,2.9597147702271758,0.8222263210287017,0.9521238887868045,1.491858521069692,1.3633123357050176
337,2.244765651377359,2.181935895428584,1.1140721664534103,1.1432353614874444,1.440145491902002,1.2675100991557746
338,3.3404035135100685,3.1597953712694555,1.7731695436806516,1.7209284799498363,1.2597581270338725,1.2845242861549255
339,2.766040929740364,2.856956661739439,0.5105736790418849,0.5022054547181357,1.4112745835258433,1.4534150819568137
340,1.7956012048958279,1.699990688809972,0.837987938084857,0.7342765290304513,2.2563325152162044,2.262116041395458
341,3.9971595248030374,3.6533221328850902,0.6155028866512094,0.53346099943246,0.4588516291663849,0.47287422272277313
342,1.5574789588486788,1.5,0.9538356005514906,0.9496529519734473,1.5875592519727464,1.6766687175113746
343,1.63905314918532,1.6765179084421147,1.6000058939250543,1.563677529002748,1.3513506846472314,1.3053695070321256
344,3.2046272300726253,3.231327605402641,1.5521953250039022,1.6432213262129918,2.862792625306875,2.7892715086620465
345,2.736153861925603,2.9298295600868207,0.3973130742645853,0.4223477128890202,0.6272446661108472,0.6311179171669815
346,2.519637464569165,2.5888003005171325,1.842520344373369,2.0,2.5178014037392797,2.458298449638
347,3.833427271452741,3.8079045201934507,0.22035875801717694,0.21938664252278334,0.2761414249927443,0.25041320821196605
348,3.45576252812256,3.3014455833433396,1.5828228069946308,1.4630794639701283,0.6998724999012104,0.7772049555174059
349,1.9169154454532806,1.9922575322306537,0.5753047655189374,0.6224555902116957,1.2254476410526518,1.3246429761466691
350,2.5096909130945493,2.472078230486012,0.9982590210903812,0.9984100855083373,1.4479482427915062,1.4241035696407487
351,3.024030671695372,3.1870618735645815,0.6300676664799757,0.6352331977251021,0.8057009572399112,0.8723678097284228
352,1.6169280339964363,1.550116085865724,0.7369774899389279,0.4676948666275788,2.793770457444222,3.0
353,3.3351431811841232,3.3030151666550904,0.9206080072085251,0.8971613349758569,0.5813731442027958,0.5990460122771069
354,3.712019650510234,3.581388451830092,1.4534584271312894,1.27149726648505,1.721395847890732,1.943185489004791
355,2.877110768343216,3.1111614155990623,1.7598333206201298,1.8376939068030902,2.157385418537196,2.16123348672477
356,3.156656241901727,3.167808510257588,0.9200600949888252,0.882361200316706,1.1604011851437273,1.2179256335312676
357,3.908641974208106,4.0,1.4748315428280228,1.4930428370147517,2.0917985166265876,2.039227884088647
358,2.288173166041764,2.2407693684294197,1.1870328611974965,1.1943173442722623,0.013087685094219759,0.0
359,2.254572106957673,2.2640126897132813,1.5535608260883917,1.5415144802925,0.419720000590723,0.3967268229915943
360,3.889664194806819,3.5978433378990715,1.7124714657507416,1.5943230716381762,0.3950708489013811,0.29669103316068574
361,3.1321194430114594,3.0474308151394967,0.8260188256044831,0.6225423564317163,2.448364840424434,2.7431141813812188
362,3.366131837571313,3.2975101318189046,0.6895604645165682,0.582927579182582,2.7937964201041177,3.0
363,3.321209511164229,3.3304541903171248,1.9357915420892073,1.9589330163091183,1.525061468616267,1.4145089570191092
364,3.0300596832801983,3.09112439059599,0.6191487958395085,0.6558007981220311,0.8320594599622079,0.7653105109934923
365,2.276216290236838,2.307482771055034,1.212100184206785,1.2771551635040819,2.113776978306172,1.9658176216812118
366,1.6606349285109312,1.79354483199783,1.345675098913523,1.412461648059489,0.027446850047808558,0.05545005471941268
367,3.05531203209398,3.4225332540082114,1.0819506583162346,1.2353759483508484,2.9295271909924345,2.9018646117888465
368,3.0245621062151287,3.1905030250232307,0.6969823613394496,0.8100977124706152,1.7637392653491337,1.6855509425829087
369,3.592651100099979,3.8328734144611034,1.738582847153895,1.7612898312084941,0.5200930412676377,0.47629713008188723
370,3.736214856996987,3.6394288801627224,1.8977555745049037,1.8769640507509775,1.7946967845161867,1.7901989667793032
371,2.541956091279192,2.6144526752177586,0.7736076285880406,0.7526745810354767,1.0556662570756603,1.0480077248757385
372,1.7873712798720756,1.7173033080247655,1.2244519784782126,1.1051784068508004,2.1122654188715035,2.1636626624706596
373,1.9054023074155855,1.9682111573231602,1.3935428269140977,1.4429485270780493,1.4271985869173711,1.4098556713375194
374,3.6213926122298536,3.7784792197138577,0.2915876301149469,0.2971646803199417,0.9852518431174011,0.9702240758727967
375,2.665887943496447,2.7453577016057493,0.6143352694921306,0.5230751973175389,1.7966852970790792,1.9943948419812567
376,2.613115458643221,2.6144344942648745,1.287418639314903,1.2556789047512027,2.386226020507943,2.309384614650408
377,2.589435801349976,2.730633149340272,1.3252378915317324,1.2736821769640299,0.22828440427189356,0.19666872784840853
378,3.1956768112403653,3.2614717007169305,0.14939839116305986,0.1610442050448392,2.990890942658327,3.0
379,1.8942241421464208,1.9490897366332829,0.27656257061221273,0.3735473488860757,2.9477809479355397,3.0
380,2.2006022844647486,2.086159633864161,1.5357864022377037,1.411768655921939,1.3500844466873456,1.4225682229407088
381,2.26421503621975,2.448667852330033,1.6170892164268202,1.6315726718670571,1.6059491938030355,1.6890120222499374
382,2.8072842512464344,2.701851830164847,0.4457535081065864,0.43484829268360226,0.23295182159473704,0.27216797022063466
383,3.590666773135542,3.828813391120268,0.6016354643042121,0.6722873325324045,1.9196525335920747,1.8603329622874627
384,3.6657977624959814,3.878623535514321,1.2044774619726404,1.3338385493094402,2.7387504966250873,2.7552276669546254
385,3.5408730246786893,3.484788627240588,0.8368179532310311,0.7059071818002708,2.058568409826532,2.12429022064908
386,3.286615389043882,3.531384272074833,0.1983041809882053,0.23988228799352615,1.5852890937526185,1.6052395002113018
387,2.764310265881134,2.8569503788289876,1.4487642333373296,1.531360182175463,1.940669703267566,1.773948098832219
388,1.9145844346836918,2.0080170166621123,0.8666198258612586,1.054794669543615,2.6567436717418875,2.531035401331737
389,2.605615396275989,2.6468905152511546,1.8505961192966423,1.8347294925043658,2.741146848243977,2.67207642654697
390,1.52663715813901,1.5,1.1275364715022624,1.0691423894601446,0.3132664954943519,0.3172909285134318
391,2.061312304013181,2.156448199546824,0.9663100288000241,0.9185014162712348,2.134945804354066,2.219830670387271
392,1.9230962089163206,1.9528187842439686,0.24278621244974963,0.21218072258017953,0.7585354919977135,0.7555519121550134
393,1.573009534970364,1.5541226589390351,1.69634580933579,1.53860135481191,1.6866359337939818,1.705552826231583
394,2.41943977854867,2.304435532193446,1.013702220459013,0.8865943128298702,2.056076026327458,2.064517558986967
395,3.127066254594481,3.266666623137422,0.15813790598682445,0.1,2.362436981094401,2.6395670787704724
396,1.6558699525700864,1.6586585496791524,0.7401886075921467,0.7121576485811483,1.1244814342364742,1.102468606749696
397,3.851818501242628,3.953015438256093,0.5663691315248215,0.5969347876167339,1.044901850357913,0.9691185657873951
398,2.66416235272143,2.634811254217878,1.2802494785564669,1.2418767345541792,1.24914063981468,1.1572416318354777
399,3.6549519388637823,3.9300575451410595,1.143819037716748,1.2000176901155268,0.8484412200559044,0.8434506595723225
400,3.7335801437510736,3.4336354150058654,1.5643797731640228,1.5064532308587406,0.08325182984557655,0.014654569281706392
401,1.9549177909725108,2.0471548776460726,1.2894008262344836,1.3005521031369596,1.5347840303733364,1.5580172875836096
402,3.915887730988539,3.894518660095591,0.7387490053933582,0.7534732300461203,1.468185563640441,1.4243656347298304
403,2.4202237518813567,2.3611435525365665,1.6770458480539947,1.5738588400873585,1.5158081957624985,1.4492811909282939
404,3.5029880352365708,3.7265258856517063,0.2690088657662052,0.28517896418946775,0.2850830437887961,0.2973931133396539
405,3.096217393603026,3.0730559532983515,1.0832070384436172,1.109603753315749,1.659529504352943,1.5764315703209453
406,2.2536560282570717,2.2248362839507796,0.8367086671720829,0.662371156081923,2.8260456680072834,3.0
407,3.686296192830835,3.7642525823769115,0.8238630360022404,0.8011638212178599,0.13472914327744545,0.11494128186669368
408,1.9664357918970465,1.9839939864850784,1.9320070564305316,1.9059156710135805,0.10800240442784093,0.0
409,3.36538535893688,3.3718115172388536,0.8318777411851195,0.8886556256644556,2.769029509282136,2.596664068794542
410,1.8942383945579653,1.72992317484741,0.4838520789251336,0.1,1.9984721986964695,2.3742615046296627
411,3.615447609455642,3.6223622887571976,1.3053820616855347,1.2549158749824774,1.268536766343214,1.2857662239837413
412,3.5926848119728074,3.7216595586668455,1.1087387535880415,1.1581243617789099,2.3564462752935236,2.362596625208686
413,3.7609408034222365,4.0,0.3602045393936554,0.4048841090620693,2.682768713598379,2.6786850968026847
414,3.622144062298685,3.441940726290543,0.8232434691029757,0.6597556347026722,1.802499244235849,1.9468443189198668
415,2.6757023073703143,2.761410098000655,1.5307702008753523,1.552890280176477,1.3303964628477463,1.3419423645059707
416,3.6480684263779533,3.7746385983115065,1.6823837329717934,1.7118702754814958,0.4275711918898075,0.40947954525537084
417,3.5522843609037085,3.7327913550621874,0.44407687796942286,0.45747038666166834,0.6976976950114128,0.7217720039407589
418,3.0346424324911245,3.2651913018067233,0.8590905181911632,0.9261197130405454,0.8253673698343432,0.8183345643097456
419,2.9039046374790543,3.076275217460896,0.15319047150753756,0.3537941686527193,2.5893401301941883,2.222150549763893
420,3.027911451140501,2.863843540169742,1.8964719305532072,1.7339640343959977,1.904373209125842,2.051082774517886
421,1.758086072798322,1.9202578636202496,1.051099555503431,1.1281267749789345,2.887869725551786,3.0
422,2.799433372010951,2.909179757943793,1.4787124147997601,1.4806479207227654,1.7878865006780598,1.9142777503696493
423,3.858109321525099,3.8348314918548634,1.9350938570917016,1.9534505993282723,0.9712144931887591,0.9506992094281445
424,2.6441730936258105,2.4497324857531426,0.8807108338753399,0.806440370799737,1.6222119105192407,1.6593273825463377
425,1.828035907842366,1.8692587943913492,1.8075966384130573,1.7467001026101838,2.524077048070226,2.473782715999192
426,3.9461488252190726,3.815584225065055,0.7411471866671839,0.7112733910114986,1.1252790355029028,1.1449634624132934
427,2.929741553906905,3.1639723504110693,0.5374616056638882,0.5726143291585787,0.4222830389548248,0.39540250249473147
428,2.031099871792076,1.9915494641777998,1.6475662663350665,1.5994780019304107,0.8778824160501207,0.8559715851112636
429,3.3398539298432137,3.189428902882243,1.9760608313218342,1.8773384019955326,1.3213989358439184,1.3190884891924008
430,2.7751472358310494,2.9619211567553294,0.8355064268171772,0.9464407910112226,1.7974309715352654,1.7428332555838026
431,1.9300533371852624,1.9199853068644315,0.6856670673175639,0.7079590448182383,2.1083001830583896,1.9921535579038134
432,3.705777907976806,3.422321269512219,1.0186625795920425,0.9189805512690977,2.7740641901567136,2.7425644664275888
433,1.7202845007882603,1.7697948876964356,1.5514457321897643,1.5769814418998025,0.04480828250647739,0.0
434,2.9694630887345403,3.132086766665669,0.36301252858561806,0.40348007530443175,0.5848361764689027,0.5477202985390084
435,1.6693805086724067,1.8609138550538533,1.850406596557936,1.9010960889124742,2.4337379864562414,2.431037662166061
436,2.946753378656217,2.76990695355331,1.126652595637628,1.0762697342625949,1.3102570586660123,1.2707459899420268
437,2.3535905790673377,2.531142637477096,0.44193363358341864,0.4570670202397748,1.4946852010265352,1.5532937930939956
438,3.976677210559447,3.910798229008805,1.141998010609318,1.0981169504541994,1.5458134896058322,1.590354975150427
439,2.884036124194946,2.9643292597577338,0.4219495831078983,0.4397494841984707,1.6204045119625174,1.5475646892493318
440,2.5342787731549956,2.512407350027872,1.6049016308761106,1.518037070965442,2.5989065750364615,2.6076867609765753
441,1.8592631483733932,1.8930409264983399,1.5062550385422182,1.4890595010922698,0.16304118205338947,0.1713296440840372
442,2.395552782087915,2.422491448331034,0.42314353567532026,0.6910497695268176,2.442176397085925,2.1219119042852412
443,3.70434190162744,3.5744419377300636,0.7163340897328355,0.6571444393537051,0.16772201244688545,0.1012046941656806
444,3.475054843637196,3.5424807687550315,0.19738156900110526,0.2122317137174401,1.1200442764236138,1.148129128203327
445,2.4248176319953894,2.6217377928207104,0.46379418049655496,0.5093486221754079,1.027447444211055,1.0323575891718428
446,2.4370783038361696,2.4094439586292555,1.8320078114012555,1.5669295755391592,2.600175937960329,2.768103392857501
447,3.418648146387959,3.594018456452589,1.0229344395874111,1.0485863274270986,1.0540343229771223,0.9893614528128006
448,3.206975135547839,3.2149286388623053,1.858618082935797,1.8545792832226993,0.24066876346992727,0.26987123092008913
449,3.003690257450228,3.105350870522077,0.6818708474639381,0.7566395840347688,2.059777904921151,1.9078275157888516
450,1.594983402322485,1.6487506367452274,1.704819766612614,1.645138744333758,1.9767440741177915,2.0197904445732515
451,3.753988252832918,3.523527146015581,0.7292407466227525,0.671828436446812,0.0422730205296592,0.03409278724682726
452,1.7110023095424758,1.5782958332883719,1.8628105695011796,1.6492698074349519,2.596812677360466,2.702692846397942
453,3.376420890577786,3.357405300472036,1.6833792396133402,1.6372118472980468,0.7677481367927416,0.7780053008027847
454,1.6298750295327014,1.718283705287627,1.1447512507848596,1.1358939262739476,0.0003657657951869897,0.007331539870901137
455,2.6193065654175784,2.4570565282978905,0.8128467273921294,0.7319371384463845,0.4932768882978459,0.43572190639837893
456,3.735407350282931,3.6006647269999883,0.14933912585558942,0.11212685975611314,1.4996782269246371,1.5308868171163001
457,2.2251584803194566,2.435915784018696,1.7096171188100666,1.8074420769362458,1.04613009554784,1.017563263989568
458,3.874877666582729,3.7966681640674977,0.6226935971815218,0.5212589903118001,1.5023237793549034,1.651177203068098
459,2.0371654043187606,2.0818254477979656,1.7374081308247955,1.5861599719550634,1.6010681456239166,1.8056250589833376
460,1.991196493887519,2.042030222584148,0.5816326525561577,0.6332209178453571,1.364834616582464,1.3323841991851495
461,3.906822983549326,4.0,1.3314652033214625,1.3299964241900792,1.036091379897081,1.0495385782335414
462,1.9010069343629443,1.9124214613330774,1.3193808321759872,1.268400429723142,2.5211036440014074,2.57073377749408
463,1.7968646786091278,1.938339130243226,1.0336064505521743,1.2750956569061485,2.601029477578856,2.4814353338652495
464,3.0168996415060194,2.9368471294768486,1.874664976127262,1.763741161513866,0.895540729759545,0.9135166962052317
465,1.8355599572447137,1.8965151652513024,0.5819157812996292,0.5936229013135367,0.29461553098837556,0.19491847582878252
466,3.876872736503727,3.5753420573283825,1.1232892999942614,1.0167916296955883,1.5096788249632322,1.6401699001584298
467,2.1650564271620607,2.3039954179108553,0.7437609661520943,0.8173064816104257,0.7226118824053657,0.6865695129628646
468,2.184099506070556,2.3509077079500713,1.8456814417141842,1.9030940326513521,0.35026957268951353,0.4132481021631805
469,3.805049134466755,3.702795720949272,0.6705197739553042,0.66003613005419,1.5278656178382413,1.487695788783711
470,2.163104387047971,2.1767953362449006,0.8864747845680288,0.8732408792698041,0.05340282716614431,0.06397667756845968
471,1.5970351320391896,1.518248452472269,1.1471037982460224,1.0252989295274668,1.1201436744908766,1.1435433280518377
472,3.848070822296565,3.6405601756133255,1.0523543723623112,0.9174576905521165,2.8861807437905664,3.0
473,3.7469260656860137,4.0,1.8714062562644465,2.0,2.314749512732293,2.2069662304200977
474,3.232050956178548,3.4049268693226877,1.07932997230631,1.0914335896661687,0.5416157927159749,0.5592720432795324
475,1.5109699321836707,1.5443891319515428,0.6655677631090777,0.4979855661122146,2.2262199897649584,2.3534561002333745
476,2.2095736144495683,2.025632551005823,0.6720403721867707,0.2630964794710949,2.171503740610497,2.551372700329025
477,2.4230778038329546,2.540533857916477,1.3010154853845879,1.2730661376956447,2.4502390218103045,2.543319075382596
478,1.5722517868774708,1.5887237045836742,1.3041098359222836,1.2894907112782112,1.6419322354772077,1.6467769891530284
479,2.7056187958860605,2.686420448054057,1.8267904606426086,1.6435378965496212,2.2356538520234492,2.2670574176754212
480,2.008258400515952,2.0764087046963624,1.3984585180812683,1.3990026949674816,0.65092889220428,0.6029499059540758
481,2.70670776757785,2.6496170125370364,1.2073107440974182,1.1535307055539328,0.6497924036678691,0.7044180372725275
482,1.7740784448696143,1.7348454530474822,1.2970751370137286,1.2755916946713177,1.9780468562664508,2.019219234132507
483,1.9987927096736342,1.9108807333046356,1.1683919341522937,1.0213988124651538,1.963684361142768,2.0824219585609027
484,2.5309316178604058,2.332287609697556,0.7758282554790883,0.6922750463985758,0.35628496675624455,0.3404825480959416
485,3.5123155657670826,3.62654268557817,1.0657023343650005,1.029146263499728,0.39596212632510575,0.466261819504177
486,2.0576199764840455,1.9326442372103407,0.6449376581448061,0.2359787240805901,2.083588243746183,2.5149870602982247
487,2.6446008599980617,2.843421944376744,0.9002276150851323,0.9636739731751593,1.5036483783663823,1.6174808319535456
488,1.9984876611980282,1.916102223015621,0.26134936094045114,0.2287443523344133,0.13752943840216347,0.06905737574899898
489,2.1394451701871944,2.238661291289179,0.5808503668205023,0.5927835032154154,1.3217874477427949,1.331328997014737
490,3.3138897853313978,3.2582559720871083,1.610515551193798,1.544899592767236,1.389645252838478,1.454148139517535
491,1.7420495750949692,1.8861828298820793,1.7143320897536356,1.7999561434703348,1.8766453899045406,1.7516580865141476
492,2.4124882315871563,2.3318359071238457,0.5214159624723789,0.4878185907863619,0.5251268213238457,0.45757601406566045
493,2.187812008496846,2.2833542318500926,0.6058861232680316,0.5420115941550104,1.6359700319301536,1.6951815380579938
494,3.1529190914470395,2.9350072385854404,1.9156598114379246,1.7633708514793813,0.0011404202772491434,0.0
495,1.6931239790254935,1.7390673721167258,0.2762144140283157,0.2602727351032952,1.2459282438432189,1.2645380937135657
496,2.2319524474863486,2.194176862499645,0.6021718907571227,0.5846418987704861,0.6843722429691884,0.6979688077855087
497,3.6610913895801604,3.5127355584766273,0.45887460396839563,0.2537955475422557,2.0361318170742626,2.3681778467481465
498,1.7443655694212097,1.8002952086563686,0.36640334338659575,0.3612317191962296,0.4713362004348828,0.5402559869307628
499,2.339072437144031,2.3029661336607763,0.11062746895730992,0.10003143393184616,2.38863900293493,2.323803499689191
500,2.5064007361696055,2.497687562310969,1.9688166021125466,1.9582569159792376,2.473965621641867,2.4986604862606647
501,2.3684371950954546,2.534635636030358,1.1606445902434808,1.2092590905817333,1.6356272510624965,1.6090071624064104
502,1.7064701078053524,1.701983229015932,0.21619968836758946,0.19476017930073167,0.26732967934489693,0.3434283119833176
503,2.5193730761657847,2.527095006379116,0.5856253578596922,0.5639065276321992,1.3837173858307836,1.4200829246123499
504,1.664550973403346,1.605030967402371,1.6239822546972371,1.4503668879024854,0.8572202954181662,0.8272039535026184
505,3.3893786659958014,3.641575393479468,1.9642703160954806,2.0,2.944838157785677,2.9239378560208977
506,3.366188444233038,3.641444931986289,1.324486264860666,1.3500722155861482,0.8555283219466829,0.8805497811057283
507,3.534633533466739,3.4487465618742004,1.2299304196672631,1.1966169450197999,0.6216004543186192,0.6064080205160675
508,2.3518294812398306,2.2598297207390043,1.4427558179116857,1.3947573969401321,1.1563349922761108,1.0338908071711337
509,3.006087452003424,3.051176421418328,1.5206726187869766,1.5003977500455994,0.7305344849396533,0.6733590836801274
510,3.4337610682034656,3.627378127632997,0.4441527731685706,0.5806720752429712,2.607593794560138,2.5573424506669524
511,3.9241640670434763,3.728583247851143,1.776935986260561,1.728650430438358,1.3369526739679893,1.2836214770402286
512,3.837101804882003,3.712433078407906,1.49371897340767,1.4717004883607647,0.44500659881480953,0.4128755803182147
513,2.1849245705527407,2.3026670774168077,0.30771062736694443,0.35284657585954127,0.7869741978622705,0.8057237860052301
514,2.4993699580245425,2.5808320870999477,0.9650691807229527,1.0362080186467209,1.9487252713660532,1.9118591862009569
515,3.2421694681498296,3.79244960342296,1.338131795736188,1.5424923586509236,2.2212627927953066,2.042347790957454
516,3.3655040184565292,3.2746936424805253,0.18799100246919193,0.19553828770347934,1.0199594210373182,0.966288936332493
517,3.858618745508801,3.7430642758573884,1.994920901966952,1.911212154072358,1.6506115446639869,1.6375897217882327
518,1.8651245022129634,1.7483246875054121,1.2042541708977879,0.7632222948500668,2.7578945966566444,3.0
519,3.405246910324238,3.587586364791279,0.42432230468317533,0.42105261573270286,1.1589945853077332,1.204698618995588
520,3.351909136638198,3.330145102426503,0.5150344288952448,0.5033302597926004,1.5471217940647146,1.58932692851283
521,1.625480883479367,1.766769537326623,0.7227237239489416,0.7986118318720125,0.8365478893471373,0.8984596847209889
522,3.4725024344817434,3.441488822482512,0.3943365559035409,0.3789374947090399,0.2516134660730839,0.2541284060180988
523,1.7883121602972056,1.8619180312972694,0.16517934685703822,0.1616597552406948,0.1953255957346366,0.23346600135716
524,3.229174895381525,3.097144864200001,1.4696605993747678,1.3824063860060671,2.7715085250785867,2.7574389625410953
525,2.9862405500440223,3.0900945351012594,1.1295199285361104,1.1425440166379983,2.9907436761683157,3.0
526,3.1136537195178375,2.9744847459078056,1.8798776535469703,1.7192860739708598,0.17553213102244336,0.07646414328700354
527,1.5549314822818356,1.516291624800126,1.5646864330997579,1.4275700032775442,1.1461827133401976,1.1137728466871082
528,2.1402805668667355,2.2280937608615172,0.744635255822304,0.8605488684482699,1.2947497761688713,1.251742581872774
529,2.628938898204477,2.7139103097740915,1.1518651704072418,1.0804520032868155,2.579423778907463,2.6145781515473847
530,3.61668116549183,3.953570595687972,1.3193151904049585,1.4131858371345174,1.873828658994196,1.7420030174002628
531,3.2357757783218064,3.3706790262924278,0.712635679467047,0.7431333046069907,1.3398042926255176,1.2503509074229404
532,2.7372155897925228,2.833890842052034,0.8302574965039619,0.7621796944013919,2.4750916421039872,2.6747264924876113
533,3.2955970604697056,3.4095340200866002,0.8685711623825316,0.855617845559014,1.5113916918938308,1.5557334581717237
534,1.5523044233546441,1.5803308739786461,1.4035754090885226,1.3548135274094508,0.06155083218116786,0.09729446017180743
535,1.814701901118852,1.9037517221487863,1.2071429729563867,1.2009382849591517,2.105588198068279,2.023160420547947
536,3.730179650168926,3.662836430659059,0.6343732258058993,0.5702209945888923,1.3078426514017032,1.3736657488604038
537,3.3911910229837003,3.578232972934549,1.9214841194502958,1.9032882434679128,0.5887645345838419,0.6321093653445745
538,2.3032552483430146,2.3671346458704536,0.6985232013160628,0.6771584475718753,0.059600159832699506,0.10032173315991536
539,2.3956850365107716,2.7852791450230963,1.7460030729472198,1.9485779969366075,2.487158238720035,2.435435613787921
540,1.547275083582046,1.5,1.2567684234158063,1.163292416879632,1.2158839828232342,1.1567671694331707
541,1.9456157796603457,2.0365841532214914,1.5991794026948385,1.6354375922769682,0.48282926369873,0.4239844623000644
542,2.9488597115135935,3.0035907319849837,0.5075635890130702,0.35896785826515276,2.4518480840169214,2.7515626330735703
543,3.8936716501977653,4.0,1.9009225421935039,1.9311496044082808,0.26592469640485117,0.2888751117535248
544,3.8341419806857773,3.8022421169376845,0.470027919123278,0.42360145765319784,2.2050574067098365,2.289036346671339
545,2.8093326497546713,3.014939194723982,0.8049999263190293,0.9981342887212762,2.853532807834654,2.599206390599111
546,3.561652993627577,3.682456737057768,1.3357188569855174,1.3766490871859474,2.147414397766322,2.1874561844202765
547,2.806449929838751,2.8745802306813344,1.1905441904530552,1.172250867290901,1.2515458998647349,1.2866621311435373
548,3.4040825292970687,3.357171469557393,1.2502581222466258,1.2381199961977454,0.022857903427579873,0.002040376952465127
549,1.5329849957851818,1.7417112924757354,1.3860233542928784,1.5434849417173584,1.556939881765958,1.466538301634292
550,3.3592068475633026,3.289809274701764,0.9926412055849027,0.9838674581506122,1.6461271484614541,1.6283754620726734
551,3.977223974748017,3.9326193971592587,0.4026955382849253,0.3390989979022748,1.3686205042376343,1.4270211686077654
552,2.7434894107272996,2.6432254589965827,0.11781493021372481,0.12168520904922028,1.2470975847527002,1.213660633174357
553,2.5711324182305253,2.692850636975737,1.1364465381805848,1.1580166598707962,0.909459042354044,0.8119549843447349
554,3.4411391930527477,3.507803954223177,0.9480025176338128,0.9337696249699778,1.3465727697690761,1.3390647475739377
555,1.9283671594318594,1.9424790546843314,0.2188403209498566,0.22254088591654997,0.43123912028660827,0.4377984058471347
556,2.657793111408054,2.5829361197382203,0.7045601556616533,0.6096390386348362,0.8483887804099511,0.8989937538301915
557,2.619931377975518,2.6543479554369362,0.49699795376710976,0.4463111524889174,2.9430429095407624,3.0
558,1.5462346124328623,1.6261508883397893,0.5957359982319358,0.7366345480718183,1.8720010514502385,1.8129350088808671
559,2.9080112467654704,3.0867782716986776,1.7010175399841123,1.7105672136668604,0.18967477588969228,0.19022027040662193
560,2.5107077955111268,2.4636107603447472,1.1846173117466816,1.1459274921377094,0.6281395060225081,0.6203665719571478
561,2.204998394815945,1.9912923542641676,1.1051765967440692,0.9629129584942885,1.643158127548167,1.6494757270160203
562,3.179647132025986,3.130254567211624,1.7731820347053404,1.720599328454567,1.8834556238738944,1.9171353482016602
563,3.0397625358412164,2.98732211479361,0.24407023039413098,0.1,2.5785689390764084,2.8993932909599813
564,3.1399688672833097,3.19384268417476,1.7600587479895489,1.5486975786258195,2.7130439605433203,3.0
565,3.5818070343923107,3.8721595707090195,1.2520990333333166,1.428233511033558,2.161949371057836,2.0942888531107324
566,2.2354421167790988,2.115760382640156,0.870404600317525,0.8465052412396208,1.6557343333871613,1.6704683622224459
567,2.539554598903961,2.470156337463355,1.4898935640721138,1.4628436137524494,0.4637994621876116,0.5045995478531651
568,2.376602969818997,2.4365039814957608,0.1424794248739319,0.15679009897224458,0.862147974000681,0.9183838635349318
569,2.426612381378508,2.8082501702138076,0.582551176953805,0.8434335408721234,2.2809427156287323,1.9952397475419965
570,2.9681020421837414,3.1531221437729307,0.8150355967586937,0.9417192705763883,2.1713460639699553,2.10360549907247
571,2.1477811622084158,2.053634236014239,1.0823924525465871,0.7842973523821541,2.796694889207818,3.0
572,2.5221584026163066,2.5579601031688695,0.6607174739696606,0.7433896163213548,2.437684189587074,2.243952855731115
573,3.3956272868327853,3.899494167745506,0.9719176326343791,1.0390297521334748,0.33089749320151973,0.3743409253595092
574,3.809926328668088,3.8176429514128314,1.1511366436096693,1.1311737150977919,0.34227033874610424,0.35290216895993604
575,3.4955147452088218,3.7563921893853016,0.5693140790829369,0.644419270936813,1.3882209992990617,1.3219956658981598
576,2.346414369892013,2.264544682914139,1.1805680646576022,1.1238509206705172,0.5203236019756792,0.5590187805230142
577,2.9604507601029297,2.988052059215675,1.2888192432187144,1.2353957954339598,0.5690721282670776,0.5005876365135498
578,1.8907999496366927,2.017579909790058,0.9726069434237482,1.126518424779621,2.0540048774310096,2.083251916686039
579,2.2122014319877334,2.428441477660057,1.0441904043897288,1.2127356392623125,2.27661020481178,2.28431694902177
580,2.4212668145160685,2.4648183275694704,1.8717233212588433,1.8464493004491058,0.1902171171833651,0.24771488573193223
581,1.5336053452355487,1.5340048272666957,1.7406132367268004,1.6341759648168248,1.5649027394171355,1.471338740158209
582,1.9784016896515824,1.8632025996596895,1.0663875807597316,1.0172664347787421,0.40069155770083575,0.34703196451910445
583,3.908242731531801,3.909305388868582,0.33147542607152186,0.2265439191705548,2.6945828589978262,3.0
584,3.1417920637598318,3.2146394069891016,0.17207577590142742,0.17998686707697287,0.4147534828405579,0.3774507386360478
585,2.179834467628379,2.2309638969540817,1.527171574972504,1.562018859521014,0.8580180109247517,0.9114802247930786
586,3.686135974542016,3.9219195717650632,0.11888667244152835,0.1,1.5162322547573666,1.7037536134029356
587,3.329436959251549,3.3591585327800777,1.2492432277704744,1.3053725795830946,1.2558487740905,1.175270934869719
588,3.220608762596338,3.3251902998544898,1.4997626200058995,1.5088789944284127,0.17185783358535178,0.20894056073101575
589,1.861156179531961,1.7922335718995692,1.4860735419433433,1.2906268310298041,2.612486102887365,2.6211531538642316
590,3.0163050343554514,2.946598449387144,1.6714625346348049,1.6258759746417233,0.5315069083723806,0.5513466584789825
591,3.2058922335949043,3.0119539292347053,0.6043001194083805,0.3336387728776733,1.7023945211570335,2.0484949575970806
592,3.7081088186338955,4.0,0.8028124881259605,0.8901880130771553,0.6807146916729079,0.6224636355688449
593,3.133091305239309,2.943405569594633,1.6114398673434442,1.531081137940626,0.22693560904850818,0.22774433833045205
594,2.3409002224155264,2.353510676428789,1.7891789406466458,1.7674878018209321,1.3707422097741646,1.3185359040421996
595,2.8789143579919836,2.9244248363850724,0.3375088496666745,0.3321067135766329,0.7367084236988493,0.7888978159045156
596,2.1934748495000425,2.241836375635118,0.5831473235596007,0.6551482399675783,1.9005088575049347,1.8567287744710412
597,2.098222539432322,2.0813657096090243,1.0483140698830709,1.041059005861192,2.5045225458842557,2.4253292205597257
598,2.786590705735673,2.6660978871811363,0.5525517325954201,0.5358485128546939,1.0497393139416875,1.0369051181598339
599,1.7803364540550035,2.0026171516527076,1.8638760466995197,2.0,2.4114019907097934,2.3949726156514584
600,2.3787663181322514,2.6489803289182765,1.6146851786317746,1.698723845506769,0.0901589319061431,0.09526804791710095
601,3.8801914133710893,3.819106992018506,1.8270037104765986,1.5619860923112046,1.6655193818117093,1.9475606347703835
602,2.8088202664421997,2.739405503733435,0.5179883519144312,0.4620554328055727,1.4413571902921323,1.534106002066584
603,2.471263546663841,2.5856902590225026,0.1345854711828654,0.1400367896075801,0.7006413315882727,0.6914560747363794
604,1.7450852175572478,1.6583995923328063,0.9435626966435059,0.8477741187392981,0.929132437551568,0.8576827017279843
605,3.666325670827173,3.9522405606373714,1.9358547204503458,1.9443640312822046,0.4910710985906458,0.5433387021306134
606,3.131889998247401,2.9612380406497962,1.680959646849722,1.5762445696830911,0.8353826700276281,0.9067254888315097
607,1.8976582131333684,1.8620210760568943,0.539833873577019,0.1848897376616386,2.5653315149473697,3.0
608,2.7120892483547183,2.705187880206105,1.893980648472997,1.8750644493416906,1.5547602727800902,1.4978535252058005
609,1.6343563161188397,1.6228510996862324,1.7700590312101745,1.7431719245376693,0.9991351832690887,1.0953008379399984
610,2.0336759473981028,1.9243829692368173,1.9777664719642298,1.8339371551041137,1.553214800708342,1.5405358859464926
611,2.6763408456381415,2.643914155228114,1.9343092598021263,1.9003247939281525,0.6713044045991614,0.7031077720923388
612,1.7733753461509802,1.7627634343060994,1.8515332515176919,1.7886384008691452,2.252348039273527,2.342247889472889
613,1.737755231033256,1.7557344613634718,0.28865049031875867,0.1,2.425814375660987,2.6382865376376627
614,3.488189000272709,3.3147188053126486,1.9626264369297561,1.903914622776015,1.6248348874830767,1.657706855034321
615,3.6797970033737673,3.8047782598724624,0.19164530250608913,0.20232778803428952,0.26463884979472574,0.2527224706429715
616,3.9087043101388708,3.9730463633088706,0.7188756346233203,0.6069763752255579,2.6013294356049004,3.0
617,3.289231458995396,3.086750824508437,1.8421657995846685,1.7273001877436935,0.7672926757343947,0.6946633438858237
618,2.5486642249056928,2.4381807103543176,1.6686752709998351,1.62421536101482,0.6800733292377876,0.6288346147876365
619,3.6160513927571865,3.861941992340915,1.111068653881936,1.1557720742775726,0.43770113542397027,0.35499586629688895
620,2.6964275492050542,2.650378105589743,1.4770787549180782,1.4688293611546241,0.6033460275810111,0.5737344228696518
621,2.331998034623189,2.401033381121076,0.6440715358810474,0.6565437096958173,0.03028699142246416,0.030552682822480366
622,3.1669943071564104,3.23380267079172,0.6524685036052774,0.6516042340663322,0.20768474465547115,0.2737185584579148
623,1.883093726097134,1.967975211362242,1.8402731596648711,1.8098011580442248,0.5368388783424053,0.48538555084063373
624,2.478929388843467,2.5796930178304227,0.3750853702164325,0.438053479290375,2.718283111574928,2.8001151702212037
625,2.5528613537582623,2.649407239137403,0.9378936579518337,0.9656836483223863,0.5968436879010703,0.6061571067242526
626,1.8910662190733052,1.9414839680636586,0.5173567100386439,0.528878430247189,0.20126141675429943,0.22668170253034053
627,2.6570693197842443,2.650057022144403,0.2017973545066334,0.16566094151200506,2.880023683146012,2.9192936590678835
628,3.3603130053871046,3.4916414728925864,0.6331010551529364,0.6113266337363463,2.1414949989465297,2.2598343846398934
629,2.756322215967303,2.6612060683998755,0.5231383989212546,0.49599966332307677,0.29711906908890817,0.2884561829043696
630,2.4836671655536087,2.599897971883658,1.2182685947691474,1.360161221110195,2.6777017152737947,2.5161446307033493
631,1.5925263207589302,1.6352375701888753,1.0892938039495328,0.9627930787807525,2.2486301764554892,2.3517477655872026
632,1.919590287998064,1.9188228895691195,1.293373840253811,1.2907251284580092,0.6375159814688534,0.7887428643825332
633,2.9588664747362126,3.0238500899039074,0.4796187202808547,0.49934271969671296,2.0568016787838466,2.0958036177933117
634,3.1872308645921352,3.546834235413403,1.2644931803813517,1.7701370475708165,2.964534822657888,2.600670483573639
635,1.6271780918051206,1.767834586706469,0.8310906265765499,1.0564003041783123,2.5545839216145794,2.420386670360343
636,1.9731013724304285,1.9131616351946341,0.984278528426602,0.8814771260405312,2.006773251997187,2.0062523373865178
637,2.2987945656022606,2.4493132958909385,1.3126581237106756,1.1500444473523477,2.1499204218495063,2.3997709940367673
638,2.6177648123082604,2.6881075100811835,0.5439232961651812,0.5244783710639247,0.6904721903472546,0.7200584341494759
639,2.0648931921142495,2.1490035784397303,1.2459386650323307,1.2192174625106382,1.124006742406122,1.2697635605583981
640,1.6275621219049052,1.5997040139393215,0.328267978382239,0.1,2.279616224039834,2.6274106673773736
641,3.3191742234165718,3.5709671577113107,0.6353903126889484,0.767833741718214,2.6757438979875516,2.6051093494667192
642,1.7557467475185116,1.61291898321438,0.7005162684385687,0.6068756705360672,0.09369262346714846,0.10143698167012859
643,2.048010094801746,2.103995160774443,1.0125016513653438,1.0334973430011125,1.5364739990419949,1.5902714139352792
644,2.101532296551288,2.1574338413788117,0.33184279380658044,0.27514298156741346,1.803332091645891,1.9226204202814743
645,1.6918939547307739,1.6877261596647664,0.4100028633339129,0.40975884576522764,0.4282484355213615,0.4167914735191669
646,3.9313693461610857,3.6797461629770205,1.2067926410245176,1.1193996418476946,0.6469594794988912,0.5814608282258139
647,1.9236404201464579,2.079112619076771,1.8119849324732167,1.8680235251438737,2.599147144569481,2.5001153005965717
648,2.0067399458909314,2.039071225581071,1.160808593191706,1.1893424683885891,0.22264785158543754,0.27659244460221555
649,2.1592498655394206,2.311599717669726,1.7198766560323209,1.6198422257820442,1.6958171055661015,1.9191996449674047
650,3.9056047204259396,4.0,1.4811960241239206,1.5076707211870852,0.4949133368004065,0.541142894081642
651,2.667572361160523,2.781432065201801,1.9930538660931374,1.940029432353639,0.15902719882756433,0.19716118383277736
652,2.1481298953479597,2.068243435170585,1.3743419769316707,1.2398286089921302,2.304660067297057,2.4053053707543417
653,2.9047904314486725,2.929185751563738,1.9987638141066266,1.9381358930266754,1.625898289461794,1.5379936951524609
654,3.6539514475319965,3.538738716353371,0.6457869290992004,0.5918732573182418,1.6214090775253998,1.6756555643242406
655,2.7559159608427244,2.751546230527365,0.8834771457309384,0.839202503754402,1.1548870370112103,1.0940326743771376
656,2.807800558923279,3.03730521599391,1.6576577145483473,1.6873717330332334,1.0173308604218338,0.9736788010939076
657,2.3447071318785735,2.5332142443423313,1.5571113054528012,1.6330109883348622,1.2213781164280326,1.2269668983755826
658,3.1894917420406164,3.0829499542381282,0.6684835011417103,0.44029253359380227,2.5632214098629196,2.8094399082275885
659,3.496947320290148,3.1197961649368495,1.0304561566983845,0.5395210496016274,2.454600766565417,3.0
660,1.7904157286081555,1.7602938477934527,1.6500398901480235,1.6149944211447385,2.1832368347958893,2.214273226797959
661,1.8731626022157428,2.0903167002248924,0.4739041020580659,0.5293929096549802,0.053696062573451275,0.030205863076796895
662,3.9522897196298206,3.8603802781902896,1.0990183672230727,1.0710070967606513,1.9794410597982293,2.0167776110608435
663,1.848975545296903,1.8814232680836294,1.5807992132658222,1.528773017961495,1.7279191372709255,1.7761964672840924
664,2.493638155736706,2.443457191379164,0.32295361355231034,0.2952998637255056,0.4379886072983936,0.4320606099622529
665,3.708111107250699,4.0,0.3142379761414279,0.4298281450118531,2.7719563682418134,2.6847554161156295
666,2.733631159344334,2.6862914176441515,0.8944811256245948,0.8430881481975928,0.8731241339272025,0.91167329843584
667,1.908931197475824,1.8945707220010686,0.5302925681472983,0.500766112067846,1.0876433756158133,1.1055936850380967
668,2.476820223166899,2.4859727721589615,0.5224730412980924,0.4949279746937967,0.6003797404675405,0.5945228369952316
669,3.0447799759417626,3.147567549932468,1.824267485092616,1.7645097482436818,2.6945076644823693,2.7649130073293318
670,1.5015508503219939,1.5,0.9016263605385307,0.8826450305309054,0.7018219228677098,0.6147637775446565
671,1.717079303227813,1.6426905426708924,1.8362992896247308,1.7436909598752053,1.2616316099688558,1.1573776805066789
672,3.0202197832664,2.9236785117470574,1.5678484903096008,1.5645601717525017,2.5035337444772146,2.438046776629808
673,3.13246493615754,2.880079669379543,0.7268320870345499,0.6388373754996672,0.6073867864154592,0.568469604745145
674,3.798589779672305,3.534588470029321,1.346299469940598,1.0990608723121982,2.5766242215906106,2.7320720896449986
675,2.977078035444756,3.213004921147277,1.8788678190734045,2.0,0.9627611346896612,0.939574968116497
676,1.5085493032598183,1.5,1.4896650947779753,1.464237129345809,2.1682049932525094,2.1672977800224507
677,3.141614315305623,3.452462849411357,1.6132311112114994,1.6817053558432664,0.07254943151433946,0.043471975796356574
678,3.749097420024869,3.5244266463340064,0.9366614849009843,0.815617083658201,1.6455755363828284,1.7120302495514008
679,2.610998647858744,2.6556357600101275,0.5484669874457052,0.3406367247018499,2.6869243688887843,3.0
680,2.0483411233320554,1.9885919044642375,0.5193331788281059,0.49354000904673984,0.2624585727664208,0.25669985521065214
681,2.756760519385974,2.964233450237536,0.409758123890565,0.42663802790344496,1.5236780003663863,1.558455042758873
682,2.4144559083956776,2.5637357966862075,0.6670061342840788,0.7671566312203099,1.2564289174035195,1.161662881683751
683,2.7021843096952995,2.6105027467748165,0.19235221742228487,0.3463824059937023,2.834272659737202,2.4137206563299016
684,3.0189613866399183,3.03078589661021,1.8272380609322076,1.9187184923559497,2.6887348413843717,2.5437042520240705
685,1.8890683785596718,1.9258308463240814,1.8682282336464056,1.8516069782942854,0.28134371052742224,0.2618616326989219
686,1.9367729557426583,1.8920204316994467,1.4056736746404588,1.3492942517807252,1.9689006362437007,1.8714697885359528
687,2.106993096070254,2.146526113497737,1.4687837101536627,1.334615528933375,2.29552574191087,2.363536190065895
688,1.6034686338024418,1.6187409899464509,1.198169056299553,1.2392748961941251,0.6046625037008597,0.6320572620882707
689,3.320204497398632,3.360363815503058,0.18519893979661634,0.18870391079589358,0.7037700759066229,0.6940250288270585
690,3.003301276323085,3.1708833540735366,0.6935928704376172,0.7220019148537171,0.12791850293211737,0.14944583177084925
691,3.281286137790919,3.254806943590796,1.0513631973631292,0.9391731427928262,1.6731550360453893,1.7614469232688281
692,1.5657423746894823,1.6471457226760295,1.565843618616947,1.5420861223960218,0.5506552968827877,0.5743770115365222
693,3.743606456687325,3.911897705125266,0.6235166630892054,0.5832344507130239,1.6979150249251242,1.780938615892962
694,2.3068614081261627,2.141784676827079,1.8560797717244717,1.6808159327421208,2.4136139933156677,2.319539450893674
695,2.1423849508166253,2.1990012037566116,1.8299129547995354,1.7901420426179828,0.2543150187485045,0.2037589886079069
696,3.1355533906579707,3.283625977525771,1.9283065167392524,1.930412097921037,2.2246570696613284,2.24716661738477
697,3.9214721559699255,4.0,0.9988569109908065,1.00450502496003,0.5696812019694444,0.5555764467518831
698,1.9631844730782668,1.8789050174259379,0.30265752830070447,0.1,2.3975727464813756,2.528929389633066
699,2.222957403714669,2.1821872250363237,1.5753910803860374,1.3918806865182114,1.9636650209327873,2.089775982586111
700,2.7956548559806897,2.8785389073628083,0.7834786061206215,0.8090218557505311,1.3415720338504,1.3281776762198858
701,1.6645984845809843,1.7235849527809044,1.4545623432863914,1.4596192410306288,0.3449112260773334,0.35791059296559247
702,3.5985042829756226,3.5815094584436156,0.9504616057318053,0.9624100429469488,0.8011217434436047,0.7828237388632806
703,3.8909162400550352,4.0,1.0834607524900772,1.08939430444087,1.7532502007816602,1.7862440838574811
704,3.4932601497043536,3.280034393164453,0.7185719884720002,0.5375291575584777,2.772829059894203,3.0
705,3.5278873710538066,3.7859911408904448,1.615598238802966,1.5501614508768558,1.0707156779076095,1.1729052807551672
706,3.355652306828152,3.33428683991951,1.882215835432748,1.7792171931631124,1.4291770023267847,1.5071565285353414
707,3.818290094608394,4.0,0.2719146261790504,0.2775588804444338,0.6108266874200662,0.6163978359077379
708,2.1048180141791972,2.1773854715149312,0.6751430471167128,0.8330307877781583,2.9132400597434023,2.773805332106397
709,2.0625591172485147,2.164234821242761,0.4953812950332185,0.4996240567767006,2.1417441087541524,2.1657241517226486
710,2.45263921855492,2.1024554912550384,1.9547036094941368,1.6805159746991287,2.6094155737450713,2.4460304498951877
711,3.355101803700448,3.4203444529483997,1.7916380718917022,1.9287884293638817,2.0143779919688107,1.857062190244371
712,2.0860977638178895,1.9641106888059632,1.4768261100932256,1.4035163425380748,0.6348950416271141,0.5761932625372158
713,3.2746580617009284,3.5806715145505454,1.3965625142743365,1.4265097039448655,0.8016763399924391,0.8342501382795725
714,2.929345817626937,2.7466547007041164,1.5168280445319824,1.3986229285291016,0.6797816588694158,0.6739743947725001
715,3.7311688198648705,3.7153819690120313,0.9957631978417429,0.9726938313241003,0.9279309373900382,0.9806667515843487
716,3.533301211646594,3.357531907582697,1.0826430119320036,1.0275754568275588,0.04700054113990071,0.041675678595046596
717,2.2553525039977194,2.5669042598253005,1.3670103088825623,1.5446512687407656,1.4439993291696998,1.4220607687969875
718,2.812768819832535,2.6377303479882195,1.9124354446531044,1.7820749083188827,1.7651789514798613,1.868012187734441
719,2.7435709984763994,2.7505280815233504,0.7306398900253871,0.7046688380899754,0.11296944099182327,0.06579189373801023
720,3.6275399050024486,3.5606306753781647,0.6012238915788218,0.6066929788771891,0.7059885761712898,0.6721948590414435
721,1.5178391926713326,1.5542112349104298,0.8442870438229636,0.7743972985067702,2.5486321654914548,2.6627070802649904
722,3.0491315840295483,3.0109489133285043,0.8885045620817953,0.8874223296379268,1.125242000903559,1.0382894253621409
723,1.5070208539699994,1.6469332854342162,0.9863734224958388,1.061940329326889,0.018269001571744048,0.0
724,2.170594680812589,2.165883975537209,1.9463670912988302,1.8983343540425541,2.3894002936346057,2.4612187068923665
725,3.2009123771612256,3.0870786724459305,0.8742754689391339,0.6554847237708529,2.7129120671661915,2.964906558477538
726,1.9567630917998091,2.09511735131235,1.657755355881906,1.7499027383891916,2.3443009882377988,2.397568934439923
727,2.3959174960058665,2.4307913491726234,0.3013614614323655,0.3082330899554568,2.2635913614436998,2.254421829208739
728,3.91561143897395,3.67691109685907,1.939086211172299,1.860211192841906,0.057203403063893044,0.04761559016326468
729,2.48923655923592,2.5108786410999904,1.488774589161681,1.4942132057203155,1.402106522095703,1.354755667308057
730,3.389926686178161,3.4223183774722656,1.4320281500078302,1.3317872145339302,2.4166574593214403,2.57743520153726
731,3.065432219117714,3.172950730479459,1.7248597575409015,1.777037744802916,0.9858819334244464,0.9408187094284168
732,3.0775954013754236,3.1759610820416126,1.8670904154225796,1.8227750771144013,0.22127050838016937,0.26467660298916645
733,2.2210824693346334,2.44190177571508,1.5635985723285326,1.7810846750762126,1.548346053419221,1.4813112239674475
734,1.9758344580011717,1.9258661866369493,1.9721037931406666,2.0,2.9826644782908915,2.87060889385023
735,3.6888200218227243,3.6536423566491583,1.0292594750095314,1.0130808757286673,0.1768311222306398,0.19280746496952392
736,3.220977021868289,3.3241547602786747,0.7687729678667116,0.790064087686312,0.7075730116859005,0.6936548475718707
737,3.2802997187302028,3.203997304006774,1.6956169144757693,1.6831084549329758,1.847933474836133,1.7543516009327302
738,1.6144941157820116,1.5936741875313798,1.9111872612836847,1.9695782146235408,2.947476306152694,2.7833159416728073
739,3.896262953151275,3.5243481817906317,0.4721942199247189,0.18193974923961193,1.5632141389156518,2.055311124125743
740,2.9859219522427765,2.8809644193945183,1.2240205780399378,1.0225267202093806,2.572840085943965,2.8120158987297144
741,2.3774668841712057,2.9938706546591387,1.4353677495185009,1.9849723405276456,2.933406767807167,2.9099488353124583
742,2.1288898177154834,2.1216288729579302,1.4483312653841651,1.4694852063438106,1.3068518389855661,1.3594880158207485
743,3.3337057553076495,3.756119010842286,0.8759102309903131,1.0729861486832628,2.994655647492217,2.9834350223784107
744,3.494518311820232,3.2975377508988957,1.8576949142414363,1.7379463839649516,2.536397967759497,2.5600093539566084
745,2.330722809057865,2.310368988536731,1.5632406604097058,1.484887131488694,1.197087892059935,1.2311519731644291
746,3.537440435808665,3.348310755369976,0.26627953365973855,0.24830399898275982,0.2511617811005298,0.27212994918481975
747,2.1274143157111762,2.2500809322217967,1.229530069237204,1.2692707206493776,0.21332566701673883,0.1858485245363152
748,2.8172580652175125,2.6706173121044983,0.6841320702725363,0.652013688153494,1.7982129128885385,1.7299373408363896
749,2.3440896282560635,2.3605834502539746,0.8533971234107374,0.8818609746837809,1.2678223172854124,1.271626876381644
750,2.50612630840495,2.5186757440126755,0.6576200296264829,0.7605517150480307,2.892546664636086,2.71323065892284
751,1.7939731329155033,1.7659848480415992,0.9284372682518186,0.7025959398869237,2.4392673819863346,2.6129823626437414
752,3.6002470896197116,3.451734683696877,0.8107778875310234,0.5635320899275263,2.6309861997387927,3.0
753,2.4762331094595336,2.5306550152770866,0.8924509048711358,0.892835491443006,0.6693135852034807,0.5926785592039144
754,3.8005385909630567,3.715136769654898,1.353218619871582,1.1901005379256568,2.606771102918386,2.7717788800559506
755,2.8197891933902124,3.1499148041979024,1.2818001378037673,1.4785440877065517,2.607175831740723,2.6431090516207068
756,1.6515796654894053,1.731848334760988,1.229257197853036,1.297757594358669,2.8582700984413263,3.0
757,2.716474543105869,2.6141896128953244,0.19224118177947613,0.17199330395814907,0.6955229468869669,0.6639970431126881
758,3.220997779227984,3.034501414001732,1.9526968389744697,1.6765807120561838,2.6276273029522907,2.8763974585842726
759,3.136866560468422,3.284946177412442,1.7973445669491872,1.8496978655688492,2.811983576202177,2.788426717116961
760,2.0155398049049875,1.9406227211761085,1.5302915292007009,1.5066420971827643,2.3922834606649026,2.215381257458741
761,3.1687266023199143,2.924306072848948,1.4783701322522222,1.3083545009769768,0.09034022189750635,0.13517518907684078
762,2.2285881000936603,2.047285364906692,1.5575412107741704,1.5257019369513707,2.744386208374466,2.55824741396436
763,2.6377408228282286,2.8006088033651224,1.1108491451769358,1.2230108308083585,2.537832567421746,2.479963679799073
764,3.4269332987507477,3.4148556579930816,0.8927275190236331,0.8672230453738669,0.47844954589711464,0.5287430501054513
765,2.2129251605224383,2.2340671046754665,0.45767484979474504,0.5123805454259549,1.9479058416672725,1.7973667333945123
766,3.491040990893704,3.562880823197801,0.9555151681448618,0.9452543888813584,1.1641796841194312,1.233469226110751
767,3.049314724263319,2.8353695063303603,1.03492934678485,0.9279412414754875,0.6990177957482077,0.646534411499293
768,1.695891920528519,1.7079861576065316,1.8764468508739496,1.8390907411261737,1.518551196460112,1.4663701824006927
769,3.400924910930346,3.4549155927333826,1.6837449438403274,1.673692623062124,2.57715788259445,2.540214250180264
770,2.8289338141486633,2.6757731431348346,1.3387014321863735,1.1039560630156255,2.81173344373896,3.0
771,1.6295989583012556,1.7268093575211925,1.8605034096863786,1.9003748994867753,2.993229320277221,2.9935925189156585
772,3.6912178463002303,3.768193139371729,1.735451126743656,1.7641700428847285,1.5922043453451638,1.5958716840882612
773,3.881087061239194,4.0,0.4809729606528108,0.4985757159842529,0.7253666669281703,0.699384597906836
774,2.898476476238528,3.0804029673730047,1.4664401944757,1.6169041733100307,2.97130783285815,3.0
775,1.976337586896895,1.9910199573016576,1.581277929947026,1.56097402187457,0.11144662910460756,0.13496427152484525
776,2.5434154077892814,2.380211524115737,1.3446456467040326,1.276298254914576,1.6926007890250148,1.6175155248666162
777,2.9234633346954886,2.9190947269874084,1.2069903064282932,1.1892209502717537,2.067444566146287,2.0305397152288776
778,1.8866009724721409,1.7630426364843224,1.6387020225344804,1.5160078348872332,1.245319561798621,1.2712572313724906
779,3.3290665093951013,3.370524803139328,0.10589760253992823,0.12282583762749241,0.3806218584850617,0.35838285038606676
780,3.4858692492285446,3.4611857569769544,1.0014478727192542,0.9370279204603875,2.1007111676461117,2.205558455930206
781,2.1167016697938887,2.062132780437277,0.681108599362273,0.6370636648001411,1.053261208395225,1.050966456637369
782,1.9408465112718598,2.0384009608418943,1.301018664558213,1.381740388062531,0.8882317913582943,0.872659838734571
783,1.6667087583069202,1.663395192506852,0.3148281895010827,0.31527153568704475,0.3048280748945822,0.2713843198527133
784,2.451232032766667,2.607337349772495,1.1332923850836931,1.2842393095647786,2.2453256113136932,2.241112293947794
785,3.256462745652379,3.224920099184415,1.3559796451331265,1.173577712307451,1.6791728155439665,1.7425630713789673
786,2.7856064467135866,2.4360415362857566,1.6357476092125853,1.048486060862488,2.5180862613705592,3.0
787,2.215203917805881,2.1187342861457394,0.58153843037563,0.3784895310591707,2.7856154212471074,2.897546942692216
788,2.118320169447623,2.051027646718112,1.9758195202502136,1.7476100242173387,2.726540372309163,2.8894959274458847
789,2.29057312413338,2.315447780377523,0.527343299838331,0.560935251376746,1.5744128406670899,1.4420728078008507
790,3.6949563315371687,3.18567697603647,1.6001248961639725,1.4423748064103543,0.11938248828736586,0.0901545134138972
791,2.35112844343773,2.4952237003401025,0.19644853003435797,0.2600679967077068,1.7101838234140074,1.7347032707114196
792,3.698419711006456,3.514371425559759,0.5496390614949052,0.1758108990439254,2.1203824584003317,2.9335811494183623
793,2.299846483788616,2.328371221168868,0.9216483498003258,0.9593357298331218,0.9047651489197279,0.8067085439846428
794,2.104899584054208,2.028393182586606,1.3151988950142866,1.184552710931404,1.2700027525081927,1.3610926398442458
795,1.7019725103233738,1.9162703806919235,0.6620566909383108,0.7563840905432536,1.179039655957769,1.1095078397097724
796,3.515784222066216,3.6314276632112623,1.3716122934004447,1.485870771794733,2.4295192699284716,2.283625325916894
797,2.8685267225971387,2.964936159455538,0.4833384469707398,0.46027032782928345,0.8720015724139506,0.8700108361128686
798,3.5710710664510716,3.5546721548082987,0.9119517664063245,0.8895231752003033,1.1192864750976086,1.1757690401323275
799,1.993128667808781,1.97483424042567,0.4776101362968932,0.44409225461947227,1.2410394852529776,1.2455332406852162
800,3.0313099654887754,2.9042561499652333,0.25349203112252944,0.1,1.607803649325886,1.8801251560830528
801,3.7306261738849145,3.994783408791326,0.5596028270960968,0.7781923130413692,2.292531503907515,2.0489610644428287
802,1.544044632683422,1.5573386362998818,0.629496869013772,0.6560391533843002,0.09315366451283424,0.058276622424298194
803,3.9043998137926312,3.624238930857733,0.17261207706175363,0.15376752695426651,1.0243628896311359,0.9995033898584924
804,1.7212411835525387,1.7048208143446353,0.7383148209040588,0.7198947500469443,1.0729765035615455,1.027315215749269
805,3.816268375619331,4.0,1.0589381087424161,1.206615155163581,2.6120696858812753,2.4552155443439054
806,3.7434787231292743,4.0,1.8838844497071836,1.9864171694282275,1.2090172552972436,1.1618855181776773
807,2.3937106928386784,2.593032598000492,1.2706180192701315,1.3087572199280375,0.48992872858582925,0.4651136926928131
808,3.682089941904622,3.6913957041998273,1.6853811724225385,1.7222031871903045,0.8855712396883492,0.8134994196911182
809,1.583894747078608,1.6025687489234857,1.957128805243634,1.8224864241867098,1.9306616527716238,1.9120211266317835
810,3.4033490904523216,3.5625853057036547,1.3196874545334316,1.437848410292534,2.152739986448923,2.003883881112112
811,3.6054527727202896,3.6334441685672063,0.7143325064361811,0.6798374997779296,2.081173184868638,2.1203985120282556
812,3.4002444804100667,3.2938162387634313,1.8676547772333814,1.828467027011617,0.722957906303328,0.7938965769343953
813,2.199199886293496,2.2275007941737557,0.6974161363141497,0.723875680148141,0.42606851349715635,0.43079237247011665
814,3.6810226893975373,3.6288716009970208,0.44103826353005693,0.470713069806554,2.205333346299264,2.1053062370869653
815,1.786360301575933,1.9057989692175286,1.9294846310741998,1.9405108801472433,1.8843864672681245,1.8919636023904947
816,3.016574347869537,3.0422544493467654,0.6520923177446203,0.6616363708007897,0.3150733982458894,0.3097813841992278
817,2.7712825118855675,3.0421928407599466,1.9370988816196564,2.0,0.7626141257412273,0.7825218758082235
818,3.2882668834379833,3.742064405212137,0.8943112984512532,1.1241066484501734,1.7259245725134091,1.6396200330868458
819,2.7755098363431614,2.639563534055748,0.8388518606334023,0.8072482875047963,0.3788585521752186,0.3225944311506276
820,1.8385268390561582,1.7596042260649425,1.2787719372237036,1.2665701050912959,2.2243417788096598,2.2062405260417535
821,2.7652827020438964,3.039927190484936,1.6518447414608308,1.7320578708296557,1.1634938046257584,1.197822653396718
822,2.7956231541470897,2.6206134051780925,1.7916438238734969,1.695413841556133,0.4931279833529658,0.45381393536816933
823,3.9908682297818165,3.98239221072448,0.14890815767704954,0.15162958269901045,0.461979087136271,0.4618214050415045
824,3.4593070308489646,3.491663859041975,0.31661897252934335,0.3301517997031851,1.2637839619684188,1.237596052657496
825,3.4450093773390362,3.692378522013415,1.0223057773081978,1.0521674596956632,0.01148460401467677,0.001552880878704458
826,3.283624974202298,3.4274643870403017,1.093864377380557,1.060682737866708,2.787613856590536,3.0
827,3.620617383367032,3.610665007957338,1.136173353045322,1.1366792682388225,2.1845563965702866,2.188099156980565
828,3.5737613698361583,3.3975081343364577,1.5982195207265895,1.5152355577552061,0.4936460963394791,0.463066638090225
829,3.8628042440668815,3.79376204233046,0.950557317012271,0.903009071603674,1.9813942666329076,1.9335575244243437
830,3.6963823436651757,3.355853407900267,1.4783437933725743,1.0408558333896831,2.6562439088716503,3.0
831,2.8248193754523574,2.633880598959078,1.9930949781398315,1.8071211488675023,0.920699184707464,0.8815945890024186
832,3.7265454901352264,3.889175060320907,1.9996094964646807,2.0,2.788488341798036,3.0
833,1.929143615492675,1.9431243683961203,1.6669773504928351,1.6276679211535572,0.2478474772917374,0.2044147859160638
834,2.9429954832102285,2.802111159628168,0.9209463318290391,0.9439107210676873,1.8524343268357955,1.6695977029290023
835,2.0928103185358298,2.2038228945780602,1.692150355740252,1.6733861885291175,2.5261068511900473,2.4824991625063872
836,3.581237728262262,3.4193151556882584,0.9634331755557397,0.8540961816925907,1.863590410236705,1.9512876725094044
837,1.9844492729020946,2.1095191232475448,1.8634764266087114,2.0,2.559188171868382,2.4980354819321735
838,2.860567405417492,2.7284848803066337,0.6924273346266826,0.6303935513223239,1.2848571998863885,1.2859238325536904
839,3.9035096298618477,3.8544036828068675,0.1879368898251912,0.18125724765286558,0.035637819731830334,0.010731545599975363
840,1.6001887903687484,1.5207125639629873,0.5188447320573848,0.5873004064897399,2.8749985755426506,2.717351252076904
841,2.4220805884606293,2.5505772027640745,0.4575254655577302,0.5010977391953647,2.2672115100213466,2.345728113018735
842,1.834811231363307,1.8317346701301607,0.13134880354756087,0.1,0.8359774246243193,0.8567867253320004
843,1.540193508262245,1.580503959103398,1.1323709093692311,1.220306292713644,1.7413711050285159,1.7709278577884262
844,3.3506153393217617,2.910475319424528,0.7263383514049134,0.3330566228643366,2.119420547194943,2.5297948665944836
845,3.748230127297261,3.299635129284489,0.6276976111340009,0.1,1.9828039826359456,2.8314840332372038
846,1.8399919960892084,1.7668243393504823,1.905118677905549,1.7048841038107503,1.7992092339026635,1.854305741083004
847,2.8756645468539963,2.900937578577393,1.6692168135936687,1.666188441742847,2.10507449242003,1.8993365277911278
848,2.627700385500989,2.7591416109205675,0.5427968474521189,0.5589761572639752,0.8256991828833953,0.8440016887002957
849,3.8924758293067385,3.970058726681174,0.4915993139653625,0.540663784242354,1.5180980845814487,1.449466785749213
850,3.409302015944748,3.302564988428759,1.5647169479148726,1.4267754960466767,2.18711265748537,2.30268868854287
851,1.9419490567023434,1.9211893324163012,1.7106982654132379,1.6518191224685397,0.5575751971083823,0.5860659945438524
852,2.008199340016284,1.9295514166413494,1.7721699801846713,1.6707697935012609,0.9088898330808782,0.9336224624991896
853,3.6650391394827304,3.9700147208255996,0.48482018612956546,0.5090218742205139,2.9691337028262668,3.0
854,3.1846016902702012,3.3238055289417225,0.6810364639799141,0.683254689224989,0.043171637320692735,0.04497881921022046
855,3.273041834464565,3.2272303186549447,0.339640973400009,0.3306107337335111,0.5299124019139734,0.5201994254034423
856,3.24289235800253,3.151783780472303,1.692896331203865,1.5779568162989808,1.9046884013881278,1.9143182037290385
857,1.9939923059102131,2.1109625961143377,1.4837584745635586,1.5150781189238227,0.8578799702390679,0.924161968258778
858,1.927839140443104,1.8054209987374472,1.2961757882209277,1.1491780890275647,1.762997967230531,1.6973536582501685
859,2.5742183980758737,2.8274501721781546,0.5688363943884215,0.6157043946354899,2.563026855256302,2.6937537409307835
860,1.7504596966538417,1.6089021325066757,1.0316837981173883,0.9335880595938421,0.5647364723420513,0.5664748936711794
861,3.5874705320017624,3.4731644225381086,0.5264350608287465,0.5011335534140362,1.2644205830497235,1.1895653920649918
862,1.793010918280945,1.7759492890307131,1.151224003243272,1.1044064696489853,0.009797709039964908,0.0863915129562556
863,3.1666775420957736,3.3492788564789957,0.30467646899741896,0.28502720012378063,1.692325694536744,1.8097383963202676
864,3.5226196686104125,3.5389369903246526,1.4873579649872002,1.4897680087801735,0.6054209169011657,0.6502286338451778
865,1.562476251320641,1.6129444702985416,0.1895253378797216,0.37981249388786315,2.4336871691154673,2.165033621843449
866,2.316208958150834,2.234752399261664,0.7232068969183121,0.5159929741432452,2.8001478328796496,3.0
867,3.406906691444529,3.67966128225282,1.8378310789512406,1.888136958724529,1.567074845228873,1.548102683343598
868,1.7379237137288164,1.5684494001367637,1.94998036350786,1.7326629945805392,1.701118256724556,1.5541857423929095
869,2.49268625884072,2.788991711357359,1.9153146016286438,2.0,1.1802270246840285,1.1294221713878037
870,2.5026731412150003,2.656447865944945,0.662434846795557,0.7003401732227319,2.1857088757429706,2.2067286018385217
871,3.430739613270398,3.2031544471808537,1.5474885336881898,1.2185181428603615,2.6221108507474007,2.8379818762711477
872,3.7059034785685867,3.66591570088244,0.9080666059933847,0.9812470021431918,2.1374186348096993,2.0362939429896283
873,1.6242209665881635,1.6451887564956298,1.1782804761418526,1.1574550207759586,0.15219613463587878,0.14267488455613694
874,2.3911273363749146,2.451854410787154,1.2384366057647098,1.363609547275665,1.9694267728711066,1.853294787216393
875,2.3594976097036278,2.515629192707473,0.34985890037306333,0.45275696438683904,1.6052126554679829,1.482355123476601
876,3.235285242237617,3.3058995518772343,1.1166645360570318,1.0801055028939495,1.6030614599732584,1.649494563932623
877,3.1152231107913826,3.0689126450264053,1.7281393781264067,1.6217251861220288,1.0891018753824013,1.1233421661668117
878,3.490871924096118,3.2857863400754743,1.8066804472554074,1.7762552968106007,0.5273709864825603,0.45027761820933293
879,3.3110505055426698,3.2403631824268864,1.429032996677018,1.2337774250848264,1.921815185900198,2.117680889921442
880,3.8994363727349683,3.713196006322924,1.2470155687389881,1.0436668766058415,2.53681198456288,2.7778450516406554
881,2.8890372705764573,2.749346741899363,1.9673093833162025,1.8874503670761018,2.5713895682806447,2.4729155786106722
882,1.8809543965562754,1.7869507619620222,1.3025686330568356,1.2448942962234903,1.0445350388571235,1.0247177814209105
883,2.301045168754929,2.38343326547315,0.4510801702470585,0.436587292571468,2.380034832420426,2.4598676908854813
884,3.203652270545291,3.2179363759411435,1.3264537852731062,1.3828090785811962,2.427364476122369,2.363776941617995
885,3.7577250265616895,3.7539028482434036,0.3791364697060333,0.3807246005168632,0.8676231595929884,0.8674065616609351
886,3.668706198910344,3.6215697898936874,0.30618948459484596,0.33052159471858544,1.7859894871218425,1.686892679986585
887,3.7031293219993437,3.7007632646348037,1.121895509236285,1.1141940380216833,0.3233796307775343,0.3997058258730405
888,3.1669651564769126,3.186144176603277,1.2862112594473485,1.1255642046311338,2.4386627593924493,2.6131736321716477
889,1.6659753456425086,1.6114166199478002,0.3306976623533755,0.2923783207971873,0.33718237843464094,0.3614010663441518
890,3.300187302255247,3.3245851464342038,0.9692251325376372,1.00444596764665,2.4222400947720226,2.465826745222282
891,1.6574236208848814,1.699339730090279,0.11596471307755375,0.18984210950751002,2.9150597787501304,2.868041348816749
892,3.218076973063444,3.3455043881191315,1.0572901084127158,1.0046841909400908,1.2246503731302447,1.2970123540745708
893,2.3014589169945117,2.3618007262653347,0.18138979650324466,0.14733055428528083,0.9274937739449526,1.0031900838391534
894,3.564947329390778,3.617599313483186,1.0263251085308254,1.0610492866379175,1.3189096513733514,1.2329987407118248
895,1.6046997812871262,1.592956456906041,0.4606445072160881,0.4388217982846542,0.6035775528943802,0.551211869649433
896,3.3872622348315278,3.656959292094088,1.0019109945642155,1.079231161560064,0.6312765394852006,0.580588987322646
897,1.6263452853779108,1.7066182714977916,1.9357320396568203,2.0,2.1507072393418816,2.132360880695873
898,3.5695813131019234,3.5448301789278944,0.10518377028095609,0.23164722618439917,2.065938783591148,1.7047827783075415
899,1.851169237874388,1.7678294245530848,0.8422755024573197,0.7343614792636455,1.4291078213079231,1.4233680714324393
900,2.0436677811849893,1.981788787913671,1.8195777647471203,1.6944779930282619,2.7144570713957217,2.8086009821822673
901,2.8405861483696393,3.0511352885352463,1.8704137776818588,1.922533960692144,2.521511977475397,2.5798646429352217
902,3.067289403186879,3.2756149652322692,1.4543967683958356,1.5092424460674647,1.379051234840674,1.4281897874106582
903,2.577189518011635,2.7157288236313386,1.4514617062729787,1.4715468715567341,0.4348645025048291,0.3518586613816527
904,3.9314860572788812,3.8062242763175944,1.934897592795836,2.0,2.4239291294093626,2.4290493886891293
905,2.0019296412675627,2.214413885664619,0.1522719593648577,0.1907272450064261,0.5545300440734613,0.5543685139556469
906,3.151596234583474,3.015606993461779,1.8799301666560169,1.766872263741753,2.67297182820083,2.627645627138606
907,2.3206540584530204,2.336784496308009,1.9431978525597187,1.7091616660884212,2.6527896559833,2.9389338704469825
908,2.5195939547514414,2.459645075582328,0.4123985658560393,0.13826820726423242,2.4985569427991194,3.0
909,1.5830416878749198,1.6437987357957784,0.3647975419030597,0.4144460313303879,1.0249383873404954,0.9730067468447283
910,3.788338527994944,3.8050158650545685,0.569711546867328,0.557717896091421,1.0550940367724932,1.1531551761530634
911,2.2991679468095585,2.261133461859904,1.5191484662806098,1.396698489302955,1.407182949679032,1.3685824958755557
912,1.7986810477332869,1.9048117391255246,0.6255691497928549,0.7124627805202297,0.6401303770291635,0.6146200732923435
913,2.8466513318135753,3.1258871742607615,1.5946404957819118,1.7106794396627707,2.17357849136944,2.1210120921650066
914,3.7336755514534525,3.8765423540506854,0.24688716161872673,0.257451801568435,0.44142606762186876,0.4284137078534543
915,1.8507916613125064,1.7766852164075988,1.612054866489561,1.4855271714061244,1.5329737127131273,1.5442470793739531
916,2.265110441345337,2.29401726120517,0.9773939702425164,0.7862993231228853,2.61198050708655,3.0
917,3.0322393288060696,3.143135454277838,0.31645122886740273,0.3263129717012465,1.1881404666217574,1.1871953938744335
918,3.610210930775934,3.6450775464041456,1.4606337960834956,1.6840132266159442,2.86904798660363,2.540277615014734
919,3.6361043349998288,3.46138084876907,0.8474518453992554,0.830576741914651,1.00795066082835,1.0154710598241257
920,2.488893131032794,2.5312469183985886,1.3242160234129434,1.3443227996808258,0.6290926539044468,0.6777923296708525
921,3.635081592083645,3.3336100808113502,1.0225481073805416,0.9054112817365705,0.21312743100478015,0.14943167808636731
922,3.213290266418961,3.1646753523731785,1.610616620681918,1.5896608608675962,1.8020199337634777,1.7991983484189185
923,3.3770078910177546,3.7245602123871757,0.7379638822414478,0.8979821217791868,1.9587923763536879,1.8242072132432678
924,1.9595899964132433,2.021579517518402,1.7154792456631134,1.7811102271056682,2.1078598841497396,2.0692152212473607
925,1.653513714918227,1.7109458634954207,1.107350233310581,1.1168593495857069,0.5823417701624357,0.5188550560788987
926,3.9512288455360034,3.8090760405280655,1.433103317874828,1.4860603762873486,1.792022878575176,1.6607007090704797
927,2.0994625641675517,2.0523520499061765,1.1576811119074502,1.1270665740813273,1.1107684032903282,1.1168335488030117
928,1.9433881584475985,2.0073231168477226,0.22451337909442157,0.2628246102865228,0.6236880529318771,0.6561580168160446
929,3.2748772744419568,3.259407209956395,0.1665415182070348,0.1,1.5693882899851639,1.6981654353834421
930,3.1037010635075317,2.9972342879740914,0.7271453381543849,0.7272711459209922,0.7861718363194167,0.7854752053437639
931,2.131975996174593,2.2204112895675694,0.11193097381141544,0.1,2.7630708870120935,2.9197766496106907
932,2.2363535957786844,2.039400452548706,1.3153842087387222,1.076683854470973,2.8823428251018046,3.0
933,1.6491044056053732,1.7209257207882447,1.0338129230498394,0.9486383316608522,2.7671188893932754,2.820581199828438
934,3.0949045220165337,2.9155682609521953,0.7242514272816198,0.6670142410513258,1.0690161932756936,1.0102885966251829
935,2.7270053870709194,2.605328776330107,0.4778273735984008,0.17236171369855285,2.5884794556385584,3.0
936,2.5186129143164133,2.5463411218967127,0.9970233267108359,0.9691870745156299,1.7735835060398921,1.8259073379145874
937,1.8521852740119589,1.9520965617191455,1.79870044927854,1.8469938707220142,2.649657677813308,2.7062199786149517
938,2.6798420847497537,2.4602208432819426,1.766631260790959,1.6453233102667326,2.047364307788268,2.0931224085785174
939,3.4861892077707175,3.2947232613981337,0.5050517224675,0.49014017966804935,0.31726371632691563,0.2942577621806958
940,2.3025201686185275,2.3088690748002128,0.7138328423852266,0.6708571096509426,1.612897308021521,1.6108768771853577
941,2.141419220776581,2.1872475693247795,0.19328788349214218,0.1,1.6524435324101123,1.8717319254976248
942,3.757188244308292,3.3047612513929194,1.7875817136762011,1.6406716844293594,0.1176443251756043,0.15578785832628494
943,3.4036624217281766,3.422491829890235,1.6351630685173177,1.543430668227758,1.7034057575615458,1.6526078056454987
944,2.375262811556878,2.17229558333733,1.5183734134918405,1.367476729418892,0.2793064238998739,0.2437244502510775
945,2.0501660750461865,1.9591678245127424,1.3504827006626499,1.2515725931170512,0.2814249578083583,0.30053875434784716
946,3.8009421995494836,3.597091311537034,0.6443928514825134,0.5935738881895046,1.650425741954313,1.6557008881982853
947,3.5297705355014832,3.5536051670097177,1.7345563903455468,1.6793135931260728,2.5283301225055244,2.6291306480670054
948,3.7047025788612435,4.0,1.5637670101013903,1.6187310794501042,0.6322279993247937,0.599394986529673
949,2.399042540283565,2.3413444898637437,1.4991109678406578,1.4439087843033704,0.8729323195041454,0.8074728291979366
950,3.437935443722211,3.522684360403917,1.3138677457255419,1.2746228942406612,1.9029978715641982,2.0760734713473954
951,2.1355332200905695,2.095352637715687,1.1320890585065715,1.0632002840110448,1.0881539094179988,1.0279601580099131
952,1.7845978734107861,1.6942414307116043,0.5823889130873642,0.4896875004066221,1.4773191428686578,1.4565878335443176
953,1.8572591042065119,1.9298107499829804,0.36043329050211814,0.4685319528291264,2.8845934747586934,2.70442738391427
954,2.7095525632643533,2.6782891304794494,1.9878753276111851,1.9672715429616823,0.5365276609648035,0.6004137556739414
955,2.6761523966965344,2.8707717930059893,1.127261475032532,1.155796978666662,1.572579505940739,1.5169103095818985
956,3.368881065370057,3.5590856315771644,0.6850268701972574,0.718929764655261,0.3513165878883132,0.3591401557712406
957,1.7689494814128022,1.7810807055090276,0.6940512813824404,0.6716188509442118,2.7080744352022705,2.660936961202614
958,3.9410674141952167,4.0,1.8284562425457005,1.8741602891515579,2.90726090724994,2.8121130167057355
959,1.901656990073935,2.1062422434457515,1.2607635191524713,1.2810981143494393,0.8800909542267812,0.878910199016405
960,3.7041023659541055,3.5711206981006107,0.6875460235636818,0.5707262032371097,2.156510501657097,2.3686917099313978
961,2.4101038907582604,2.6157395648437016,1.0372679652473453,1.1228439648356074,1.4865798295255455,1.4732459883679485
962,2.872138331147763,2.7951048243864727,0.23040679498122654,0.21738790615884826,2.3828716305942006,2.3927764708740833
963,2.2412408801680974,2.1621266063927496,0.4844483523044747,0.48709421906711386,2.7980559933499123,2.5881079448187347
964,3.83092899567502,3.8362831663063246,0.49674246803978583,0.4579679924514136,2.546448530535867,2.6105346000896383
965,3.4882010091961426,3.4310112052458037,1.3403375309581416,1.3058046136778565,0.35386501319858865,0.3444375887590744
966,3.309856459230585,3.458912060013419,1.2398949468109637,1.364879535104955,2.5595504813798513,2.428267001236045
967,2.2548863633873832,2.294921911748213,1.4738132774830737,1.5305627118424838,1.6936232136251728,1.669833003913706
968,2.504630473876738,2.6149303587256263,1.646374076558702,1.7911186812537168,2.379179885693701,2.324712739364077
969,2.25066774156746,2.4868542261601636,1.6731878679317154,1.7300851713989673,1.4100256370532789,1.472908543558787
970,2.8014078673151794,2.568453003277502,1.0437389861612174,0.9264478649755502,1.3456548852527503,1.4678720393462787
971,1.9238572868909454,1.8753154877080092,0.40972969129437975,0.27951153892626135,2.785707934878543,2.9675784767669313
972,2.9235151036956735,3.1617941311934525,1.7910690725226772,1.8566166539516278,0.7540918085335264,0.7700440411242244
973,1.9549226490935687,1.9693885031061598,1.274392477461746,1.2208676109953573,2.258554225674434,2.1798328025987503
974,1.5650522297386256,1.5529834008424968,1.9976017695007224,1.9311341711820882,1.7216534436710278,1.7891580839792585
975,3.1283125447208158,3.2726868713974437,0.45317808964610207,0.4546609381747631,0.14916508693256247,0.16265688605544734
976,1.6380324651091034,1.537048642624407,1.0457772024240222,0.9963392670723629,2.5621260109715447,2.42516804833151
977,2.1610703876594113,2.1196637202856183,1.511624197979562,1.4490232532694483,0.14639594657707355,0.16609511883328762
978,3.8327951298773226,3.712772438181856,1.669307095209669,1.6507708281190894,0.8497004327388761,0.9357951942335048
979,2.790760732816129,2.8635826706919705,0.7285219035481908,0.7414369843449016,0.9315043102717312,0.9096730851631262
980,2.9886275046800215,3.227405164082828,1.459688815176064,1.545392233461255,0.5570800845036998,0.4896726866181664
981,2.344140501699422,2.4392592972682756,1.402976495944746,1.4048558729589145,1.7340012986038111,1.7213970463278796
982,2.8909062399565713,2.89012983714353,0.8116281779242356,0.8217343072415465,1.2538148532812938,1.215776332862554
983,1.9828860005440538,2.01607232244566,0.15606372608545382,0.1,2.6223976289203774,2.8073490577710007
984,2.853235060391096,2.7858261544566267,0.22530631271198276,0.2692476387752527,1.5970310604907958,1.4935405379522941
985,3.390369201137946,3.911497494978792,0.6419498311022923,0.8462349559286915,1.8908597888472105,1.682030819862174
986,2.5475756667809053,2.4491002811144367,0.9662315412182909,0.8779391141728183,0.6992295570670458,0.6319231730318007
987,3.8181871832284044,3.5234374168616855,1.841936782365595,1.6978927769852519,1.8084520878002501,1.752987599778718
988,3.274970111934027,3.2056015398202042,0.49217709118312125,0.38067139205010536,2.8469709736228954,3.0
989,1.6434037498976968,1.668401034157058,0.3415612676555918,0.351846996249013,1.1324953579080137,1.083313191303696
990,2.94595375771719,2.8436761499919405,0.8463465107330057,0.8215530542885262,0.8264807584805322,0.8441683470399195
991,2.8541772380933397,3.159675423740907,0.9342271788807115,1.2002522226631496,2.931008218808103,2.7302234633676585
992,3.7638560843641855,4.0,0.5118322293363029,0.6550568395984955,2.409550024216306,2.21407089128564
993,1.757533388308446,1.891081400713618,1.7018558231027505,1.7650673644265713,2.285501289982088,2.2974275168587868
994,2.17417354771162,1.968439254825822,1.4432266247032979,1.2945750275327177,1.172585030583991,1.1325624722033976
995,1.5577589531885934,1.5882263251281752,1.5009172238069521,1.4547354523498854,0.7307719720742155,0.8536145525791854
996,3.111345934649548,2.79008099690617,0.3784604807815032,0.1,1.7997602936260055,2.1837825031642093
997,2.442516710359747,2.647317821361161,0.45267811447396133,0.4598360828181453,2.7081083735877463,2.8382630032211997
998,3.3151885256111306,3.1552387770540062,0.7242361604933447,0.5449221771004263,2.7934397345753177,3.0
999,2.7670436677794847,2.7432927285877495,0.3930822004477952,0.375606459065766,2.105861406458573,2.1609830216992183
