,a_true,a_estimate,lambda_true,lambda_estimate,delta_true,delta_estimate
0,3.367542410506813,3.53213902649267,1.108898980021496,1.2287831938377698,0.803860834846211,0.8137172130063243
1,2.0285069669640574,2.165968639090986,1.840881112611196,2.0,1.5838077211145338,1.6047828658218957
2,3.759700656022414,3.632682885706139,1.7169087524196225,1.625137351998723,1.5212087831258718,1.584200213610399
3,1.917304949246804,1.9725383944377344,0.4413295342594688,0.4119525971573868,0.8457095040509943,0.8254488994775139
4,2.9970845080975743,3.4168996454138494,0.789907450055983,1.3742783673717691,2.9400308763235845,2.669843592684229
5,2.7433194562059513,2.6402340382671308,1.5521986386980529,1.2772868464621383,1.9163125843412911,1.949692229545138
6,2.73435007356294,2.6397771541340784,1.3314900116402175,1.3455119197758831,1.021735052232168,0.9334757375744118
7,3.6573614434795454,3.6160064062934314,0.8251563574421801,0.7276835826760701,2.081514476902236,2.0640303326365563
8,2.791161105362439,2.906224948828788,0.2756258843575063,0.3039049207141764,0.4401865552929465,0.4506322228661829
9,3.7223033580409983,3.6227755701061617,0.846743972418885,0.7238362417851046,0.5426669348558425,0.6144644475377486
10,1.7915656561282345,1.707328065870665,1.016259651819897,1.2219694328783608,1.4162465693034487,1.339123210514412
11,3.401146884509062,2.9822971272972567,0.4284300507521036,0.1163916682465215,2.137582695903516,2.299802299752171
12,3.4409090751230313,3.4397355637268436,0.724755362656269,0.7504361874120464,0.1141985365471245,0.0956302239899589
13,3.6250679145089775,4.0,1.3433521538552622,1.0328863501420418,2.112605822564124,2.392079525677058
14,3.569519943670792,3.117857111789669,0.6738749909386604,0.2209435169947735,1.8531435830618963,2.2154471117780363
15,2.175911156041866,2.427077652465445,1.06930092563923,1.2258084416033466,0.6983515804791659,0.7334794684526582
16,2.7596370773808614,2.4009802857350446,0.1233289279951203,0.1,2.9719595365516027,2.8768337324007796
17,3.684366518342428,3.886904576041006,0.981402988865442,1.0420480310130753,2.407772671899549,2.459337946667963
18,3.330563788821931,3.2249442840985254,1.3853156097500714,1.1559604834166202,2.0491560880255237,2.193335703082615
19,3.861378097429769,4.0,1.271135190697679,1.3289473112702015,0.942419321150514,0.946821658517155
20,3.327956263424201,3.161699786342283,0.4372856883500913,0.3813745565993293,0.7705460661111427,0.7746792202099975
21,2.564299746743274,3.833925798665549,1.0394753655497058,1.894131291339206,0.0080800617978821,0.0094761193529514
22,3.20448540363378,3.0343781021379597,1.3123579002614,1.1054742684095278,2.866758117488561,2.9890187313159498
23,2.1656753503261483,2.315471673819,0.8331967803133682,0.7707120008120202,1.129906545581294,1.226733675315995
24,1.7420885102406334,1.6472298897145334,1.3118007483468308,1.259742725653903,0.6857621664378439,0.5462882108167411
25,2.2941490167004903,2.358171456827873,0.202045916386423,0.2374860781034011,1.412288908853967,1.3491144326434272
26,1.9090338992984075,1.598944748580562,1.605345006191102,0.6687533462485677,2.4056273930621974,2.5892443436638812
27,3.256121169004435,3.409008943621787,1.424054500925307,1.5746018376112976,1.5285039026959713,1.3469012647405607
28,1.788296603099942,2.027134968750587,1.3304563930310798,1.764367820000332,0.817036278865935,0.7930602214363375
29,2.834686717193045,3.876193893413025,1.1540458610429678,1.8487224917215912,1.3701679032009897,1.3617043597320804
30,3.644693563987471,3.77901892796308,1.872599475254497,2.0,0.9306294078724536,0.8854939309344617
31,3.91850391573508,3.937208351280814,1.1672055044676124,1.022211775580634,2.1536946508513557,2.2319843329386257
32,3.8021265371641872,3.720284464855608,0.568062222842995,0.4831535750842285,2.375415589901904,2.533500731052822
33,1.983480832301644,2.3714932952011756,1.5645373673613308,2.0,0.6918706475504555,0.588490454821307
34,2.984593093489639,2.984076297402788,1.4925636056198972,1.5405328610241775,2.346012617368398,2.357052889959141
35,3.909885258076841,4.0,1.2335738441719797,0.8879689393264893,2.7001655161324054,3.0
36,2.973220257745514,3.085474686156349,1.4470675495606553,1.6392877729439927,0.3767200821307658,0.3379399371846295
37,3.4936000178837463,3.9999954555762214,1.411018113074915,1.56454310662338,2.891095181184468,2.932279363091758
38,3.107389430617663,3.1100667330794924,0.1120947232011331,0.1,2.6548355315905297,2.674053114586847
39,2.0509782896957924,2.5393184547610854,1.1903050459382698,2.0,2.7616915887258946,2.662169020500552
40,1.9794506777117296,1.5,1.881730594382233,1.2486115456199895,0.2180884329800504,0.3142099440942923
41,2.0599749866886476,2.213624853813257,0.6836053158013315,0.7060235315813563,1.9660269086978912,1.95094270443642
42,2.804806439237427,2.691324246144614,1.1494954345496,1.0357865862554605,0.1082182757773885,0.0755764152609358
43,3.4477067883903576,3.3850060753728783,1.3485264414929437,1.2704475877498085,1.0257497301793812,1.0297666017793
44,1.5246432533254912,1.5,1.883994174959267,2.0,2.9833228666764335,3.0
45,3.808899235163377,3.721335919254927,1.8259204753342009,1.6735361453049715,0.507060895032919,0.4876883521304966
46,1.5920087976657171,1.5,1.5248932439808265,1.3276337801781513,1.582490972029761,1.583217147328704
47,2.483514275816026,3.2148726931387137,0.8238675116708585,1.711729052509805,2.8612012909488285,2.612338234855618
48,3.035856290311178,3.0898560371106836,1.971565473656216,2.0,0.6701360029824848,0.6738891604845126
49,1.961535187857704,2.21511860099435,0.2880331416496092,0.1831811233497661,1.625752953452583,1.9252146813323103
50,2.3442047676482174,2.220884118212013,0.271341155174389,0.316243865251843,2.4057033864041317,2.3944849991252752
51,2.012442012608654,2.2087612900571885,1.3261266088249652,1.4875425932107849,1.2026186213047794,1.1390285520211356
52,2.3504906044664207,2.496644860991513,0.7428414604477813,0.9782560365266444,2.8959351320236597,2.75985516950356
53,1.646976740084537,2.083891626725021,0.5480808666138145,0.9111770790492364,1.3414268870266286,1.3371590444135162
54,3.7615444431247305,3.4478777358813364,1.9120415869984753,1.477110798807746,1.1939459652007565,1.2221391183725423
55,3.807633630921411,3.6849613751489505,0.6354394061071971,0.5423835918841,0.7769199282504452,0.8304601722336964
56,3.52682394998456,3.560970511499842,0.5720426530803386,0.6767244687530245,1.2289937490980227,1.1356947747605977
57,2.565423542261559,3.093819809623897,1.4622894753944644,1.564771156197455,2.57783853237708,2.618859276497128
58,3.3193685428187765,2.76344941389905,1.7125264844697663,1.2647649326781067,0.1809941742455152,0.2052559594293688
59,1.5499237035549938,1.629824736591555,1.825044688688089,1.8019512595394536,2.093143472435048,2.0826883487664727
60,3.733467715586503,3.596472594366234,1.220441812666235,1.2615859961103533,1.8242391817075907,1.8566206488371924
61,2.5444397424460443,3.1050740026623,1.000714105346428,1.6387308569645187,2.107771134054336,1.9432411597859265
62,3.412101100684572,3.055717609940237,0.4244205972650838,0.3360717891516583,0.5406501111745746,0.5281801627484817
63,2.021880814784518,2.5144994240725573,1.5404128832806594,1.851367335542118,2.016381721517985,2.043525289858125
64,2.918102827354639,2.4870207733504666,1.3121838316888186,0.9867990493214008,0.1475175739597115,0.1907959332506922
65,3.621290854790553,3.7561598638432465,0.3684211928695727,0.3812911147903156,0.596335314332271,0.5741821897150682
66,2.432802936957782,1.861254497560186,1.4664565547220445,0.9034054133832368,1.8136198481081016,1.8109367741204807
67,2.2439413393298313,2.231522466957847,1.614012115690934,1.5950631531262691,0.1925355122233624,0.2353938725275972
68,2.5628689484339877,2.693582005072769,0.7692427378170045,0.8121605296567068,0.5286990273284414,0.6146617770908183
69,2.1542355467716168,2.460495017098179,1.0025227545345878,1.11366735737271,1.6428741437275944,1.7565778031469048
70,3.4629943368610308,2.726842298492852,1.6154786179125549,1.015984995455151,1.1131015271380835,1.209613314911274
71,3.635770225556037,3.779455339284526,0.1354484983058964,0.1616171358512829,0.6081325009313665,0.5824086034776942
72,3.3721570057873307,3.8736219975539288,1.3257185012548052,1.57599267439975,1.3624231156342226,1.337630196447624
73,2.4233892453235892,2.447668892215705,0.7361939896745231,0.6938877238363599,1.7636159165554828,1.7906207425882088
74,2.0379030295963654,2.135882607458788,0.115681637585967,0.1,2.782031241830026,3.0
75,1.831639006257816,2.1020984912747096,0.1607054190699105,0.58373300802297,2.606398215801002,2.3219054028026735
76,2.0225835620865524,1.9755865555342256,0.3413617450724823,0.2571475347435058,0.9489084171810276,0.9860499854317398
77,3.409642647514551,3.231810056555363,0.4942795457808527,0.3605566911914639,1.096332342486189,1.1450697357597128
78,2.8106830391636493,2.53133993315933,0.3857125232278688,0.2578188033181849,0.8060746145820394,0.8588650321044125
79,3.861918960049356,4.0,1.300486729770481,1.2870594856201976,1.0090491754647095,1.0339366924724156
80,2.135904048664349,2.338880074486431,0.5893822892098306,1.0016577931619162,2.58583681933963,2.3323283347415016
81,2.9749207215758258,2.9048073932059353,1.8196196245070264,1.72667487047681,0.1791651107798006,0.2435229959245719
82,1.601253693128984,1.5,0.3175026582858744,0.2962305139522423,1.0515146218215323,1.0701352587572424
83,3.780172713637485,4.0,1.2345226112021324,1.0371443557939233,1.6603473591780682,1.7845063127776002
84,3.432299654358616,3.856365164962192,0.2783616130023315,0.7500019566240267,2.590510426289743,2.159173056780844
85,2.194109265380239,2.68452672099843,1.5017327326684402,1.9424356720776697,1.260750720539192,1.2686096318081552
86,2.2452067612145896,2.388429462788166,1.6794439538070254,2.0,1.5115487264206866,1.456322067704374
87,3.532258599302334,3.3320457080058414,1.9737523770061869,1.5904789860565156,2.7022945581671203,2.8437030587468666
88,1.9128233292152048,1.8720464449901184,1.6620996691826673,1.9103529639250287,1.8204578089323609,1.7144871114652145
89,2.7850046647858187,3.217727981090301,1.9161815461376144,2.0,1.472660840909659,1.4024925981276728
90,1.6841272978779418,1.6173267926946566,1.4308745218595922,1.307940806184332,0.0069327568779666,0.0388843188903469
91,3.8116078644201306,3.8245435879800698,0.1015975177637551,0.1,1.5254674178739638,1.4780899568524946
92,2.2971478991115517,2.2295028579745706,0.6368563621934369,0.4889644504571446,1.1956208795272731,1.277961059590191
93,2.04088043405635,1.814590746443343,1.6819466080880987,1.2243743628360808,1.1198153716101809,1.1588509476722664
94,2.358734936898929,2.5666148760362013,0.6620555430762203,0.798991854788167,0.6832088861070106,0.7042578733319204
95,1.9884545403806473,2.0420012767141733,1.3068881543346065,0.9561106821126868,2.1395982399341538,2.3522628253056213
96,1.871356260921164,1.54872254475399,1.4811995230288997,1.1493971183177876,1.5299071318333446,1.5473583457660198
97,2.577508502916683,3.1445218293790504,1.0030462752320235,1.3451914614399492,1.3617996603250064,1.3294684355790236
98,2.0114068454247196,2.015074967765518,1.2526339019078927,1.2489580144808656,0.8305879524674709,0.8043380799357
99,2.019245176683798,2.169657297893486,0.5500442917845743,0.6107914422794188,0.4259266789208845,0.4566480616646435
100,3.7460212988859225,4.0,1.4438180819242161,1.6988861545930345,1.7847915581041898,1.7654967783445514
101,2.2484014070526186,2.4275356114372197,1.8888476959010498,1.99999067735487,1.3507964005314266,1.305668328345154
102,3.415338220440953,3.1836203375852934,1.761292673494909,1.6175721927236322,0.8224562205099278,0.8019695670159385
103,1.5369533793291525,1.7099066429073284,1.3485585669928817,1.487608102283859,0.11838536933493582,0.12521993188370154
104,2.843614772096802,2.7150696404897143,1.1816692242896387,0.9828424629280008,0.884763112477913,0.91070573429342
105,2.1238447924823958,2.427238391779807,1.9950491914981188,2.0,2.8577337038680524,2.9536740000453636
106,3.130634447454283,2.612571784094117,1.0858249691860564,0.8684374297419111,1.237989801039921,1.2018823001557355
107,2.9745190276949396,3.031224313735526,0.6178932718400872,0.4762322372305826,2.795985230964863,3.0
108,3.8638114050262677,3.6231218084566104,1.429650283239799,1.3271343008592145,0.3786055616254944,0.37394620629878994
109,3.450010624630907,3.6225867332755626,0.5271480067352476,0.5540621975427419,0.6999332526797929,0.7273928312067157
110,1.565176138588661,1.5,1.2096977542025227,2.0,2.370209746537705,2.3840854422885704
111,2.4497551562107858,2.284460885873509,0.503309856699569,0.34681065636873826,1.8076374389808982,1.7981036107639674
112,1.8350603822016274,1.768253914194963,1.5637347709181995,1.5540157300002098,2.3329682978989776,2.3015109723120224
113,3.076316307725315,4.0,1.5330635776147223,1.845096653127166,1.6356062773434215,1.626886798509797
114,2.1501886661365184,2.25496566638399,1.5987874535102615,1.628548780794546,1.1108782618435562,1.1395086583900278
115,2.900429271386658,3.2535800280243494,1.8388150475994898,2.0,0.24925868097714166,0.20765036734520312
116,3.6427415429498953,3.5930350745165094,0.30994633567462465,0.28280482961562814,0.8210749759651572,0.8266289130153055
117,3.0368209176473107,3.4818756987650623,1.7551617182452623,2.0,2.7140147434138737,2.8098587385896963
118,3.8687024845952993,3.7599355426373378,1.8086490258812298,2.0,2.4676456298461003,2.453246954155063
119,3.027261134017043,3.4219823505288027,1.109567970517605,1.1260062429880664,2.8440479513119374,2.8846795569416788
120,3.943998148533801,3.78092067983411,1.9632711050719167,1.8161934709882541,1.7214591441634277,1.7954687389884425
121,1.6646440896210166,1.7930981343627397,1.6541454629091026,1.524554031977369,2.9639824362249003,2.9513117241840305
122,1.7403779989101937,1.6792907795355134,0.15133956001585255,0.1,1.530810771522758,1.5614108708148886
123,2.3237308440501843,2.2952889623606727,0.9183361890319888,0.7571781866714387,1.850150889230944,1.947666672206111
124,3.510541375493223,2.6890603348410185,1.3255071050636553,0.35319748161794867,2.3616368675662303,2.836640612359593
125,1.518025469412164,1.6988662277704116,0.19901291894649303,0.32235237422737306,0.09348327315794358,0.13186633242682236
126,1.602216914749425,1.5,0.7209496361974076,0.9111572397204574,2.282077696343727,2.259306375399202
127,3.023354036173398,2.877676532241319,0.9920632547207517,0.8564095831468935,0.42008498870801625,0.42182487266434004
128,2.571511192024034,1.8772901117558047,1.9049276260972061,1.1235029964773362,1.543664331653796,1.6012502558150883
129,2.061302459227974,2.258410070146871,0.1730821298999377,0.2273665716594312,0.04566432704012924,0.059030680773881156
130,2.2139566255841117,2.1972521346861336,0.2840760334381342,0.30658168598884594,1.2096174432297104,1.2116290295450913
131,2.3809924256922805,2.417503853954333,0.43024036540154664,0.34137014796091947,1.7328813041145765,1.7894515594326
132,1.8308045037981786,1.8488906899471147,0.24394270963759726,0.3364059894866475,1.586503495172707,1.498596381808488
133,3.9963074934993714,4.0,1.9553660278545308,1.8207514202590651,1.0327808013065118,1.059704172125165
134,2.7018274646098863,2.764691344992744,0.5959073661658025,0.6032010612085327,2.07102151139848,2.005648642915296
135,3.324462412862046,3.6882461046370016,1.9318886069608583,2.0,1.8894182188863866,1.9908115889164741
136,2.414104197261909,2.426082058256011,0.8398980145562913,0.83558842910854,2.0172926983567403,1.9257813727040602
137,3.644647574511661,3.5571329069562334,0.5692776879343441,0.5558762128238881,0.376718214190524,0.34397658907468176
138,2.211436129585817,1.7724503774129698,1.0565577524894278,0.6944531539228469,0.33317196374415003,0.3648880186141881
139,2.1243620554401152,1.9486749847598084,1.598601582629586,1.1585193628088937,1.2104073312433097,1.2541739596943442
140,3.1871536238081704,2.96288658627802,0.3180034921419085,0.21443762700970226,1.7948307811181734,1.8218334950821062
141,3.0743625014738063,2.9761821584262886,1.3125637812418751,1.1949008784752588,1.0590892105222007,1.0313217323802224
142,1.7663761082983793,1.6269489792664626,0.4031116550906775,0.29144357064537396,0.6665051871568749,0.7158984646410306
143,3.1803952731717384,2.956165784668687,1.0733293034037574,0.3826475315099962,2.4074748503566155,3.0
144,3.425304860084373,3.6505901289806135,1.7441251582667596,2.0,1.9781266782848925,1.895422329450381
145,2.8198671003453164,3.352703780480221,1.4596532932226787,1.8406951861719227,1.066186140857273,1.1428157183210066
146,3.5416175847841007,3.818459937695344,0.2767359082503598,0.4100191259381215,1.3769708157098377,1.266616280504159
147,2.6048682121018776,3.309710695076143,1.0952604169422018,1.4542895919075056,2.449024568366544,2.40682097639117
148,2.6914990320602743,2.492965207650635,1.840961726417071,1.7042988743243301,1.85242995461455,1.7840198506228697
149,2.7838430982618725,2.933417578647684,1.3432105727604908,1.3478854959109847,0.06784424227454744,0.07545060595011659
150,3.053684394398649,3.0566276557841734,0.8206668711498787,0.8723278009803005,0.7621674407607233,0.7108228221971007
151,1.6504509173216304,2.052189942750331,1.9257221172515904,2.0,2.6300896841012733,2.8228957528590413
152,2.371127478631818,1.9895998241625392,1.4320488989463893,0.9780780699080124,2.7820583359792677,3.0
153,2.058732215953544,2.4914254124658797,1.1750765291814098,1.5336407554936065,0.4943214452875626,0.5150089540254866
154,3.9622431374877705,3.5466579827361118,0.2679664433138203,0.12178516214823087,1.2498306332649889,1.3515101774269065
155,2.2739095007848995,2.5627929893246204,0.1268056049915664,0.21598728516839033,1.4212064907879345,1.3263820044268855
156,3.339123425599064,2.579721160436781,1.6930650986173235,0.47606008605821937,2.3739552224636373,2.9328060081726997
157,3.7391599604945336,4.0,1.0993216048429009,1.1505443019136707,0.9166636642465062,0.9979203260438546
158,2.2788758371322353,2.1290972868170073,1.699287221150125,1.2263635873187049,2.8277824039283317,3.0
159,3.0858051542261764,3.6736102265755624,0.5511352610720205,0.7440733886708908,2.972584818861148,2.8909380301638055
160,3.758903908442299,3.0162535536514006,1.3586088928151456,0.7441075795489237,1.3933537926972557,1.5593670580520005
161,1.8429816215898318,1.773009554160575,1.8202710742305648,1.2838903014404806,2.095903701256871,2.122846302614389
162,1.5267303532205747,1.521692227971221,0.382744463821599,0.3610975382073567,0.3828506657605235,0.30612508890883516
163,3.6902697135294065,3.8307387638694523,1.965058896025899,2.0,0.5839061435888869,0.5864884615725005
164,3.840742761569761,2.9731096728855984,1.3388739709731783,0.4009007902344587,2.4595355936167644,2.9999959325010295
165,3.071504301277833,4.0,1.5457576160465079,2.0,0.6826175515131936,0.7140176620748118
166,3.601004802568261,3.1644424548289,0.6862706473011091,0.5794048313346418,1.1521813656939925,1.1266325057248225
167,3.431631114888293,4.0,1.307884780786834,1.8850381557876055,2.5764384368927047,2.4355985591294362
168,2.4125360948915433,2.433053327970199,1.7460214654022426,1.6548734711751052,2.406471112565681,2.4264693209075388
169,1.906547155947282,1.9873335482833345,0.29743756403610017,0.31094827703705097,1.4908825024594434,1.5455111644406494
170,3.755887079236568,2.746233746640735,1.8597255478107935,1.208620668248126,0.012392196470172645,0.11021424203252396
171,3.4287818568253825,4.0,1.4588678385552336,1.7141051975434685,0.6466722572703345,0.6527398027229329
172,1.9889222553619879,1.864419968396219,0.6025721065192043,0.4651679686404439,0.37197012415429,0.38488383807198756
173,2.2181637000631924,2.159841112580201,1.1431973725962559,0.9460995394617465,2.0133269113687073,2.0872416353021856
174,2.3476025159609364,2.316708846062558,0.46871791971730137,0.45170698095762024,0.2998010180296735,0.2652823987651013
175,1.5960467341767244,1.639741321957724,0.37923845331168937,0.6134593611009385,2.39787976393304,2.135743905834659
176,2.1263888177416597,2.204135667939343,0.931242258722283,1.1333821389090815,1.7996764405038186,1.7042149907569675
177,1.7431419843014826,1.9248189268108424,1.000115391365133,1.1513577419140595,0.4358654820362676,0.40532331363773566
178,3.721768888890117,3.006212743860558,1.286700238158321,0.8293922961688175,1.028022247196684,1.1497932466535894
179,3.561061352634661,3.684956579104561,1.1996171082050324,1.2438260747811365,0.6608676038796911,0.6599797011061359
180,3.065846273488747,2.805226610658517,0.5993292733613527,0.5092578788913228,0.1849028841371534,0.19052877164620383
181,2.653222388246042,3.186906855163085,1.780194529970862,2.0,1.4904202176554076,1.4342743814467813
182,2.4356178613271426,2.028688762827803,0.8238391157566091,0.5483631688573969,0.36148237885204004,0.3630133634584867
183,3.0658427161242257,3.6653399661975357,0.41589736329138705,0.6952568304220402,2.0664494744478454,2.0608915205283873
184,2.2999371020965684,1.9659780399531104,1.2583052390910823,0.9820168302364125,1.74486698898672,1.802800801187451
185,2.131261892867367,2.5593881113561046,0.9288584787750611,1.2535441470003394,1.602365882153697,1.4987739243355531
186,2.968127798275958,2.390847582212185,1.5694094675645416,0.7930944079803285,2.6754961624747584,3.0
187,2.4124875900679097,2.4174056866986993,1.464936482761969,1.3063890092131107,0.45956537462779323,0.4639220025947316
188,3.9235037539926747,3.522774021829094,0.8839167652949973,0.7626471838584404,0.9012169701352913,0.823596460483189
189,2.9833968096785446,3.053322357264154,0.45918362212183184,0.5052312525000047,0.7221978036010627,0.6632543783075525
190,1.970630204932296,1.5388021681847681,1.8300770323915123,1.18580148663641,1.0279870062432326,0.9996440484348016
191,3.9939255731837537,4.0,1.8772750108805791,1.8434146768669004,1.3019396121080846,1.3480965389051263
192,3.3735256307270993,2.739426960120227,0.9103739014000514,0.26694735324643704,2.591460151519488,3.0
193,3.7373779623405396,4.0,1.9690957966778402,1.7338189803597206,2.054994380257013,2.1504769550465435
194,3.3736526320476847,3.719193601069667,1.007624665008797,1.063033554888143,1.6150993061562682,1.7500704569558465
195,1.6409529733965944,2.2121468490097813,0.539711804529342,0.9610358910955152,2.2402866766284557,2.253970108853046
196,3.7588529435722244,3.86367485489809,1.5646746277581869,1.6139492544601992,0.35324556380247274,0.33770018587620465
197,3.276930346227967,4.0,1.0235764052547445,1.2330090184363867,1.8738651832102118,1.8562768345749474
198,1.994158802308231,1.9372571339257658,0.9835673608990008,0.8422152848311999,0.8025783014664519,0.853363034802587
199,2.1786891281986076,2.511632778630875,1.173584848080537,1.3734443415945694,0.9338171804288457,0.9582043975381052
200,2.7737043254550553,2.8379712125577314,0.520409529944871,0.5345821119147209,0.7024283059822827,0.7289723686580049
201,3.6998756497497323,4.0,0.659072302300469,0.8695619963493225,2.3151578330671723,2.1400767690583757
202,1.8134525720378856,1.6069490944750346,1.2651647140385296,0.9638798336033766,2.6212995396795176,2.7869940622703697
203,3.2705524103000885,3.54966818831113,1.8474493767042348,2.0,0.03529415351231047,0.0
204,3.012662143483723,3.0216043029433255,0.9330227948219164,0.9060170246655496,1.7810966750589228,1.789858680189642
205,3.4979774970004383,3.9091387291301003,0.790706138158011,1.038065805742284,2.624772116175911,2.4630432555758213
206,3.6544929080272865,3.4089738282734734,0.2722200993809487,0.20170075161528242,0.8892117496795806,0.8776678734057322
207,3.5576307797577935,4.0,0.8732424463159625,1.185349983559722,1.5765911024430683,1.491618342067505
208,2.115864183042725,1.8960145417227199,1.4991120699525031,1.1675712488223564,0.7920146576633608,0.7912008067102699
209,1.5116804518850941,1.5533866276490882,0.42359013976098325,0.42267597290396436,0.7560727533015362,0.7007737675792326
210,3.7866962125710852,3.402885781170757,1.3245855651371798,1.3515354247618723,2.5352380512188963,2.493234515873185
211,3.7970512000619694,3.483235071798758,1.9560816855072927,1.42276079222082,1.665632559691005,1.7580642033401526
212,3.5487670053780325,3.5602149058205206,1.4897028995278256,1.4044133228252471,1.3669616000960172,1.4730659816293379
213,3.7747606997055048,3.739738870041756,0.5348702587819327,0.14301484507432127,2.4021345903141205,3.0
214,2.4152826253129946,2.516801303818916,1.4412877075296977,1.4467506563615342,2.345737415609024,2.4514747008571023
215,2.7954265523603765,2.716047427097568,1.9368221024589853,1.7034077690744946,1.5679975674351119,1.6026553769186398
216,3.867847690091195,3.480646501219586,0.3414309465431008,0.264509691850718,0.35979846220112943,0.3688475872696129
217,2.5325694428576346,2.6565417148262513,1.8605623311789554,2.0,1.246876144803577,1.2171302954888874
218,2.5463580949953615,2.355933544341634,0.19323786315381655,0.1,2.5657447906044943,2.7295122875032134
219,2.4653680121630135,2.654001055005957,1.845498222806093,2.0,2.866326083359853,2.8406191582249884
220,2.518503624161558,2.2704272377838146,1.8275103466740292,1.5928563493628283,0.009678425820762504,0.07237456730922262
221,3.85514641442868,3.6291885651847817,0.6036773910972406,0.36875770271831065,1.606063699478854,1.7667516739408191
222,2.7391935896272823,2.574915205698578,0.16958444131487818,0.1,1.4980560321866778,1.5293792225717948
223,1.81410694311495,1.8741813890645513,0.3208849739404247,0.4055876554406119,1.1487405405252158,1.0577170147895905
224,2.304912973860062,1.948995756742504,1.4286573461590504,1.204679753994064,1.2323056876480698,1.2611248238010053
225,2.0268288481266152,2.7822183206727047,1.489532452369411,2.0,1.3152346958292527,1.2683415488969532
226,3.5832682699688663,3.528383525011823,1.5684904457413573,1.5212943363594573,1.0866991714284033,1.0839851824934297
227,3.6303784012119906,4.0,0.6952918200062439,0.7083722927647915,0.2926161265674109,0.2891636203033414
228,3.1757013763761885,2.8963543686301776,1.8038767069541017,1.565193955826347,1.3955385281201471,1.4625646151453378
229,1.9521639923260357,2.1493120627450604,0.3457707335152327,0.31698163012647745,1.8056532669219656,1.8755167945375582
230,2.681080473398039,2.2984823609963665,1.5964409866440539,1.1853610966262935,1.5113402429599858,1.528926809227606
231,2.1862733289712537,2.627310440226557,1.401671609889275,1.8819236816559028,1.5625145201844892,1.5419111367567897
232,3.091913774570426,3.3275546081540064,1.7520666002508034,2.0,1.2771113057667338,1.2364757362602312
233,2.487763699452623,2.8840047649840512,1.3189226373337948,1.6247184946367792,1.429229818877104,1.4463038084356041
234,3.4546406344915725,3.4885942448277065,0.7971294187675555,0.7712342634219866,0.5939956661793818,0.6144968578965989
235,1.6466434610455019,2.062172092518116,1.4627848772940588,2.0,0.11043821264242215,0.13497334803848185
236,3.866618769783951,3.8287300993802402,0.16338334037445112,0.1,2.6602625460863645,2.861702245925639
237,1.5738571651157147,1.7146378849662842,0.7953771521191458,1.369527442414715,2.615875475344012,2.243785745457414
238,3.965096178714845,4.0,0.7568281506902775,0.673190538034362,2.159970555013536,2.3338030786464943
239,2.396485127406332,2.467259479096786,0.5632800770496481,0.5424176946143445,1.6117854678220551,1.7542724332450716
240,2.6026557411245053,2.3243336404989767,1.1040401079467246,0.7957384113854221,0.3351526519952298,0.37993904980553106
241,2.1598875646875095,1.963436212772417,0.7440517092343574,0.535705512924554,0.8788183288757176,0.9161564898320124
242,3.7443726954135133,3.3133995847862194,0.6347311863681454,0.1,1.9744986564816998,2.7226220167273683
243,1.6166003780176441,1.907186419825084,1.6633626175042164,2.0,0.21520393772795,0.3022270166720807
244,3.4347855190387593,3.0127091288169505,0.34593357966285077,0.2273756925698314,0.6495429085875345,0.6526898276823854
245,2.774144811949114,3.2657539737944807,0.23965991402725104,0.39260888345995304,2.951599586181761,3.0
246,2.1137477016577284,1.8486424021363124,0.5685788914968544,0.36443816865624223,0.8838202411942849,0.9325152199362078
247,3.1119112528285573,3.2529671707578394,0.5375547976999068,0.5483779908506916,0.30983755365018306,0.2954379966328829
248,3.6708856006816992,4.0,0.9182450688394215,1.138691553699748,1.7294842529687968,1.678254261261503
249,3.6293429295457145,3.575075663714733,1.609721898108987,1.5060637842683573,0.7680370466816354,0.7986298689107175
250,3.6403615546485057,3.5072612320734793,0.5603778038315776,0.5175326386741194,0.1739797733613292,0.12925841253614123
251,1.622727970348511,1.7110665181599671,1.4485004456734911,1.5218865981314877,2.956691663720996,3.0
252,2.1020336546965703,2.126834157957625,1.4517322276160662,1.268406332257311,0.25218525585749396,0.3151238620112997
253,2.4442346144862306,2.6224735629113676,0.9231914030230599,0.9641335085656504,0.8051492194023864,0.8233844807918879
254,3.5522561257468093,3.712289230163662,1.0956381120060315,1.0979134425699324,1.0644942641220663,1.0966660554242764
255,3.283668519086034,3.329071245466199,1.7096969791880121,1.5703089407114712,1.1235175694246373,1.1432123011631818
256,2.119050402620523,1.781661158612219,1.760429643058509,1.3886325523684429,0.9857407279287566,0.9739470866459277
257,1.5860053503772893,1.885148862255622,1.0039189338984238,1.3284777065634388,0.8642053586041089,0.729765311952403
258,1.779309973859059,1.6782698050647251,0.2566170076172304,0.22473498072867482,1.1908797738821055,1.1145677859981926
259,2.1665214472323555,2.671274620556737,1.40228913956207,1.879576986444944,2.4038259145434635,2.270544670774826
260,1.7278495753208352,1.5,0.28090795332220364,0.1,2.659336812289819,2.587812584906724
261,3.422670202280864,3.378323419651939,1.558799116244958,1.387595254755106,0.5908304921558412,0.6025902237912777
262,3.6500229570170144,3.63980059926148,0.8616157118441679,0.9079310174412665,0.8728066586445445,0.8297226613469927
263,2.470286090443339,2.535731828184028,1.7360957865120374,1.836725260530704,2.0065378896038837,1.9234677109007923
264,3.74509312445703,2.663779174626867,1.454850054561837,0.34044854544858505,2.4960927183427155,3.0
265,2.615960764179092,2.569474334043745,0.1632954113918435,0.17127852951219058,0.29347559906523524,0.23390583610118848
266,1.8414107560099466,1.6528544740845559,1.0540119447570269,0.8535549534424958,2.6353945303837296,2.6366428467323315
267,1.5984184174519964,1.7555109024127107,1.8340734251294248,2.0,2.0471696281091596,2.1450407002579777
268,2.6904056550840596,2.447500196235315,1.6151553939948222,1.4163084980180372,0.6110772830503496,0.5739014394536458
269,3.9128201132806666,3.7212058604768146,1.941976397032712,1.4461154495328048,2.3594748180308622,2.4346775439277586
270,3.5688518751377956,3.6575565805193904,1.0913976174949833,1.274854721460247,1.244677552263941,1.242270604440201
271,1.5597777724640705,1.7382084834027902,0.3170212964739819,0.38756575444298896,1.6541702708394874,1.6819229210637798
272,3.6936334450722237,3.930556066343764,0.8763590985947136,0.9396892871515169,0.8076204149778052,0.7935742247056843
273,3.551471429709094,3.48380764564061,0.20734911985751187,0.17759762870255397,1.6091320733441332,1.5526752197711966
274,3.5584196837807984,3.4129118171170036,0.6755673766978008,0.6206779109231781,0.5944861522263291,0.5938471158036367
275,3.638282990002844,3.82717110778711,1.854324503199511,1.8067165917674894,0.3660957998544806,0.36330031591571244
276,3.1617022674935726,3.099877229954054,1.3991927451473405,1.2193600709389187,1.3177675600103251,1.3125914692087712
277,1.605261091970408,1.729227311588846,1.4417147479853332,1.595413178338149,1.9109713735687233,1.9675447415839338
278,2.0500379078198114,1.6735566354591536,1.833967072249204,1.5160122370832962,2.2153520161877887,2.0818582020258463
279,3.030699317308766,2.9967287540967154,1.9332531940410436,1.7314616299482866,2.7466160990418214,2.6964641217236163
280,1.641740573799747,1.5,1.672679126711648,1.5251185146990534,0.3357003787155636,0.3696276326986375
281,2.050597437885172,2.126296408045827,0.518633132395293,0.5283538644603569,0.039548298998279496,0.05197395823376127
282,2.9371383501349118,3.1133792488631866,1.0813943149462752,1.1766217101965128,0.645582663223607,0.644598395983923
283,2.2259448010742178,2.268175820315372,1.488682664428812,1.4191604803244078,0.14442638326127977,0.09245625069212299
284,3.833156586966,3.591623775560712,0.19521323897650406,0.1,2.2150898505659775,2.420615071758791
285,3.587049085491647,3.2245730908460666,1.0952003931594136,0.66579214736409,1.8122139990034842,1.926541760125725
286,1.9500407717891561,1.945391770074233,0.6296037956659768,0.5070982723709668,2.540187796098531,2.7976600581113207
287,3.0019968684787193,2.8361820041147183,0.7336290148533366,0.6399363912238243,0.5508183210907528,0.53719946942866
288,2.547441550353584,2.33549549576133,0.5716218321349724,0.46501397658321847,0.01180143545931378,0.004756917578059144
289,2.874482307849142,3.2833521895648894,1.8671691108423252,2.0,0.2689468307114291,0.27380193012921955
290,3.2085868158930904,2.891205616255595,0.7180324113932293,0.6319444162164647,0.3923503512664024,0.36112857981940455
291,2.4592953144276297,2.6666328179168044,1.6469943094146908,1.6637017348525243,2.8324574749272826,3.0
292,1.8436764708551787,1.5,1.9678107171032906,1.4135045362431933,1.0407336967771406,1.0607441014428258
293,2.1840992622520576,2.295076821491682,1.527616639684998,1.6191168824160742,2.0732027209885837,1.995183124423754
294,3.357263483571634,3.125771576856132,1.2817306059047133,1.0654739081574474,1.5269601220373843,1.5541524579110462
295,2.538056061092021,2.5627491050298485,0.6932576562463841,0.7925321001768011,1.1079290333801926,1.0832047479815228
296,1.8946338045024436,1.8379591209968695,1.692575549705775,1.5990683875930876,0.07822510284637363,0.14279647394174702
297,3.1420779288768514,3.5511380894105975,1.3166938035102054,1.1756935387785268,2.038314294272501,2.1864529739469756
298,3.5681696922629973,3.24241278841769,0.4061389374681905,0.30735614559916813,0.9200144448065575,0.9001360746178189
299,3.6229002207726118,3.3787081302107196,0.6743856307044842,0.44593709031137146,1.4736432244835493,1.58488440254701
300,2.31901419926717,2.3691590151238766,1.1077477394449613,1.149436780168984,0.0809257668872343,0.05858725952549435
301,3.9122158690615008,4.0,1.6318520788765183,1.5892237797472195,0.13146993050373257,0.13724539248317674
302,1.6231252937080984,1.5,1.8924646281305313,1.5768987625954551,1.460228282494442,1.4800126683673853
303,2.734871992821975,3.143352804027625,0.37776207349137547,0.7300107013242311,2.004358376931096,1.758255103475048
304,2.7059756599251297,2.539435405073055,0.6508999274528364,0.17247933090554707,2.0638083207944486,2.684580670573041
305,2.2499568668855656,2.555698521035327,0.23551326486791282,0.44834417449709024,1.7850695757181465,1.6677916641362867
306,3.827156599137345,3.256565869444251,1.4126000945969226,1.0404332189686003,0.34842060756300697,0.3675739086516043
307,3.648850836624977,3.430342769403126,0.1804419187743584,0.12812551962242238,1.1161701071843348,1.0132845201640774
308,1.8823428854239226,1.746516767675703,0.4710164847765941,0.35986103755446147,0.9623476936562723,0.9278027051302183
309,2.1335839831693226,2.62512728631907,1.7398851353076201,2.0,0.8030769672368098,0.7542789593591356
310,1.8241944448176646,1.9014373256941153,0.6638838935170193,0.6607728258905848,0.14644905329126146,0.10849873512815393
311,2.4838018222416367,2.5854228260110754,1.753744666107257,1.4442433851942673,2.7615953124440606,2.943899845951407
312,2.705294430870289,2.018122963717895,1.8564468517944208,1.1589985258021551,1.1005947523595039,1.1630391196552143
313,3.1720043548228913,4.0,0.41445236580938927,0.8746860170882335,1.8385438528818074,1.7040034241981548
314,3.3841456082582537,3.008661275243895,0.7673689422052261,0.6565273027628459,0.018338193274715198,0.0
315,1.9156127611900107,2.0790681675847327,1.4999853978382083,1.9155850079898595,2.471732433984932,2.4326600298848526
316,3.3240578047195424,3.0418499041697995,1.3926011184865847,1.0910346310302366,2.137623309960864,2.2096196272773363
317,1.5176614438443425,1.9249166124571424,1.0574104896440275,1.466266107115338,1.691498053552488,1.7120260069870785
318,2.513237496722157,2.0743953490349676,1.60223338893808,1.1895751924975684,0.9451981029061551,0.9761351059229816
319,3.9897618740743503,4.0,0.5977779378700679,0.5466362279585124,0.873501402787806,0.8423811109575173
320,2.263130628662023,2.026557782574126,0.4894643105867892,0.3910722644141223,0.6046687849636203,0.6050093972593611
321,3.9860954342706165,4.0,1.5780413246522897,1.447583947269692,2.046663905315853,2.0600104065990292
322,2.286129514677455,2.1395996777618307,1.4266122970678448,1.220598269184629,1.484428531834456,1.4779481125691991
323,3.4420832680501476,3.471870665272684,1.504771064304929,1.4515288356466118,0.1410312212737701,0.12537054558760338
324,2.8477513442962787,2.963328663537436,1.249731642832879,1.6473795587941302,2.800631909902638,2.719946194202266
325,1.7686720205653705,2.3122432925718868,1.5578613346686474,2.0,1.7396107348762362,1.7394320582368128
326,2.5283239637683774,2.4026332965881165,0.9125845850453125,0.7550160606273921,1.4853380332192572,1.4995161363948994
327,2.113679992765382,2.0679594081368213,1.827244005243512,1.633998748679025,1.3886824819934565,1.310319891595071
328,3.4163447472014408,3.4038420073368485,0.5615655999626588,0.5689324449990579,0.9815076393171966,1.0294749718979253
329,2.763670418836788,2.5276625993724835,1.9679445352393585,1.580751472941989,0.9266835892048647,0.8282496398140557
330,2.9502810290613564,2.8012086235582885,0.8936099070480062,0.7780381947774029,0.040857098131020786,0.07468167156183908
331,2.047301718370571,2.500583609964864,1.130197911605381,1.2924310471320173,2.2839592833492817,2.506547034701435
332,2.3957316010281104,2.2179495583772892,0.9165391852083286,0.8428778312527071,2.411029724803337,2.361929932064302
333,2.6780290071465216,2.496200909633673,1.00050124001864,0.3276781713147286,2.2049823960318786,2.7242805727399464
334,3.2797897755943928,3.1231461912699503,0.4308350351240685,0.2746684715128367,2.5132542784710656,2.649871912774775
335,3.232958785412491,3.137943533205383,1.4459977515836344,1.2387848193890032,1.6558236196714755,1.6671283587870527
336,2.677735551187478,2.752093724234195,1.422020242125998,1.4648411542073543,2.0140082040389324,2.0518128646119296
337,1.7063547640052557,2.0376600715062123,1.9626100931648278,2.0,1.7496029547319183,1.6930167829837133
338,3.528155351922868,3.1999200275261646,1.9719324381524717,1.6887499033580329,2.923946010510937,3.0
339,1.868979765451118,2.222618234821614,1.6050144313540664,2.0,1.897124808532276,1.896361843004353
340,3.7908858953105984,3.3938940687059933,0.800648535513847,0.7269254967093179,0.6201257460075459,0.5677382364039354
341,3.7616565164552833,4.0,1.7749829425437305,1.926559788243309,0.2961952587101053,0.35339411329539844
342,2.0981925256166063,1.9547178306529784,1.4872553774238575,1.3173241075986817,0.12613360641222715,0.02170224886889688
343,2.7616625715019936,2.7704703164123266,0.791961489432208,0.7594858222623762,0.30443321576896176,0.34490682506296755
344,1.6500394526493056,1.6528767060699767,0.7861042740726844,0.7728841637293762,0.5529246244803475,0.6569992375803319
345,3.047967387912249,3.1247428997759568,0.3057707615091255,0.35716161766381355,1.6755835930788159,1.5749219557374763
346,3.2734888593253175,3.060109495182729,1.9421168979468793,1.7240434752822686,0.8364581035092258,0.8692358425127533
347,1.5035955308712992,1.7282529828895437,0.4089169537738403,0.6077658512099193,1.7021943421222354,1.722826488945343
348,3.5308735367551436,3.2931831047166455,1.848663443459817,1.7440621590748127,2.640674456930117,2.7305518460274394
349,3.726956800781683,3.963134206552592,0.8706062382432085,0.9051468744730866,0.5039012584426042,0.5342925724359227
350,3.274077742063769,3.057112504385747,0.46328149070982194,0.4134483051535564,0.31143114177552067,0.2953945826174651
351,1.5749805577039595,1.6581403258420873,0.47020649688889204,0.6726574982607254,2.6523928981554437,2.542735272280419
352,3.3212526704058964,3.149848986198092,1.0915763365625963,0.9977844018572073,0.28355133130989074,0.26551066191845524
353,3.313427443376039,3.4528848697534387,1.4660723580330686,1.3216516573751191,1.1760771183729575,1.133976173183216
354,2.120772844434578,2.007428354800497,1.0014957860228015,0.8714978923369041,0.5577890411272076,0.5547182987900333
355,3.1252416497448503,3.7077000041743324,0.6239018000480292,0.7910085848770738,0.7478146001534032,0.703339878965868
356,2.425457855122646,2.5102063482729027,1.7228107873751537,1.7213926761750946,0.1666530268691756,0.198232191057405
357,2.354172648319948,2.3626655101041463,0.9479976951901005,0.7726471690665934,2.1941347915425897,2.261830041731005
358,2.645328939523966,2.5052156851676757,1.551324035719792,1.3611148465519776,2.1183638269543046,2.1366681096697095
359,2.917557246307968,3.2304891461528915,0.8449439357809387,1.0115197408105643,0.7863386532369655,0.7392182710323465
360,3.1269405876333476,3.2135467925933066,0.6851504844814895,0.7447157764895852,0.38437161365804695,0.350374264588636
361,2.941570733762613,2.9393754899145876,1.9185876155215718,1.9787752009577804,1.6055786010023678,1.4723105586424072
362,2.368909482185187,2.3296316669720594,0.47581186750627436,0.5424522225003671,1.5805717894389035,1.5645715423373148
363,3.7879868247684967,4.0,0.13975726279875444,0.23286700968958737,1.7196733766825387,1.6315730238847115
364,3.1221005522846355,3.0529457519359786,1.1424873859517648,1.0254287408194125,0.7252429955225327,0.8328580008498774
365,2.031168780734491,1.9474708266042586,1.514808016185465,1.1175934686432005,2.001797062906108,2.0065864804382625
366,1.5786141062149024,1.5584780430122436,0.19001002829847335,0.19303258741447635,0.2365506330313576,0.2700782207964184
367,3.6584279196173144,4.0,0.3630088363099089,0.4735407757793749,2.6173688739231054,2.631052984774352
368,2.5991663369227833,2.8163399784789083,1.335013170999339,1.6496105411571533,2.918279743628574,2.829306428697096
369,2.3207920816356964,2.571259306707731,1.9366775175178168,2.0,2.9777538672694863,3.0
370,1.7809342504620247,1.7532172378672413,0.17916252714986217,0.16386916879862834,0.23462625443035923,0.22041300836259425
371,2.7753881175882764,3.051845302230916,1.9571494764031716,2.0,0.5521243489965035,0.5470197960785246
372,3.876185476306229,3.313406369628527,1.5784690886076673,1.094210302959163,2.2203549837243823,2.31532884213658
373,2.5248661191092134,2.8353361744750623,1.3673550552969622,1.45386400579236,0.3154292464789692,0.3541468706349649
374,3.222413645512301,3.206452307439781,0.34615456363650676,0.35095269613042235,0.060822796295021964,0.0693969722809518
375,3.3144634560183754,4.0,1.12749164423887,1.3818755189857275,2.9762816044644373,3.0
376,3.1318978104375366,2.9052471940812357,0.464677854483764,0.41916169191612257,0.45114261849146886,0.4473011529566378
377,2.979402635898206,2.9278507470136748,0.6531818555858159,0.5917056834750928,0.20942947910733345,0.22112080682493934
378,3.4955973137796224,3.4524545823715376,1.2431050844156555,1.2812551669067478,1.1996443662377048,1.1375514522188424
379,2.0283848130201574,2.1166404020577123,1.1797552583134712,1.346863280598143,1.7023509306441005,1.6282588667889761
380,2.6217591815931383,2.175332384618127,1.1380197395002816,0.8103152034882825,1.2148562486158025,1.2542494702760625
381,2.184282447785691,2.158293518100843,1.5590664388615285,1.4244736477358633,1.583174976181365,1.4818372600183305
382,3.3828096299892803,3.8888028611140433,1.068596847487793,1.685929808140708,2.4161870215718553,2.248349166818713
383,2.841418141403671,2.6524689052313994,0.67230455888302,0.5720214225164783,0.10060768774997153,0.08728428211983091
384,2.7900628070737037,2.332786603655426,1.5947482829042803,1.1766212436653167,0.06624166829474565,0.01742654208562885
385,3.28222061988525,3.829913491064098,1.5706833828593774,2.0,1.69240265619927,1.6602782291691167
386,3.066422263340555,3.072943952747407,1.6461324827218833,1.666821058699615,0.2005135785370583,0.16945424561989725
387,2.7136365108591014,3.222317726532897,1.5477695820112736,2.0,1.6269277283256138,1.536156786297975
388,3.120348744743368,2.870164213554424,0.6592555583425946,0.6244664409013607,2.778601652649913,2.565056156513898
389,3.0747523058097492,4.0,1.412042327877004,1.9956129357633636,0.5357733129186025,0.5097331106005867
390,3.0337184398036046,2.8178702682661774,0.465414794538782,0.2905120383997548,1.5610931160077837,1.7345598812382117
391,3.1474376488323137,3.121702937444824,0.9281805028538778,0.7728581808700222,2.8746234796317003,3.0
392,3.335849221489365,3.074433128843576,1.6863026840989543,1.492085284330006,1.2427507492620435,1.2257323438609191
393,2.6461182029662167,3.1960858631772733,1.0681909592530472,1.3109945661177231,0.192812987420674,0.15454681009452823
394,2.8110903952871515,2.785705336398358,1.9027013486273772,1.8568171661348862,1.591554861859292,1.5906443876598915
395,3.6374165419116182,4.0,0.18752964756205986,0.14065407007248587,2.7903181683975284,3.0
396,2.6973455712663235,2.3853271848040665,1.7912674693992192,1.554143285105702,1.9113989414706551,1.9399207654124424
397,3.680610802753649,4.0,1.1755691201028304,1.2818571240385015,0.4911831434309689,0.4690792040390946
398,2.2057554614676556,1.7979763564960778,0.9083195462128898,0.61255015432835,1.8657610912387295,1.821746948351873
399,2.5558565036850243,2.7348739434125813,0.814557376435242,0.9522116385419505,1.0348662533058106,1.013963238187837
400,3.955176298462176,4.0,0.3979668962462999,0.2735273957792204,2.6187875287983076,2.9249454821689485
401,1.6204690080756854,1.9475732937776657,1.4405505713998723,1.9025795954344389,0.5192254694390279,0.613564187806277
402,1.7429184607317059,1.6846252162230768,0.7431979962522375,0.6623189369255551,0.47086462551775665,0.43777719027570133
403,2.3277322451612914,2.3408029805702197,1.7880325889948383,1.3663402642884204,2.5943097492121403,2.6656179980144805
404,2.542299745344205,2.0639118165002106,1.1476224333736464,0.7425484444787607,1.0503602023901175,1.0642518147409665
405,3.8549980508841966,3.9784296685235434,1.337775849613499,1.418942520414174,0.8547838903733228,0.7867762697647978
406,3.6958273866064824,3.6339971039433845,1.4762312834261677,1.5081450631670839,1.8640013871620447,1.8333606709212402
407,3.398196243583151,3.686294757707192,0.2589251970900994,0.2856695655983897,0.4394257880736747,0.5051639118555995
408,2.3493438178132227,1.9456873282067628,1.1461834266710538,1.1443392819679583,2.048545510160743,1.9755655883345145
409,3.172099577348015,3.5780134666879837,0.3976564168468125,0.3781133888633486,2.227845636722523,2.4546970892230005
410,1.798103100045336,1.7391818533361385,1.7223666711783223,1.4192998273919657,2.495261664648504,2.5494672284265643
411,3.2999310017018244,3.3106474863451183,1.785059952031186,1.5802314480655149,1.600828705030048,1.541918502152871
412,3.1078123792213415,3.1693985215156064,0.12529348765108306,0.14321010056693817,1.0632891494442183,1.0815379443835382
413,1.7384159517610687,1.9381452872484477,0.8208183251294315,1.0208643817570664,0.23321458262036787,0.23281085041450283
414,3.461603156655461,3.1103413731000313,1.736889835199644,1.3038431183063783,1.9528287317634256,2.094391883692619
415,2.4934123008816647,2.7152670456719243,1.4087324217852784,1.998950456650449,2.50885225994349,2.3962164363354903
416,3.058976491273772,2.490527404184393,1.5717887982061916,1.0197283262077337,1.5529601549759247,1.538015255687248
417,3.402423180206334,3.355864038778963,1.136732280857863,1.0225949489982813,2.94701966536593,3.0
418,3.8208569883918626,4.0,1.5999316030611312,1.8225545480200362,2.3671775389046634,2.425524762329889
419,3.3265927147936356,3.7983219878163434,0.28298081243261897,0.34384740748608356,0.6356823878315183,0.620516984971759
420,2.436894301257781,2.251665434100393,1.7564804156344869,1.5661087970093166,1.505248008243353,1.542491435162459
421,2.2774137229696487,2.6331554229755434,0.6602511239097548,0.7482408805809794,1.5586962097621053,1.628561793528581
422,2.32780711537438,2.23485384225985,0.4452533861275747,0.1,2.4801040419223526,2.848153669030021
423,1.7393119424443397,2.029690381589704,1.2283418940671318,1.4565632884332542,0.32839634326413336,0.43287777837860697
424,1.868183969802169,1.574233730776519,0.9141188691789784,0.5125743066213407,1.9819893858710105,2.0588205285911427
425,3.7295810817684125,4.0,0.882298944873757,0.92680066716923,0.06301488202033678,0.05837394865529179
426,1.8626643967703784,1.882780789144382,1.3535411167529858,1.2459716589044922,0.89847370398472,0.9437980030813943
427,2.3000229797109837,3.1237324060124676,1.395658734688086,1.6666640120461786,2.0788664578634912,2.286092239134338
428,3.032881414205386,2.831989571435578,0.48025211043748084,0.31274166475132076,2.7700476261917233,3.0
429,2.2244670038562315,2.5119739275462813,1.0012385239284973,1.3230911329624464,1.9635121773882374,1.9588757983135117
430,2.35114395629874,2.4476069003147,1.5228468548933904,1.619633280398752,1.5299053649961853,1.4384250872495024
431,2.2645545738564286,2.4407451942985716,1.8451620298968967,1.888395695066602,1.1635750893678232,1.2743871109364933
432,2.5395023026157038,2.5011800284949097,0.6679182525331576,0.740681000356467,2.287190278751849,2.189928100075449
433,3.810550226577379,3.3522670493229856,1.8650433644296245,1.0683281471604165,2.274638388769911,2.53525343948484
434,2.6614028629655735,2.283033153577601,1.7440224184836655,1.355305184386618,0.1286297850116579,0.17572234369828701
435,1.8274166728611994,2.0568447970411428,1.0265431317718023,1.316155569901089,0.19376859133230995,0.21078290385422063
436,2.4076060996706294,2.4567929385578227,0.17158821949053202,0.16893290413078627,0.7755909682908999,0.7919518077540302
437,2.8528006359498326,2.9359308679934872,1.758005949121536,1.6938673642141435,1.8546637258618386,1.8176628143457765
438,3.8498078371111255,3.581934301754109,1.9944786420941094,1.7313140759015602,1.0786215360438334,1.1365799928968858
439,3.897597233194248,3.79131825815282,0.13532747409654353,0.1,1.41383588585565,1.4576393089759574
440,1.8413252701294525,1.8180839410970002,0.5243850087828478,0.1,2.2380937559905,2.734035034780971
441,2.383219534416306,2.604993747485652,1.6251893034202,1.726986270456581,1.8604086802886703,1.9366119388161678
442,1.7881515951001394,1.7450499808430382,1.317295855559423,1.279615623976085,0.6384041402481843,0.519367680421806
443,3.2129561010926673,4.0,1.5890416161864258,1.632194722676958,2.854206906435892,3.0
444,3.6120440690224296,3.2458620711182444,1.3948518124303313,1.196854628003677,0.2923949659736673,0.29108044422853263
445,2.9639162320961896,3.304591910536177,1.929982255988506,2.0,0.2905444305227366,0.2848949370554835
446,3.115162584700487,2.864684359931904,0.7485433515165346,0.6157524454688976,1.972951701305003,1.9797609255337627
447,3.661446702812926,3.842584525762857,1.177174753226542,1.1711583191994483,0.7093686235116213,0.7501031580113462
448,1.7413103412372017,1.8860768606579164,1.176637963353709,1.3575809022933774,2.0941144994623455,2.0396517216713597
449,2.676008037240361,2.7766772618973135,0.8532018351842501,0.835690748241886,0.25474277377425614,0.2584422808064555
450,3.6889323693266887,4.0,0.7618318963932372,0.7908907440584295,0.8890929999339275,1.0027791198667697
451,1.6439663369913307,1.8389790060289428,0.8905504038981017,1.0658957938463163,0.04746619190928214,0.025854540578623002
452,2.1333113193235347,1.6810896929133314,1.4347016954560714,0.928306092016103,0.8612385703893874,0.7969569827354872
453,3.1332815270297316,3.1434162409425146,0.7043801422928757,0.6651716043148234,0.595703232469595,0.537024720015323
454,1.9235654240421238,1.8232780761594336,1.4940229571068395,1.3393663941763894,2.9388728344961987,2.966935626808068
455,2.776150032422304,2.5233365866974533,0.9620174628346636,0.5114677328956427,2.8289510213156315,3.0
456,1.8196811283649708,1.7570547984780744,0.11160765596123269,0.1,0.9658959277894738,0.9697945462879813
457,3.7289594113277915,3.817479903038355,1.8851357780767737,1.768272760594926,0.20572418667292347,0.17145727518685883
458,3.0870275769978277,2.7381231394213668,1.7842302513750739,1.5233153470412624,0.9823705672058864,0.9554401113551313
459,2.6717922047139098,2.747890741234047,0.6980322804661893,0.714044056714246,0.7726003755151668,0.7680026421057308
460,1.8174488568587206,1.6382382747155095,1.8993653555727044,1.3325476751671443,2.5761831053655317,2.631110318068652
461,3.8622493745559767,4.0,0.2057534414022373,0.1339900972643195,2.791084367536522,3.0
462,3.101857132065012,3.305643192839328,0.6955489745250181,0.7449677745235216,0.17766192432767602,0.16540306982615813
463,3.7144457605235774,3.7608805160320666,1.6130819791710225,1.4674549349950168,1.116175957144116,1.1295959601071712
464,2.0253404921886182,1.9928666788855272,1.3145789905823086,1.2654598077334587,0.38961760820496116,0.4452415891622368
465,3.1682253596580807,3.1021217562080867,0.6321418008232063,0.5731722002024681,0.4731838472392452,0.5330938956862762
466,2.7185027057662747,2.9308711855066156,1.3793601134213842,1.6395634533774945,1.26684741507326,1.269020923350554
467,2.519457555226587,2.858739406991681,1.4765197955974696,1.7894421773938274,0.353419621690216,0.38729653905888456
468,2.3988739497774096,2.1062497680949326,1.4701821237398842,1.2739971631680744,1.8053527492032158,1.8368852935261057
469,3.635008514678383,3.4995930993682554,1.7854379043090647,1.627043360026154,0.1758345948254889,0.16458386534048813
470,3.513060830719361,4.0,0.5128286877939202,0.8039153857915479,1.5428917841123475,1.4884934344716692
471,1.6220239937032317,1.7633236130070884,1.1378604656288196,1.2359102913040296,2.500889705330321,2.6237278055452986
472,3.891049618902226,3.4882265277093802,1.9422844494853002,1.6186462116203306,1.3774293769017394,1.3623122685920688
473,2.7482742898859067,2.9110482629370895,1.8119019399314276,2.0,0.4262888649187033,0.4083258490443626
474,1.7176541586624945,1.5722877209467776,0.8747473290453094,0.6340683705409912,2.365493245895955,2.396017573974984
475,3.9971311771079314,4.0,0.3358353785226029,0.31974369934721786,1.188442211895541,1.1924980129805953
476,3.992788155698107,4.0,0.8500204611888459,0.8770363709577229,2.0936056397122575,2.0894284434047057
477,3.8715338777729156,3.9312343999057626,0.8172456010848306,0.6978745817059023,2.2898509217672887,2.4657098587290442
478,3.8231948799480766,3.969114716089462,0.776044316662319,0.9232614659503499,0.9450825573440765,0.9660886757831831
479,1.9716968735599345,2.226082116583515,1.5384724069529736,1.644245638560992,2.3982074383330243,2.5137487716966973
480,2.4231868490954627,2.21741645518264,0.2967799563575146,0.13715454844161287,2.0975619900070033,2.268610743892741
481,1.6813085857379684,2.1233731788243584,0.9565250797865898,1.768124359039082,2.801517487828971,2.717300160003048
482,1.820129710995729,1.6541427210498605,1.4416821681308547,1.1060855386662458,1.820305681950284,1.8885963422445506
483,2.871994335492772,3.571095931666044,1.4666586834780784,1.9303452197565705,0.5931560625448631,0.6845332302211418
484,3.4138728938294998,3.420617595333883,0.7030391498863257,1.1291085151528386,2.816838932570963,2.331866858648455
485,1.7136075547781002,2.333955473053847,1.2656657238900415,1.8212294575510213,0.9331688804803656,0.8593851720351119
486,1.6904736851194242,1.8187276918979633,0.8826129152107618,1.0361150185806733,0.7879736009882382,0.7522814729673705
487,3.1531352806797313,3.100140089159163,0.9875241102899571,0.7369386247539939,2.757098067019748,2.9576055952059965
488,2.8735233311985757,2.750016907696256,0.87179387563765,0.9038821206034284,1.9682296926821754,1.8575950043831093
489,2.328321976992511,2.340922917862424,1.3376706270492678,0.8072994403354153,2.4266661675048495,2.820679161794945
490,2.6427099224343933,2.238789320507714,1.051296823991962,0.5376864145773529,2.547886855815966,2.8403875695389074
491,3.923966792502242,4.0,1.4100627339934948,1.5829102372573385,1.490510308012842,1.44368720291736
492,2.396143958420023,2.0967937400553303,0.5437641672772814,0.5036400906608677,2.773331211736299,2.6875418336207106
493,3.7095492664496543,4.0,1.5811840814934643,1.5157756689853392,1.6999327704446348,1.6735631461199683
494,3.547146000222205,3.1421324738018734,0.402898470846879,0.18941897610940805,1.741108272435021,1.8888983358146696
495,2.5299306027139385,2.6530765053834484,0.2742434810806226,0.2642292615380292,2.962731830286094,3.0
496,3.6642647489558455,3.721317577459121,0.8768188677999935,0.8800306236381803,1.6364640671142734,1.7111258934348836
497,1.6234897495525082,2.04931099876458,0.8959588064184291,1.310107307931716,1.6634612133035847,1.699002856769371
498,2.724370490096131,2.4004162766834565,1.4958857292663632,1.2196471709191752,0.3915527954435072,0.4501488460402741
499,1.9687000727461086,2.145093545339693,0.6254941553707215,0.7451380063091878,2.8594807642380857,2.851548227160059
500,3.0667277558387527,2.8705240099064664,0.42983988319177313,0.3721587299503696,0.373883453506652,0.3921650548556476
501,3.3564877569894493,3.5008489520671495,1.531991535212708,1.3909689232324252,2.8227032946579556,2.9336208841429348
502,2.6732443750562656,2.5935575797799797,0.42437173954981344,0.45933151697181607,1.8927503437996132,1.8241883210356633
503,2.389596760394748,2.463402190527376,1.2335603469455636,1.1568402837465808,1.705071493022435,1.8141218644594612
504,1.9208909447127525,1.548576314624773,1.6074306966526635,0.9499484728086018,1.6794304885747138,1.7000084034833398
505,3.613879907376497,4.0,1.5372752681529425,1.729654466439487,0.007011232669228651,0.06488935806026032
506,2.4172202842559143,2.559736095224476,1.8468658903010327,2.0,0.6673900603153647,0.6159871336399259
507,3.5094735232284595,4.0,1.5844602957154312,1.5039121037118177,1.4683827349919545,1.5327968804804353
508,3.043652422300519,2.229539429143306,1.378319981424374,0.6619556541166225,1.689599436653497,1.882648228030004
509,2.379364124037734,2.961082792410298,1.0488931007804843,1.673456859710525,2.6512187659871675,2.550545861573463
510,2.403611399195024,2.3300096285303975,0.19308242209552637,0.15701146572458244,0.022340010703377988,0.024378832931145566
511,1.989028884594004,2.0577856995287953,1.668515513631403,2.0,2.3386516489597757,2.1559168880114754
512,3.3345698843584883,3.536365057280245,0.12655645124222364,0.17266389963437942,0.6402178231279,0.6121802559231702
513,3.9962478943042505,4.0,1.4950076017005014,1.1778410349631883,2.7233386738419405,2.9687425150559927
514,2.3207307262606642,2.1982327878519743,1.6034985711528815,1.4521336772163531,0.505714024032354,0.5166943725212384
515,2.4090454625644067,2.896305583361614,1.111401264705823,1.5099370968884094,2.026697744716784,2.0358044181939863
516,2.4181045807383645,1.9369240343389724,1.9945209980959662,1.3231774054210257,1.4175177724652923,1.5447090359851616
517,1.9905633964360845,2.169616581693742,1.840760777094561,2.0,1.979019808238787,1.9616531971423574
518,3.62786990074064,3.026235296237541,0.7258120323589796,0.29632865332216607,2.6510822055461856,2.809872687362105
519,2.8634575903341632,3.1671711007108745,1.7076313462819652,1.7852183299906268,1.5457625194602524,1.5322104535811831
520,2.150764125690238,2.158488157503548,0.677613068198852,0.7163246184158207,1.6636516784944764,1.6176385918891563
521,3.35569378927699,3.253479394439127,1.8451870127647487,1.6217424688430193,1.5170600389443187,1.5084629809956582
522,3.0275387736123593,2.678913561099637,1.4192150188500139,1.1041339493681968,1.079878513631019,1.1197275331823884
523,2.5930525207811908,2.850299466053317,0.7990648131800058,0.9079160362549542,0.4001261457354113,0.4777624640451757
524,1.8677296718282175,1.5144807313487625,1.5449836540097792,1.0153774608425596,0.828131146984878,0.8604982734223586
525,1.8025198211127802,2.124793084428285,0.4754475403561682,0.969421586866275,2.2610411563647306,2.1446774403919386
526,1.8509849269175336,1.796770317054887,1.0800102136711047,1.0216571055461952,0.8364275100747364,0.8938304646185505
527,2.028815031793079,2.1181402256106345,1.3172440291650593,1.137827573962111,2.1305170619469234,2.1845331703889315
528,1.8476943297704262,1.5625783639507724,1.700435997766468,1.3911385483160372,1.3436870015838096,1.3659792275633122
529,3.113523549175238,3.4670310419983643,0.32908279896572823,0.4025526667034191,0.772569596966195,0.7425971441391975
530,2.4322692516723303,2.228342941807074,1.7942109288736983,1.404357542989593,2.924175225416459,3.0
531,3.150433158429223,3.2306614426142573,1.7038707309218681,1.7251776745925815,0.7226153356791376,0.7560923634994667
532,3.339417340949163,2.9581776569112317,0.3597720422686157,0.2950013783031778,1.067993265526065,0.9890354029249157
533,3.0441062143204354,3.2384159417646696,0.5436724969152126,0.7728631903066365,1.9884104346179963,1.769294381271516
534,1.6587252489394961,1.5,1.6055639365420649,1.6228659215062888,2.95542670146316,3.0
535,3.5198957677513945,2.8988988087459915,0.7141765216137662,0.5042341502095936,0.29827052439838964,0.291684144496859
536,2.4177938191365054,2.408191525065296,0.1096854782616515,0.1438207634512035,1.673727875681982,1.5513884585643092
537,2.1020259583039835,2.2661201872705035,0.3792156360042259,0.4271537451592258,0.4985506140345899,0.41731202754068414
538,2.17731795003918,2.2765581978028226,0.17931495154321855,0.11151157509781456,1.039946770385615,1.2172302118025493
539,3.91314858216727,3.2998419714392986,1.79092270617567,1.308597880544318,0.13361143679634357,0.15704051637150798
540,1.8016702896362546,1.5,0.7669642247081421,1.200130826724356,2.958484633707522,2.7487697407486995
541,2.5831414468769824,2.983077556351953,1.7128536656894195,2.0,0.8178889569078255,0.7808123976044924
542,2.995571206860259,3.0294590609525347,0.49939146324383366,0.6930328842529951,1.8269883071985995,1.6190614281007405
543,2.5719058445306375,2.4149583524013005,1.7439870652918352,1.4603836098798817,0.7506845976499682,0.7367695657640232
544,3.435552552342479,3.4187586229508624,0.18952354008079308,0.1934121739172598,0.03137544976506723,0.05009924591131581
545,1.7088522767698764,2.265642731948556,1.3293239339042762,2.0,1.680987379426616,1.74365783482045
546,3.184700400390188,2.798443466184467,1.6360004907775525,1.3750183411589718,1.7017859612183561,1.619856637362705
547,2.2307524421553073,2.8156964217649927,0.7955868956355578,1.129429371665519,0.7758865485531378,0.7634524011614621
548,3.0433851330046973,2.68143495412134,1.221120137589805,0.9474072947038883,0.6828623816794794,0.7099609145424168
549,1.5165183677959133,1.6983003164136683,1.006396726568603,1.2842450411256188,2.0864592411823817,2.0231281205936553
550,3.1362836855725,3.42549481470377,0.7264203965642697,1.1729219391899224,2.360658018499609,2.0621534718005385
551,2.9347415359372,3.2323849390183024,1.1426562749128035,1.192527900791923,1.1050513518392018,1.1627805219451386
552,2.9110355725097117,2.5330927271359247,1.1653268763683717,0.8002714045555462,2.3185052762326435,2.397393427594181
553,2.99257337168326,3.0645715348407743,1.9273650962467068,2.0,0.23082668319023159,0.19755089407573975
554,3.355394152603425,3.0733471021057874,1.3610204752434227,0.8908532320161318,2.8128910617823517,3.0
555,2.9496820915282567,2.995079515232337,0.7021278071681748,0.8373662926513795,2.10465833810351,1.9048524893635335
556,2.7352245557016466,2.4677504346461334,0.7004335322742306,0.3293003583077831,2.791821893504891,3.0
557,2.3681823479545656,2.403259855146043,0.6382921389027973,0.4368938772712819,2.4873933258375245,2.5285956389282913
558,3.1231651375833733,2.6758760053027886,0.701883235851687,0.5129902100977938,2.4158538961678886,2.533120262052387
559,2.7413307115450953,3.1494601927164387,0.3823613275866081,0.8323929470093867,2.0241034911690057,1.765940662441018
560,2.2202284167147694,1.993542468458386,0.895310121158936,0.6953879648205186,0.4031191876123036,0.4533770591817963
561,3.1447594994540813,3.4454298397870264,1.5393595373823992,1.7610605629180442,1.4029567986440281,1.3728087920241228
562,2.150853355745351,2.1060708448171046,1.215518895106892,1.1461382403318343,0.9617901839636326,1.0238337079949615
563,1.9587318179264044,2.2564304808709448,0.22052075872946408,0.3473211611961461,2.9649866258547353,2.9039876408026934
564,3.121065822535092,3.3153538201464072,0.4808087929271996,0.5378019562731017,0.1734156333412511,0.17468420584684688
565,3.703809714921113,3.6832024160116386,0.7214619163345746,0.6598358767032925,1.773515530521891,1.798799491486569
566,3.7224586286497603,3.8855986673358496,0.25210792831821227,0.32809683274374507,0.7390136811320948,0.7062371592989631
567,2.0975007611994267,2.2847332439296784,1.441590428263096,1.6867433224077701,0.6504543388518235,0.5935858423348123
568,3.364536933118894,3.304263764777516,0.6360800895738735,0.3988685819453455,2.6074039534954574,3.0
569,2.754885285237217,2.8154226964874254,0.9549224713047226,0.9467542185260656,1.7577744845457688,1.7688312936019206
570,2.7288093245999785,2.7110032508506317,0.8958601576912972,0.9383853214410538,0.35766992610427484,0.2894145244960812
571,2.8611159184447184,3.167946380592615,1.6226835109889695,1.7999550444883674,0.9243090746625495,0.9774594898121721
572,3.2881566203905845,3.003774635320497,0.6756771532097535,0.5747346426153191,0.7097816934757566,0.7431600598961463
573,3.1859123608962068,3.1086147828596165,0.398255715586429,0.34120600756527025,2.3987031076615892,2.414058298001212
574,3.3699577870031714,2.9928425487565717,0.7954048222666352,0.6564827827769733,0.3897651328098942,0.38336966815142137
575,3.8004609159933556,4.0,1.2439197806205857,1.3470783145778296,2.087018294993114,2.0515838915328026
576,2.8328141297935754,2.4227895143225515,0.8837395068409082,0.6620927059009118,1.4069123897423865,1.3556007858778865
577,3.863809198135259,3.982858271321868,1.9893185960353794,2.0,0.4465218574074171,0.39711733272153216
578,3.575413082816354,3.322410541817874,0.7318156916484382,0.6202233705689447,2.256310902999598,2.1585316504317666
579,3.976544998024739,4.0,0.2626708502064065,0.24060529755606028,2.2265785604113857,2.1069711511017277
580,2.411087317321913,2.183408607426079,0.30148869221196095,0.11896739729695185,2.4056683466920523,2.6675122440498957
581,3.624395767271568,4.0,0.8873164718095111,0.7068007847217392,2.2091569467632977,2.578746719371316
582,3.3249504229276194,4.0,1.076401607342977,1.6184622741882755,0.7774883265896909,0.779301758461714
583,3.499744041803943,3.892619139121736,0.2547359322562345,0.29239252196228266,0.6760360684083172,0.7298122648257842
584,3.9970139860056944,4.0,0.26500330275551054,0.259906157793299,1.1532280133002544,1.1669251216782495
585,1.7238968016419383,1.916751986959157,0.9717254785431911,1.2305538131356037,1.2280530959614442,1.1616451336871583
586,2.5610423860165623,2.4042206320337525,1.5362285398277726,1.319282475307394,1.5409152286899208,1.5546177710261742
587,3.599289981654818,3.5246235995185873,1.879114999775414,1.6322261678382215,2.451588153468189,2.4757575732889747
588,2.53643390148576,2.4519083183363275,0.49714355350803996,0.4401011493727707,2.2565885295114185,2.2002380415624576
589,3.7741657596460656,3.3613236712872125,1.5031973647279517,1.1550316893272399,0.058267677998404044,0.03463253655564409
590,2.673192563634129,2.9341200754785377,0.6413669708088603,1.1885878443187714,2.7517567019045797,2.485999358188575
591,3.7354730527307813,4.0,0.7825341490621819,0.80905231215709,1.6680220765953475,1.5680006759562193
592,2.884322547988259,2.776574045483034,0.5641440042339083,0.2413191634537239,1.9090099636233808,2.307676527956326
593,2.3924386366477366,3.1873095799617785,0.3286356574946382,0.9099429208258133,2.4699420767220497,2.396114377021461
594,2.8417678814441074,2.8068499392766713,0.9661838110084845,0.9681305193931999,2.752335581423151,2.6903694143997074
595,3.2881873190997135,3.2798069550042768,0.7124327445473841,0.6940228179437015,0.29267115156400403,0.29538764157677005
596,2.788235639492166,2.864039295216605,0.695214623226449,0.7636903384503461,0.19811166657482338,0.1624461968262903
597,2.708583401544921,3.104366142189874,0.10329511588973236,0.29240507243333524,1.9689971060279576,1.8819052307876951
598,2.816721900208605,2.512077579055038,1.4983688680118294,1.23976912623994,0.9068547383314439,0.923182899744113
599,3.0523513031026055,3.02132358535366,0.28927145015971634,0.23839188600744568,2.1480392986427903,2.0688531665427696
600,3.5990456270598705,3.1452786965517934,1.1939915777343368,0.7702721074865371,2.6444512903035244,2.6781445742092536
601,2.571154450156182,2.847042593584327,1.706335219576462,1.7577438332672781,2.924203978062784,3.0
602,2.2088556996248574,1.9899033878337165,1.8828997251755601,1.5513495373246708,0.040414223849798536,0.026937376510015328
603,1.533813972348199,1.517187764349867,1.513635955859178,1.4047886792102222,0.0737873059218509,0.03132359204971988
604,1.8364438022573593,1.6123926648630034,1.1602201166680468,0.8125674495348063,1.754475895165593,1.7326123155157132
605,1.7145133348749093,1.9538693377215197,1.3222533691131897,1.4671089764298646,0.2959908083218501,0.23244408287245902
606,2.7690495853982675,2.6498931089934152,1.5895976160149368,1.4175977689020565,0.10507735225899917,0.12531153151389543
607,2.5673749117979736,2.8008366686291226,1.5136690281402867,1.7031422794915934,0.09545866405921288,0.044482778553242355
608,3.9301658148483916,3.3802329673937352,0.8750815991051774,0.35542576913564883,2.3444295122092065,2.7122235817998206
609,3.225845800812315,2.964051562161884,0.7647186079651401,0.3005969312646609,2.490250792215377,2.879826933211967
610,1.6351191078716658,1.5952265772366332,1.3197484595022537,1.2161497791023201,1.562592091242311,1.6465672120323125
611,3.4720855920179337,3.193834144922978,1.6318975236775073,1.1209146845806364,2.5050112870858947,2.661986819921013
612,3.4305270279017432,3.119112567584192,1.6105912566427067,1.5261497809503464,0.29437797316560843,0.25520838728446155
613,2.6774637112976727,2.746753584484549,0.8954052810008784,0.8523958882197896,0.49012827917184687,0.4751106466355971
614,1.7319132158646728,1.6958339091024366,1.2588384762717277,1.191908083467201,1.288193294377909,1.170874555664117
615,2.96039212078961,3.1706544948026307,0.2115830894939711,0.22480236415197508,0.18966721832515077,0.23068075624444215
616,2.4880104869067567,2.357392558107448,0.38890535337194865,0.17890028104423397,1.9860068448655974,2.1461611313686904
617,3.7301276478943386,4.0,1.8852624044468087,1.9368770935487998,0.08864132860983864,0.09334686821068948
618,3.353735707904489,2.8791741242400186,0.9244376233775674,0.7930458933033844,0.6710566824001696,0.6415865409414029
619,3.750441014905346,4.0,1.6096568770822153,1.958239744213612,2.2602063727137227,2.1881733875398695
620,3.5738839419204234,2.914671102552361,1.4061518234720987,0.8794672600389706,1.3216244942857647,1.4226199597797122
621,2.708306208258608,2.7819311646749894,1.1615647777807423,1.168732589718982,0.7791704956898524,0.8007838717356943
622,3.5396324324203348,2.9517973546177823,1.335349044797078,0.8430363538994455,2.124940898494979,2.1982548713924004
623,1.5108126778141424,1.59562366297158,1.3433202186163569,1.0487088003872334,2.264907932431621,2.4529325229079424
624,2.446953375483969,2.410862168740637,0.2941793561805086,0.27926749783619104,0.35068052358487367,0.38658622279118304
625,2.543727404982379,2.6509088527269395,0.5826827391324355,0.600011415906779,1.858772774022592,1.9277827040440936
626,2.245160646401387,2.1657829147034464,1.4396709377238517,1.2910689510794318,1.8348376804502,1.8864653983190682
627,2.4393680188321056,2.709825822993333,1.9855920352649274,2.0,2.6053355190384977,2.7077647597119463
628,2.801472057919852,2.3842178852091545,1.3879464483688286,0.7515764790333819,2.6857678103829112,3.0
629,2.6719125206029597,3.0924899760516595,0.7300091768410492,0.9417195626897119,1.6727029766315809,1.7197531088231568
630,3.7928148678815656,3.5001717818385996,0.2824990133942472,0.1,2.613247889403218,2.9590980760455277
631,3.3627156715110504,3.0352669249176385,1.4799438063361574,0.5485204535724372,2.37187985023348,2.910976854001252
632,3.3114949829887284,2.934830278077202,1.397911916034713,0.9496159838442468,2.1168843140844595,2.169521029625722
633,1.5404648216407515,1.6636344715305476,0.1245402031514537,0.1,2.767351625129335,2.8796464951015985
634,3.693672844809132,3.4339862348217003,0.38683943205155913,0.22110352372446415,2.8400157397902364,3.0
635,1.5184465264091171,1.61760559792483,1.1955423059220514,1.2141838994869403,1.4851214312135081,1.4915583092695615
636,3.8453451807398102,4.0,0.41664455819787427,0.4879185284189081,1.4206403317721048,1.3362752919568968
637,1.555423686238959,1.7262931983273693,0.8318044590438037,1.017094796193335,0.7521583313381421,0.6682903412103415
638,2.7330978629115843,2.6632844710396624,1.7702495857606046,1.6950063957086232,0.16485813892700385,0.1980114053116417
639,3.067310398289959,2.8194734327353532,1.5706366186740248,1.0200969912236584,2.1263719482451977,2.383823299164295
640,2.190800797448757,2.0896356737310398,0.6709964892183582,0.611937895260587,1.1278619292944696,1.1728709654676985
641,2.5115095461838353,2.6630437897001884,0.47522829808926703,0.7934051551430051,2.556053789599428,2.25802920586079
642,2.821900160902769,2.5108013218525356,0.36850581042430275,0.29213797185441914,0.5489960703979604,0.5518782618565209
643,3.150171480807688,3.2413633277954395,1.2308116409254402,1.1895884723191292,2.8462033973270064,3.0
644,3.5819987195213048,4.0,0.48669447511116737,0.648246841486956,0.836310279715467,0.8270309123733454
645,3.7444094761372333,4.0,0.6376742344389761,0.6671511803392328,2.391193246596041,2.3804496147607126
646,2.929470159586789,2.7259781992778485,1.0053112733719434,0.8092245932961959,2.4688727859068607,2.539053375597224
647,3.833836929612045,3.664204071236082,0.6719827725411033,0.6094594663076117,0.9265998814690442,0.8984487878127222
648,2.503707381278538,2.6037506557087355,0.922854359257508,0.8665774723067132,2.359228625476908,2.5372964281317896
649,3.1966815873414656,3.3630090519569023,0.2421406898625902,0.25823890252941883,0.4261981093176863,0.4288361852641447
650,1.7008435580896286,1.5,0.2987610895278885,0.4706444901102691,2.914812863469271,2.6592725416590386
651,2.197208918488518,2.624925595864423,1.7218487044838764,2.0,0.9870465689556899,0.9921986690428378
652,2.979232471051655,2.6783127691856645,1.3698048255987578,1.1638534743360085,0.6887565849744794,0.6877920588950628
653,2.924991179393125,3.568235388261392,0.7842479618142122,1.2253057145088442,2.097531133558553,1.9036924083098583
654,2.3330684731466285,2.180835468122665,0.36060495132386683,0.26756687615590746,1.852824338535079,1.862584616804245
655,1.6383600581886826,2.2584965441862566,1.0146056887099217,1.999909828307922,2.161129817427569,2.055605051388919
656,3.440222346897234,2.688787431409026,1.3717522828199258,0.8028192330252761,0.969703675254351,1.0834325819429336
657,3.74982186327602,4.0,1.74596595851349,1.8262654926226671,1.3013522240597015,1.333946671116932
658,3.793808540023348,3.4622849021178763,1.441957306943904,1.2498253344165124,1.0192957892079497,1.0053911433113656
659,2.8785604476977653,3.2416145714178937,0.7164338354053436,0.8058985572194343,0.881411446173778,0.9077670288611223
660,3.9329763512812983,3.6259562387993935,1.6141786658884532,1.4382470041362332,0.439480882683566,0.4490645182378828
661,2.839622477226931,2.876980577633021,0.34372852603924775,0.569532624620533,2.5812136878598193,2.2831538573970285
662,1.915020113115467,1.9617963568067451,0.9519666278457419,0.8727443364207904,2.349467104355711,2.4688828522136332
663,3.453305875434559,3.454709964702887,0.8227267328206332,0.7958612663867777,0.5279836666552294,0.4879736949346375
664,1.9003810520937676,1.8838477729585565,0.5481870201081692,0.5481223101267955,0.41293662270914444,0.40554173236977176
665,2.3327879061436008,2.20425715225898,0.5675870556257666,0.37670961457578894,1.1466348837671383,1.2084374324383493
666,2.991684008479312,2.839167182529366,1.479410217002949,1.3496589604103448,0.4663471528844523,0.4442740902903244
667,3.6715853596885646,4.0,1.5651642667164376,1.5910149701525835,0.723986863951457,0.6958616477553479
668,3.341833176773291,3.437990797480056,0.32371905693384145,0.3546185332576711,0.6638815149804624,0.6416788532277541
669,2.536031541730577,2.974869514745509,1.2050717122953245,1.5574115109656315,1.9452379378201043,1.829384827615802
670,3.5547318102254284,3.283680936685549,0.5187622760824425,0.47273608452664934,0.2501796137530812,0.18530248119996454
671,2.844747096793504,2.840314509804941,1.5595203057468858,1.4847199668682944,0.7464501101402586,0.7000128533733726
672,3.2613214174578635,2.9308297773335803,1.1479744821039983,0.847769358617668,2.581247640195152,2.6191312229362094
673,3.8622936613130245,4.0,1.0918261523443722,1.1574628006033405,1.1795935992370414,1.1543289124735363
674,3.574939824699462,2.851986715904224,0.7297954458340815,0.23119654149032634,2.4081474963188736,2.657106055801034
675,2.1561548462158346,2.3540840580243354,1.33019511912702,1.5292737463085693,2.495660733783528,2.532460393369926
676,3.940496016656992,4.0,1.2856953146336192,1.338487098700639,1.7699612732637013,1.7215643111015733
677,2.7659223643773836,2.9518986396450204,1.957889640929029,1.8494870719642955,1.9849013694986342,2.0760851009865657
678,2.597409336809478,2.5319295545331344,1.4450217469442321,1.4115527619814499,0.7233721863402706,0.7750830199542418
679,3.9876144274178906,4.0,0.20148411228588856,0.1553773339984492,1.9091877709016476,1.9155860937854492
680,2.289553604582304,1.968058791710173,1.476779004399842,0.7547323184186152,2.1900384223883997,2.459046704019089
681,1.7539463644456077,2.186643683028346,1.9156751391356655,2.0,2.365736133901618,2.3726054166801376
682,2.2410487421007588,2.145544244145519,1.6395142870574277,1.5720772652953268,1.125555333522861,1.0842126469500633
683,3.7476283541914173,3.51980509994588,0.9948587718954139,0.7874640045471705,0.7374954986596912,0.7833112283622016
684,1.7427743265049684,1.7777216429111717,1.1163018571987235,1.3029800873386619,2.5914766858267733,2.618547947395168
685,3.2955691142112262,3.3801176855020456,0.8950410464687819,0.8697153157900689,0.7371217832333585,0.7954577388298801
686,1.5094875607821172,1.6115198184544008,0.17494666504233153,0.6805816047256558,2.962878371646031,2.617348466862989
687,3.758328644983468,4.0,0.6457453069519216,0.7327904726124108,1.378888337820117,1.3210474569837622
688,2.879602152603865,3.1942703038191382,0.6678187374125559,0.8958551527257191,1.5214016520768283,1.4471765842585953
689,1.5476237146790623,1.7934028988945414,1.682750595649974,2.0,2.71890685609212,2.687515490355273
690,3.6704878560244283,3.4454391802993842,1.0205369408840859,0.9433756628568382,1.4881411511151161,1.4736126642990535
691,2.543862115463444,2.5942804332391542,0.9329131983506314,0.9500457497669493,0.4719919123305868,0.4536476114412144
692,2.666526813720716,2.4847676630697677,1.8331244053405016,1.5995061627162155,1.353800386063079,1.3563320112923658
693,1.557047528386927,1.8383076598093202,0.8767798413269952,1.1717852990001245,0.5185367657487213,0.4879248416962796
694,2.546751756880048,2.183746082213401,1.8987529470701967,1.5138979794853689,0.9718078410317308,0.9512542916717417
695,2.1539143572394712,2.3260262815922554,1.8424927210305615,2.0,2.742447480688899,2.6722549597510286
696,3.5106294424002633,3.3790595191772286,1.894582508282112,1.756124235884542,1.7218648492758373,1.778429107102291
697,2.504895819221021,3.013234644124825,1.0392461686270547,1.263482480734231,1.963565451017319,1.9611768490689507
698,2.077669864341792,2.3101365908704614,1.176557269543683,1.4864072685403205,0.1513255188921251,0.16681599370816935
699,3.8456461692393256,3.9724335916062685,1.5087384722808277,1.5432372307535802,1.040859830212184,1.0092068372298402
700,2.657310280584473,2.552982790027023,0.7034964171056424,0.4866971857202189,2.2804999972298146,2.53577851111937
701,2.5537097863098666,3.1325214458136785,0.9376238668598296,1.5709783205846652,2.1568243375138643,2.060174400470067
702,3.5952449851757415,3.470900875519641,1.7740232893436327,1.7551596791943682,0.7701154307495479,0.7065451502007827
703,1.8328346454447197,1.9241718228314597,0.4720844194280749,0.7807287703397291,2.9087254694587292,2.6583243385154733
704,1.891195413480597,1.5,0.47261066233232785,0.1,2.6230859306300567,2.780437417909154
705,3.93859223441045,3.712599792565858,0.8633743476964009,0.5956758023374659,2.3890109763012597,2.4829978365120744
706,2.9843686030043726,2.9277876121641033,0.31919218061910315,0.19706977205486914,2.7877632480432557,3.0
707,2.9660012949844927,3.0904818445653666,0.7465053480026537,0.7174976365069275,2.93065685706813,3.0
708,3.43004867606954,3.3887071794690633,0.43168380158470876,0.387756580531929,0.3248927310102887,0.30735148714875044
709,2.5691327417005825,2.44422150199622,0.7228561172874158,0.3130117415596991,1.8737768554072547,2.1374111549829284
710,3.2036794364954133,2.932679760876484,1.5643726971229126,1.5029010347008416,2.9377641557393996,2.8668287396012095
711,2.70426325664785,2.7662966569145806,0.7773331628291689,0.8313552669433981,0.34078857255891504,0.3593746707859685
712,3.893213485115394,3.487884295428494,1.2716326796561572,1.0549707711420608,0.49858235537221585,0.5234376186019195
713,1.6204131260405406,1.6633312490267191,0.49973929533406813,0.27248540421398004,2.707824734076902,3.0
714,1.805997691966022,1.594088779345678,1.8342988011406849,1.4719167457982534,0.49721290600349044,0.41892790667143814
715,2.456893973682193,2.810326639781591,1.5025569204051945,1.8168066854967768,1.3904314819129842,1.3487114900333803
716,2.3139479390238566,2.1342788583760757,1.2985997288623887,1.1140312430268953,0.0008019466295094979,0.0
717,2.4235920318787314,2.678786174387058,0.9244761475265852,1.067478268137338,2.391600098488562,2.4145579666898382
718,2.3583614856476407,2.042076271717785,1.5280386864388433,1.0335604604278728,0.8497741997528286,0.9199691292928667
719,1.9908229573081622,2.0568021246907704,0.7949565150162105,0.9252142497227216,2.131681680940069,2.0453196029416594
720,3.377829812878316,3.2723126012370147,0.9162360221493004,1.1402489323538947,2.380494868079621,2.222646943999989
721,1.802513317502757,2.2364859861458077,0.22519705228361142,0.25804280562889764,1.7577126836154875,1.8931204323304816
722,2.4807963642023534,2.262177663969948,1.131104359952428,0.9096587788704986,1.0498130231398615,1.0431165354196938
723,2.7724723321139906,2.7215741725924456,1.10458942817011,0.9504559753508219,0.7573730355953234,0.8034650410262462
724,3.575580685261549,3.7849535922590425,1.5864409478838897,1.7163575307342858,0.9641581684365839,0.9851667121872758
725,3.567373622563175,3.5808005993666834,1.1579082084178054,1.147915569140599,1.5662055136853485,1.5237536133639276
726,3.8845713427854447,3.5671897457737227,1.7464847233691034,1.535450039871678,0.05295722824626037,0.04175469588633388
727,3.384095936309577,3.3415467848109217,0.4636970202640921,0.3876994959616632,1.5257184069798695,1.6360661894611221
728,3.407509599752545,3.576984303541579,0.6806842274716444,0.6699524666702068,1.259766945516886,1.3065745002455151
729,2.6338150019108144,2.9076841919541665,0.8461755522072307,1.0899442182686965,1.7350958921133692,1.6221825207646372
730,1.811860675736701,1.6428234639838168,1.9316804227672766,1.5145767314668055,2.3564715169608035,2.505165174971289
731,2.366637803177356,2.4594234179965015,1.9098037873348475,1.951743487293136,1.52997166560047,1.5183457783152232
732,1.7931207906946596,1.8137897946504378,0.5154855936391318,0.5313641025886313,1.1449287826640993,1.1959076501029064
733,2.582899653643703,2.6091124628044313,0.7403849077416879,0.472184292258838,1.6572272861847637,1.8633886779173308
734,1.51853786114459,1.5,1.1814481966058779,1.1811382266495314,0.48560112944387457,0.38121909587329944
735,3.5784601241411353,4.0,0.6311459093928976,0.5860024025048967,2.0235904148862747,2.149407598598953
736,1.6466306946941478,1.5,1.0570557797731088,0.8451830909963753,1.0990919175677978,1.1169453716626623
737,2.953727373643967,3.1604098701539947,1.5529214476152202,1.6577815109530942,0.06721502052424266,0.041514787631750746
738,3.958637495682974,3.654741788205236,1.3622685482764414,1.1830187770392293,0.29570875066374636,0.2633445194359837
739,3.556561148718818,3.2003404046048316,1.7755199932968235,1.4364412723509532,1.7638869717448835,1.708639311964935
740,1.7149829577296178,1.6131765692593314,1.5968041392612793,1.5431210391421395,0.8233750859624869,0.8036375256420298
741,2.3649360557410466,2.9102540595873445,1.3695099209946633,1.6609215035328337,1.0781904310452353,1.1870777784438917
742,3.0441776287278155,2.994746968314084,1.4403868465741219,1.6181965396785456,2.014890400999329,1.8494984642829486
743,2.6247049309360144,2.3014868136238604,1.1930808710951615,0.8428182198319126,0.44875659584035144,0.3661010384239604
744,2.2241726977655056,2.031567271917796,0.5934458871135571,0.5767398286453213,1.8459087714612512,1.7738586597082573
745,3.3204707462504404,3.585554598111646,1.4987926903486195,1.5129085765976726,1.9708419952780312,1.9532334247284309
746,1.9247222577684042,1.8843745481580203,1.4031415609738336,1.4750552664588517,2.3019285433338132,2.3174556626114127
747,3.139365734497558,2.897461938841822,1.0311373982073955,0.3087583882825608,1.709261020517355,2.3355484979987757
748,1.5937483749572094,1.6070295717673033,0.7471219240239734,0.7434010107896821,1.4824132935017236,1.4174664013984655
749,1.7095168167225514,1.8609849360039403,0.7871880380049325,1.0909611331850573,2.1728737966144616,2.1266204580269967
750,2.735615442884788,2.6960608331699185,1.6167644376599004,1.6567266775049057,1.580721234900833,1.5859937701483857
751,3.9088490939638416,4.0,0.11956394410004312,0.10615221429245955,2.8732041003524205,3.0
752,1.6187956365584122,1.5304105874213476,1.346625722917487,1.1927707645675774,1.922671053402146,1.9169692217391248
753,2.975902189473429,2.964576262769299,1.0562851175549266,1.0352117118435964,0.5055329100959544,0.5487052339153861
754,2.7589013165616194,2.6784984582787783,0.4248208514876932,0.28550908274063175,2.827970553378994,2.9236010073269667
755,2.8895724929833397,2.8934822888272174,0.9501641666539629,0.7552473679271675,2.369668602858928,2.663340471739435
756,3.737004240983673,3.847283321840157,1.8172093407180527,1.9188293438347623,0.5545589466497383,0.49275746255717656
757,3.3895074966287044,3.938010369180597,1.8371161454255378,2.0,0.5578065101027234,0.5725318598003319
758,2.046200236908166,1.6702426511197312,1.910808245695477,1.1977653023641965,2.6212410950032012,2.73123778291578
759,2.8249924076684367,2.9953460104502767,0.666548977660121,0.7288852079906583,1.0489978839897234,1.0771054565032618
760,2.600461422485388,2.641354175871147,0.156227242123964,0.1690229827809999,0.5396633478260766,0.5137808005667843
761,1.7639389628768019,1.7691880149069752,0.5040676454259614,0.1,2.329660182294854,2.765483907849162
762,2.212849035500672,2.12953835331689,0.5173699968185443,0.4553586239949431,1.5431957426095197,1.5440504494526825
763,3.7233237014790386,3.880308094004179,0.9540566857492118,1.0718491671741912,1.3336254023148455,1.2319723449720708
764,3.2822866369643573,3.0976211090755834,0.29847031902701987,0.2306728015543447,1.76086015852791,1.8643238241065871
765,2.613418242642204,2.696836455909984,0.3418160057434291,0.45789298335283984,1.7916158559623967,1.721023755319008
766,2.1035727964356488,2.0583945614290804,0.3318174541809008,0.29341885046561744,0.8677319942940125,0.8924006987287143
767,3.0294947313593728,3.088908472382884,0.8634898591532705,0.78739946060109,0.6527817696819649,0.6929213350792315
768,3.7294388910246448,3.735087490053873,1.9459476370930782,2.0,0.24431329780672983,0.23359009455459148
769,2.4092483007005923,2.5000538945308195,0.20009715943319703,0.15876845905417175,1.5587027872436225,1.5589157325210699
770,2.6220347177103807,1.9987614272478331,0.9361050374471032,0.43127691358932396,1.510040992683383,1.755414115068217
771,3.3245330895190572,3.866742903780526,1.0709742549284544,1.1584490968014507,1.472948793650919,1.5244480555804083
772,3.7464082995387535,4.0,0.5356831931686721,0.6184257539262478,2.841063180488774,2.9857394674349877
773,2.5540499693165777,2.721162043970286,0.5410825492729768,0.8906251778043135,2.409934621446674,2.1322873115813348
774,3.873828927734216,4.0,0.17553685757806792,0.1683059388589359,1.1104633303560938,1.1951967918856636
775,1.8494549675494216,2.4377672884179247,0.4906709939824552,0.8934936622263744,1.0461615414014542,1.0681683046341566
776,3.826934978998155,3.9486954472895546,0.4241982676626168,0.5009493966276832,0.7189795947455223,0.6707975794820372
777,3.711437455103319,3.397638663953867,1.1766710857146283,0.8734907453585901,1.7362145215937432,1.7555939119140047
778,2.7531361832717596,2.6834341551071343,0.6482059910457295,0.6193625954048372,1.7327032935647433,1.712955281906963
779,1.9342585832672672,2.7254765351600394,1.446527648643596,2.0,1.424131276113201,1.309710568876387
780,3.9670704404492545,2.6374235281831893,1.5246599866426445,0.15538389547249787,2.1745198073710714,3.0
781,3.875373525596247,4.0,1.9718906410308945,1.9354555864915342,0.39994386028628914,0.3494091334526937
782,1.7181821066949217,1.6463565009218537,1.5619152898886879,1.34255938077535,1.0191224300035662,1.0332725116502288
783,3.082314614392918,3.5967076861269116,1.145802254474774,1.336403385495848,0.5549828827102902,0.5083643753702743
784,1.7084424259319322,1.7568772857976036,0.9041867809034116,1.12328329422778,2.985482920113194,3.0
785,1.94989148104314,1.994090089805787,0.8945911147331251,0.8447279703556027,2.1029763650993556,2.0762536434655123
786,1.9088465420921579,1.5,1.5947930557026717,1.2827717239275978,2.8714460731172693,2.7175856311336872
787,1.8626491571043582,2.24506642016254,1.6034134874861765,2.0,0.5058701218607582,0.5447310010077877
788,3.986378238770485,3.836717688977621,1.8226573022466943,1.8084682914996468,2.2620447192260906,2.21204731789743
789,2.806480674742065,3.656907777221648,0.21555574469146932,1.0596498016356957,2.501523118787091,1.977086787931536
790,3.6808148533324987,4.0,1.189319942434534,1.5789578739216745,2.5859417538374987,2.5204311531131265
791,1.7885972051360262,1.9087288499991535,1.773297963270978,1.8942113655312436,0.6818660473306372,0.6047149935436578
792,2.613021941133739,2.167957437353597,0.8158727867797722,0.442907441581589,1.8045206144387038,1.9646026485195502
793,2.3966863213017886,3.1010832800973835,0.9473384771899648,1.9999869477423258,2.683499647590467,2.374455443713345
794,2.8847407464053756,2.4341661950010627,1.3467704378079335,1.051123241377444,0.752790474807075,0.7693552537613927
795,2.985898174678333,3.3262594494752378,1.2762568219941923,1.6433949848055707,1.9310464708965016,1.9102509331607749
796,2.921197281018826,3.035820465658669,0.18528367843757398,0.21383327177161332,0.7679810282590601,0.7670153076664185
797,2.2105233170037875,2.563482165795719,1.159213269232563,1.6155252098940076,2.894543783120362,2.793582260622484
798,2.5059296653395418,2.258226587145707,1.023014313338181,0.5671012838312278,2.361452230341956,2.5988544338567365
799,2.2297071546540184,2.2137802871658407,1.0794455712893147,1.0944858799826263,1.1612098431909978,1.1197290556319859
800,3.734705618399625,4.0,0.5333071541348433,1.1036005373041728,2.7999792036864126,2.3039181656031693
801,3.502287543273928,4.0,1.3578585974741877,1.568216171647952,2.552720190974381,2.4258110441836225
802,3.3136186137913892,3.0134918483285764,0.4832776721024997,0.41166288432394177,0.016635200979898124,0.06120750105857586
803,3.9493391910341904,3.487846560964713,1.3058507803514643,0.9213596312647253,1.9730055460590292,2.0247990881622995
804,3.1351742076482902,2.8310552745616158,1.1853184345507206,0.9632902071005165,0.07107454179748107,0.0593728555733322
805,2.9847487553997096,3.5946822893358785,1.7572364283022794,2.0,1.224777880780045,1.2277539618380024
806,2.951433746680788,2.799300014015761,0.8072495104715656,0.5259818536358811,2.1454961544781104,2.392385792938849
807,2.2593032356618004,2.323543133825542,0.6616903645210537,0.550348842176218,1.7288326115306618,1.7355686361150917
808,2.279831757775427,2.130355972711815,1.4482767993646324,1.6155890784992053,2.940988445222483,2.7480571374880527
809,2.1432322356079982,2.327853651641734,1.974133471755558,2.0,1.9394440736632745,1.9407016258427914
810,2.8421544820438864,2.8489379367757564,1.2342569198872957,1.2739991712902952,0.13457957761701345,0.15612733174208604
811,3.3428868848641855,2.995520143192337,1.4767836534548926,1.104168549292954,1.8112452066899145,1.8323975311603824
812,3.6827358648106263,3.727567492739637,1.2047941494156358,1.2344475719442083,2.1624208900872257,2.2407088728811964
813,2.4217520076231436,2.8231753551358496,0.9407225829933048,1.1036558206220917,0.3448203580176047,0.26018026627360896
814,3.5679531661908785,3.855369366169686,0.40943654922483785,0.46653090346691334,0.08553328312136121,0.05094886488167854
815,3.2808882917575186,4.0,0.44311238620793736,0.9512787525616371,2.679781185339613,2.5028547796550136
816,2.8678219832593794,2.9441011519481233,1.6999308941581026,1.7592009049668933,1.2665062115736998,1.3896661989331671
817,3.583265435383455,3.567440732455176,0.6255664407575863,0.6078003817936196,0.2564892970734147,0.2707938289203306
818,3.9757228525828854,4.0,0.1945353802639555,0.20646135121284717,1.5607469088924977,1.5982747054576687
819,3.6343204450963524,3.77394844169101,1.1245390255137326,1.1721731799285526,1.3862101509068778,1.4582696212048074
820,3.7600768707018086,3.366028578580162,1.112776309520909,0.8680936739326353,1.4553160665502878,1.4116297733302925
821,2.1347344278614413,2.2728042177786385,0.535618209722599,0.5919072811600057,1.171456305410006,1.1808399941890935
822,3.5246495857424547,3.257812550849141,1.6397210144620515,1.4216875775598679,2.3588529960455826,2.359506533719986
823,3.794564567354536,3.463542453912716,1.9371488706340954,1.6934849960042393,1.0730196181015188,1.0299685642912917
824,3.2268964531673126,3.1600226196159253,0.4264807127589756,0.4060582984249636,0.6267336035947391,0.5731944018141071
825,3.0001158642140195,3.3192364573774333,1.2327462406140615,1.3569658698055898,1.1915489771899939,1.1291130501253732
826,2.8746334551996884,2.6286651057345503,1.7582322423270937,1.324203438035365,1.7266224679622693,1.8071156866128166
827,3.276616493601359,3.281749866449628,1.2523642604195238,1.0705766554879859,2.282916518486423,2.2761593934025846
828,2.6513691036009615,2.176248498948533,1.2743702495707132,0.9477553920581401,0.27148462710486954,0.28459024136276756
829,2.5466882133590847,2.980474965530401,0.39874721735929164,0.600977014491329,2.9725705368094992,3.0
830,3.7979263868591406,3.6264554710934744,1.3093414638580532,0.9839831152018547,2.179047759127762,2.480101146677613
831,1.7242077352609437,1.871718150989727,1.0519053038618094,1.0988829586300122,1.010016299568976,1.0430496307961261
832,1.5758843078663294,1.6137206378726872,1.9912783975162962,2.0,0.7630416252869016,0.7998566587482011
833,2.6577288331353977,2.8966567451390315,1.3075873595530714,0.9254405864096541,2.6659868818145833,2.955807287266397
834,2.9940983778789896,3.026473704433254,0.7439007415229505,0.851193021947716,1.963714676758155,1.979171767418082
835,1.8238387886449254,2.1088813030624722,1.8964948001275088,2.0,1.088151661140651,1.0570885100750846
836,2.566749249142121,2.588653095039157,0.490819654077579,0.5312842689518688,0.12162284061516049,0.12425474466298328
837,3.1773691196614138,3.4641376732844056,0.5882972795415604,0.672000334204194,1.1821854170571466,1.1621670204365455
838,2.5903647727410757,2.400339125115205,0.31979334500079715,0.1,2.536342236525484,2.827391902937868
839,2.309011376179174,2.199802958726458,0.45439771456747935,0.1,2.6071060166429514,2.9471044830414352
840,3.7029421828225546,4.0,1.1320858930125965,1.5039844160251021,2.203566289037495,2.071686343555562
841,3.3516758856436377,3.64047023318462,1.8327234553700655,2.0,2.267775028088333,2.3106013227672992
842,2.5269806917142223,2.365155689921712,1.981205666487951,1.7620704137576841,1.5458155443104502,1.6149702894940638
843,2.6095748778175922,3.0849918187117384,1.979460196283654,2.0,1.6431783080588662,1.6496908626371174
844,3.2519933252496194,2.690168182266964,1.970709952906471,1.322112834667359,2.5858129458872843,2.7379259914473524
845,1.9642271530280677,1.9628794181340599,0.9192292747375089,0.8153193746129107,1.440740725495651,1.4263663752376217
846,3.7003819556490853,3.8268428639996572,0.10674250119412249,0.27523072541811866,1.990091423048473,1.6935934748670838
847,3.3865174451529816,3.3022850397834547,1.5144608297008597,1.15244101720411,1.3284604092686831,1.4041605618636028
848,1.867226634034855,1.5457835559041935,0.3394159799821052,0.10490234933649036,1.4168253216879294,1.4326736901149573
849,3.2850272052133613,3.1699796295549163,1.9442394821560745,1.6494506386652108,1.7846477318298635,1.8394586403622653
850,2.368254877977988,2.895767717829789,0.8533335444102711,1.6595825470357228,2.5459229647775707,2.3995631571824534
851,3.0463679731303617,3.33682484505155,0.40941643965386854,0.4715120088083407,0.9598052133135451,0.9027768852813156
852,2.2768145205237116,2.1579359457423553,1.4747087600026896,1.3474257576627913,0.2829705940833065,0.1915700596995946
853,3.9572404194469866,4.0,1.5338361063471297,1.3075219757628143,1.0525089385615019,1.0995906822915413
854,3.9745612241720214,3.11544391688892,1.1050565175952467,0.35299891260564675,2.474656670812932,2.892816453201312
855,3.0816635971256465,3.2945268811302926,0.7352126381704402,0.937942229483279,2.7522996046431305,2.668311545050742
856,1.7764397638289893,1.6274611243579749,0.4850127032801095,0.31498133031740644,1.407112790115927,1.3693088560384172
857,2.3649981267340565,2.7210528788093353,0.48223800237846637,0.6122519017763627,0.9527734093829298,1.0051623395337652
858,1.6309596894076765,1.5,1.8523463080817384,1.5514687841750727,2.247683898498078,2.2500817543310765
859,2.5604396770225772,2.7203758963955376,0.3986336918427642,0.4192467184075953,0.7769619872525892,0.8476110814303275
860,3.1512332770999727,3.464940987957102,0.1737229206451612,0.18868433126163345,0.45623364115099296,0.4478598510550775
861,3.7209459333792045,4.0,1.5259489245595415,1.4662180934376863,0.7117953360546163,0.736763855472786
862,3.574205886639222,4.0,1.1076116857135336,1.641394312094843,2.9061190069422285,2.812715425396012
863,2.8733396027931875,2.892529641944436,0.9024205518154437,0.8716610703298021,1.712277296593621,1.7000114150822812
864,3.8781809387805604,2.893870565254826,1.6833118632402377,0.7465194659984474,2.5495745562747105,2.890616132117227
865,3.4440986490117496,4.0,1.36296661002327,1.4516976512762976,1.1452400080946714,1.2662265942667583
866,1.7455135073901873,1.5321629323341364,1.872069692709637,0.9253680800453936,2.524983044540924,2.957632219890257
867,1.8784681464339306,2.0570742679214633,0.7962478465876192,0.6758748202776335,2.7468101004709027,3.0
868,2.114291963733791,1.5,1.4763430222227563,0.2562386848492903,2.3486247543260506,2.9216229628927888
869,1.5079342260782114,1.5778242700338867,0.7646602878073055,0.8112764425748482,0.5262768361565829,0.5589319907221685
870,3.7155417314212182,4.0,1.7425588145043631,2.0,0.8259361807581584,0.8130708919094468
871,2.7693934896803842,2.8176941056857743,0.9280165960211296,0.8908735044281773,0.21495075452522028,0.2851865333817744
872,2.1863353526394356,1.8681451651514833,0.19243729697413042,0.1,2.3472056040376694,2.1629275344341816
873,2.082361425075588,2.1681396275573652,1.4853727967092558,1.4665547353051471,1.2986232115064005,1.33798467727419
874,3.685964760950653,3.702008666152752,0.2737131796861568,0.31321886811002764,1.8415054614276074,1.793686453766612
875,2.598573042368014,2.381482635683119,0.6198829010189256,0.5008814835079398,0.24127370564927497,0.21824223180831234
876,1.8504799090949116,1.8254537655831635,0.495620554342205,0.4229642837716567,0.7533088672703923,0.7742380248777171
877,2.250800028678552,2.7648173374624525,1.5304674799885172,1.8054667301122853,0.20238446425301815,0.2087152783184112
878,1.9887320917302074,1.9156523752059218,0.45862857033348203,0.2397058464333712,1.906692885113892,2.1241476263804753
879,1.6849582293025365,1.912557430001611,0.832993977742659,1.076980323957484,1.0740656723519266,1.0671166817275322
880,1.850957720209022,1.8658046655703102,0.8460531079080049,0.9189321943409939,1.5362170800277435,1.4379511586079698
881,3.510782116342357,3.442873641882779,0.16261145465302745,0.1398156270562861,0.33963767084274243,0.33140641129117016
882,2.4140437012345,2.1566493479542848,1.937347352446275,1.6317782155081373,0.3913411039527054,0.5065172520361149
883,3.261263357066146,3.646296677207116,0.519445388099922,0.6797343238064844,2.8107211690255545,2.69892647331482
884,2.6775752740084826,2.623911217181773,1.295572198080496,1.2761393781772261,1.403272264009717,1.5220364079526896
885,3.427271449393131,3.3423168915221004,0.1931828923629042,0.17712760173091957,0.7480913936715923,0.7449780596668772
886,2.364294718718772,2.2582311783075677,0.2938757446878715,0.1,2.5080429999274743,2.763441386466432
887,2.293122992976649,2.5001669701562506,1.962786194460707,1.5652842055400056,2.209864304847549,2.5681547069991
888,2.031953334781417,1.9148077922011748,0.46378539711277433,0.43675406058392957,1.3240578046668812,1.3572121290011991
889,3.1411744677093085,3.2653383640322646,1.1346487621954093,1.2112075759217804,0.8054476483385153,0.8216459131653427
890,3.3363998367679466,2.679916146760845,0.8418336439756872,0.29364731409203393,1.3312728701832262,1.6242050089071447
891,2.969514341348813,3.278422261870329,0.5355386054927166,0.7357190198130281,2.7494696310631905,2.543460900008501
892,3.707918348329353,3.8490456781266547,1.7332951418494544,1.808074268329661,0.8155623848604923,0.871460305278402
893,3.984684370751281,4.0,1.8286556105428986,1.7017684338625767,0.5977634707299952,0.5809970054021137
894,2.6220478788341763,2.168357454042382,1.4882293052470386,1.0423912818424839,0.9862354422752196,0.8825358960652846
895,2.5227150207613906,2.8133892763707595,0.6110542993895175,0.7351253455228403,0.10894617659304562,0.15200795379441326
896,3.3619080182616097,3.5850085785313652,0.36328061983139415,0.40072174580872416,0.34312505092790324,0.36435805401295257
897,2.8161125187099945,3.791176526349485,1.0529017569867116,1.5708160943668195,1.3573554130815377,1.3394207052709484
898,2.984189126412562,2.7915692652630626,0.31372082869276996,0.12420600736410252,1.795187466867172,2.0398906416309637
899,2.1055224675188327,2.1649382489921134,1.037913318314608,1.0379644427957988,1.7002117050733678,1.6920343186475075
900,1.784866972170118,1.8613288770032768,1.4197325911610061,1.4940457678485868,1.0192897296436594,1.0721669205142468
901,3.2990899659109436,3.2346675538080056,0.10612069241571351,0.12978025261237372,2.359044907789843,2.2213053613844433
902,1.9983122285716604,1.6212503699724268,1.104732220782649,0.7821782275215003,0.8534155596713896,0.8052164236914012
903,3.9814759317740216,4.0,0.2524718866623181,0.24836230111485177,0.5157084010214413,0.480660305010394
904,3.191196351301787,3.0258293721811613,0.7291464243572844,0.6649605154671858,0.37631930909540245,0.3721513839420553
905,3.715578344836254,3.830956370337363,1.593431932193606,1.574325395542763,1.374543649739879,1.3687484803564016
906,3.1103746480797168,2.598950984886219,0.7153423432284313,0.20562955374280562,2.606940486991942,3.0
907,2.0856517556730525,2.5929137667432056,1.668405277893239,2.0,2.815380077921638,2.7594754864983932
908,2.9138433279062244,2.2689718735764948,1.2540130179147078,0.8581788356989595,0.05556936880970431,0.0316693519639302
909,2.51717004674995,2.2883596598669707,1.8760066791741812,1.2642361626800407,2.657318108213485,2.634045928667162
910,1.8722071183277087,1.6635130992677152,0.2773627444214442,0.1,1.8721631771529519,2.068556811374616
911,2.9905078693439267,3.1742830119255445,0.14461203572450668,0.12714410038088156,1.2131361164884003,1.304067754704592
912,2.1342590219704394,2.0192430450330607,0.8677797016284403,0.7249600248519292,2.6693187388518744,2.610110043861743
913,3.572016797914495,3.585483839655923,0.2060437881516187,0.14007666575817262,1.6233042231451646,1.7293400367495297
914,2.112468211331316,2.2939988897726935,1.4328654165854344,1.6400551448834115,0.2870574076228791,0.3063164577457222
915,2.8510449994842113,2.7880472817209943,0.46062017071897277,0.39755393096115615,2.022639357216658,2.002733456373646
916,1.8447115052447558,1.9075529821892332,0.38850793686132357,0.36226274487362725,2.3831503447446973,2.555582851624218
917,3.665527722026383,4.0,0.6303186487228761,0.6697044926439986,0.8277416693004952,0.838864409901961
918,3.5840539465735324,3.6825399891479416,1.1415463955665288,1.0223476580859907,2.226038598299886,2.3637282922791765
919,2.8524836785538286,2.860028395810871,1.9115047577538795,1.8020729631272672,2.726636948940383,2.8447102478149175
920,2.2487697624965506,1.9697342240537168,1.3579025441309502,1.0351347606798862,0.6132343515777021,0.5860115859122005
921,1.9771152974597053,1.9999289821483026,0.41291852918798644,0.4771377559537107,2.373948253296099,2.2518814056977017
922,2.464153052623711,2.2173598172577256,1.2939039536464292,1.0504621180602012,1.1706231684273423,1.160923838523671
923,3.7964896370449472,4.0,1.9232990830086178,1.901422833576632,1.6324266984375095,1.6185189469438863
924,3.1910194785556376,3.296571798679975,0.1296066687141209,0.1,1.9548060513772434,2.0831798718080967
925,3.134988221187194,3.3423131695039054,0.62513485355383,0.6209355605722879,2.2926761402748914,2.357444237140919
926,3.1109069560107963,2.4469895812360325,1.0526641825108747,0.20733127747487765,2.5021408660616684,3.0
927,2.360411386053051,2.5821540066990702,0.834403612137888,0.9178553417366876,0.49105426284883014,0.42149948564037826
928,3.9878422877538284,3.7760754514842536,0.898370952556985,1.10796860909607,2.474485484047357,2.318899515346501
929,1.5066137010739598,2.0988321940989327,0.6883676500024315,1.5556208757514456,2.978985316730072,3.0
930,3.0654739646065052,2.7946932534865687,0.279496725967001,0.30232281956898693,2.603778682719617,2.4630442570229216
931,1.5117762451114882,1.837540129771925,0.7362855167201288,1.112236452419669,1.7934482701324836,1.777372670102518
932,3.518997657494674,3.7251217387184656,0.1561320544939669,0.16469238336789888,0.2646832367670111,0.28728835547142645
933,2.336766161973549,2.6005472137594654,1.9681687883356633,2.0,1.439986085003322,1.4502754237470488
934,3.1401796342489634,3.2166325412226398,1.2783265546292528,1.2854658648829747,0.17667982142825,0.18441203705317818
935,3.7895068495171293,4.0,0.2920473401782808,0.20929845890607846,2.8507314107567834,3.0
936,3.734902030797715,3.034904927711574,1.9080246907677123,1.4078728677327554,0.9058667410837018,0.8777429291930797
937,2.774165664096272,2.829189448068464,0.8942673443224625,0.8882951549122647,0.7314018486709344,0.7275441756623174
938,1.5698586209593122,1.5,1.548213963645536,1.4282531454455638,0.8404268828952409,0.9140408794042919
939,2.4006744373554967,2.5093954142633184,1.6473998971016537,1.5013774653090435,0.4534297898015762,0.5015375528342574
940,2.349389482072315,2.1142662271108827,1.1527307273155947,1.008269603077988,1.037953770419902,1.0174008901653535
941,2.819728225272666,2.5596631680072464,1.1392406521088023,0.8918796128897108,1.22425478159357,1.2153197875189095
942,3.032893064750562,3.1464144475916536,1.1633184764318767,1.1651405329493527,0.8106500721200769,0.9200703329696021
943,1.9801784335225316,1.9764778332630903,0.16494616668214018,0.1,1.8865602502561483,1.957592560111108
944,3.8954891701808054,3.2363067423268057,1.960739259645288,1.4082722176814724,0.732216562000065,0.7403621356769973
945,2.0811607201580324,2.093624557881662,1.0817217976640094,0.9975733960277133,1.1985424959166604,1.2455749375882177
946,2.0507372175558,2.031419329528726,0.44012576821348137,0.44818402522655637,2.6220236326416395,2.6708415650330766
947,2.340039232146159,2.619540361154695,1.6902677784183222,1.7627411827974275,0.11633162046561041,0.04898896300035304
948,3.4917124671527278,3.429035372244199,0.51964304994799,0.5105978035029696,0.17488900865754553,0.12807654690570053
949,3.2665908306932323,3.336569034694907,0.8243871353486898,0.7444234634883511,1.7578951050667042,1.779450665075774
950,3.717466668855299,2.6805358441073706,1.989401962236846,1.3099202378277077,1.0909593928329158,1.1002649170936865
951,3.971454208460803,4.0,1.7371879572901292,1.6575469082915164,0.06204580942082616,0.07123398403256624
952,2.632438944064667,2.469040224213859,1.029158074821915,0.8074612185510345,1.2540789711157125,1.3225132438366223
953,2.0893182957610694,2.541326073968912,1.0454282056800805,1.5207259605151964,0.8299182612102118,0.7531502362007245
954,3.87029276068875,4.0,0.7778503396846048,0.7994238071948689,0.4625404518295957,0.454554882102367
955,3.4144299493602777,3.584766521091188,1.9489847829376883,1.8202845492914508,1.6307290184677863,1.8208406734463856
956,3.4548942258156834,4.0,1.3395160817748646,1.7022357582696652,1.287563151489476,1.2666264444700672
957,3.3312739316455042,3.5031867782049138,0.41073977808296736,0.4311922048160593,2.920943452069806,2.8940476790434433
958,1.65520039443259,1.6617355906403384,0.6026296607922796,0.6353158282345853,0.9972306363424177,1.0515141341579273
959,3.0212243816368933,3.653804644360377,1.1724727650442324,1.3687051157183852,1.802646066630246,1.8655332657825463
960,3.3852698102976984,3.447566422498157,1.7207040684305004,2.0,2.8937006358467525,2.9298314305369155
961,3.7736622694107442,3.7367474175580835,0.4564874010123291,0.37221465480362065,1.069747136883845,1.1679125302124
962,2.7002139907680465,2.495145259207705,0.8113989832490875,0.7416867621537842,2.919085362175558,2.911569808588938
963,3.977660467112762,4.0,1.4666005117704373,1.134390607556444,2.4392293521914024,2.6400209232933967
964,1.9594863476110536,1.776104129860039,0.23071008068972373,0.1,2.0727643392685176,2.0758157505376067
965,3.670744152311487,4.0,0.3839319012317427,0.42163990660338796,2.3011911528514988,2.370514231515827
966,3.0036381530726937,2.8932368288745622,1.7718413764774443,1.744499970566343,0.9926863340332677,1.0739151376473497
967,3.054247879386441,3.497239550597365,0.6847946770586549,0.8185468403303402,2.940505526803477,3.0
968,1.982858749754882,1.737596703300452,0.4944123709115762,0.3614344742134783,0.042665067574786164,0.0
969,3.526059040028323,4.0,0.6537490678898102,0.8917094678866507,1.207895845847974,1.172214803754386
970,1.7136802905692214,1.5,1.7344753776881674,1.2290857954918843,1.6520158519850208,1.8376082789568529
971,3.6102169707151446,3.3586942824257453,1.0529234198830588,0.8859962562307901,0.184067368934552,0.16012623899658796
972,3.395743871680332,2.614638088666335,1.4879127990715186,0.9015663725152026,0.8462388201472608,0.7984107117110136
973,3.5114554939728806,3.888663810059714,0.6520696179651843,0.7369730152878551,1.7357905794412218,1.8528532139477927
974,2.993435668953747,2.3846801089467036,1.926194642514541,1.3600156515380377,0.051546829369214064,0.074446503210394
975,2.7770882875343417,3.531575031808145,1.299586966204774,1.933902160821447,1.217478445969089,1.1437729498985487
976,2.323736766161961,2.486419169550419,0.295921111372847,0.46587659139123655,1.789508171523428,1.743107844992851
977,2.0647023965044102,2.051091357180371,1.121608408565821,0.9143601266346216,1.8765946538138274,1.907671086009997
978,3.188299916140013,2.5468509907929864,1.7004942398101222,0.5722482731943179,2.3876924396289385,2.9305257206706945
979,3.605592180047243,3.2634524302475416,0.7877093819498813,0.5058233832910874,2.9488102560791707,2.9821893097513215
980,3.6211292458791773,3.403645065141483,1.7742122909864866,1.5066206859333784,1.590924622375987,1.666366720999003
981,1.927498803923714,2.157514572889555,1.148102666649756,1.3317108826027604,0.04156109645762518,0.0756204803432691
982,3.6598178392903224,3.8861377318175383,1.4583954117145317,1.7053042866390165,1.2748772328942257,1.2420781840762685
983,2.9148289277179495,3.2871862444494315,0.8717824107907619,1.0179285754991911,0.11301105480036067,0.14731741711449137
984,3.7541527552122176,3.6603041781281593,0.3809108840459088,0.3020667223639253,1.7012749450931013,1.8475138693551345
985,3.1317857559450264,3.2387216305982465,1.1937274884117435,0.959145684398504,1.4770782199612178,1.6458865004198693
986,3.1387793223775136,2.618042325664829,1.412203497434124,0.9722405265716094,1.602232961045645,1.6528688801457951
987,2.2876004110359487,2.8358063160913005,0.9184092413640211,1.3488984499342622,2.05091427515375,1.9756932072941131
988,2.3689664292090424,2.1598461463868732,1.5603108689449072,1.1951708176880727,1.9456633431361676,2.114495211293158
989,2.8409492107974916,3.2044439434341685,0.6618707541995716,0.8764959355693539,1.7008532846911792,1.6755388739770227
990,1.6768872420127048,1.5395458734171306,1.9464575421544368,1.578523830649049,2.325516776945406,2.3607265890966054
991,1.793421421351359,2.238311962645306,1.7497272348190989,2.0,0.22434170024037903,0.23686472515149043
992,2.5085219732667254,2.2358959605148674,0.22682340141636909,0.1,1.798658287476278,1.8328013619519823
993,2.6789477921916713,3.3463711871003134,0.7806685042583924,1.1176265252634383,1.1131380873239145,1.0236765634909704
994,1.9117551317908608,1.5,1.4540725272373902,1.1618008032159943,2.2666629349526626,2.3125328063882575
995,3.106198804329793,3.0239130181432863,0.5816747643312999,0.54410588837529,0.4811353364678055,0.5105606913003867
996,2.229993150328953,1.9176116180131053,1.4185899592850302,0.7278616359640374,2.2052482880347,2.4880323103204787
997,3.6558286983555375,3.8255382508539513,1.6230710783226696,1.7004158152032671,2.156479611299237,2.184805784846858
998,2.9233267286563613,2.215079606166971,1.3894571288771034,0.650001816226151,1.90744630202493,2.077114646073784
999,2.2718298447297367,2.1546253336802925,0.4297164971955332,0.2987233888992197,1.8149784218507312,1.8791761132714475
