,a_true,a_estimate,lambda_true,lambda_estimate,delta_true,delta_estimate
0,3.90082431131277,3.2253757116947,0.8963565965729067,0.6001684242892266,1.642723411643149,1.602760693107976
1,3.732077093761552,4.0,1.9376765517185492,1.980403737662385,2.1874174949350125,2.166129439355103
2,2.670651614801054,2.340550309385505,1.8998378488252696,1.2618117807988576,2.8162684504229714,3.0
3,3.036247538793848,2.8657298886152587,0.7203844549786872,0.5487530584375567,1.111777372566599,1.1472959082386025
4,3.936334662771664,3.854142918841227,0.8306330547232526,0.8461254156482214,0.5870644513800679,0.5986713075127235
5,3.1272801940137303,3.3077718344233658,1.7945274771928956,1.8011913824553318,0.5774456806780339,0.5796120732125852
6,2.548082564616271,2.28121688673056,1.170398944647555,1.055295121633551,0.6178788522098195,0.660541040714246
7,3.836855936277268,4.0,1.9010977245214065,1.9499518518416563,0.7310091060726543,0.7668920531641689
8,2.2030923282624215,1.9795941528670589,1.0789141225518086,0.8731839222105966,1.8330049836626652,1.740002619147044
9,3.5630439563316023,4.0,1.9063273364941955,1.9609300098580251,2.425748541461885,2.4939339764312094
10,1.7005966114680229,1.6785620079931227,0.5616745683998673,0.5046648960198341,1.4863014347429253,1.4509684068598296
11,1.6262711218777754,1.9792963548178544,0.7384227457182425,1.1992884221248807,1.5384747300596449,1.587058395703456
12,3.515155298637052,3.608618434879728,0.2430646767282026,0.2798110753762578,2.936658235187693,3.0
13,3.996090391207183,4.0,1.7778301214571672,1.5080987238334391,2.378138392183872,2.4227493927878134
14,3.591574786353533,2.7805108761031545,1.7908347002561589,1.2120736523793163,1.0119847348656923,1.0435637254402494
15,3.96036358752006,3.862218440032306,0.5544564100259928,0.7701621661837293,2.4509740481218443,2.056912633228861
16,2.6672138724972143,2.9141002050674683,0.9092892093429672,1.090931632488098,0.7706712473756233,0.6625009183533017
17,2.7041347800333657,3.2518426368416433,1.4875552362080176,2.0,1.0916064987081706,1.0674499003314637
18,3.15734589859664,3.367185780568406,1.020816689714559,1.059964086220382,0.8148160413780567,0.8343298312146682
19,2.0176120748197905,1.9753235543809449,1.7166447896970147,1.6664520095344222,0.1277238646764299,0.1385207049612346
20,3.312159943528872,3.014402371282325,1.0738366253743954,0.849515573580136,2.2647751663583464,2.3965802115077177
21,3.2821492244979633,3.3216430640160253,1.171396579098724,1.1113220324372206,1.2916073918744588,1.3169961447024243
22,2.2279638511440627,2.124545616964891,1.261022339624328,0.9463044912982816,2.0203467597520124,2.008604148483584
23,3.6027981687165904,3.8832616343335578,0.7241868565819329,0.9305192736846556,1.4336832373050352,1.278075648024421
24,3.5011141001514567,3.084940149332003,1.9211019086633068,1.6290224754954965,0.779830322416544,0.6907268742086764
25,2.858971764130636,2.7709846209498026,0.7002206539167879,0.3414271403892016,2.614498828219255,3.0
26,2.8139144197070483,2.8865925437399347,1.7877857860466468,1.8496636165507772,1.8923376294268437,1.95315637284447
27,1.8310576613980276,1.8155497870557251,1.1406734170021862,0.7576079094598822,2.4438998090494173,2.69678942341904
28,3.7863515238808176,3.463439102820415,1.8781447390574553,1.6654147317637262,0.0895185884002831,0.0590973250846814
29,2.354362611674777,2.6528116067400855,0.741924778697485,0.984103436522783,1.9906637394348032,1.9386169726608284
30,3.2087663946245115,3.118072609598962,1.090423254067076,0.909355965101888,1.338852278089368,1.4132057207148898
31,2.0952435348400886,2.1982085773545132,0.305341392853968,0.3472140020609344,0.1409725652471116,0.1415112295412476
32,2.713198440960257,2.607725219076711,0.8377921168102707,0.7953780504418765,0.4043468877109689,0.3791708269326544
33,3.1266749399455733,3.725578170692091,1.6304173635698964,2.0,1.4477764713948198,1.4006975074758814
34,2.1131391064274383,2.038981220176005,0.658925194890759,0.2972883609153426,2.4052830749653102,2.6973216519821985
35,2.9067233633488874,3.1646573959224877,0.4156443126085816,0.5850906445486936,2.3157502251292357,2.2585837440826366
36,2.8922638363556983,2.3922347604444396,1.2219823615840515,0.9192821452401776,1.2933992711279694,1.2804777272648415
37,3.8995578149821575,3.7346080209786905,0.5235252675344862,0.5087297799868752,1.2427774603743704,1.212723647252119
38,1.8405554519844456,1.8865975887030269,0.7432876094574955,0.8530683987054176,2.153033577609266,2.1973768593999914
39,3.5324761859266833,3.934590586125619,1.9715642714845527,2.0,1.48461393680076,1.447832908651184
40,2.54454798070984,2.3232463619651105,1.4445687841274824,1.169109236312017,0.0039713292410932,0.0
41,3.481712566872599,4.0,1.4481265524874731,1.7907959597613008,1.0350731889819675,1.00033436154702
42,2.0161897164348805,2.0031685761181937,1.7858890914440322,1.7408355281559402,0.0180974249977922,0.0311712346133235
43,1.7133449332368271,2.1391308478972304,1.4142119862612714,2.0,2.577824829833039,2.733601349901482
44,3.409867834068702,3.2719677971870476,0.8830652531933936,0.8899530286481762,1.0999409749816855,1.0622127088364657
45,2.321406636701514,2.702946330044699,1.1164637887930673,1.3232176592551996,0.0760916141508831,0.0302865437414439
46,3.217550833263481,2.937688704812796,0.1991396109771528,0.1,2.158444113632628,2.230924491389758
47,1.70469908104909,2.192809818662053,1.4674445604737332,2.0,1.604827031629969,1.51464473524714
48,3.6216209066601706,3.3625817256608475,1.2930372832532009,1.1004032661922154,2.9650730730282975,3.0
49,2.498693336841688,2.96867272930214,0.6354890702522321,0.8273641081520574,0.6718989261943475,0.6619564406881085
50,3.2913765554265644,2.578233299790726,1.9977547939819944,1.100423652516381,1.8590903198913284,1.9313802776923292
51,1.6720546025328105,1.833689039916425,1.8327152446770616,2.0,0.4700591373840312,0.4684128642001466
52,2.5239223147307808,2.73859992904317,1.8227270363479329,2.0,2.1186646323070475,2.1676216466043736
53,2.5217173828522155,2.72982659016552,0.2207238132296915,0.2539604551856351,0.1568560336230329,0.1681660295763279
54,3.8804331645756793,3.804464245947364,0.7457052255527177,0.7289766716105577,1.507122817808053,1.5317764033887469
55,1.9252540221319057,2.0771084837102696,0.2438680170610427,0.299724330953371,0.4265628240313538,0.4249297032123503
56,3.5322728102112326,3.6689011974282457,1.4600374531066669,1.5050131816257295,1.4846862655424975,1.498892802241917
57,2.9964286600611096,2.6904082227426125,0.8363435317840427,0.5377695775429119,1.108797292603834,1.2326884829660296
58,3.7448654254023186,3.247364567196392,1.9406582897001805,1.469289097063794,0.4011457826827197,0.4162958304362534
59,1.5306349718905483,1.605053662041892,1.2912266882796506,1.285241391892846,1.676482127584376,1.6949857697387545
60,3.479921957572522,3.884162506047424,1.415098736394683,1.6316062441950896,0.7127819788078752,0.769095143333142
61,2.6108443913523827,2.7975435041868595,1.3774999171683946,1.9159815953195665,2.447282197438827,2.2144033919216084
62,1.826975393408052,1.654266893888677,1.1560076578400331,0.8940741764324383,1.7008579554320806,1.630130054061252
63,1.970995203989776,2.093212039397664,1.6284779036965606,1.6540003836187882,2.0675968816910792,2.1203120528396093
64,3.7364244797236488,2.8028646173489817,1.8228687662541343,0.8215588673949906,2.2763791666377786,2.558203379906076
65,3.972120537610361,4.0,0.3594939344804141,0.1,2.1808106279517707,2.6977679097225677
66,3.9200546508965903,3.398834500588233,1.369771773504183,1.0628090849967875,0.4589500285876103,0.4868393899066834
67,3.3143637163359925,3.35205857223658,0.1133419907185771,0.1,2.9065432290900457,2.9823265041312017
68,2.206327787540118,1.9680818889628584,0.8811355379989613,0.6522215343245951,1.946056850948519,1.8749877883302
69,3.8547733706144456,3.659739613805987,0.2338385841076523,0.193383352671619,0.2458751067943747,0.240350582104641
70,3.0700010055888725,3.0036008761110686,0.9424824544374338,1.057331716615468,1.3321617416341085,1.236498684918222
71,3.410515548651932,3.6539857051182247,1.238055384368855,1.2976848821542384,0.0510082451063304,0.0436449788003745
72,1.9766856948965676,1.7644371922852191,0.9559970823161636,0.3716453988562913,2.6106584048476837,2.919973649941689
73,2.1323529565591497,2.312988838473504,0.7583367771245705,0.8192175851439097,0.6756790725686597,0.6360402059444431
74,2.9826759969676218,2.452812944573882,1.6488953625333505,1.2080484786188603,0.9294542234544556,0.8804702672788384
75,1.5861579625248534,1.640423171042525,0.1362657979776906,0.1627595591049205,2.967655792294381,3.0
76,2.8821394540128047,2.8488752264709833,0.7907582480453428,0.6936001980136698,0.395367282813588,0.4362470875549958
77,3.7026548559490857,3.737068570256509,0.8260889352423954,1.075482178562893,2.779304410330625,2.4809415559106065
78,2.020773006914286,1.7143282034322989,0.7802150196218177,0.531678798318888,2.250946319727723,2.213976085681092
79,1.695449741320777,1.9287741947346424,0.6587705152972079,0.680160635592474,0.7821153918210878,0.8604329055794921
80,2.4871248391099265,2.2889596688295955,1.1901024100964812,0.9775878048834592,0.5840526752330654,0.5475346489575279
81,2.062419241730556,2.2127948762265075,1.4602073379756364,1.545906847473855,0.3366368453974396,0.3260397094489052
82,2.2389531210860003,2.178142531245898,1.1785536279381863,1.0306512434125177,0.8575100621537141,0.883723739611407
83,3.6511705260657825,3.7436090902451578,1.4255181646378587,1.365207741716178,0.2915931247016649,0.3029132814977491
84,2.4695428328965248,2.4632202070922995,0.2932001250653147,0.1,2.322325333053327,2.5586806952835444
85,3.3023161203897597,3.124502858849811,0.6944753578822764,0.4863173352965968,1.6538641812806398,1.7668676209271252
86,2.293654353066424,2.3249181585221628,1.0779671380601794,0.9588847347153208,2.2165708871569603,2.209571197453452
87,3.0526363409576,3.147876287258967,0.5585329046172621,0.5965665653603425,1.3659102630530575,1.363574019300833
88,1.8508416558876477,2.029953562893392,1.0846124404095026,1.345620579811305,1.3061432734688383,1.3936704952775
89,2.083323156433921,2.237205525139917,1.7348326115866268,1.950580991060556,0.2979737331202182,0.3517131256790701
90,2.4204281707426705,2.2158954375539257,1.494124248076844,1.2361484904977822,1.1093644916818182,1.0779702634728214
91,1.6578495323046702,1.6825680363278162,1.2756090051575453,1.20350753379188,2.7605787396598926,2.7387503190330933
92,3.860510721958564,3.6506933447472982,1.214646182794896,1.0158424610137229,2.9602887026291285,3.0
93,3.660999935113805,3.580737851017283,0.3691035695831776,0.1293463975022516,2.681302307282745,3.0
94,2.4444619958285996,2.3929183703302472,1.9078363463073944,1.6931809007146303,1.6054243425246293,1.6658277771863874
95,3.4435728227668494,3.698521568555832,1.023466357620504,1.3946790869763326,2.028916622927015,1.8080818471497455
96,1.8947050777174903,1.6042003997615748,1.565437927828347,1.1821996807029698,0.5279698942563731,0.5645481440340797
97,3.0998249595327105,3.1850749450891764,0.2833628894789372,0.3035043647197453,0.4541256941531501,0.4650220829670742
98,1.6452161064220958,1.8739028714065469,1.1565371643082534,1.4645438709483716,0.9235788448552528,0.970142761989838
99,2.222597251063588,2.3586933381956663,0.3622055376735237,0.4223472551411985,0.6276421059748006,0.6131466366068725
100,3.3557110046420133,3.2664770554806295,0.5324625613030389,0.5207925630814743,1.730531168497326,1.6781913944270668
101,2.6797222332067867,2.567498575214406,1.8801255889744601,1.6018510109004018,1.9012075041580547,1.8882553143618452
102,3.458899382172383,3.3887370495030074,0.2030238412830608,0.1,1.545262636250556,1.7392690856844704
103,2.509676092667949,2.7704693342517985,1.029707118016377,0.9681257329142732,1.4765631049498922,1.739792221321406
104,3.918044594672418,4.0,0.6835831376124326,0.7648265750308957,1.7100984271279707,1.6451779388165808
105,3.603582258372318,4.0,0.5485193354545551,0.6000935757151364,2.4341926569775154,2.4917599872045213
106,2.067177841214176,1.7456316692340534,1.974956087381464,1.1693751181526537,1.9513532850715174,2.136771315793485
107,3.5669790490388493,3.7269210727916753,0.7496336814843901,0.7714313977326231,0.7741833542670823,0.7890848276008717
108,2.5696412321124047,2.621112189857431,0.8749692738253789,0.8518749820506003,0.3142234679132524,0.37835167151414906
109,2.977843178040141,3.251000898346253,0.7115566221166139,0.7263553806457849,1.7507234448869708,1.8812807038103667
110,3.1913191363168227,2.9919381234941405,1.7411913397425538,1.6211404970042478,2.8765771497173667,2.809611768851846
111,2.426616630285915,2.859080473480836,0.21892442261732675,0.29617951186112457,0.6951507942087781,0.6903133529964725
112,1.7213108649832785,1.5347833291347048,1.8322071364051462,1.1232575598064707,2.1305657915401817,2.2678563138885637
113,3.0654792398845054,3.2031475281710207,1.8283336933388454,2.0,1.9749400062573905,1.9521173493592647
114,1.7984119416847983,1.8683773868428606,1.3284467144290202,1.3634882523311187,1.4825027995153426,1.513293725019288
115,1.9322542334864001,2.020197876918891,1.7853400538400799,1.672022307495191,2.9624065966133726,3.0
116,3.530535259979068,3.334345397863387,1.5077751986732304,1.3325581797822348,1.5105181342341294,1.482782123622865
117,3.5792451932352014,3.999999521632951,1.7238097584704808,1.9529124700004719,0.7871063393008175,0.8369656741017306
118,3.53489013168833,3.2687438088228795,0.5085652324464356,0.5738061969574372,2.323002836599925,2.1766823150633114
119,1.825856482303072,1.7236182788991705,1.283380184957254,0.9483310048983378,1.3749251092348964,1.397556087668172
120,3.3539251489093607,2.656205059409866,1.9313570188461349,1.2878405888476483,1.943435166253845,1.9559272061937367
121,2.297758254704884,2.482717737970895,1.0094806896194806,1.3104222665602423,2.010123498869003,1.8818640076874058
122,1.9703715547851137,2.0199660151592083,0.8208334063385023,0.83681667716161,0.16667916595044807,0.1783452389267014
123,3.7368236459928026,4.0,0.6725957661466853,0.6984500769331186,0.32433797837884737,0.3345885671578492
124,2.248634050219921,1.9370741061337178,1.5899760559889404,1.255929027576652,1.1968649223625971,1.2204266740313636
125,2.523957548902901,2.624612009791861,0.29671727452539204,0.3247150852592008,0.12540897164743148,0.13259009692216792
126,2.6289721392390573,2.5765195293864647,0.3601194252054942,0.34353846294207147,0.9240302487671576,0.9015685327920689
127,3.9390791112256553,4.0,1.445699058609732,1.435174829457519,0.2566454071725037,0.29409448869045995
128,2.7032730649306926,2.6432669096078443,1.4639170251137787,1.3951662835496108,2.695881670787295,2.782755954028295
129,2.1898678010125514,2.5978987514655985,0.8066915899305926,1.4770338381226606,2.376326976411251,2.1633392957800686
130,3.3639311168655714,3.5821252338204657,1.1045982737177584,1.2445319592041848,1.9031966059955843,1.8711339499222557
131,1.7149666865589412,1.6245211445108834,1.0116164649021935,0.4452658140409049,2.8037078824079162,3.0
132,3.606849859914475,3.8456251225635443,1.8691787383807876,2.0,0.17539780402615524,0.19654022929798096
133,1.7343869911267142,1.7169971007655045,0.6063808463035628,0.5119888143821689,0.8301196446037256,0.8127458102468179
134,2.790963530336471,2.4218244942838734,1.1057694059171672,0.8785437719291929,1.9015879130006481,1.933137164892673
135,3.917194961611264,3.342809081890342,1.0859883045187886,0.7981010882154522,0.484720365755408,0.515698486577436
136,1.664632214942857,1.5027071245184067,1.892008056485913,1.4526477051444358,1.6721881359983126,1.6647253313389734
137,3.1296585146509908,3.1863344395020565,1.9262116207607285,1.8648486729664937,0.17605311215104014,0.19222122838501746
138,3.567402732203293,3.469749971952359,0.7865016726199845,0.854060537873401,1.7907836356948696,1.6662030169212778
139,2.8706412912734387,3.3120492691211156,1.8729417419341097,2.0,1.144129184220131,1.1882057357630245
140,3.4990662164964514,3.158306440006372,1.3901624185804646,0.973380071994675,1.58606216387322,1.692204257407678
141,3.7186980466969164,3.768904528207212,1.972702939788966,1.854612800343471,2.9194451210611208,3.0
142,2.41687560543218,2.2960320465000863,1.6762366863563611,1.5397997217111252,2.62343269590122,2.6049235299695477
143,3.3538958779657237,3.9009052463203036,1.2895176513428521,1.549511209611896,0.06475671513333126,0.10122094430328041
144,2.9634727659035915,2.516752915753439,1.9928497272196917,1.5399090411766834,1.8776316797161718,1.9307964951004124
145,1.78942811103756,1.790032001341599,1.982110865945153,1.861904799598705,2.0382360311119863,1.9521768984971484
146,2.241252301294308,1.7922162150147198,1.5066592785616177,1.0740678851606564,1.0369640340539918,0.9936586919439095
147,2.2342345602400946,2.1381683697126412,1.5793091272871775,1.0695234406003666,2.859965925726563,3.0
148,2.3341896426777935,2.1829325689606276,1.1532869631903353,0.9690687266179666,2.9048533288771683,3.0
149,3.145791811017367,3.7135679684819825,0.2794463180083,0.4254359621028605,0.6426877680772811,0.619428414955719
150,2.791546184946503,2.5050773596875993,0.40301633057753405,0.22223221176157276,2.846572232344534,3.0
151,2.378430954651542,2.3238987044783403,0.6164883067427125,0.588308218249703,0.5729045064743589,0.5539465049431176
152,2.424447687041403,2.184376566952132,1.6433782277524094,1.3896954674471,0.6348957001764208,0.7180951905523784
153,2.576691744730595,3.3865542555116295,0.3261136344018305,0.7905451182528241,2.073739577615885,1.888299081608417
154,3.996048107040778,4.0,0.26489754240104324,0.26291421029418355,0.6787027891632169,0.662082324058229
155,1.9022545717363903,1.8542968719422677,1.4604984725245826,1.2369312170527134,2.9619768230626704,2.901506864344408
156,3.8973170415939733,4.0,1.0425692100679036,0.9886356508016235,1.0420182867293564,1.087359434135845
157,2.7603403987624775,2.8990224482344784,0.15940187555649452,0.1,2.027172405499578,2.233349376511907
158,2.099854995632973,2.015105106027452,0.21846452081140455,0.1,2.2016814651545653,2.4256543684629555
159,3.706705851136616,4.0,1.8046423293347673,1.8849851229890269,0.3647253867131568,0.41506680106361565
160,1.5306685341460953,1.5432225780587931,1.653599307946457,1.7087873060755367,0.12783589584227584,0.10682847120381936
161,3.9843607640404537,4.0,0.2635729670903898,0.24733514837082568,0.5195413028802347,0.5403139363064644
162,3.4388562577730077,3.0612038906894705,0.8581434598239576,0.711795471932214,0.22499062951517612,0.1929152417527615
163,3.6715668061955844,3.6815464096332455,1.9503073602020733,1.8264099144636845,0.8991630291555534,0.9066763339442774
164,3.4248278753188677,3.1997494299153058,1.0844961136868567,0.9701864360757739,0.7840190945684027,0.7609524252809574
165,2.8791340381391026,2.821499529148527,0.4411249811514407,0.1,1.8404543348290152,2.206329444867848
166,2.196521459604318,2.2004872570620484,1.6866635914777073,1.7265905445647969,1.1978930635002547,1.1819047046609834
167,1.704344527620242,1.8832039266409006,1.5771242130827474,1.7186734024965855,1.1197537434573133,1.1471858655259637
168,2.9870418279615834,2.694697550715563,1.8479215691058584,1.4458542924120446,2.7573143858327294,2.8102020790172264
169,2.0357610328689764,2.1173701648627805,0.3907475608598101,0.3684968522097654,1.4739032219552333,1.552608617401003
170,1.5635167411320026,1.5,0.9593272322620668,0.8224255945879366,0.3108478502239096,0.3436070907918102
171,1.9340180408070695,2.136512779152591,1.219825991366079,1.4330410293376552,0.08386460750609415,0.14458588570340755
172,3.3132957722912084,2.9717156078350344,1.575065861843646,1.2673462879624167,1.8627008757549952,1.809648075550402
173,3.7346755554778857,3.537695726261722,0.6704078786628067,0.4858252209207607,1.5323610373278405,1.620871910378778
174,1.6068671211645684,1.501192719272114,1.0890846260711666,0.9375824191571275,2.277305405268103,2.2570851328801185
175,2.088986845253287,2.3198847745112356,1.9031552523228747,2.0,0.9014083686856561,0.8047868362259697
176,3.284881575777468,3.596723410760189,0.6843934024095102,0.7577883548685246,1.3905278411453492,1.4302593288857044
177,1.7975894486356618,2.3617292409970947,1.4086103409503885,2.0,1.87254902589093,1.760220996344109
178,2.620477852598742,2.66374929003279,0.12100697289532884,0.13981325755423696,0.9874099957797008,0.9200408831351226
179,2.3767660805468873,2.2120483603086796,1.4564837815873657,1.0721247302790338,2.2206759267385805,2.2807733017194196
180,1.9396652111337873,1.9637317252134565,1.6561027492237899,1.55465478580276,0.6308002001153001,0.6251418323111265
181,3.484119933105872,3.600469710286878,0.3511678180037743,0.3459703122976195,1.7199889493628961,1.851567173129796
182,2.1251360001097654,2.059310919093889,0.2433757486451013,0.2712462240568263,1.283266379978143,1.2464605232783188
183,3.6600553850747954,4.0,1.1922243521407259,1.296307486075767,2.4648457846014296,2.509594501670193
184,3.8190766598648613,4.0,1.3427965544685183,1.410998955909175,0.5975351263950132,0.5277311051761007
185,2.1793491258919273,2.3218733677917593,0.20021793365742957,0.1,2.0453767588892275,2.3150179589349102
186,3.6874815827381138,3.530833839184277,1.1596274108368476,1.0871301745380804,0.24949483627275038,0.21582432661103768
187,1.5408921875666621,1.6357327127820358,1.5303078516377553,1.4293697435015007,0.8873650016443333,0.8379816106580706
188,3.2535867752435386,3.2755893780728615,0.8812511074347654,0.9346132499019717,1.410511436291082,1.4462207510534124
189,3.539758883911369,4.0,1.5797084376924586,1.6762846171824677,0.19392418201090567,0.20970503262065354
190,3.9220778950442594,4.0,1.1844531266732126,1.2409992801242973,0.8093553242034659,0.8050922161582236
191,2.4209904912514975,2.595426227782372,0.8877220923584712,1.0559788271684507,1.689624510135036,1.5931597210667927
192,3.9243146183251896,3.138860516718508,1.1060605430629555,0.5777923559319952,1.5740415616584218,1.7774816928032786
193,2.8429635101562742,3.074494335746109,1.0722966125309195,1.3669677858806604,2.3953205499422765,2.204115567540126
194,3.5993939882616997,3.5398835902927397,0.3099915766336183,0.27396444523776153,1.806213470214475,1.8083127600793865
195,2.2486280922302595,2.2455091559759603,0.5944813651019196,0.5786844802138519,0.5127742756086794,0.5300018923187294
196,2.628182809145908,2.7002887715488306,0.4028034472302803,0.4201238767060588,0.7762800805741227,0.8626160001501414
197,1.9524814473909968,2.1686815731254474,1.3980874635035052,1.6703888211387017,0.06292137686274901,0.07395129442336879
198,3.182221412365674,2.845185928782578,0.6187444892146435,0.1,1.9861465642547145,2.5343210416766806
199,2.30886312363055,2.324785655649503,0.8635323181936423,0.34020150654877396,2.4439723141173726,3.0
200,2.6156138731128014,2.4185534361629597,0.8968910653122216,0.6497829016653441,2.20258141042847,2.2548550824996374
201,2.9484586654640137,3.552316141306202,1.6187783382973946,2.0,1.6055301849153354,1.5831859394551222
202,3.0710042586572444,2.759971477867686,0.7532603261859471,0.2237545975679431,2.4811093952412886,3.0
203,2.645411866783993,2.884899265891525,1.3471206834157312,1.432272049760977,0.6635358326580723,0.7802103126502176
204,2.269137678467464,1.854972652569637,1.4612797631731325,0.9496428196923793,0.6971734613483672,0.7016244740377542
205,1.5817364690950029,1.7150126410785065,1.882332733752784,2.0,1.3523153447388574,1.221886306986235
206,3.553138069472403,3.30491476365943,0.8744213056152239,0.7588909041434009,1.0326966301519191,1.0127920526068044
207,2.9871880810681835,3.1916156440755667,1.221809786497103,1.4940640362770847,1.6433329767862048,1.5638801695441233
208,3.0437041890800858,3.0730280968513717,0.5147183930366239,0.5399166176290023,0.8168927151326629,0.7987280410917185
209,1.9992498483575758,2.1474635302500045,0.42368750298575797,0.5427256840291409,1.6813086003163484,1.7114005045820846
210,3.5338318539456766,3.3693135230657436,0.784945488617074,0.6382589595442728,2.7579403058863705,2.8795462869074946
211,3.131532373450886,3.6636841911259075,1.0430458442807753,1.3835968633410587,1.5438241252505225,1.4509861203526657
212,2.378857434227184,2.181789147285489,1.1988189200694799,1.0054514771477676,1.751519024713823,1.7675828826563111
213,3.0214475954480497,2.8347283485676775,0.9810956858070058,0.6983010380309685,2.054744016042422,2.1551565731381594
214,2.0340921726056678,2.0617303703937533,1.1044076940207408,1.0687554823770489,0.8596255372817102,0.9136905972702706
215,3.4272891520284476,3.1469291465722486,1.0148237462491023,0.8795925424028717,0.6719631587160161,0.6529035087365217
216,3.105966246184751,2.9236442640747384,0.18848750935222233,0.1437453038596299,0.6088939266269591,0.6253486104732793
217,2.985300960292062,2.8730416765753,0.5331200484451252,0.44744071582655515,2.126946027629283,2.0471030790441302
218,3.358471636069105,3.2606864570825134,0.38706206519102404,0.19564937021513729,1.572702209505264,1.7955520661297795
219,1.6298811900424433,1.6521776958356542,1.1928795442004128,1.144767941369751,1.9137111900314885,1.7560322702220497
220,2.785492001132647,2.598392038365619,1.9101037146231077,1.6459032544233574,2.019073499541527,1.9654022777737157
221,3.619908340509205,3.921287806946893,1.4312441748124847,1.4929124789432127,2.921267390556843,2.8744241439558094
222,2.3575627909051695,2.28687247672211,0.6988508236075601,0.4866070283040999,2.1907479683151077,2.3540613311083676
223,3.4685525580960426,3.670008013716677,1.2285951645331683,1.1695545279615867,2.6313272217854093,2.676319579735209
224,2.4046710846082844,2.304349271906436,1.1021305718637124,1.0204586918773713,1.3365563749292169,1.3116334354818102
225,2.5281004387548895,2.9105447309958055,1.7464114774536845,2.0,0.1780415015894018,0.19154027190759085
226,3.8194355809062954,3.7153482795291457,1.2976143051502989,1.2128969305328592,0.6785915554953793,0.6863125259386175
227,2.722443971062511,3.1900293281025838,1.7308709117126193,2.0,1.6658837799991284,1.6575316652663519
228,3.596665687621016,3.504782327124602,1.8034567053917814,1.7207055663643367,2.3581087946272214,2.341029885466559
229,3.5730539344888683,3.8672153378157135,1.6285093287883206,1.8235093065196255,0.007672830007080633,0.0
230,2.3239557099184376,2.260972426277995,1.4859645774214012,1.5967953782177517,2.525919529930733,2.4000968770006965
231,1.8250850470553546,1.9441048248723831,0.18026505243061447,0.3614230584457984,2.1187492514287842,1.9465335815356402
232,3.4687991411612646,3.452461867357809,0.6571489823065422,0.7798621214988308,1.234786111504856,1.1360172454107464
233,1.8422059594249174,1.8755242672833732,1.9065223053044393,1.9031947877339561,1.8935535173484401,1.897194908543349
234,2.4053371779340944,2.2013094054270566,1.55308054781473,1.2905540790475711,2.145417514416448,2.0878509162253454
235,2.491482201043131,2.4639567871522297,0.5256942050710242,0.537438150856457,1.7107407280490845,1.656130567329522
236,3.8739595642235796,3.5694114397456405,1.8455162103334926,1.5677571299668545,1.3749089387311852,1.3961414906377583
237,2.1633434868163617,2.1095900544330335,1.4812812202512007,1.4536759060311033,1.8232185736450324,1.7068663291489354
238,2.8788453883870146,3.162491905061136,0.841525050855423,1.2033643880130909,2.197755095170732,2.087543983165654
239,2.6954543360943686,2.836292419677978,0.5240990474580788,0.48854238992064947,1.6703701270084448,1.764173011796965
240,2.0312242390241506,1.9622008832160487,0.13851781734723556,0.1,2.6773236836018004,2.722004107938054
241,2.515179301541889,2.708467622955755,1.6538191877919508,1.8575315189080464,1.5037420370977603,1.3680241189269686
242,3.053482025892698,2.8239285346888128,0.8389393643510648,0.6810258908301774,0.29653486229364223,0.34253988440808075
243,3.0818911734577616,2.7663572334130886,1.0660167905601696,0.8400108985065821,0.7262702343615582,0.6950901643512227
244,1.5128503911512687,1.5,0.449995653233649,1.0071609422796968,2.853387308843536,2.638894520465185
245,3.869593334745072,4.0,1.2120489347781482,1.1897041750900008,1.0989089896949311,1.1101932025209682
246,2.4818057170783216,2.4774024417762703,1.1318634673201484,1.259175567322892,1.62695432115816,1.636973514560675
247,1.6410353757183183,1.5837241248166503,0.3739037787263575,0.1,2.4822271369708724,2.6280749991996277
248,1.6094155592666224,1.5,1.6923478611988172,1.4837834686944622,1.6899091076331945,1.62544139688
249,1.8712193194843243,1.956668713473524,0.3781106452835995,0.3823087784432085,2.865351230276874,2.768877246084212
250,1.5584762500199842,1.5194308213168868,1.3389041305920035,1.3312840250726306,2.598830331538548,2.46936568787077
251,1.5202163013095147,1.63057903034378,1.5728823092724338,1.6907143306616146,1.8791307028592126,1.7865274319373137
252,2.8888688322694067,2.767388817980483,1.5858457949093543,1.569044423615975,0.8281018517821916,0.716069383173599
253,1.7031796409566975,1.892663026755686,1.7337504770669976,1.9855280846826429,0.9156682877317893,0.9257508630576528
254,2.3187319242618845,2.1823113368311122,1.6167945134709059,1.51012376984698,1.1948444320419895,1.1899124322226098
255,3.547088565601447,3.4991530638388575,0.4028312641212296,0.2463040625410042,2.585741100733374,2.856714530568378
256,1.6545546378708083,1.5514719763813576,0.975034736064043,0.6625409412864992,1.2775592143397132,1.3146611359180147
257,2.3967485146729564,2.3564872205401524,0.27139869895006097,0.25259388479129324,1.2177380329842518,1.2353606586414811
258,3.197958964857369,2.70766947540894,1.3491666842940822,0.6063304488437553,2.446612794874568,2.8834258012816187
259,1.5419685724624284,1.5514746646208457,1.4448479844649076,1.306303092480757,0.5102371948090002,0.4603675949865001
260,2.054179298687802,2.0942548813053086,1.2857339785068906,1.2692844913504044,0.9744643048523856,0.92459057364876
261,1.6643674616058022,1.7416757700960157,0.8221930028216355,0.8001790351896999,0.9626248120227723,0.9503672575847365
262,2.550537404514724,2.434380584848894,1.4961725991975503,1.4128039696425165,1.4583591687922608,1.4853216934055216
263,1.5217332749841768,1.5483250376356184,0.9305774991430912,0.8651909687218031,1.499430926941607,1.4990028518709906
264,3.2266023214253465,3.059536803422464,1.0663217293956104,0.7420808207944,2.073928668321563,2.2014717688089234
265,2.055503661184343,2.001174204983059,1.9408874194816723,1.665566568640485,2.124203369854308,2.197407847474456
266,2.062360760829525,1.6617645067012872,0.7891831635855409,0.5395377352590777,0.3758969544636821,0.31061543458345753
267,3.079171442570468,2.9832672151348443,1.0665030303280392,1.0375326485332177,1.7795204093646815,1.7630324601294296
268,3.032327882165334,3.1831364553974097,0.2459324209564024,0.6640833502193135,2.5930918227265947,2.1166825998459737
269,1.7815439127145534,1.9002763451967242,0.340630125657147,0.44803556503940134,1.464657452625488,1.3790625265316585
270,3.9468063713387593,3.9310607659742884,1.4269449463971755,1.411403189521408,0.3580493060098595,0.32499567668818913
271,3.6503498972351087,3.4387775523208095,0.32939787624093997,0.16794800716833663,2.7907932138332505,2.9341750195649294
272,2.53242024333607,2.421077164910743,0.42725773301061887,0.38357383127522426,0.33053086374808816,0.32825398439526465
273,2.727425351559866,2.924863044240745,0.13509764115817122,0.2001954865860528,0.8788187394839777,0.8619448823671634
274,2.417103900752079,1.9718044989152232,1.8057472871372802,1.2550863582910516,0.9139872704720472,0.872568539470314
275,3.1180342453002696,3.573333526641736,0.8127654720451686,0.9769976967807777,0.925699787895919,0.9243768535694662
276,2.4438460209735595,2.372746573793384,0.6360133789856953,0.35930306721440514,2.6959333017646347,3.0
277,1.6098358259212082,1.9722493906362468,1.716721136374251,2.0,1.3342098531758695,1.3819988451957002
278,1.7487542709654065,1.8061782199701342,0.6968163457348235,0.5890228048310586,1.339669226204233,1.4364535872046515
279,3.477644125278151,3.5721618514402063,0.539650736858688,0.5472090118473477,0.06772050865107226,0.0886824096338383
280,2.4027852382594594,2.397258040659111,0.4544455741560045,0.19112112481534707,2.692670037339766,3.0
281,2.376030634935822,2.782625562102664,1.4106928380421657,1.7726370405094383,1.3719503424583728,1.3359078259765709
282,1.5527679073130372,1.5122782589002994,1.423297137496129,1.4019583988654767,0.2410913829246678,0.24263114856740906
283,3.6716500049267315,3.5010674228226755,0.3884505711856011,0.15499816720764675,1.6439131679896795,1.8827783637314157
284,3.337409696085662,3.384909573788338,0.22228700213019306,0.21857743931981297,0.8391451134050918,0.9025403478767877
285,1.8112240727329307,2.0318399872537234,1.6264509762969248,1.8174827030086624,1.7888829499775862,1.8121442946808244
286,1.7095497261177692,1.5,0.896629652670096,0.7134336391003449,0.5917550599637604,0.6592921238391946
287,3.4286110707669613,3.062881259753685,1.2253556088945807,1.0003173813212236,0.7303368235111471,0.6744610112413777
288,2.6828322445063044,2.4831315447753086,1.6898685502905066,1.5472858815342525,1.3914322102251397,1.4231063691229187
289,2.315427074539789,2.3061909475376017,0.9499490146907791,0.8031505194985987,2.836789950100969,2.8434431976158336
290,1.7563077168592405,1.5635061159549313,0.8068446913933351,0.30548841690662876,2.340196333035733,2.7704912857718442
291,2.0359410473688064,2.2430362674932853,1.1400810873584328,0.9549731922904051,2.1223235687989828,2.335782272976011
292,2.142224236412228,1.916825927244749,0.8145173244947094,0.250803156384081,2.393188519283647,2.8974792566091843
293,2.3949992384982597,2.5982875126754186,0.6071701871591344,0.7033621212037109,2.0423268660924867,2.123450508019491
294,2.754771222933739,2.55642393706614,0.23670272590944985,0.17278689388726437,0.3001531243064478,0.2753344948740267
295,1.704818187810913,1.8311252839635703,0.12575338151506998,0.17451714485946504,1.412621214006173,1.4635206793557702
296,3.7457947388005213,3.6019792632296666,1.8622159277616848,1.76380992040879,0.05724703559261046,0.09779166443210408
297,2.4843676208520007,2.926382704335202,1.4656125473661403,2.0,2.575914960755387,2.546303058934256
298,1.8763360586455087,1.7041858513703085,1.5812959872431098,1.1694822117006236,1.9661741045763117,1.9921257300384072
299,2.124505655224268,2.678888500451517,1.318778923784227,1.6809829850246745,1.2844630194183773,1.2338430136052652
300,2.933621723186875,3.097451293336885,1.426863601344288,1.8004519971817403,2.546026274624286,2.3547837589617306
301,3.676069082690425,3.413715857902201,1.2922627095430417,0.9439156661122254,1.7192819414655962,1.7561647690397084
302,3.8450545103616878,4.0,0.6490112686053638,0.8003431010947014,2.866080043668055,2.5988159034358302
303,1.6361649180429516,1.8643710020981727,1.6856738436120562,1.8632078860929362,0.3836480940540137,0.4167389483249486
304,3.3437341464803128,3.00294821921692,0.9080168545345397,0.7307908417888995,2.9460431096748714,2.9196039375764857
305,3.0865443662634977,3.0492348902678605,1.2219454774749958,1.231137212379092,1.424654102351954,1.4268498190005385
306,3.8694485394799134,4.0,0.5216068379082814,0.5751658091979256,0.295035275964463,0.3387430606731228
307,3.585566106709293,3.8716261303280284,1.9468279316615225,2.0,0.6872049629794823,0.7363684684600628
308,3.3172275095801482,3.2973341259802096,0.4587653232890886,0.3663549396621561,0.8920411244106922,1.0068817986041927
309,2.7065450717475388,3.101289916967253,0.752716722667171,0.9343731162143804,2.3679428834186473,2.325946199710773
310,3.1656041822895724,3.4829490517551434,1.344190228975716,1.6750811969906017,0.9547229149834605,0.974718208463363
311,2.129919560567234,2.0621182668850935,1.0788318068853295,0.886984231460173,1.7217995599803335,1.770531849353268
312,1.643383419529005,1.5408594573694485,0.40857694904191577,0.3116650159897223,1.5622313688253697,1.6537164872825316
313,2.4555703892534013,3.438167568149209,0.7232179552447427,1.3688355735988489,1.744449871222508,1.6653133313889317
314,2.2956224194763077,2.042315581149301,1.8704855103222346,1.7304317449746973,0.42382406694856867,0.4781935468020614
315,3.9859230523299978,4.0,1.8263670301851291,1.537813223943521,1.8035030923550814,1.9899669803748752
316,3.3614128013377127,2.774169030167251,0.3964401542758431,0.1,2.1358265707814974,2.3950275121230944
317,1.5220814876258575,1.7896150532067705,1.4829180013645948,1.8322967114357605,0.14083572560488555,0.16937975716130305
318,2.720100651168851,2.60044367522239,1.9085573929666957,1.7860539753378393,0.3899891901398477,0.38868649801329985
319,2.3456001434320695,2.366315891499132,0.1154890372875377,0.10754034386469812,0.06549406725331886,0.06691028729960839
320,2.1990371157700395,1.7871002169914032,1.0276327184998533,0.8706025662563452,2.6063065595022,2.489935401966029
321,1.9516203914511887,1.9121329221286265,1.4678564375002698,1.0960264590814766,2.0347773930918533,2.1736877017368044
322,1.7842065250431332,1.5492276826737634,1.973817288820562,1.4936330750548081,0.8667472601392752,0.8854974690419058
323,2.5911909354305838,2.681945425043627,1.177586517430938,1.2014576199065363,2.040671301151307,2.010057270698737
324,2.1995021559095993,2.099270241653113,0.7321693054472995,0.6352780194327872,2.2391462906805444,2.2165396275734843
325,3.563024269703618,3.861385202032891,0.4585523194495107,0.5000966948042616,1.4069478153884005,1.4243671238315967
326,2.394502459431249,2.210926826505264,1.2324768427386619,0.9954791089969878,0.9044376706373072,0.87453496426451
327,1.9920479247431861,2.0809361750768387,1.8416489864672723,1.7678484320866619,0.8025200912264641,0.7006970243106928
328,2.149189140554436,2.2252166053869114,0.29650418806500445,0.2893497925351659,0.3710901788057216,0.3505909425678884
329,2.6417348306273887,3.003563905815947,0.4103637390387641,0.4981425359290623,0.16263566418160735,0.11987047920265892
330,2.4341189490776296,2.5548911732066335,0.20301009479055432,0.38530200357737077,1.7563725557923204,1.656762000406046
331,3.602430470745824,3.2284032858389105,0.7076664231692754,0.21194000362436632,1.6055890195595017,2.038491022519075
332,3.2200627977687617,3.49318361494399,0.16478400552068773,0.20707351886211345,0.2926105157587582,0.2942291874116928
333,1.8552112748221903,2.017956519129255,0.8237570876911372,0.9852112630502652,1.2742693947851178,1.3109003123286243
334,2.9982242690375243,2.4268296357294585,1.8101752332721728,1.209646321768872,0.15584317846987972,0.1776111113125536
335,3.1297314056512104,3.313151693514838,0.5828541436224277,0.6447690765918144,0.35339872458339805,0.4098985951930754
336,3.8992951270130862,4.0,0.16224584488651503,0.16587389285942497,2.8470114383274794,3.0
337,3.2675140724849103,3.4293891636782727,1.7955547320969496,1.8201488164934299,1.4667436254893236,1.5204069844874966
338,3.336953085925958,3.2107078026736673,0.4681106162722849,0.42094828491032643,1.795606021837083,1.7839255675500203
339,3.3288974659699955,3.363897849588986,1.9917640072242762,2.0,1.9512570723936875,1.953435526992524
340,2.8986346741408546,2.943214326377949,1.3577813827944791,1.3490279889614194,1.1788332490660025,1.1734647296749912
341,2.5194496388636285,2.542290933492276,1.3359824658132902,1.2215996149289685,1.1821322511540777,1.1961754898548596
342,3.200352802017684,3.1465167399620686,0.400378359580534,0.41708468801048254,1.0789006874523568,0.9480443447904013
343,2.7025813520760105,3.710274850497861,1.0180597981520947,1.7963302091026248,1.761794167267603,1.6182813873766162
344,1.7211648473932526,1.6430081707547706,0.336856455302116,0.27813485031672436,1.6641340128179474,1.7050532869264945
345,3.8995277401425534,4.0,0.32013670824966567,0.3228878136755476,2.9640091595975204,3.0
346,1.9761642542287756,1.5983545140473656,1.0270889738709579,0.5125131277390181,2.023334718400346,2.117420050013378
347,2.6042871846235736,3.0805426291607065,1.2202142724697518,1.4935064108545728,1.7583098061436848,1.7639878307134766
348,3.035205329330898,2.8395307401046264,0.5249071805492258,0.17287027999138307,2.4996964370437773,2.9999540804777727
349,3.2587450549648453,3.0534745037308753,1.0770816114833528,0.9163543903128186,0.7087002124642711,0.6803451931980614
350,2.7120237716582936,2.266036678056505,1.8476603633232305,1.347745474153295,1.0223674837203913,1.0537869932826802
351,1.5765490726707028,1.5309307978139708,1.8867324963334344,1.6675053654573988,0.27755901756963974,0.2722107801451138
352,2.1870681111658214,2.2949325141219097,1.3391439065556667,1.3426585767325239,1.2128892679866443,1.2669737276375224
353,1.6602341414850867,1.9532431160667507,0.5254002154537256,0.6655881342598404,1.08621487786867,1.0462375872192644
354,3.355720162718747,2.5783168794478613,1.5402366863292598,0.9941865171267723,2.300670426590405,2.4274602388019395
355,1.8019582867880914,1.8835218857596567,0.600250950928303,0.6601007733077832,0.8437637747504992,0.818538069785701
356,2.3223597015981534,2.143980444770507,0.7937321552140433,0.4546365974977083,2.7287598397847685,3.0
357,2.0281015100746678,2.153110777970931,1.188401604655675,1.2292955557988128,0.9317612106684189,0.8985459046915854
358,3.3059103083838504,2.3808008637940206,1.8859046718034864,0.5364492095997814,2.23684509429068,2.7561919731231277
359,3.537878432339917,3.340968671990155,0.9380143478668348,0.7743704982694087,0.031107126175255795,0.023255161382483937
360,3.595294978860646,3.730351108060109,1.4307471208429023,1.5699663489962261,0.32851630191049697,0.3567007331582557
361,3.216363983562609,3.305032704727109,0.2961802522343996,0.27781039979730277,0.9008344535831512,0.9259725249288414
362,2.570299622424428,2.386359738533675,1.1373869817028084,0.4379169939336269,1.9722393748706755,2.5377218408029885
363,3.9603190861923547,4.0,0.6502837743453725,0.7997410150722392,2.7878790085853433,2.5478909929266313
364,3.1561830334382144,3.010391362503059,0.9149511977702528,0.861429693315013,0.029169424735052574,0.03444231024405672
365,3.7328768169596707,3.699014523531907,0.6495600003558616,0.527321008979918,0.9426373044382775,1.0320784050565353
366,3.0157402397319157,2.8212903804931555,0.6629710099490081,0.5605134303772137,0.4267988808450326,0.43323183138051086
367,1.8605624229707038,1.8972955528369544,1.3148956631972366,1.3591389421006213,1.5102063424684702,1.4436391694645423
368,3.3949789099611714,2.823413418690909,1.4201244786586948,1.059041692551579,0.3271865353168605,0.3530005337778119
369,2.38876556943813,2.632690226307993,0.6787193831093046,0.45724131742462754,2.6372911392226133,2.8086422017383024
370,2.6401216469284625,2.5771380930416368,0.6893468401566338,0.7863839407154477,2.67915878590932,2.630765943834769
371,3.2323448125198797,3.4903469840195394,0.6771304176699237,0.6702067926334803,0.6660983850661176,0.7292230443318929
372,2.2461524290277883,2.300235623553695,1.227614748124355,1.386823460895155,1.73118214180186,1.728856382645474
373,2.0150469352233173,2.1260186085919437,1.5006977440384082,1.479233969919226,2.1482599644682567,2.1450670928389397
374,3.5838824491607473,3.1232223693082717,1.6307630189840787,1.2879425258811428,1.299149185899291,1.260570613749044
375,3.327070746429359,4.0,1.03028618664703,1.7021494649056332,2.7528865421321216,2.557671935953194
376,2.945341960825929,2.6442482062401855,0.5096583508950399,0.1,1.7569104862097804,2.222105810487371
377,2.9204256178952197,2.826666708525778,1.442424685926376,0.9129829946169108,2.297528328887792,2.5057540265741163
378,1.9150157296312595,2.121986460796358,1.2888734624181992,1.6107593174940906,2.6649627899744424,2.8071088190219173
379,2.6862861367398576,4.0,0.7740699595052909,1.7970951858984068,2.2986206684506145,2.1307275589818375
380,2.982611161673881,3.003372778098118,1.8546962789695367,2.0,2.977232693613824,2.905364324047554
381,1.5049309361406444,1.7201861829090686,0.4789680078042321,0.9616816690235256,2.7591100821977763,2.5094808474430876
382,1.680042740297448,1.6128741451608026,0.6690927667260411,0.4980767191511357,2.8499935493094064,3.0
383,2.132945638662336,2.130622827128524,1.3635145314318,1.229364292302395,1.223398174399282,1.359069969816964
384,2.734728881419328,3.053237011282896,1.4040054234823398,1.643936701736442,0.4007338029254196,0.3832908585878195
385,1.821634239989073,1.744615370006659,1.3698463094380284,1.1737678232679776,0.01817753949863221,0.09911557599140415
386,3.2086161619972255,3.162747213555388,0.24384868748568617,0.2250327077630061,0.2682920272993521,0.26563629218490065
387,2.481470516899135,2.628065927458868,1.4536832611031592,1.4791385690838879,0.09487810180583689,0.06451436287453106
388,2.477878595592286,2.229434091827504,0.2123212713764045,0.14557626627190773,0.6379232490455391,0.6067741249741935
389,2.664687276124761,2.6231174519198333,1.2279963469524773,1.1878123101971987,2.417572777700867,2.3415042220913955
390,1.5639035650087445,1.5157188587779689,0.7922823662951248,0.783017769415548,2.3196320976721805,2.207671597440712
391,3.8337803007317355,3.486354638922005,1.5802394222849954,1.2658915587366775,1.874081465917838,1.838758783053532
392,2.705717955534187,2.455599315942016,0.884758487916111,0.8797554455255363,1.8289966846293697,1.770533489350738
393,3.8919355362517187,4.0,1.1791542336389196,1.2088057138411374,1.3063340170909907,1.23428167234807
394,2.35785255062129,2.323204198528048,0.37527052299656816,0.3680483241819457,1.0914443137584038,1.1005099056524577
395,3.658805525802348,3.8313236630242695,1.8948444224497876,2.0,0.46949861915888746,0.4832941578604136
396,1.9542706483981669,2.1503792738258976,1.0244606698162664,1.3225605831539986,1.8212543860890542,1.8703772507878118
397,1.978906356059483,2.343975137221148,0.775856269609323,1.2338922363240679,2.9803613933168545,2.9141193384439883
398,3.979746793599848,3.019960673108633,1.7895465701768443,1.0535495796978402,1.8579210964880613,2.009730054799679
399,3.3219637948413654,3.1781094051716012,0.254055963113867,0.1,2.6511587715289595,2.826491897127216
400,2.1370747167030633,1.99459943962268,0.46241325306708425,0.40980465528292076,0.6827480383361048,0.7429559184269331
401,1.5151243617484718,1.5728791381300786,1.4850379529448905,1.4528526806109743,0.016848662190989572,0.0
402,1.8600865325087863,1.666241860433072,0.7090413841800053,0.1,2.1634175361801162,2.538253391460889
403,3.183272662797914,3.3406112178457623,1.4561534797395088,1.3735349405786201,1.828952536996157,1.8795150941703207
404,1.9404059737049224,1.7601022761983807,0.7450590838058118,0.5407463403975743,1.8666265533957145,1.8571103466695984
405,2.149631480398416,3.0638935942963568,0.7332744482139038,1.5120244470722064,2.061014025860536,1.9768506620446558
406,2.66011200590367,2.1211987389484697,1.9440629567551801,1.0557380013852833,2.6796604490139324,2.7567516230028017
407,3.664324658771205,4.0,1.0656739287933306,1.2859080759979094,2.628823267363788,2.668882788566516
408,2.236505705126861,2.3963807668788473,0.8601878476618595,1.0039951331885046,1.8929993476444311,1.9522773390409525
409,1.6994458037678781,1.8631547362409686,0.12023367598445178,0.20108194456709844,2.4602624423880406,2.4252217461360477
410,2.0298791014024733,1.716681508016584,1.2775132730614378,0.8360503561098614,1.5602713647680209,1.8351741988603194
411,3.658969945071375,3.808550293268964,1.7718009739110239,1.694729693161773,0.25043049398128314,0.22956570579418087
412,3.4495303625412435,3.540028215994946,0.7596937696027423,0.8642376608477609,1.2357011533655435,1.2189299540617209
413,2.303528450199588,2.536995956719066,1.6094168209885367,2.0,2.493682644064201,2.473608751636089
414,2.8763504241359015,2.4052022786492846,1.1802921781777738,0.6919382619315787,2.1081983597044363,2.337476663241644
415,3.61378871743144,3.362637886505099,0.80483646137946,0.18568138147695828,2.0026154159841014,2.660827436777035
416,3.1651102077460576,3.0724795243708543,1.6386295483536852,1.5594711238446815,0.14690105698280043,0.208587387433441
417,3.381465773897074,3.4041226421170916,0.3934966186235481,0.396341947154327,1.9421638215198254,1.9324616529791803
418,2.2751928545785356,2.1271109169790834,1.383264028789919,1.2335227942057958,1.2662546740384464,1.4071888106893273
419,3.8969830268850183,4.0,0.17658248267334126,0.19605775240048454,0.7510539495191236,0.7580209061227803
420,2.3309797994227304,2.198264922365472,1.344020951361295,1.3920645041227335,2.3106345851104377,2.2824080286397557
421,3.379075965009298,2.9700757902139117,1.7192124957806683,0.9364313258618506,1.7387793071171194,2.039269042717647
422,2.6405034072073152,2.5779472939361328,1.6942925208934112,1.6454316508427878,0.3332650239841767,0.28704689847302906
423,3.919943374871737,3.951587352706586,0.34788463368166866,0.3515776116992865,0.7352341869052843,0.6791359564497349
424,2.33994684569184,1.9552838693552672,1.4407446222528326,0.3848348057081282,2.501426980223286,3.0
425,1.8840719121976153,2.1359376846496505,1.2378209247359568,1.497889883732214,0.8400158750960078,0.8203185951071728
426,1.7648934306368056,1.5116426719350171,1.7049807430744734,1.3863071980243473,0.8674887917334688,0.9695341253655189
427,2.5778293218689328,2.8589197029997866,0.21423185713279508,0.2833620800297142,0.7438056253047154,0.6713960240135923
428,2.7432923439287045,3.1762213579917176,0.7913691671960658,1.4954774815261296,2.4480282773796285,2.145654933262373
429,2.0174584778594085,1.9929481366635213,0.3068765174809569,0.2717115109524457,0.8468039319849839,0.8004806650996346
430,2.5247438728079006,2.2707259596987983,0.6644311176851617,0.4038873408111018,1.2766950821768357,1.3163631024366744
431,3.240618858739742,3.880124957115535,1.5509322292917376,2.0,2.260493286771617,2.189195607173635
432,3.138580876725596,3.3001204103134523,1.1977396300530765,1.2609833060657534,0.23905198007387085,0.21518107579492385
433,1.785004609123222,1.8158943602486157,0.22589069565370493,0.36844863957854884,1.8659853760105864,1.6930152169933055
434,2.9899024848360343,3.218248551161743,1.127415894618301,1.2515955873276954,1.7540884198770974,1.7689651869473566
435,2.6918890733476912,3.170953736856322,1.5579815121903482,2.0,0.7714870066465102,0.7230785910119596
436,3.1794576217739863,2.9524144641307064,1.2845550593557484,1.0930297636776394,0.7974701237862132,0.7359618780015155
437,3.559612739447487,3.924259493854576,0.528462889038405,0.7035370804575395,2.250223425933254,2.240298495643174
438,2.305198595215509,2.1695866590048922,0.16603486947677173,0.10437996148446688,1.3362753493713262,1.3281089196035039
439,3.0488972750887884,3.723804176413867,0.6501600157855469,1.142107268626797,2.758060670474963,2.5889975942786743
440,2.597842333778334,2.995771673678336,0.859217383398287,1.4453370667226697,2.145725201618567,1.879949820606191
441,3.0254209750823056,2.871616658006673,0.4793640148676418,0.3878236603507082,0.34163355507883253,0.319115271490395
442,3.661323813533097,3.2544738006654192,0.6481538230888361,0.47043918876718277,1.4049219817302592,1.3995858557495473
443,1.51158655211705,1.5,0.4589099083043111,0.39754991002011314,0.799681647532232,0.7446408276363279
444,2.4685841966984157,2.2809201611819345,1.4857519229676253,1.2590409211703748,2.4877712812181967,2.5218746565882206
445,1.6797289696506592,1.782712888519494,0.13324213744142702,0.12245579748976056,1.485171552991415,1.5793668346146685
446,3.887688099705059,3.6321188777374007,0.302068094532533,0.19710170436012994,1.4450158703075842,1.5567529974230596
447,3.535755727076067,4.0,1.269122599597614,1.5622586935860439,2.6550402329681564,2.5973539110603348
448,3.431735536426839,3.451953644654313,1.2661356610395214,1.466541842389771,1.9014495954604027,1.821176825917113
449,3.19979130362133,3.1511548834741268,0.9580993575379722,0.9080211172130188,0.03723296135954435,0.06284800958194621
450,3.6803704611482213,2.79392177697871,1.3631353744406753,0.5459769847450123,2.16502694418514,2.503464814868309
451,2.7464300651942106,2.3740823246102463,1.9523255196677607,1.2866631349706954,2.774491865525228,2.7883506866301877
452,3.365414967896858,2.987803554704862,1.4548075968091767,1.271333213029257,1.8716385620854832,1.77317646581349
453,3.903715931954374,3.8433890409040528,1.792758922577253,1.6969754355971447,2.2507631488293978,2.1650729627926357
454,2.091179677980567,2.002540200439163,1.0951741137853945,1.0324031986972908,0.1451246720172682,0.14499286869572886
455,3.324475283415876,3.026757446282812,1.6208843478726056,1.196247632008859,2.857151316186747,3.0
456,3.0545576019843477,2.921000503684184,1.0622231983256871,0.9796079687034895,1.0871596348365986,1.076457325776214
457,1.6976325053566308,1.774322869293554,1.9705012047882915,2.0,2.541339654367045,2.6530646000361675
458,3.2472393769056733,3.094162402854243,0.551531520110742,0.5098977168819346,1.3893973247686042,1.3423674191912773
459,1.8198261802850295,2.044773268520891,0.7682823182348586,0.9839653843650209,0.6964245208795348,0.7495341286771297
460,2.0134249293368387,1.9486497728561905,1.07531960694912,0.9349886419957252,1.8314423573135994,1.9045822752620518
461,2.252386825956155,2.5754666851442267,1.3649348584641534,1.5655838775364752,0.03918819563113729,0.0
462,3.2256156079910956,3.1748452928022695,1.634083544473267,1.6037757316610963,1.5221292598558864,1.5931077837846246
463,1.7014132088368727,1.8421966699475762,0.19336687866430113,0.23550410448079506,0.00959300836929955,0.08290927789173855
464,2.584112954899121,2.292751017204428,0.7812380990920592,0.5818490925987567,0.8437622569307563,0.8097208505434986
465,1.9531669379754284,2.065422974683374,0.33449386746985654,0.3833102857478995,0.08878253424780402,0.011871251774990222
466,2.031284587013599,1.9934363172213754,1.0934706595783676,1.0592636619145417,1.9166028484238002,1.9560733639583139
467,2.7739152773723563,3.0348950652126687,1.5088496200233243,2.0,2.946051333721347,2.7679537369041762
468,1.8303910367763698,1.6104808027747313,1.6201547272786054,1.3911072426071163,0.9251775819230809,0.8938068839853349
469,3.196000069524052,3.299604451611479,1.8132221660058863,1.7547522419500434,0.9288907690607167,1.031658606357543
470,1.7918856196440456,1.5503708368350548,1.0132798202949231,0.9709941004646517,1.8437863757749695,1.693395990468019
471,1.8383268378889532,2.1237729257971876,1.6297836354534074,1.8748621125503615,0.9277599475391258,0.9629181024747291
472,3.317823054571532,2.5178015870146715,1.663600428007516,0.8243887737520218,2.8098540784666057,3.0
473,3.885078139307248,3.593527066338761,1.8131059001717011,1.3138882326663202,1.0818552274301414,1.0737442458250404
474,3.828362173483675,4.0,0.9127831761972603,0.9105490966408817,0.5740617576351679,0.637241902641022
475,2.43457399674128,2.772146239684085,1.7738978393908684,2.0,1.2328349752158108,1.2932530777308455
476,1.7831184970093095,1.7748207295810194,1.2118942849673793,1.130201944786071,1.7338577026467101,1.7979992704447967
477,2.0269207756657988,2.1447508143224123,1.9666187279256058,2.0,1.9765932574905731,2.0400514757725445
478,3.5908421331487017,3.6580517566182755,0.712072014323984,0.8337034512012464,1.8827219925407772,1.8946583049115755
479,3.182976304329819,3.3373841580334958,1.0480576924059006,1.0878198108618529,0.40746783492902205,0.45441961097905376
480,2.116112516690368,1.8745859592995644,0.6790042734698917,0.4624498487445978,1.5824100531873022,1.5988815886034555
481,2.3701518414343132,2.534199697834172,0.5107041690150048,0.7408071892577909,1.3505098235721982,1.2172805075755984
482,2.8347827289251155,3.1364156663626757,0.7797796212809999,1.1277224659650986,1.2651524700868833,1.1773146633306328
483,3.6414186081368536,3.781026804126358,0.8042559884805303,0.6492929334084818,2.6625591648500535,2.8621021796533124
484,1.5042017046944451,1.5,1.5567632326053829,1.6102989374574856,0.9948165054501676,1.0542034110453613
485,2.5977159687814964,3.1150429552322234,0.19181910790580228,0.3854395321107325,1.5769174670823907,1.616922712957429
486,3.056610657340549,2.9533520116412353,1.3916524252707085,1.267499295623626,1.2030306216346467,1.3025768954088501
487,2.4142019479331536,2.4065346809021446,0.45404040237549026,0.37643687368538287,2.1209272068359946,2.164216734145475
488,3.377810055522401,3.3480902776438106,1.617469155783463,1.4952710054236136,1.0351855201412459,1.020559327551788
489,3.352154136534166,3.232783144018345,0.4513031611758682,0.34390107949097887,2.2680598287214258,2.2490854774206093
490,2.2212534360634493,2.135701965413667,0.3145455911576108,0.1,2.300307976166562,2.5397504884604936
491,1.9535773150913034,1.7270919417934938,1.648243903610031,1.1967416032677742,0.4760368450778276,0.47278572812928304
492,1.5780617965198285,1.5901911793557708,1.1458811631297432,1.1087237258035967,0.1166284229684893,0.14619180469460674
493,1.5501142851423844,1.7737563415893565,0.8727490387055954,0.9715661389572467,0.7038911834007201,0.6380931658482901
494,2.2675878956790214,1.9936010412899228,1.7611531987500653,1.3150517803306996,2.0151043409095726,2.0565982412921087
495,3.3057979817574417,3.1963449777037276,0.23811945416497252,0.19415155122428676,0.8904325727718136,0.928283699292841
496,3.267855570753425,2.9106118191955472,1.9532464640355485,1.662535481682764,1.3122840322931146,1.3925526034642597
497,2.163013363141593,2.2894152625530912,1.9091286943054793,2.0,0.531634016842843,0.4453092591890678
498,3.0144208851335685,2.847671383699891,0.8642479894592917,0.8248790038564703,0.6757028774810103,0.6664513077920158
499,2.9054693541609913,3.1634004590211475,1.9331491222098085,2.0,0.15083468732499106,0.14180823392542993
500,1.84614596675803,1.8991075887562914,0.8170756653548948,0.8637716098143261,0.24648521413775892,0.2549768188681291
501,3.5530275083620624,3.5334015524945532,0.28200408383277387,0.23576977465625223,0.7613286109923474,0.8129806453224377
502,3.5644657084288704,3.6222404495773093,0.6968576661874488,0.7119382051965734,1.4880033011182445,1.4773885804138582
503,2.606933539045697,3.017415301604063,0.8207032619983361,1.0700960699792268,1.0132741325103907,0.9930634176071379
504,2.360332001971247,2.0275188959662636,0.9697677431029532,0.6511849878051814,2.037272420574916,2.0604504343369676
505,3.1446170628649055,3.6839870929650487,0.6666854528412438,1.2676873142678708,2.8749285967242817,2.5345029296133132
506,2.446907720447715,2.4697549534797476,1.595966223929788,1.7636233635682428,2.20454763066365,2.1257666950130707
507,1.6213306508968734,1.7462868594698784,1.1384671148291217,1.2121125591419404,2.5157710215215876,2.588425703442509
508,3.357343281466641,3.7042597799425914,1.4113778364347154,1.6849023234862175,1.0539772404047247,1.0906094227329972
509,3.242027818085394,3.934588017735216,1.5236146310095662,2.0,0.2275395066918635,0.21808928679764275
510,2.069317818815525,2.3159704068682916,1.35901485044164,1.6610024851399747,1.0444993891725498,1.1306760037811412
511,3.2832091894230846,3.280194674545391,1.6663061898759424,1.6928217659713343,0.527144554183293,0.5249461463676148
512,3.801343722665959,4.0,1.7248551793883486,1.7641446097600104,0.27984916443808117,0.31892342112511857
513,3.301552155601457,3.2277429240451525,1.702635261726796,1.583512651660508,0.061439578282802,0.05057016885876671
514,3.218537799023373,2.926304657364861,1.5951712844591943,1.2428865172440224,1.8741106035071418,1.9486449235296945
515,3.9376480454588108,4.0,1.9512828891242389,1.8925614877353274,0.8997026244816215,0.8321090106988878
516,1.6629136181655397,1.5,1.8379401370042558,1.4621128786442814,0.6640915973797186,0.6532474828945066
517,2.570637571764294,2.3968055475647736,0.36809611043568546,0.3085372083905683,0.5489228230361908,0.5194558989669025
518,3.7687222370299045,3.701522346749811,1.825803943224788,1.7156134610238523,0.7799527251224104,0.8128026469696324
519,2.427415386696892,2.5234551903814055,1.8167797450782723,1.493198539253415,2.7897947478527874,2.8574128392000406
520,2.507601208050356,2.5944699679651944,0.12507555507212664,0.2963512153035052,2.168219958602932,1.9719377557044486
521,3.0953547419839706,3.2749972112557666,1.8851489056229103,2.0,0.1924647247199175,0.11801817459894745
522,3.584666703713216,3.663873022719116,0.4535825329362033,0.43967603127971044,1.0045759104608178,1.0395328707303808
523,1.7658941235421086,2.2546754202430965,1.0817420876712782,1.495151353178309,0.0585801731651443,0.04639441932627987
524,3.738612587135596,3.070999891980206,1.669407449089793,1.045901638886202,2.459940116550126,2.5285720613919436
525,3.4010153321527676,3.43301065210435,0.5090987837583462,0.517297616023748,1.098594507223047,1.036023674505362
526,2.4280290651427503,2.3237888058590164,1.193966106696323,1.0971260000126468,1.1534718678047022,1.1581086740333726
527,1.850651618920537,1.964038593317842,1.626553890294927,1.7968680449979668,1.4531995522961934,1.386574394268051
528,2.259228115453118,2.4450775003322,0.29158975607532206,0.33149364002371445,1.3689899003320547,1.398567061917517
529,3.700492822724271,3.9071938751984447,1.422501367813058,1.0715783873925335,2.6391226704034585,2.92360762653828
530,2.679695954596278,2.209498363100592,1.2078548235689954,0.9841108999096191,2.4157415007148986,2.337852717301798
531,2.8912825544523706,3.3983908574262416,1.0582760783436238,1.4539435771452804,2.303848509912146,2.26927330544899
532,3.8445053944958487,3.1856397818340927,0.9093106432461614,0.5062278403935829,2.832995903037787,2.999999742362
533,1.7186725983560316,1.8287033777207533,1.7220253044660654,1.8710424413709568,0.08152485560879019,0.06573874269015066
534,3.81041758649,3.4857549633299794,0.4330050057035557,0.3166386158795424,0.722085210786307,0.7474440789074076
535,2.5260710524365697,2.5347967725105804,0.24145008517316888,0.19193906864143281,1.9315365514476088,2.0097856906496303
536,2.5293535487286745,2.5570624035855043,1.0783587104111962,1.0881482648207934,0.866066301353839,0.8759056560190694
537,2.1502026685362416,2.352303764921264,1.6994034108183014,1.8359790256001594,0.47885169598676924,0.4338075036629116
538,1.81027086639314,1.8735751422231346,1.0200194037738912,1.065010105631594,0.11779866827769092,0.03914601423306583
539,2.493962120614923,2.5270082457470786,0.7230082277478241,0.7974154493746246,0.858198791218694,0.8340188606768693
540,1.9735340654245612,2.0271205809764634,0.7669841283815659,0.7712698825855494,2.3513195150133854,2.314718051983863
541,2.051104107751197,2.307654289801412,1.782962150177171,2.0,2.515805637619868,2.6329839064436027
542,1.5565526469455457,1.5,1.1454723333088568,1.624842869749256,2.5773867647544044,2.490266338409628
543,3.247259034340016,3.8545488470087887,1.5545659873666242,1.6485454012236453,1.6985050281679202,1.7468487306974645
544,3.9489741159853557,4.0,1.4125598115417464,1.605489279218744,2.542749452248731,2.4157739391643327
545,3.163161451298835,3.3577918760676875,0.8368910334919655,0.9126198092051598,1.0359590673619552,1.045049929365609
546,2.204397902254451,2.0771896082434864,0.6730722624184092,0.6532227833468922,0.6386832959485675,0.59103717928773
547,2.52439005869449,2.7784037111553648,1.7777130340642606,1.8862223196737578,0.14433018558853783,0.17580947476361253
548,2.1197368682632183,1.5615377542574225,1.462605232306862,0.5712997938712767,2.1404372571529344,2.3256106750929044
549,2.723756900790322,3.068556244727038,0.896523288350449,1.0157384031407997,1.1165451137630582,0.9981241220956223
550,3.0621354123139928,2.648712730288555,1.3690828289672332,0.9553270167818096,1.5767058766024182,1.5721671456030923
551,2.576884898941465,2.5894506994861684,0.3282845287310552,0.3256757641241704,0.7998924788508324,0.7463052561771115
552,2.717885713508335,2.5281456351207128,0.2896341039191529,0.21666820751165233,0.23341943430689505,0.20847535827464295
553,1.611432535260246,1.6384479658969657,1.8371945893794426,1.78778080556779,0.5518583462018258,0.4783689186043325
554,2.1911242235564314,2.21969444191182,1.6373664833009245,2.0,2.6123765678947506,2.441620874701165
555,3.7422238839743773,3.8760239620095778,0.29939637602777036,0.216159603103764,2.8226826856907503,3.0
556,2.708783943761391,2.5272306540214817,1.870308062065102,1.673126248650228,2.67753486464081,2.7730509053248324
557,1.886026735148005,1.8715156574196912,0.9885038770468247,0.8010992376568161,1.431209179337062,1.477679107708796
558,3.8047849664898252,3.87091437108651,0.2921849843053601,0.2794675287532619,0.5743129284172561,0.5915325368701884
559,2.7116676074475645,3.086855413895276,0.8916538398263695,1.0565139738358487,0.6829546136288797,0.7042138961859221
560,2.6374946494698954,2.7793966464670787,0.1294519676903529,0.22941994167178514,1.7585302449786804,1.6718639900054715
561,3.708821156571317,3.9956402376848015,0.2940912393274281,0.3771171692058295,2.270990315408508,2.190419009520091
562,3.9196806497648113,3.628054978268745,1.098670309534571,0.8704598706973269,1.6263190192690378,1.6893305872696818
563,2.8445119112891017,2.864408423894988,1.8107121037326317,1.7993727018359547,2.082759443555772,2.0659760677903223
564,3.657197981613274,3.2008678227642484,1.970436012324223,1.5284709955025964,1.1612245196416044,1.1891337671719362
565,3.0282346006709684,2.8150799669139843,1.8467103728232066,1.647752258954975,0.42946395271592097,0.40151802209982596
566,3.36982684359635,3.4247887188074264,1.5655914688550567,1.6416772698898403,1.4647927992317282,1.505631905007856
567,1.595294013762204,1.7061424759477626,0.7900509049441371,0.8071698850270819,0.17230942429510465,0.1180522954607977
568,2.811373440399204,2.642876315622046,0.6100946876183416,0.5402540830506692,0.16374127581983133,0.13049982853172587
569,1.8669338085776108,2.1653128433507143,0.39059664603256594,0.537255137868543,0.6995457689209388,0.7203737707067466
570,3.2885694170121713,3.3432537760026637,0.14607437586381675,0.1,1.3975525976298773,1.5331274420891883
571,2.6748007961243347,2.6047092133604717,1.4903437640914288,1.3766165076506498,0.1738952645069125,0.2052345102445641
572,2.6034973436713793,2.649821879068729,1.8105540047921689,2.0,1.4242639013461642,1.386239477031099
573,2.8040800433222746,2.76192478586333,1.9078636603254446,1.9125376278759743,1.1628087820129602,1.0497948757091988
574,1.8796508422736982,1.6058528990222698,1.309014534442384,0.9305943071553533,1.654685781886005,1.7602626156596703
575,2.6502897801189302,3.0329837100854573,1.1549596187883582,1.481469084495127,1.425528705109938,1.4113326583550374
576,1.7761589386015117,1.7042952886174485,0.9311143509117723,1.053525670308003,2.6673220895318033,2.5501760547562933
577,3.071767859712154,3.92343807266705,0.9173438324097515,1.3158818004130972,1.791717493732092,1.6557881932061975
578,2.666750884594861,2.2869647601541794,1.0196932349721317,0.6814679888950785,1.0643495377921695,1.1694116892432334
579,2.4581301822595347,2.4308073171097777,1.0248720971790575,0.9745578844427978,1.178399667645285,1.2453032994944444
580,2.3025566007761213,2.4251468360693362,1.118728233009975,1.2904038206057993,2.7175845725455163,2.688003637588329
581,3.0371228367006866,3.054226678439056,0.46630895618740087,0.45745344393949566,0.1462619015003278,0.1861201819935089
582,3.419608458972409,3.1708607700145484,1.2203215450931948,1.0238116189901443,1.5319727086042416,1.503059118174228
583,2.7489368782808974,2.690458360030982,1.6405255169635218,1.552368202959411,0.15330964609947229,0.12170867191810963
584,1.667242194406294,1.6714687890945132,1.106840016659414,0.9854253492688074,2.18001529804027,2.1876469112653596
585,2.209429385412965,2.223340851913609,1.8868857422161638,1.7655914197398341,0.6115741047336207,0.6732143886604091
586,3.0155887795733554,2.7707436460883095,1.9561281248346585,2.0,2.6117231277958277,2.5770009063417207
587,2.8916915418505003,2.966577266336001,0.6281633263554515,0.7829930252437826,1.8890512419385619,1.7679878725556337
588,3.006952739870618,3.5735390901912747,0.7737154113443484,1.3937450132455012,2.065968271150232,1.919830130932504
589,2.6173205057343063,3.0491119286903334,1.547951383314566,2.0,1.8049544253097827,1.7780853147847857
590,3.751695214878542,3.590431342984535,1.4992698462095888,1.4775240785808295,1.408672937208818,1.4548887274124127
591,2.61616503201823,2.97622480081546,1.6565861650305627,2.0,1.5310441101971666,1.5953644148978403
592,1.8292923175145859,1.7285345316059928,1.5654605271641435,1.5307989983324226,2.567390722438286,2.599473855904272
593,3.000614992310584,3.0528099453849555,1.3978531408566002,1.3924538153819837,1.0631613850349901,1.022994285762588
594,2.2432119833799042,1.958433960204073,1.007374456755534,0.7382707591074282,0.3263448104608806,0.4042782064289317
595,3.0639199749480213,3.7369231346560885,1.4429902503511718,1.7501427573104889,2.154638970652754,2.0803456880034403
596,1.8577929674594713,1.9867971902643693,0.6320369619772636,0.6912611615519694,1.1405461378253006,1.251836379648661
597,1.8487470529810852,1.8873024943353316,0.37797409944303184,0.39282159942272904,0.22047298408619864,0.16515518527016773
598,3.3184368973772367,3.156173616041532,0.7088819363360241,0.654820945212086,0.11477564735917611,0.13419916879529104
599,2.3649595671091634,2.449771986417796,0.5581407297728581,0.5052180727043837,2.659923373923534,2.826806816933132
600,3.660101544548598,3.4936774834507225,1.7238429769992811,1.5431496168125027,1.1276573818530828,1.0889957353685826
601,2.673143568618463,2.535142363879328,1.7181392728744234,1.2815240821201224,1.8993439396640328,1.9155776102801694
602,2.6764635489446134,2.933624022701438,1.2830261579374158,2.0,2.1553557925292015,1.9577672705889018
603,3.6585475083654404,3.6713572640073693,0.7722333435902452,0.6168589547530599,1.8590047359812902,1.9834077121588307
604,3.1317270161490827,3.0092556314214693,0.7549162105107532,0.6737105389839321,2.9823486812044244,2.856251149049004
605,2.098878504999189,2.0394462258428274,1.3762150506493047,1.1905206086181488,0.29079575355468557,0.274393877065198
606,1.6536981563761568,1.612377746390533,1.4715002509050976,1.1094470995701189,2.673974786905884,2.7614519616962068
607,3.6239072202610614,4.0,1.2121523294044225,1.2719940939165921,1.1353261467904834,1.108632092463919
608,3.34763791843287,3.4046229302874274,1.8160070117391136,1.6575832496009133,1.916422543330944,1.9714212360352539
609,1.7769471348935997,1.8042727793645283,0.43326308619593756,0.5253188012851163,1.7383008549477723,1.6409656031141189
610,3.349797395867981,3.3050671715174795,1.7129357869458357,1.649770009178485,2.4494929265643126,2.4440393632574096
611,2.944155184728898,3.013076839176903,0.25794169797727523,0.2795027197597487,1.4465147210521456,1.3997622743196876
612,2.2736807135067276,2.0464555718068813,1.1520008847706715,0.9399790408063692,1.1641141826192294,1.1876285408879539
613,1.521587996282015,1.9171323474554487,1.1366591620976814,1.7383573322966965,1.7125059592728822,1.7069210735922982
614,2.479226544432704,2.6476015446563754,1.7237904750762987,1.9722203094820503,2.285261668758617,2.2542907954046414
615,3.598444192617378,4.0,1.545293930127097,1.7876062350309145,0.7232081960568395,0.6764179421197353
616,1.687532661991872,1.6037667641361746,1.9148062435597437,1.7861232996949028,0.6377736885398897,0.6344335522935155
617,3.2914787006917594,3.788527411717022,1.4040456583105616,2.0,2.01122969495307,1.7659772045846907
618,2.1159402699859315,2.0558986823164016,1.5015801200966428,1.26615982807683,0.9744194504668651,1.0145149400482945
619,3.410585685955808,3.8105975265701777,1.449067996073114,1.7086632982177656,2.468682513728037,2.326240648675436
620,3.1149407620492453,3.403129784860363,1.1239800204300718,1.6774853722270398,2.451023223573208,2.1934673488808993
621,3.068802247896615,2.79829001143902,1.8608444782457778,1.5271661083099912,1.5972377706801533,1.6244931329148788
622,2.0775900304016837,1.7845919304962081,0.6633309548114096,0.38980875089711703,1.9873394846933279,2.0367468692994932
623,2.3711774912797887,2.394426582024363,0.6074234363187311,0.5844639879354553,0.5346506566545012,0.5581293809591552
624,3.044864511510531,2.960034856569629,0.9793370729159065,1.0782926667877784,1.7859420412411855,1.7016289016846193
625,3.1472143530477235,3.112493422447511,0.777077897235795,0.7308559412592427,0.2472559815706712,0.2969779266544228
626,2.0569097585612988,1.9545352173944939,0.22347750478500783,0.1,1.5428949504058098,1.6853174831920656
627,3.0170604906336798,3.210586828656087,0.6626194510008065,0.6963273882765699,2.2149242778878717,2.2288167969806727
628,2.9419335379302396,2.7702120464000286,0.6446471585326724,0.5502589890891539,1.570619111743576,1.5694245959345365
629,3.2443797532104988,3.497393353884165,1.5733674017072967,1.7156386518293494,2.1502141521286005,2.015344342320769
630,2.739801787097293,2.746524889623994,1.1449576088633737,1.3467857430782404,1.4984319072837746,1.4745340141107925
631,1.7395791013559012,2.277124292925848,1.0749633875918299,1.5728844441928238,1.8449526685284885,1.9227528054390681
632,1.7677656428341648,1.811464366662498,1.0423358441096038,1.0831154401161507,1.1804930390813801,1.2751416264602553
633,1.9075946329049787,2.2596968047063153,0.32917988543631627,0.521671246677121,0.029558297125622968,0.0
634,1.9945123684368327,1.5,1.6829977693009828,0.387127106227567,2.326545422827091,2.785072706728448
635,2.494083810019677,2.5428371344811778,0.11150206107697745,0.14290985153447996,0.8817993571725349,0.8389861373060535
636,2.4641172971500063,2.1251929961345786,0.936470379747249,0.7479901038567282,0.18007382418916795,0.15089998104230323
637,2.370528683987926,3.2874559836371624,0.5043124174802314,1.5155959448671275,2.4637587994187715,2.141585212888107
638,3.0719938459214142,3.145866749467926,0.6401706966238945,0.7387447444341891,2.4936307447264427,2.483130148305834
639,2.6769885567387286,2.680735182179357,0.8942698394376971,0.8803634695285966,0.0647380850508612,0.09150257741937866
640,2.26203042632341,2.013441706460175,0.9979051080063572,0.8121021148594897,0.9127200828940695,0.9425009569592794
641,1.545594499818213,1.573439137753996,0.4007877651602846,0.44531063296727025,0.5231909117934816,0.4309327945450803
642,2.368853163239311,2.870525822207425,0.9353191331513545,1.605182773748983,2.1398511479448348,2.0144345644584183
643,1.5169171490035,1.8359864286174117,0.8701644967074392,1.027715478521988,1.6182226967415705,1.662201917090711
644,2.1487101634961445,2.133217437532862,1.4003411618314565,1.1192449686617492,1.2084985025744366,1.3442842817015426
645,2.7120240628378998,3.8838093442475827,0.29948941949046237,1.375860408994786,2.7882378218037607,2.295369298659031
646,2.8076542158460143,2.77853131203318,0.21673012248427156,0.2658300148989156,1.5798310038146672,1.5035851226167372
647,3.566322183564851,2.928605699811895,1.811472007549078,1.026700141027963,1.5730205684869945,1.5698944665705663
648,3.2078028510327052,3.29072955061164,0.2574560030884113,0.22314048045519508,1.5441707411907017,1.6459650224656526
649,2.577920815668491,2.5662291642988806,0.9631147498160211,0.8627305365537521,1.2865543058229754,1.2577489615062651
650,1.922437867878798,1.6950872716846397,1.5233912292208114,1.1302641146331511,1.2365088810709997,1.1240021153223057
651,3.244527436112153,2.973535828522757,0.8454365094400994,0.7214020299013865,0.17833208575795223,0.18189686267412097
652,1.9356864256163828,1.5906208547651417,0.9731311811659891,0.5796686171066832,0.7843006815772685,0.7585528236342897
653,2.9794758460180724,3.0702719333379904,0.8779988153918151,0.8445180491078679,0.7751400696092572,0.858686772176903
654,3.220785587410284,3.5968738593103815,1.3647429461388039,1.7126590623989322,2.186756667306823,2.2329592049148235
655,1.8100398044954213,1.7964937317713334,0.18004068294362197,0.20998355493704954,1.5529512682496611,1.451387267022286
656,3.292807719632454,2.790615519333115,1.140493443039256,0.8556516971911297,0.8256946281975721,0.8020729481520328
657,2.633117323624529,3.2101331675159064,0.5104824706841165,1.0158105541601923,2.935231377156861,2.6736908231691148
658,3.552686169331203,3.154332652291963,1.2725398355203357,0.9241272605306813,2.7949700135455977,3.0
659,3.7780731330500292,3.971321193133982,1.1846343048193424,1.2341032007316002,1.5433249829927838,1.529384204783256
660,3.2206114786065863,3.1148656965855306,1.2748586182434059,1.125032334778355,0.3432232618864123,0.3281108099084268
661,3.0992747334970705,3.203566994267607,1.973002528948478,2.0,0.14893410766489568,0.2270497134031809
662,3.6475270034377107,3.8928519674711346,0.30524830560716854,0.5689390157301412,2.243135227555496,1.9660422072428816
663,3.0406841364585877,3.201058552989975,0.12818568524829088,0.1327613095961198,0.14842322888370618,0.14575955717761688
664,1.6399914524602481,1.5,1.6146408147766433,1.4649681297106125,1.8079088068277918,1.8231008851715136
665,3.1081110451405345,2.9205660100778763,1.4767457269845707,1.3443293729326113,1.2774110846679618,1.2714082985866058
666,2.717999972443036,2.5791665205301815,1.1546925862575592,1.1717784115111078,1.772849703017155,1.7445460501371945
667,3.0267540560164123,3.915741589022882,1.0575411393117515,1.6144289060733363,2.2080652361099067,2.106058925343331
668,3.667675093744343,3.751899691937358,1.114824041338521,0.994095619573129,1.1019969920480208,1.1921051348044063
669,3.121845640054552,3.336244606256047,1.9625363985382038,2.0,1.9503658972003608,1.9103189678842853
670,3.9792999664621056,3.57919063880885,0.18149575858549027,0.10006532095171877,2.2849046735541503,2.355289448856924
671,3.586916973076955,4.0,0.38029936393821495,0.44863573556845143,0.23403314790221164,0.23456518174220814
672,3.7014875365800375,3.229271385070992,1.0953776122901728,0.8280805903638611,1.1795369181742477,1.1782674784755
673,1.9276011917960145,2.1871240535980263,1.186707383515524,1.2513238456695843,0.5671021664389787,0.6600331173146395
674,2.105124128267726,1.8348304981948287,1.5488407412507263,1.1940466974656554,1.7548922129013058,1.709465934388351
675,3.5822654155815976,3.7628665109301975,1.3173885843078337,1.39133226007218,0.3756281522721887,0.3887704873356298
676,3.131616867413881,2.631541112642438,1.3974704194409184,1.0616726481834466,0.4756700454714483,0.4225187690319125
677,3.5102990810636436,3.4539820663180825,0.7992927620719101,0.7313455180944419,0.4709483361818565,0.4944136770016244
678,3.4986048041170372,3.245572215800344,0.1342000251935125,0.11235615394793942,1.0572911752670244,1.0270123404593503
679,3.8114344743191437,4.0,1.4632019150065183,1.9107963793623903,2.9540871803329183,2.5968429518225777
680,2.4442007602864617,2.484490301207822,0.6206219547821304,0.7676804154500483,1.7647241580777377,1.6054572814223844
681,2.040477133777027,2.4705435976938315,1.1675517996185518,1.4396707625355722,1.3310043194269996,1.2845293584854922
682,3.8001744779436284,3.7484327257720724,1.3481244630153104,1.310747557128153,0.6449451427405223,0.6995351324722094
683,2.671858242630229,2.982206034171005,0.2548707574855781,0.33732255077061457,2.945099084977836,3.0
684,3.1980533369220274,3.281190290078201,1.1656011143367049,1.1649329207972519,0.3246347661524581,0.34698597541633935
685,1.9538767036019966,1.983319888790612,0.3670264738636685,0.3699415171852071,1.8519485344518334,1.8632838939848895
686,2.3037198006545503,2.065599040373992,1.7489951866195366,1.8116128910699951,2.704719885186358,2.6471714590963256
687,3.881842117475352,3.2879295883488817,1.7498691535410331,0.9471087345871102,2.2041140367377428,2.310927975958028
688,2.303022162457639,1.7352352501103354,1.9209050465420066,1.1491150894725302,1.8320875197079025,1.9057207110669352
689,3.561745146089114,2.937761394338777,1.992982593972294,1.4081590534295243,0.5792554016989256,0.5682467242837124
690,2.149386222082307,1.8952170179965722,0.7881072611387628,0.1,2.380073713630712,2.963057314099048
691,2.393102182597928,2.6277441042003775,0.22305355324542128,0.40989371974881245,1.8706579789470603,1.6803733093751392
692,2.724116417667883,2.477693797653061,0.8042738351778912,0.5170101420655375,2.6780903050245533,2.747830857840624
693,3.8214257474416975,3.5957186363508464,1.0340546159857147,0.8098829337603108,2.727243615784414,2.7784864592741907
694,2.194934249372294,2.3385065450712794,0.48898481919984504,0.4947881773972734,0.6909368727386869,0.7204813074912909
695,2.4567083730762946,2.4648475090892,1.1372036116378585,1.1510536529231847,1.6371730466554266,1.5631582509624529
696,2.0368102731788924,2.018132568322874,0.5069774900543423,0.34868104261332467,2.13786342347198,2.2911089305915184
697,2.365247523082388,2.7956218153494556,1.3719971577584833,1.633967619974846,0.5098230402238203,0.40367067878342394
698,1.7898217089142534,1.795158355353366,1.032809521644402,1.018581589537946,1.0747404854165075,1.1056184325631462
699,2.8245737547230982,2.7888868599807415,1.0246301910653914,1.0322204681063327,0.43040695485970204,0.45218580010127035
700,1.5229764582820606,1.5,0.5141806111460611,0.5479004254672633,1.9248672809326708,1.8860992849190483
701,1.8477668375742167,1.903565259206629,0.8589912630430185,0.8524652739064218,0.4726087841404343,0.4989975134904728
702,3.7995537614251735,3.168262826105264,1.774126047754013,0.906970640531425,2.4951857960174193,2.774321683545165
703,3.032977207765978,2.9854803326737507,0.3831574549185528,0.14187221333037497,2.6414287530225673,3.0
704,1.723897043972271,1.756370502950684,1.8890829839278735,1.976371150825172,0.8161692356761556,0.7473904142960102
705,3.179317487452394,3.231945490140012,0.48849832981473107,0.47065185641971474,0.6249698298357359,0.6306163197812407
706,2.5915870599001396,2.4382191396400312,1.8924612369911182,1.6156098609761957,0.9757060754203083,1.0690143624264041
707,1.8699344695054527,1.8638788129047115,0.7298267749146194,0.6074562135821899,1.5574852560630823,1.602775244902634
708,2.5169691052334775,2.389411158269771,1.7749542985050475,1.5214232173641145,1.4659969665707062,1.4720475527151133
709,3.0137433151644197,3.1508386328358813,1.3459759845291424,1.2133469375272083,2.118993860865488,2.2746115354744334
710,2.495426793644528,2.4814225257386777,1.6487471560640075,1.4593774023378578,0.5723782735129325,0.6244468569437708
711,2.7810187377859563,2.734904553767711,0.7891037069871946,0.7884495496684708,0.8051649370483431,0.7897816773693274
712,3.499688681478135,3.4740221666002626,0.1483150343259945,0.1,0.958621638285127,1.0251463446157785
713,2.440169393975415,2.6200608531081713,1.8361976508005864,2.0,0.21424933231456111,0.18775113440382
714,3.8503685950920024,3.7656406543209116,1.743161170583866,1.7073142497574718,0.4696752283269011,0.49359094520168556
715,1.8642563612639482,1.953866092616001,1.7240207861802308,1.367427007307529,2.418244408122642,2.4854596100558584
716,3.9926283300702847,3.809255989500747,1.4322040654888895,1.3485370677104673,0.8621392021073926,0.9776626985478527
717,2.1834202146258272,2.3094396636398997,0.2805189189546032,0.23617241901249214,1.5653808999614574,1.706606737112465
718,3.4221781125584476,3.1858777890972787,1.1009158645345023,0.8829324528745083,2.139477061037201,2.2157739417960856
719,1.5649775592738844,1.6460876576174446,1.0792254981502611,1.0836711402580343,2.918587228730962,2.834958405779003
720,2.600509277712693,3.0552242084444585,1.318856146158821,2.0,2.418509150572449,2.3594382016839903
721,1.9166637394323445,2.241845336335605,1.6429184227541582,1.9090564116036,1.0889736915988897,1.0652350007703633
722,2.896959200210472,2.5327148088568467,1.9439624931546247,1.4792379793389265,0.8057469466032691,0.848648815004757
723,3.185072375777814,3.131865949079723,0.48431322638321406,0.4849991342236441,0.38801591242087785,0.37437583565343446
724,3.546413143090608,3.4332911158922634,0.8230955549995935,0.8316948388262045,1.1618210478927133,1.1307324007806392
725,1.606106544443769,1.7587836812770616,1.6599611340703617,2.0,2.864941917634129,2.7993196947866075
726,2.8570571651459273,2.5498661550652164,0.5624247604520539,0.4286881505061323,0.3362104122135836,0.2933364711848029
727,2.686642845564446,2.534816095440104,0.9613028408401055,0.7846086586688373,1.9880607511319879,2.017476993942927
728,3.3156524126114797,2.7892192341826045,1.988083070048303,1.5095534151237318,0.7386300911353261,0.700525519334981
729,3.085161267276698,3.429544481064566,1.8486359818399771,2.0,2.8700747631203356,2.8942711462566546
730,2.2853599778861526,2.3126138549783266,1.145234154227524,1.2031928784086392,0.6310514899871611,0.5943250198210557
731,2.8592356996345973,2.94986012701136,0.6065473206002331,0.6582542240376743,0.0003845588420926527,0.056857813229789014
732,1.5603164410393235,1.5,0.32476186182060873,0.24027803806421186,1.7485695877486642,1.8142142788460895
733,2.626218393658532,2.8331891514460623,1.2880842324326962,1.4402034290993075,1.0868183588213975,1.1240118596178283
734,1.612180855653941,1.5,1.9847544030625668,1.5316407310409457,2.1127499417554563,2.22106765024639
735,1.5814989304704081,1.8070506386267686,0.8535132021717441,1.5554830782485414,2.6133991849007856,2.3726919987741093
736,2.19327691345383,2.084740445415824,0.24514744323171506,0.16794063922425248,0.9587893538355426,1.0354791890680048
737,3.4232172777028973,3.5821175310936733,1.9679396968684786,2.0,0.10015028561934947,0.07692708360572614
738,1.8929092501452032,1.681506411260696,1.3213966453616306,1.075884237183523,0.6984892490640962,0.6506645703571758
739,3.34746822645981,3.47377204693073,1.4390538039152776,1.4236486015838932,2.9553538361588045,3.0
740,1.557375561076277,1.5389452541974282,0.8319055109456194,0.877034359470326,1.810099495788592,1.8788994618071553
741,2.358176769305788,2.505097985920449,1.8871886881735225,1.7691657267780476,2.398286894413621,2.555274713556513
742,3.877645880779767,4.0,0.7819753759616044,0.8278375465051218,1.4775209452615385,1.514902870899844
743,3.980161476827257,4.0,0.6504092831824104,0.4616360377730706,2.2846976183257506,2.52546417479794
744,3.5318776507775693,3.267688920760013,1.2218520901565266,0.892190294353876,1.0958420472888144,1.1714973526242254
745,2.394712480185799,2.394331820897419,0.1265187455619203,0.14553263439855646,1.4920660054939576,1.469766144220851
746,3.29887585101711,3.2162238668402923,0.851425930994822,0.8560837233268297,0.8023678270971977,0.7922985281517106
747,2.950374824052059,3.513407571967976,1.1335561338408107,1.4396380653309366,1.2461338575411567,1.225724540372578
748,2.8313189318112477,2.4449197366571727,1.5948042093129053,1.2102144869158695,1.2910336597649774,1.3781415939262789
749,3.6782872422148354,4.0,1.15326453357726,1.0879764554687137,2.5006035148544026,2.5720121233895332
750,3.8970614296287307,3.3962951858780657,0.5883530041979934,0.41433545685648715,2.993650640887729,3.0
751,2.9402549264603675,2.9840925374755196,0.6641822215681651,0.6557739597585176,2.6056115589714457,2.671122998555883
752,3.0958193827511113,3.1097264948801033,1.81183296549625,1.8274010007245003,0.688874413077519,0.6808643179414762
753,1.7768396600755874,1.942706188192949,0.9598129920729053,0.9845814090789307,0.17381811375088407,0.11325341086765837
754,3.8347348879735565,3.642941400273462,0.9573478234041342,1.2365066812210461,2.6102358136638686,2.3237511999954354
755,1.815569131427532,1.9189620803834935,0.8723446514593446,1.0342580795801084,1.1749412508020818,1.2312239078395795
756,2.836935962324867,2.6369220850308652,1.6771422172756316,1.3998087116964286,1.4031130407372554,1.4331433716553923
757,1.527256670265029,1.7581639046944992,1.5440570427456926,2.0,1.7883934924071696,1.7219129797152477
758,1.8791874191827147,1.768861405147511,1.8145550506985972,1.7099394715033598,1.3602558238647289,1.3080456156794111
759,1.8726823043737972,1.954057144083276,1.1298264354720748,1.0457018906910345,0.4577229702335798,0.4667074251468646
760,3.443788872874857,3.4110336445771536,1.279447058645565,1.264625897545016,0.3405360719103555,0.39839628409135996
761,2.9331678482243344,3.2828976005803074,0.43930172546388024,0.5412799725640889,0.28067240516991876,0.2817583741918079
762,1.8294365697993238,1.9885102480203392,1.6731258035089107,2.0,2.2825343067087513,2.2400919026453927
763,1.5483129134744238,1.7036503061346664,1.4467146689890302,1.7564124504305085,1.9468299961562117,1.826152869928318
764,3.8236452875242493,3.8706400336493934,1.1309926438802178,1.1322936377499802,0.9962843810908188,1.0244215184076573
765,2.589468902225799,2.9431060049833175,1.3318247062708009,1.4341637269466272,0.7313592161071115,0.7618343391623685
766,3.8879293328347875,3.1327664998097573,1.641553793441256,1.1422262948583777,0.5823964966270044,0.5922573981229495
767,2.905078233204472,3.0048800323676628,1.7785103757471241,1.6987352854423883,0.4453325607258928,0.47300031729026093
768,1.8714364934937795,1.7870136252836217,0.2059713676192139,0.1592880841453677,0.0907711423618126,0.08985333510292527
769,3.4866511113901675,3.8166989220098237,1.3377513651878665,1.423290400075953,0.6186709394643289,0.644201918205741
770,3.007905494145618,3.0515253432911407,1.2531344230885564,1.261375243247984,0.8957282961662597,0.889560030814805
771,1.912391454904086,2.3675807135027505,0.5614355574922549,0.8339010090307859,2.312949425814786,2.2647942755119312
772,2.285290846327475,2.20861044912662,0.1679745221624017,0.13346769787650922,0.04547602591474931,0.07002164356418086
773,3.2431308812034856,3.023321872694042,1.2960222489806243,1.1195434719089317,1.719906219125028,1.653575707225741
774,2.3299523676139335,2.344961136224067,0.5042067839173141,0.5185694458990481,0.4992829366994861,0.491273489915672
775,1.984588268380781,1.9891323691620308,0.7031072751570189,0.63854887758375,0.04784275633114565,0.036173747718732566
776,3.563890827794323,3.3434544116045886,1.3050557776504375,1.2626761181466755,1.9569167819159436,2.0780217014256617
777,2.443899370791139,2.6104299726978386,0.1433929022288008,0.1763717551262558,1.5303135987212844,1.5448592224217332
778,2.861717004690954,2.8804738490635513,0.29841472522067736,0.3607378927755533,1.9702292985992482,1.935340016331339
779,2.1815464785311143,2.1341556725645425,1.2231286336844656,1.1406124272334093,2.3044657148531007,2.2029883728555064
780,2.597130609758142,2.4280203557265203,1.3767763000096174,1.1659405742768865,0.15972419597005694,0.15133845408714525
781,1.7737135457067152,1.8642360203175745,1.9787843462338444,1.7867896152645923,2.1782692615578942,2.227856452170361
782,1.5309458533516616,1.5,1.6756064851758907,1.77154589672735,0.16115025103706837,0.25143662796378496
783,2.228910057950305,2.3340067098442923,1.3413991888346246,1.2722240824095559,0.8839558128753496,0.8864256686655133
784,2.375011604049617,2.464083715916934,0.10771781555082292,0.1,2.5658008442121565,2.802907311812324
785,3.021347865229753,4.0,1.3212659231212887,1.863840673349649,1.721982264511112,1.7074800175165337
786,3.9463945802162694,3.573073041114508,0.5841829124227144,0.4004174475088608,2.941790977753124,3.0
787,2.710262415585044,2.550152450112835,0.39101525906648116,0.2262292207803738,2.5837696228308937,2.6787587368096366
788,2.9669008478002055,2.94395477275796,1.7966280954516816,2.0,1.8909346077025233,1.7675082950845555
789,3.92648055130278,4.0,1.1925314447814146,0.8716806318056117,1.5421358837523456,1.6903981050777739
790,2.9588726090116886,2.604455529270596,0.9266818652636288,0.7713133724835675,0.5944261541460507,0.540661976170528
791,3.686530610716125,4.0,0.6699323678288865,0.7459794102685134,0.6317428992649924,0.6586671004796474
792,3.739491758354223,3.8062314032133417,0.1378196899905116,0.13031041478409458,2.0436497827538522,2.1331718229546297
793,3.9195479570135707,4.0,0.5596533083439224,0.6632366851808662,2.6960605760871896,2.612199028897289
794,2.3655066481677385,2.2233434444679414,0.5749861655961932,0.4692822560119062,0.9640388030986157,0.9491507230783943
795,2.6759283953495414,2.7716576297324385,1.3895374052507907,1.36317379338019,0.73388893330258,0.7229816168279619
796,1.8695119116087393,1.5678100559545654,1.584877335699256,0.8362051905122319,2.2154046762948134,2.458028795317867
797,2.6400163077515906,3.092643879571107,0.7907442963959344,1.4275348873628908,2.988078509707669,2.6174161840908363
798,1.7467974534662072,1.7049800435709717,1.978338956486821,1.8606964436074223,1.620705272162898,1.474357351640942
799,3.9728163770704907,4.0,0.6377212013077583,0.5440662841746393,1.4441329217146905,1.4702043588647007
800,2.894821415338576,2.7681809864533933,1.8564429992564204,1.6665600968857517,1.9279478467418736,2.2145553478615643
801,2.6608917944989825,2.5060178288154216,1.2166512626344363,1.187426839175147,1.3384956503308003,1.283071894850358
802,2.3161771098449297,1.7787133048220376,1.8684006059181666,1.1162462442696728,1.603884611462802,1.7492640172978449
803,3.3734527138858708,3.9710141935042844,1.033071485905445,1.3061311615649192,0.8434771882591038,0.8384404333231759
804,2.6041436238554745,2.277877062332959,1.6539026732310333,1.3878684469693505,2.6541888386225088,2.69997701465584
805,3.089758829719105,2.8291573533808316,1.7761869450778904,1.3645208827902462,2.784885200793224,2.7825237319016494
806,1.8293166698557082,1.7989252404822196,1.3377412539200741,1.2323845728984313,2.0978988245688464,2.2243022257930685
807,1.9785834380880063,2.1103368993669314,0.5964505296980314,0.5916409669920577,1.5278831563902275,1.4523974609747512
808,1.8014389997442004,1.7580390948964693,0.8692434669001958,0.4648880456203908,2.572268677383052,2.902542333650324
809,2.8065169313321663,3.176492790597047,1.9471257553117116,2.0,0.32366109944308796,0.32980885309944147
810,2.0924000511141068,2.082177817582412,0.5399478774651849,0.4063727409272793,1.1345736990759183,1.206518972981574
811,2.982096103644143,3.7987579915496195,0.24301424974385988,0.6671086281990465,2.946150914497981,2.757796606353445
812,2.1713506646918255,1.8526825420318411,1.297749041807115,0.9658056948660373,0.3696083247942742,0.4024791987299671
813,3.206217048957094,3.9079206707568344,1.2674747070782695,1.5054356599878946,2.3438990547689684,2.351818081208551
814,2.206942322652386,2.083009900217763,0.6016350244645587,0.5270897907082192,0.29579706796496563,0.28742015942030236
815,3.060872604046838,3.192136278476542,0.20517523947883295,0.10000166973854761,2.3543194089572648,2.63421423992325
816,2.296666635698201,2.290222075505538,0.25469889859957373,0.19321698775720128,2.4681676273536834,2.4875918283761527
817,1.811403355940637,1.7140646041169083,1.9795462163493724,1.7150625810819722,1.3132525069467227,1.2234064511124418
818,2.5862374836356934,2.47409440496391,0.5254466121668394,0.28482218612333216,1.854401392293998,2.1154825459344404
819,3.93898954918276,4.0,1.2341243243210323,1.2910694176192667,2.252342993276948,2.1777504573665625
820,3.8956317873016717,3.1950770369520876,1.7705020298943226,1.0612855483027026,1.3237548812707156,1.4231033474933836
821,2.8170979714334767,2.753523766798145,0.8420540270735459,0.7266176965403107,0.0757345539816463,0.094345675143754
822,3.6204596316265065,3.528755598922707,1.306413204585219,1.42736078143165,0.9890453170468357,0.9690643608007544
823,2.255547536184854,2.1183594325278565,1.0854353991304035,0.7881029126542923,1.816458683576137,1.8622228380110073
824,3.9765304540316553,3.918153867636186,1.2905499070692175,1.2415085955297138,0.4425185622968725,0.47196331097448724
825,2.5737658833266392,2.7052742408132264,1.5725849989130583,2.0,2.6923993635465484,2.4952812852525725
826,1.6261235024304599,1.726437004905771,1.2254724372975032,1.5664829414086798,2.8470567640964433,2.78257086708622
827,2.59095691702059,2.617355587355056,1.5874045656473457,1.5618843614042193,1.025919722980713,1.0540145741334461
828,1.8925681305793356,1.8455410339885343,1.6404583272246884,1.4861877117280347,1.744245718065695,1.8309216217195157
829,2.1724183513889708,2.321562131808453,1.0745623144003547,1.145194958919666,0.2674045070704294,0.2577201417217492
830,1.6483370600688152,1.6669943081997152,0.618782049852767,0.600229463307973,2.721608241420911,2.751356488288285
831,3.956682754158646,4.0,1.751486047939739,1.7021247453958581,0.1750230338853248,0.157906800070453
832,3.930459673057468,3.8629984045267554,0.5325423339416158,0.5329490499217845,0.9704026663739507,0.9841931406481224
833,1.988658149314578,2.2046959603853864,1.7640824386974234,2.0,0.6975584821197197,0.719777457494697
834,3.8496200164380276,4.0,1.2374720742932208,1.3666189063122536,0.6155755297594976,0.5878029377135873
835,2.2861523540184443,2.4456008454335687,0.8276204761849474,0.8099591702269906,1.6372934858632848,1.6493429385655356
836,3.71228206351995,3.8070963833171376,0.618276811593793,0.6042632176795748,0.8873673103368421,0.9020267359612258
837,3.1085277872888746,3.7066485199772408,0.9066015531227689,1.123240488420941,1.7680893752346174,1.8088353510237873
838,3.7356003894103997,3.368251510214649,0.4251596352263922,0.3754083343924857,0.3803609600929646,0.3962515112197158
839,3.671730435788475,4.0,1.7983753183417448,1.742259518012083,0.9719459838683097,1.0523373245127898
840,3.386317195341442,3.3095846678935668,0.40256254744829223,0.36201563729375125,0.9436953385298378,0.9402832817328256
841,3.929191845247738,4.0,1.5943881879308468,1.588205024480156,0.016485901164236982,0.013404018626314613
842,1.5733108655421069,1.5,1.3669658842926127,1.3705402183941764,1.8156511215815123,1.752969995146432
843,1.9697450648863357,2.184184660689874,1.1565441253885267,1.4899479195336431,2.1300959800570998,1.9903897270752544
844,2.2533240484043393,2.321126746104064,0.9167739179049428,0.8986469693791463,1.3122731109976227,1.3689980755517304
845,1.814747386144158,1.986335613321271,1.8110275667054383,1.880262223575708,0.7064266827415551,0.6974338535842272
846,3.252901145021645,2.821033523483664,1.7089170788041301,1.428218746549956,1.5447219050594367,1.585838785410733
847,1.6546738470051465,1.8687822963558611,0.8192175104754362,0.9720153836633593,2.8355364316526033,3.0
848,2.1314346925866277,1.6726293504396734,1.0789114039608023,0.2671311070070341,2.548591860209931,2.8751429924279215
849,2.277489222825296,2.855247663445849,0.45399800251753764,0.9061620365239381,1.4785027734351184,1.3424912875536785
850,2.1671117615763933,2.380582651400015,1.538582794496386,2.0,1.3499551148499327,1.34346711148332
851,2.143811954353734,2.3823873708437455,1.7330517637837204,1.9226505650064005,0.7917686195995702,0.8391658288246543
852,1.8873763045483831,1.749467798318136,0.4077056912073427,0.127200994407675,1.5877986849207186,1.779695758435438
853,2.2701062332144994,2.47620497706509,0.9026353634097136,0.9662076474038065,1.6257086581384104,1.6102781648496218
854,3.3364096437208595,3.3686735525809186,1.6213231630766511,1.6882124517818113,2.5327853019863125,2.525433494701086
855,2.1755661078846145,2.409352974668634,0.9960447601770617,1.4636406792202408,2.8893333375623866,2.6857263146660095
856,2.0184352519638926,2.015126297100826,1.2577230925142333,1.1223755252877339,2.3146246617379176,2.6579778608132316
857,1.578887231428372,1.5867108900132667,1.3874796843472383,1.441429549849292,2.1040800924457472,1.929777089260488
858,3.717566554798956,3.4104657117882544,0.25558480656606297,0.20049237077442314,1.2154966335294288,1.2101636836713636
859,3.07963047544024,2.8717015902981986,1.1260901236491772,0.9496376422250099,0.11823579167044107,0.12187942213353489
860,2.466426149540638,2.0926567452866727,0.9702927519045148,0.5299303868117442,2.8962955729619244,3.0
861,1.7704418915334585,1.881451915195356,0.45883312196706183,0.5157447077168831,0.8805071211451545,0.8697735387954644
862,2.8001417000857325,2.6019194237843606,1.192304664211906,1.0845463191274018,1.3977701965263443,1.438372268684444
863,2.847148358438533,3.202422556261589,1.6789258325780254,1.9583326753087256,2.2081890373711723,2.228197018062185
864,1.6343752628635773,1.5,0.3208625077706708,0.21025153988321293,1.0911161019924176,1.021366019292121
865,2.640909702912136,3.0115005171123537,0.6055732770702501,0.8145095629073237,2.117062739099548,2.0907872710533533
866,2.5596915987636155,2.2610577973108663,1.218438967084874,1.0083554589334163,1.5550651347411513,1.5309957237919716
867,2.170025935227141,2.182307102684046,0.7614222669027275,0.6924338148963272,1.85011903083769,1.9080908400017917
868,3.218015942926181,3.195928877475013,0.8542820725320492,0.907759455499679,1.4013939333997347,1.3073640647423348
869,1.8095047173747267,2.0074669352092145,0.969102892139377,1.3043684994953235,1.4503030115942355,1.3979699948646276
870,3.6329659170115103,3.0392715663562124,1.5512349456143228,1.1750745040867905,0.9463932601850192,0.8951697925870165
871,2.664493744908664,2.765214394387437,1.31480881845515,0.8564074865091734,2.5601528705665353,2.9747239192014914
872,3.926491684971956,4.0,0.6994649103375071,0.775895557907962,1.0017744909739625,0.9577968665934884
873,3.6187301050857315,3.7370223495351422,0.1157483147319377,0.12413868112807501,0.14153732134706554,0.1311046244438588
874,1.673895125316987,1.535022980353415,0.6341826875996052,0.7298852497813001,2.4077066414651194,2.251821749708618
875,2.790778427903123,2.8459659519961282,1.4333469501052973,1.4190482493464278,1.6325454683409366,1.5434079545639117
876,2.4932466792789603,2.5354090395152564,1.6663372725222858,1.6094394514277302,1.2707900895943562,1.2299337489920308
877,3.1463268954948247,3.169416750784217,1.9018864560744124,1.5433654310209226,2.842826879987399,2.9851487237499295
878,3.4308704905470675,3.1045907288854746,0.5710471294010143,0.4520752942152103,0.2701305671993659,0.2651165383824851
879,1.8121647816573572,1.857524261351147,0.4522400580841247,0.57221378561134,2.5197045172312924,2.4616492459596553
880,3.2050551007871264,3.045212002190717,1.0583571566761547,0.9677345514698285,1.0088445029894486,0.9913234471655267
881,2.175274365885877,2.041819269843582,0.9598471130244234,0.4097559771097636,2.419806695246099,2.7441076929097346
882,2.1646681643584267,2.1381983155290847,0.2545576914639395,0.2677259395614436,1.7727642270286734,1.7791247642659092
883,2.3421488426856305,2.328918183282472,1.6218784280872653,1.4640050026947715,1.5683553762346158,1.5255340896836513
884,2.2121019248681906,2.4766728100312547,0.8596301661169672,1.5499078952608571,2.0933014466682285,1.8947479304168546
885,1.808325632102424,1.8016353701999686,0.5977265766552161,0.5728053088231735,0.24794212262042403,0.23343894272986226
886,3.435073687804657,3.5044766139835635,1.2919135843636433,1.412535889442278,2.0314666560773693,2.066726749181697
887,3.5205914708108255,3.372992811708913,0.33176051234296966,0.21515584770741716,0.75013977150838,0.8460263723638657
888,2.3650231656405323,2.3082398461737332,1.4899233704421722,1.0217010509512405,2.7568784884933497,3.0
889,1.917663396623086,1.975604920904053,0.2572737059234957,0.22006463314045016,1.6748111530750722,1.691053563830038
890,2.8420694630576837,2.920905458767428,0.10787858117821664,0.14471698570292255,1.5865991814416813,1.5440263924199458
891,3.4056850891651105,3.359047517994629,0.5651878756142719,0.31939323623694627,2.8308810743854655,3.0
892,1.7334508263927628,1.6898180109548524,1.99395808294797,1.8207797092245428,2.621457438740767,2.5592312577023795
893,3.1715400859311966,3.5028921826036576,0.5051574112275219,0.7684236382030789,1.616889445265055,1.4634388218016947
894,3.882939056592414,4.0,0.8968748298484427,1.0024878369293337,0.41637832452262213,0.42909824557789517
895,3.3553940490130096,3.6140640038270857,1.4919266569155831,1.5276489443212327,1.8521540706698745,1.8969853030596908
896,3.1177843024397127,3.3712138050238716,1.8775274500958048,1.9545357125323453,0.07576799309800586,0.033394475306284616
897,3.2561031303695227,3.66545513284046,1.8760684696864203,2.0,2.782102945774737,2.936322391969158
898,3.0730995595803425,3.5341493293592574,1.353519793494179,1.6955209632610548,0.6861551209674984,0.7075557846623854
899,2.5318737103031057,2.8670377411369605,1.115765274095064,1.287676767259034,1.8930215064629379,1.926652161320026
900,3.273005635026825,2.926297887969272,1.0958173713879988,0.9355454537741859,0.5692380244768521,0.5532327078195467
901,2.1806592064454553,2.1929615152549427,1.1789535599382381,1.1298454032047318,0.7274608392925563,0.724494156274559
902,2.252893074710977,1.922491591572936,1.663445821738019,1.1010132875919318,2.393744764875169,2.557935146164224
903,1.868393427786852,1.9504770645251366,0.22776223276792626,0.2637787205916456,0.8826202958595247,0.8278113022077661
904,1.8202975326951074,1.6827402221978118,0.3923819135982991,0.32505252304681775,1.3826278051750052,1.2967152517864529
905,3.4690409010940177,3.22865683459496,0.41260234953183106,0.34722064140294673,0.44783177295922694,0.4481022444080385
906,3.8840400072414796,3.9279570662869223,1.817585044046136,2.0,1.2501444492930487,1.1409034079244964
907,1.9779082682197042,1.9622510607882673,0.11491495180137375,0.1069296834027558,1.4038758701318856,1.376618588677537
908,1.5097406322581675,1.5,1.6680251216126507,1.3977362703519653,1.1564276937050777,1.204105520248819
909,2.516909522500174,2.52343754784292,1.6649729702167673,1.4950095392850433,0.26997686770722296,0.29247072245938077
910,2.1326314490134135,2.0369281290572414,1.447424387308258,1.1577262235937205,2.5693135976375125,2.651071856410499
911,3.0882542606825005,3.343981128538716,0.6983582301163718,0.7353333063320125,1.236793909451249,1.2642821940943618
912,1.7987927256457161,1.7101403798800408,1.1768368756396022,0.8729186719237342,2.36777472283791,2.5232289573539757
913,2.536023228515946,2.697832051605772,0.2367084691077772,0.16634150164348235,1.822466559890369,1.9709524078151195
914,1.9021041852573757,1.759665671383487,1.476013465761048,1.2683254407439861,2.211678318041138,2.21617580695964
915,3.88508843027149,3.1436792870307846,1.7517446692373706,0.6770608029536843,2.4923369793182477,3.0
916,2.836177632348945,2.755092160589835,0.49555933582152345,0.6276751656297994,2.904080011202375,2.695645626886108
917,3.1582983138022644,3.2050616337269235,0.9980359152384727,0.8185417024520958,2.06467556769166,2.174403741482421
918,2.4244440624842927,2.415163164910024,0.2530900614812222,0.21725208496571377,2.7213174104119657,2.8632108463058445
919,3.0504886506044713,3.092564237683085,0.1975980957221336,0.20932550314574463,0.05865137653934405,0.08534362644584055
920,2.004979589938681,1.866228694875031,1.5124836621445268,1.3737621320089826,0.5207027507315901,0.5101499067673153
921,3.768130109095872,4.0,1.2353639965569387,1.3668656639178671,1.319763520839719,1.227514830748723
922,3.726753367495711,3.4288102627465187,1.6289580005581927,1.0634230497296238,2.8061774819094865,3.0
923,2.9749365912305032,3.4783475198451916,0.42956298342649735,0.5505175667533796,0.017284616703710953,0.0
924,2.6364025152984594,2.469800789363778,1.940034291621979,1.6768148572284711,0.6644648739500207,0.7168448761525757
925,2.585857332634279,3.307838322019937,0.9219956627085014,1.260757975108884,2.8502036870914624,2.8677880776979072
926,3.100955718789643,2.7414245639276,1.0320259578708593,0.8241157262236867,0.4428082223585422,0.44350001011464285
927,2.5935265870445843,2.5389570605705374,0.21678752043266103,0.1,2.566522932276299,2.6578844997326634
928,3.5131818590046344,3.3012845036405745,1.6585376725505288,1.5995203412017045,1.0624254702493892,1.0533666866549483
929,1.8745665289025337,2.0002703260836734,0.5338872375694587,0.5496857630384618,0.39915102454410956,0.43102725478346177
930,2.624215572138499,3.084798302171552,1.1794329199120903,1.7398965391937902,1.7003630132724323,1.6230473115021695
931,2.089858094972966,2.2017762964116843,1.5975147455761685,1.6003806899773774,0.9303716634272029,0.89019096146452
932,2.267881534558937,2.0159471452944824,1.111245515669673,0.9202301143584922,0.9276913076721366,0.9080604877248252
933,2.941171225630006,3.193787213500093,1.1325291903436876,1.16675947100644,0.6997260236024968,0.7877350839266446
934,1.7136814188667293,1.6795249464760684,0.9692594289959211,1.1810268410990905,2.9013585637176544,2.830187465416358
935,2.2074937175719116,2.394657026730132,0.8111574109850537,0.9181410474854919,1.456805643947748,1.4409878290791154
936,2.7256126930099542,2.7255185421452657,1.7392598879171597,1.3692489495664626,2.5836892989174793,2.873992198484014
937,1.7844405040367866,1.9335870708156793,0.3073941108970455,0.3819484588732706,2.687351579886389,2.648058753584807
938,2.741389868170485,2.6226473567801296,0.6386220590378328,0.69729661333572,2.43726027044774,2.4022145804579176
939,2.5846996175342403,2.247099472604524,1.7038309267807261,1.3783166310768242,0.9230742530869424,0.9656915629365419
940,2.1830061120834445,2.4043673210599237,1.7422710473292242,2.0,0.7736689718466417,0.7370105724099797
941,2.9760374161355205,2.9758900171760136,0.382706823006009,0.3369406737212244,1.405409914219158,1.4436168967614893
942,3.936629528113966,3.3264345289937327,1.3166994855114587,0.8938941031326245,2.735214533502914,2.7794433874976274
943,3.1125986791909086,2.844688891720677,0.7793380268570624,0.5588289737037736,1.203812285892682,1.2748126212113193
944,2.043253000401024,1.6981704222573457,1.837069142709963,1.354502215356758,2.942754085920366,3.0
945,3.9899680976577168,4.0,0.4911692179284779,0.4103775488245348,2.462585930370864,2.5083409257784655
946,3.8436922904648814,4.0,0.6686259303232988,0.7239814739658539,2.283796936548838,2.3689833399434397
947,1.7521375013786615,1.6538638836146518,1.4964021267501748,1.215102730688697,1.305016549308625,1.2288821265667573
948,3.8065874767470715,3.624247829930411,1.2942862433307258,1.1242187193764253,1.0976516291195053,1.1452211098139753
949,3.462967280759171,3.1263702795343407,1.8669138326600643,1.3518248252110647,1.2456156898442874,1.3280806887403147
950,2.261720694711177,2.1622759466288892,1.8165468760073271,1.6596474489900153,0.6494166857082788,0.5911923557539911
951,3.3913169788202273,2.949142475701073,1.2993995386416983,0.6308278714683383,2.1203658423391056,2.3841626568213505
952,3.5156750735021376,3.392615328188197,1.7429302854521667,1.561614171424963,1.9296886466864127,1.9201276470440287
953,3.7268255127989596,3.7544716600476944,0.24440587648782122,0.24268790071938132,0.5086180362500474,0.49316164116282224
954,2.025202934290121,2.047011857007675,0.38941494309727165,0.4189193391115274,1.117155361757276,1.212936669675103
955,1.638850684208601,1.9238613299081466,1.621765241720562,1.999999242601306,0.36331179771717614,0.2899198979983461
956,2.565320898226819,2.4607473381387335,1.4941229123680986,1.0570990870441301,1.7960281782436878,2.0319280877096952
957,3.22934992186923,4.0,1.238895387445513,1.5129180478180249,2.9035062397113256,2.8139211349078517
958,3.348124655064656,3.25687153579678,0.5794022214269703,0.5004389926120175,0.9375377396214922,0.9808157244961668
959,3.4084951547307942,3.3614748525791334,1.364861375925391,1.099881572206553,2.654175802641706,2.8600464563018435
960,1.989388678038139,2.1429602915327046,0.2525999092908693,0.38294714379013034,2.8892969219929983,3.0
961,1.8120641204239214,1.7740681780564136,1.2265873175896298,0.9710207670513326,0.7482961483719324,0.8349275502537521
962,2.213863433470587,2.30786557028551,0.22991816474220964,0.39528947444323403,1.6249119932102407,1.4623430020086432
963,3.7180401401875773,3.851106033811222,1.3661744022011069,1.5064757586557178,1.3976744245286705,1.3964668324130016
964,2.0711988397089565,2.0169950850526397,1.2153062733827693,1.121347683288535,0.06279725305685546,0.03775840008405172
965,2.6694614187728574,2.924733460843284,0.4473955391360558,0.4622411509172396,0.7467083688702698,0.7661804194425342
966,3.5869301656987664,3.4679637947659296,1.9284383351675942,1.8266962708570194,0.12647716385331342,0.12621478340180536
967,3.704900974275112,4.0,0.6227771114100066,0.7216659570136972,1.2663906581920084,1.178106708573282
968,2.3482374697937693,2.2777137884650953,0.2313362293889938,0.19207581845771757,0.15967026256187478,0.19529824859425812
969,3.2058329941385093,3.3185885453419566,0.4726926027429542,0.46053994752692773,1.3636719527185082,1.4397834888184358
970,2.155183803791418,1.9861791965856026,0.7334856951523788,0.5344706766585847,2.0149510916197384,2.1705354254030556
971,2.209611641627603,2.5532691818866295,0.9339892718620038,1.3576990747610616,1.6878734015959078,1.6126316350425107
972,2.7444802085190974,2.4532848118425905,1.5260223228561396,1.017513187373866,2.723281517806105,2.792660928491895
973,2.8628967256145126,3.3376710220041157,0.4402907952662466,0.7012178169623614,2.6198271505798982,2.396754049643338
974,2.3494915376544823,2.39134910631021,0.6967930880562954,0.7207309753608508,2.1198855723707886,2.1265654872248447
975,2.6529385379422146,2.801211168704596,0.6069297038402393,0.5323661966854764,2.756405654090034,2.95795789548591
976,2.597137683630111,2.8506744942494118,1.3787513166544234,1.6705606195168796,0.4316859050472128,0.4287125371671789
977,3.5588863591420123,3.869878071200696,0.6253800554000202,0.6655056589679448,0.7518058007582172,0.7433295267375941
978,3.5397741625029226,3.181434072455542,0.7319086399430969,0.5860766489648059,2.3968856043880775,2.420857244435835
979,2.8153052482733782,3.2007097761842664,1.4155154728015538,1.6924677123328695,0.8132273014304224,0.833443084331721
980,1.5624064333662468,1.5,1.0469156851981944,0.9257259407604389,1.7856779828907166,1.851111684194902
981,2.622791310324688,2.4305525174089313,1.7070777249241857,1.0669331097451997,2.6707334456023277,3.0
982,1.9586515951721268,1.9883743750791132,1.5796531111334926,1.622112813160006,0.29171373478946294,0.28546300425650917
983,2.50255010353125,2.732097176701474,1.0589334398204728,1.071289871212183,1.2539082808475577,1.2088984852372406
984,3.2744730317825548,2.920000691004873,1.9286181505725433,1.6224769601041233,1.3154010318670055,1.4305128563970486
985,2.189683260643783,2.695735107535093,1.5844897266368037,2.0,2.35957425411864,2.34166812003871
986,2.33918589259864,2.2466366614375772,1.335127389689832,1.3607084604234592,1.6208787050741713,1.6195525580441235
987,2.0358051482439987,2.1708350009637702,1.2183586990748705,1.195522119907052,1.587907751230262,1.5767735464529102
988,3.6378724289144584,3.7697435919078965,1.2086435895029608,1.186473690605318,1.3364755699629658,1.3837463774138488
989,3.8579465807652453,3.75359018155519,1.9896783046682616,1.9378855643681165,2.1000109043351225,1.8963476973496112
990,1.5161179023046987,1.5006227560211125,1.55865703063743,1.3675860033197031,0.4357136375551621,0.3899737276180833
991,1.8540466556146347,2.160930099220817,1.619042762288964,2.0,1.0422462231655274,1.0266167063308411
992,3.250778606842594,3.02549739675896,1.8137780777117145,1.4502270299484714,1.1272908614950334,1.1870623710634303
993,1.9352691084250038,1.9461264395204525,0.9991716145762284,0.8340177442979865,2.288883750249464,2.347324800747618
994,3.311593205026724,3.3055611967472402,0.1349081053047153,0.2555123904622048,2.08780833342124,1.8989807119409114
995,2.5798131055283746,3.291908757852509,1.3897094103906273,1.6822160781060722,2.705791857039856,2.677281484546086
996,3.467181489703766,3.30726785991463,1.5218772659490545,1.443167422732809,0.009952550760127687,0.004485012640883182
997,1.8137452639302563,2.242613109531412,1.5776983201247563,2.0,0.38578288682880935,0.36257864911122467
998,2.3776176264942173,2.3953590879322433,1.195148261007432,1.1559612327686213,1.2977827180718076,1.2262868367347053
999,3.5445644006507764,3.319671513818394,0.8644951032134947,0.679023535596805,1.5973803257911987,1.610696274531065
