,a_true,a_estimate,lambda_true,lambda_estimate,delta_true,delta_estimate
0,2.97795213351495,2.952134722080447,0.1663500977555692,0.1784461218424285,0.7380540375547439,0.7180308917097644
1,3.8402694553673657,4.0,1.5356739529422456,1.6022695781872116,1.1133012983459167,1.0604357456208553
2,3.1524767817220756,2.852878143057506,1.0454798122770903,0.7110205740401601,1.7074065909989282,1.7912880383974783
3,3.1296209857764135,3.3670650626141243,1.0070604093902045,1.1232566364525745,1.465699961361587,1.3999337268556404
4,1.535838300956379,1.5,1.976018969276684,1.7494648688400978,1.909241506309193,1.9962886646145928
5,2.304644731105241,2.207815312545924,0.7359955973518102,0.1,1.9499742325524456,2.5878457615360766
6,3.45675029031588,3.413819362897558,0.6234239880206184,0.5958441695023527,0.3938842060085948,0.3490245919284142
7,2.900156380305526,2.8938016513579683,1.043047809539995,0.9026684538449112,0.050507590904985,0.0193362737518403
8,3.1985329666388163,3.0114322994047806,0.804962985116602,0.7158269460837582,1.4262641758230874,1.3464425546575731
9,2.4447095133578065,2.401852586973552,1.4694043345393488,1.302721090004171,1.467075452989694,1.5104915472272409
10,1.5838507678587617,1.6462306869515055,0.1048647629917622,0.1325949656530378,0.440692431275792,0.4062360460171071
11,2.6797504771782075,2.8432437587414054,0.812272794118417,1.045108010455129,1.811337581207273,1.6512413313010506
12,2.3463044127852335,2.357542718631627,0.1640842233328305,0.1929872256367164,1.2129605589540473,1.183098875279891
13,2.4743033715196936,2.585447193725929,0.7765800752616128,0.8280597960187883,0.6023348958313308,0.567604120894585
14,2.507556880222046,2.252041034063727,1.172734304117684,0.6199682037512942,2.627110007418916,2.9999977090612906
15,1.7963252934156615,1.8251220268682868,1.3134794448178266,1.2124376817337503,0.458141964324311,0.3839751485680643
16,2.5518833574942748,2.7537696139999275,1.1731991401668038,1.2808269074334484,0.7022821762322022,0.7353142298988605
17,3.5373118609349157,4.0,1.1780108063062749,1.5744180078010082,1.2121559294602196,1.1596679784933148
18,2.610961408352384,2.5900057446998637,1.059618353896024,1.3627974321713376,2.2313844874194855,2.0475695458387753
19,2.3619929103176904,2.832326567101122,0.9591711512124148,1.3476395143420112,2.497180935778579,2.3689049501659607
20,2.6187740091213643,2.1974489010757923,0.6946387160993189,0.5164913375436087,1.4050911082752404,1.43846526113904
21,2.647315158306517,2.64602392504016,1.075841937748043,0.9682280670952588,0.6025757992415337,0.6492361948764376
22,3.1991088084241257,2.9847933156066233,1.8599897943058648,1.5168084947781637,1.012700470139998,1.0872526688866435
23,3.388459009929548,3.4353756884800304,0.8059216628703189,0.9704885888593242,1.6432058288384854,1.543161435813007
24,3.802530936339864,3.054919683585696,1.8628138154408969,1.323966311726699,0.228780432294206,0.2593473913438051
25,2.7354637478142463,2.703065221088866,0.9804956060991732,0.773686138071167,2.9216948068535222,2.9670851224508787
26,2.764761802700629,2.940636782034059,1.7340374515504038,2.0,1.965128303775406,1.9696639672915264
27,2.0545580471882348,1.9695911488870976,1.4458482896590354,1.238036377841103,0.4095783243447325,0.4164267575930057
28,1.5535145967111914,1.5,1.635659678997179,1.4677943703259708,0.1000452015154585,0.0518937116007707
29,3.3570726740773136,2.9495081671729464,1.367314253451469,0.8051410401230792,1.7196021196996665,1.8143841172004227
30,1.5620632515619866,1.604343305175655,0.897747875805755,1.0138610994800703,0.3422964538096136,0.3687344911835445
31,1.9880158867028348,2.6464105377837477,1.3805680988913565,2.0,1.641122525684675,1.5726374471168136
32,3.422257767633978,3.168262979179507,1.407495962540011,1.184223383990821,1.810664142163088,1.8069233235930895
33,3.5438604661629043,4.0,1.368469312638428,1.7616813591802924,0.9639933930734476,0.8598714962489976
34,2.7003151214766765,2.4096849093681008,0.9759913750874104,0.7851517672333513,1.333269454628922,1.256003459182112
35,2.216412740958162,2.566966885681713,1.4030197723391835,1.7116441203949375,0.7935540366097993,0.9090011748200892
36,1.8926565940705675,1.8946898404384769,0.9099146783820236,0.9791282945578496,1.2094063396447177,1.2424846602014408
37,3.743511062196997,3.999763283210101,1.856897713077188,2.0,1.454420281276003,1.4603533289031208
38,2.7625374388572475,2.761316433435874,1.7547086177157711,1.7819706730005662,0.9238546344806836,0.945323488723076
39,2.170551110890834,2.1531435803625723,0.4866357875518916,0.3331008305821689,1.1107120496476082,1.2446869243451175
40,2.927487634501672,3.258423893602844,0.4082309856609483,0.6119806655446921,1.5225760775169852,1.525620574513221
41,2.0598661589754528,2.1314411553020975,1.131245034774431,1.239467363943335,0.8289643790756105,0.8199480921753017
42,3.114514455768264,2.856791021255411,1.385227812548216,1.2804189667188313,0.9278339926905904,0.9406434318509116
43,3.1458225712464514,3.577758073626892,0.3255160420246138,0.3110852503773956,2.6219298148762005,2.8672077281759556
44,3.080266278427141,2.8237899839775356,0.4577984610785562,0.3725455188466163,0.6141166544162404,0.6888168824853892
45,3.240856068541723,3.3784753707604094,0.3696092582724042,0.3818892885497716,0.5154006131859565,0.4626554725134704
46,3.500506768283812,2.9961024848790876,1.7824436813286306,1.2258813813168474,1.905572204741909,2.010053481604841
47,3.2311938539134486,3.503809653871484,0.2003988774501813,0.2143254602098792,0.8299297225943396,0.9114916536238232
48,3.9786615387796864,3.492294644570234,1.7333166483066988,1.3367754510223944,1.969223563741489,1.9611178906026585
49,2.6654957058416,2.7005499892999407,1.9648966739367693,1.8779647774589716,1.566474401801686,1.488141274233347
50,2.87840007719008,3.135676554733944,1.0105976169332855,1.3129870493105096,0.9498129063831436,0.8913829980753328
51,3.358018476500432,3.276181699090586,0.7062612664288123,0.5868355885742854,1.175368174875632,1.1728137850256917
52,1.978142821893446,1.9018143794386635,1.3750890322871094,1.2330100452126889,0.7454328029510873,0.7940201468701918
53,2.873721649263177,2.9410846267855675,0.3052048800185546,0.2865662318592665,0.1749799691192063,0.1526305960074609
54,1.9030914971358617,2.0773323411326357,1.141364623526383,1.3495746327783718,2.264089925666155,2.1734369338841817
55,3.0205795193274994,3.6217154439296033,1.2374525702368393,1.5493466505094715,0.5301507469760036,0.5390280668742048
56,2.564721166797547,2.4865293244585,1.2031493614462592,1.114614047041946,1.51841767426287,1.5571805516438393
57,3.734955452935544,4.0,0.7444367830101403,0.7698042875984104,0.8991975972525509,0.907268293247332
58,3.154674013962139,3.2553962108937675,1.6643662570165876,1.818255544025967,0.0941694639207557,0.0982897410610863
59,2.8908185819649375,3.743144999979999,1.4752059201200416,2.0,2.3301322649053535,2.366109319214859
60,2.1549688882344133,1.766141489834841,1.553601098319474,1.1963899055877898,2.94744940151546,2.8191635243781548
61,2.0341942323677404,2.234280902898119,1.8737447479368965,2.0,1.7792120109514298,1.7994146420794075
62,2.8396354071939633,2.94464456295544,1.112745428434458,1.501651208409185,2.814251296134201,2.4978905663166024
63,3.643759516533406,4.0,0.8375874865282386,0.8179187634834402,1.3732738948534562,1.495495188980759
64,2.208094490867385,2.4172856262351203,1.6750533422662457,2.0,1.0683246907398227,1.0330964387513617
65,3.0594304608793466,3.6544688686250617,1.4077090272159196,1.988687191095941,1.4777771380984777,1.453377063833172
66,2.175614686338698,2.0816552448081493,0.7322484883489481,0.6684642950281124,0.5402828659597525,0.5678241748964122
67,3.265126789490473,3.5307946493773628,0.6841546166036151,0.7157461881132324,0.5804214342467848,0.6011117182417113
68,2.506108350403282,2.2064369333689644,0.7257854344408552,0.1000006527521527,2.243633785312662,2.810093704682602
69,2.4130048129295236,2.4844866960211,1.1791071058773088,1.1279225824045005,0.0818452411320842,0.1037942505112783
70,3.6045832933200312,3.5392688654167195,1.2897335439177426,1.241218639234095,0.3398880520178122,0.3595229630966745
71,3.0532274193981994,3.2414369635734444,0.8097773879338479,0.9611757805006658,1.3489072965362785,1.3696512034962507
72,3.459324104600737,3.607662657559489,0.1121230197231872,0.1612209078445743,1.788040769692579,1.8103046427329408
73,2.161515522697802,2.3887583513984185,1.6350426436385417,1.9163240067076264,2.757705053723824,2.682475395859599
74,3.508834931619281,3.5393574428216414,0.4358706121165954,0.4116917196957028,1.6593038447485997,1.7282734935585424
75,1.5339792091560982,1.5479504133390407,0.2722075733456143,0.3168054069474796,1.898772386552961,1.872186659532198
76,3.77464111437044,3.916358626916234,0.2381983107643385,0.260705284991071,0.1358209462322717,0.1022895058762246
77,2.33878247025536,2.6552075043457988,0.1761649295460944,0.538978488021678,2.8262175176793054,2.6219432706172454
78,1.8082774834044597,1.6767642007385768,1.8271950071677372,1.7435170054082678,2.5845096132179872,2.5780466234735826
79,1.5619265107974178,1.5890745098685957,0.5459838007535,0.2366996279784416,2.6928278289678724,3.0
80,3.744043748268679,3.4479750693405604,1.2284013475015825,1.0786704445970214,1.3443729323027709,1.3217532103634475
81,2.872629695233659,2.955296669654202,1.1457592153296523,1.1802243103439816,1.0887867912994298,1.0085250020399454
82,2.399738192170326,2.234606729246962,0.1656812434860146,0.1135384808945707,1.1077844551807337,1.1776732801971108
83,3.6703357325220223,3.929870881066398,1.6586959314657068,1.7403747136626873,0.0326654570396303,0.0433673151814131
84,1.512816054696691,1.5,1.76174407493828,1.8066568590595395,0.5018623263630156,0.5313689690060052
85,3.592742246976847,4.0,0.8252087303965612,0.9476925331637924,1.6137106555130636,1.60788908995403
86,2.0187824290652316,1.996123899050668,0.5722882597585742,0.5137192997260382,1.593957289393435,1.5989410254059857
87,3.9562606837981975,4.0,1.0713888709972523,1.132687438759603,1.4326234855075008,1.4345561876018482
88,2.433858877612801,2.3130138267587497,1.3533541197675962,1.1175142792507289,2.0870410705097715,2.1741514901351207
89,3.5464641525945706,3.26436993875693,0.7379679372451144,0.5997703762234858,1.2129742870323252,1.246981926384362
90,2.174663730746208,2.097355571734951,1.8638054172779923,1.756899981642163,0.1224430281662548,0.111492844979037
91,2.2310760178393036,2.408466240402389,1.8633380317464816,2.0,2.7665397040332707,2.752445725104867
92,2.3281683613978092,2.384284903523339,1.0338613383511686,1.1294754821277495,0.3360237764855004,0.3427514663461566
93,2.9926533641686266,3.1052970860042404,0.9801885128501352,0.7191752603736953,1.913739890865132,2.0336566261672147
94,1.5977143096996755,1.5,1.9070850779119284,1.687917461533352,0.6219695135514498,0.6008037579426526
95,3.759555613580212,4.0,1.2136391559874111,1.2265899760558172,2.6003390666584,2.801354468205451
96,3.0580055101894947,2.597356176378386,1.521989679674749,1.1204458376855144,2.5807298248430657,2.510148249307597
97,2.4486403680105084,2.3475572977832635,1.4393618213692256,1.1762436448623648,1.6719322259726637,1.6855374328590371
98,2.674865910291756,2.5650033188434707,0.9505051630959482,1.111671382952038,2.1511628653835597,1.9377592546720408
99,1.9571281188640663,1.9685794798260627,1.6515535920812936,1.515244188435587,0.0338029089401437,0.0
100,2.058265046667249,1.9512158135781008,0.5571352748152458,0.5510406560302341,1.247622390641436,1.291439287639251
101,2.1697626155566256,2.400139581144568,0.5839338247559469,0.6305840388243212,1.8756128206538212,2.00588930502651
102,3.566290602044279,3.5427828071362923,0.1215652440467183,0.11385405181816728,0.09076280219702648,0.10855123309959261
103,3.1764576227757715,3.1893576333964413,0.6577519162863238,0.6313403843999598,2.4180379874323723,2.2566165629902106
104,3.485975352250215,3.164388804968614,1.346325960357267,1.265482846844509,1.2149993619335056,1.0636646353866281
105,3.7106783154452514,3.4567783576434707,0.5789951169425476,0.5027025511258093,0.31720920257076146,0.2816126370376055
106,2.095287380027743,2.1037302134810885,1.7057445336967667,1.672917240512821,2.0196641330546186,2.0137018124572115
107,2.390205861762866,2.502095860342288,0.16657732991326013,0.20211062925451945,1.0058443892677928,1.0393681574230673
108,3.3304879663217037,3.0190523874667505,1.3107084801344773,1.1230292086740503,0.3520847252844771,0.3338667763622268
109,3.998296062728485,4.0,1.5837330321890242,1.4496541938210632,1.6363779287158668,1.5589334180763903
110,2.035957594979329,2.0965250294807025,1.089640431410408,1.1983998384461643,1.7462932077153575,1.683415952670275
111,1.780709976735565,1.7576433299924699,0.8834904552147447,0.8516016834723794,0.5348694109690968,0.5192333132381988
112,1.6448181010436822,1.559614533819326,0.8477251294364652,0.8836977344650297,2.653935919861813,2.554453417585251
113,2.0176686006228803,2.1873699452691264,1.3305116456299049,1.449650519910975,0.2772900021608352,0.23912070882155123
114,2.5309982756315157,2.3922990590454214,1.0213629176915189,0.7520664294672731,2.1448383263343125,2.230318184980846
115,2.0733088465927896,2.3395630591207626,1.3839138010674608,1.7098344490200954,2.9886312500821175,2.915637506552766
116,3.0893618670162057,2.713612432797866,0.7865250834226285,0.6742772076330229,1.7331760662210067,1.6172145620965204
117,3.522535643900361,3.43508511516581,1.4173534477741117,1.4581497095747302,1.4523939478383587,1.3934939009009712
118,3.1414714590730366,3.230830520626168,1.0551108147620112,1.1546885337472912,0.7122243811812095,0.6796668213376147
119,3.4901827317567484,3.938566222025941,0.9123439296129795,1.106588641286838,1.4118788799382913,1.3962692521394766
120,3.7134012651472688,3.848093459052369,0.36394603922152713,0.5185939826222441,2.488267167525047,2.3561417814736307
121,3.6695577548968665,3.9999952135319776,0.9066938412373778,0.9473845694066874,2.9278460753075546,2.929573215582627
122,2.5681206135188317,2.8998267722736997,1.3656917222372722,1.5934066180770758,0.2660578353233758,0.3030783078056935
123,3.7746648185418232,3.6364225555985983,0.21134099345657475,0.1,2.294351508715396,2.4880039735515704
124,3.1644780694875596,3.356808389193417,1.62468777859998,1.784160978248993,1.4211775784363327,1.3717744087207588
125,3.206506960333085,3.0535791832297754,1.8967414712921118,1.6953688774242912,0.2928301577045104,0.38616209320477485
126,3.847446568763683,4.0,1.8202201259067516,1.8904424855196633,1.25400240194511,1.2922428054408317
127,3.3469933376965337,3.2613013729940348,0.8114180353536018,0.7956259730527129,1.2692123951566345,1.2085941987254978
128,3.0275889931161797,2.4880407234734365,1.650718177528296,1.2439482241629807,0.21754280750895727,0.20131154460093093
129,2.324576945698488,2.3611414032836207,0.5287826025294166,0.49315701036613296,1.9575449231110422,1.9744709406207135
130,1.5668887713025612,1.5,1.880489517542577,1.8548257875724277,0.6629593618340939,0.6894767894751234
131,3.2545569642604124,3.9716818212095357,0.8400927687117091,1.295450400558448,1.7486004686087044,1.6415908824254446
132,2.4120206760126015,2.2376160682267807,0.34987919619843866,0.1,2.0503416936480017,2.2744558273741466
133,1.6234173963457534,1.6672418428839695,1.1223401238348876,1.2453753914598473,0.4653343896533797,0.4012393947762987
134,2.698850388835641,2.743699050543683,0.9407669720999512,0.9462342086235019,1.6570787505196933,1.7259041319867356
135,3.093239712425987,3.138287336635572,1.465633426595508,1.5257868756741555,2.9997114979635695,3.0
136,3.665855074889868,3.8981184340401964,1.4212101238298889,1.7164656736029653,2.6557927803636763,2.499073533822528
137,3.2508317862272276,3.431005143761307,0.4204530879167513,0.2454856415961025,2.7329035488172266,3.0
138,1.7295865162443287,1.7032973310949282,1.897802513211845,1.8492428133385688,0.42054710374061266,0.3799734744515608
139,3.860623735092079,3.5883126150535007,1.2828176323616185,1.1113922680781978,1.4257475751536675,1.3681703195296582
140,3.912133399738712,3.6506643279678697,0.35421800540288284,0.37673265144775686,2.446832693052853,2.221639023581252
141,2.76143300922148,2.7811149067974754,0.4351543156851766,0.31075345929163906,1.419521723942266,1.4698940512524015
142,3.4216487872444254,3.61939801557362,1.650751178494083,1.870735640005282,1.8313743752169875,1.8730606243723682
143,3.892565148821147,4.0,0.34452153975577426,0.41535586278962816,2.2288522134537105,2.084938846614219
144,3.0133389610502928,3.2763008216339604,1.441411448423449,1.6640977843929976,1.3499929551333605,1.3024190015777235
145,2.0737925231582173,2.086864445002253,1.2776407004839856,1.254902843556556,1.4977202573302095,1.492679022152672
146,2.0359012116239485,2.0323986005689942,0.5339518276025941,0.550964597999079,0.043303674699565864,0.000715658297387775
147,2.3173187121966663,2.3534033530603424,0.41132935706169516,0.3659941482528013,2.9296417487813806,3.0
148,1.8008905017569212,1.8489546705811397,1.0578827734979526,1.0811263246821123,1.1573582498333561,1.1044386609055223
149,3.88670180134977,4.0,1.2987208264601207,1.1838735536515372,2.8866727230925826,3.0
150,3.5702911978843463,4.0,1.6551995603455127,1.8282433010961505,0.5250137411849191,0.5688619587825999
151,1.608018778364762,1.8280287631808918,1.5043327141224505,1.7973221432224664,0.6263663411752463,0.6275167737397402
152,1.8647064473064758,1.8573876752951448,0.4875529733670918,0.4746686514115082,0.7394427031933206,0.690639015251628
153,3.128849882328831,3.1091078515244295,0.5290754478714409,0.477989995194659,1.5769828346218362,1.6131845431935676
154,1.6064800813165776,1.5948919917302145,0.13338541173315757,0.15314022062504368,2.940740364977274,3.0
155,1.931372791309086,1.9314298466071225,0.6267637844820246,0.6039675953404815,0.31577125035392406,0.2890977058090827
156,1.8158876714023238,1.7801684273949892,0.7287154412195272,0.6857828850254339,1.4666790424469625,1.4939781331539828
157,2.924530261448596,3.045558037602745,0.4613574596102643,0.4365461095025917,2.165492824009821,2.2638962064330146
158,3.6754266688988344,3.2695869419680377,0.6540802755362094,0.37979436829272756,2.7646628553270105,3.0
159,3.3479608233724116,3.647130680929634,1.6529429088478078,1.767132870932228,2.4259817588253343,2.5019439071961203
160,2.6958620447581056,2.8466289904377033,0.3389960576470291,0.6291074729291364,2.6588004605823006,2.395650223182343
161,3.790269807874997,3.6676709288028317,1.080772472492259,1.0059568226370812,0.6263059713204071,0.5691257951913925
162,3.5855624528837238,3.9379150071000373,0.5777277982664974,0.6710543257970685,0.18569017263843635,0.19436122378785742
163,2.149038835515798,2.456722174116972,0.9323630243041392,1.162232043166865,1.399091752285654,1.480695282653592
164,1.579708739402946,1.5604739987712917,1.5643655683145439,1.4375861213375254,1.713132007466174,1.701186261335055
165,3.2138355734287116,3.410538994513416,1.8418535813975683,1.7989115758440304,1.2945149534479299,1.431497262713407
166,2.2499093521551625,1.7999889122982267,1.3803237870009566,0.8120314332468562,2.9042235746758647,3.0
167,2.9723206936420383,3.2053958358931456,1.4094926443744333,1.5352755495887052,0.3502059099016891,0.37705288250602886
168,3.000932062203744,2.988577150191518,0.40665386719810337,0.4531224786732493,1.4245734138906603,1.3887019867219879
169,2.1051810180442776,2.70592809066319,1.58058388588129,2.0,2.5530782649318584,2.7147043013890073
170,2.3337441495659474,2.119427563594047,1.2585044181925282,1.0139782258327943,0.8708881237137676,0.9083860683545786
171,3.961078165973965,3.9640886098462516,0.49205193543636394,0.445349871206383,1.506026261694322,1.5178577032670901
172,1.8390652143664388,1.627945228737479,1.875193281873177,1.6692526731959736,1.7111081869934557,1.6818849568767202
173,3.313529286057105,3.6283833397181255,1.4022914106649602,1.5595605146389822,0.2792693683424061,0.30196717585063254
174,2.3018539608581086,2.18434980026936,0.9889485493335807,0.9190229091131817,1.7680007328440803,1.8235607108175875
175,1.9206108318533737,1.9698294384080426,0.687531359930049,0.6845303358172389,0.014867428865436905,0.0
176,2.8729101232885155,2.935707522567101,0.8041172715086818,0.7679149507742353,0.0033187052170079445,0.03318468602522305
177,3.2994158747978966,3.538107743999514,0.1819372964391356,0.2013541132932448,0.25373605775962815,0.2474255242347457
178,2.6197527126805307,2.5791988775695973,1.771340200858711,2.0,2.2820523963403554,2.024790451358536
179,3.0670885280059754,3.690330869710666,0.4129765996999307,0.8077501440760645,2.807755132845251,2.5645523472263934
180,3.152470826577601,3.3574933187673204,0.5275896157061868,0.5548423311294972,0.6150974181022676,0.6481724035840886
181,3.674679827873972,3.0281396241824443,1.9519813536219823,1.0015153339474128,2.4296146226550532,2.7036310963399415
182,3.8670071597953184,3.714720258220237,0.5555847313144109,0.548997769291682,1.0910648486766537,1.1013841768915713
183,2.5901064697271137,2.8414550702724934,1.9146986356408324,2.0,1.5709422600081968,1.561691551988607
184,2.0497543445090542,1.9426684231942957,0.7084514843592608,0.6066138702420073,2.232837006570998,2.178593510216861
185,3.409716480258694,3.5382876676891533,0.1156336052773366,0.34725992484095025,2.415429641964603,2.0153848493285675
186,2.1879553800435536,2.0577653501143556,0.9762741368737993,0.838043747680665,0.1731320426271885,0.08766602027031553
187,2.490671322623472,2.8928666619395202,1.7644842239451421,2.0,0.5142458178452425,0.537311367977835
188,3.438395470397597,3.5688671432368664,1.224104018883139,1.3213066276243204,1.031067226989943,1.0464034765710182
189,1.6185935775078775,2.022561397729565,1.763888657244666,2.0,1.6486580605094083,1.7659476705012471
190,3.3447724586888885,3.0312551202558065,0.6897477317867825,0.5809238519565476,0.06917541838644836,0.04397045271476688
191,2.592295721905437,2.8725272791898644,1.3923235295116672,1.5606277942375515,1.8082335908595666,1.7757150875826524
192,2.4436045665701016,2.3945501607778032,1.9382743973694487,1.84777370648702,1.070215663731858,1.0534932632779912
193,2.9853457055586103,2.7884444520079903,0.11551116245622983,0.1,1.4984454066286395,1.436915065219569
194,3.8186177036054105,4.0,0.32339269450647323,0.5009551068825785,2.547985822070011,2.381046726306702
195,3.8511654569017675,4.0,1.9063703751459125,1.896997420805035,1.265553721172597,1.3510705022714613
196,3.164586641184164,3.809070918442303,0.8704273313975671,2.0,2.877237574244141,2.3995301775530877
197,3.367649583917234,3.7491091158120717,0.22219241732447384,0.28670760466073897,0.370683567958933,0.3572952681239174
198,3.2712775956945777,3.1893344524459897,1.1570708302178094,1.1314166865561979,1.0845939970650385,1.0691528622957032
199,3.3401221675168067,3.5607374344951017,0.7776345144684165,0.717003658528612,2.030084661202208,2.150306128308549
200,3.561713021976293,3.9874398930415356,1.2729582945186868,1.6227331993264313,2.314608345067441,2.3723686401344475
201,3.5107352442452493,3.557623928510458,1.6488261997964777,1.7217993424873554,2.816875283225713,2.7662035635542663
202,2.9470150795791232,2.763409898767055,1.824695226446593,1.7468470754787015,1.940230060635813,1.8719923913685412
203,1.5605948737032016,1.631654315919665,1.8149512297585424,1.8489387488316746,0.2055569433380139,0.16886532829174106
204,3.932974431902433,4.0,1.6952420353332067,1.6471636920270651,0.3686535494772668,0.3739296086448492
205,3.1667524600108714,3.1303140582901063,0.48834486951866707,0.23281468905742825,2.6277105007576016,3.0
206,3.76571355507983,3.835915651272348,0.103114031787888,0.1083072117156067,0.02195762282318292,0.02805709269864296
207,2.316073490374672,2.467473343773403,0.31693537305751024,0.27233975380867037,2.55442072685327,2.679747206143048
208,2.6517923532233953,2.6164171659522566,1.804528644243284,1.7709378684353987,0.6246208183465378,0.6266554544738524
209,3.7803396362404875,4.0,1.5189364131578635,1.4635549830185475,2.1373810327205645,2.097917114385329
210,2.6596281479094137,2.6221566786503367,0.5253634238584798,0.530152170570074,1.680208389984001,1.6802490129064696
211,1.5274684319831646,1.61762037080865,1.714049797707703,1.8265431821468325,2.8376666133411725,2.8254494158801684
212,2.529526390850952,2.3106762023439873,0.9977489661254816,0.6650213271442131,2.330795079266917,2.488214350571761
213,1.8715748876445928,1.904137530921848,0.17285929580576995,0.2981929126322993,2.735558831235039,2.52444407208281
214,3.935277244289617,3.7942814026703697,1.6308960444311968,1.6177571539119588,1.7061803541484217,1.6755218189353007
215,3.524957897219803,3.836537781233833,1.1733983846393294,1.2094120212341968,1.3934078098844584,1.4765645322854415
216,1.6537087347191826,1.5,1.7802103453252842,1.4512656555520826,0.7284086887971528,0.7355702714935799
217,1.7133973934880053,1.9209509682925545,1.141106042476154,1.3151539332412647,2.7244170503918137,2.667665791686477
218,3.5022436733489473,2.9947996481183417,1.4888635097962237,1.119251205134222,0.409372334613304,0.38277675472863976
219,2.0498963817800346,2.0007139420365734,0.9070910022329488,0.6035260464061224,2.703365396727442,2.8917099528667514
220,2.146621922550591,2.4375056069148626,1.5996623018824965,2.0,0.8338460682250828,0.7597024929403459
221,2.2297378150411484,2.457858720530187,1.9290249460998006,2.0,1.7674986897399378,1.6872877656676444
222,2.5257302141238225,2.4705043790988723,0.9046986739721787,0.9156984349345609,0.597754931316446,0.512801608370031
223,3.5944090739028502,3.7319667330944992,0.2143982401877298,0.2307313638284911,0.7939661279179856,0.7644633538274604
224,3.6461681892703037,3.2316950598740917,0.7790107277812541,0.6557979229046955,1.141036946646261,1.1585299505424123
225,3.0328253756354906,3.3107626779144144,1.8092253628125943,2.0,2.1400859673098642,2.2144911403879557
226,1.9307390514535638,1.7820706264794322,0.3248583927821974,0.3787308984332585,2.9159573797548464,2.798653359000491
227,2.5472484382823817,2.8926600926156505,1.9596501268420643,2.0,2.2983199664516,2.2640210606522246
228,2.2644478333844713,2.581190223675897,1.375689127675038,2.0,2.162974912798796,2.040362743957466
229,1.8927989855803047,2.256270543850814,1.0526051056387267,1.3065443264850816,0.6132114049335693,0.5647965007363059
230,2.6438585650197126,2.707060644256261,0.13513610141972338,0.1,0.9455809195528855,1.0227037715113312
231,2.5574966629372637,2.6383329669248603,0.4686249795670976,0.5814318106229139,2.850905398966288,2.663388154811734
232,3.5415266303487414,3.0903403712456052,0.9311503615939342,0.7574164042564864,0.9911265532287099,0.9688975419481825
233,1.8299082356104681,1.804276075959789,0.15928413165366734,0.16242340028723262,0.9643288579073478,0.9298980565599231
234,3.8954637766177282,3.647461113929126,1.2774455044886852,1.1852196258209944,0.5361783903590366,0.6162803459012308
235,1.7841603999225726,1.7190629342503887,1.2162141922703424,1.0640234222081448,0.42392537693098953,0.33890239369570974
236,1.8356228683451248,1.721633244988877,1.509035767924955,1.113092918220606,1.807359582746244,1.9064119413969234
237,2.718089402331981,2.6950180803017445,0.8949686146927618,0.8113286422913804,0.006152836185616017,0.0
238,2.9128294944619735,2.767638464285838,1.6046605645824101,1.409561791593435,0.9734089038573255,0.9489782579195947
239,3.654258200248442,3.0356971069248213,1.1087517095916397,0.6030715251575068,1.622264891142434,1.7342581161286768
240,2.3769745907078335,2.3022724710694176,1.5069385769447696,1.531327222655258,2.795493794862475,2.742818257306506
241,1.6026048812495253,1.6015902529010186,0.8220323354805366,0.7373783219602492,2.5241019961259408,2.5481176374801153
242,1.6227293662071807,1.5335221499198142,1.6349125668150497,1.5374427811086815,1.9551542282863204,2.0003563861601363
243,3.5947366940663814,4.0,0.8649175556949916,1.0915815495883767,2.1749552768314087,2.1083494814903716
244,3.0829405605412026,2.936567611557072,1.0017966423333937,0.966728432380883,2.0282052098907677,1.9313181479484156
245,3.7252796736071727,4.0,0.9277495422436574,1.0360729951783207,1.8157296996642531,1.6988921682311207
246,2.267625412082079,2.231922140841251,0.5979790643118141,0.6414108604787679,0.5459754519219645,0.5328880518147268
247,3.2958779220735632,3.3927747178079097,1.6295985964748565,1.6840295182067777,2.5585141539153025,2.484160544516899
248,1.6455946623372075,1.8020869289808883,1.302557070489316,1.7899510272187609,2.6065330969022824,2.5937149663844137
249,1.7027909157615273,1.7032599544019573,0.2701917953033605,0.3302135190271489,2.5323539169195435,2.4144416278226535
250,1.9830171581954157,1.8872790128332848,0.5997929584414353,0.6149456101820574,1.4309454577644947,1.2881297867231527
251,1.5274133204521232,1.8385361038614074,1.1984268338436703,1.4349410159102816,1.507797704545516,1.6620449069337475
252,3.0070196841351757,2.492956826270931,1.73861197644327,1.135561362009045,2.260589078215043,2.3453087434665227
253,3.3220747298057383,3.9253706152848955,1.3005956206058233,1.4459551645089086,1.181954405343776,1.2219121771270094
254,1.6986241015748889,1.5,1.5053735546733344,1.1040820275857814,2.8237299052579217,3.0
255,2.527457828624457,2.9465424456148956,1.8168708683505406,2.0,2.750776260205341,3.0
256,3.2835860569798516,3.3593241619051977,0.44118337681807374,0.43465674026995743,0.6278933904161266,0.6290080606933659
257,3.0493297497996545,3.2686142809109455,1.7555375536973843,2.0,2.4566678900821977,2.416124577896964
258,3.1374541348482694,3.26941094257759,0.8558099712149527,1.041806512108023,2.385090128858471,2.360945838504285
259,1.5894291303087975,1.7250786046914037,1.027902509790142,1.1510835572864764,1.5862434450033254,1.770102506267359
260,2.617958979625591,2.4804228391130283,0.8782552352046837,0.7681526911924115,0.971906542356574,1.0444886863474434
261,2.079633294628139,2.0496277443074247,0.37563283280966786,0.3390860295578766,0.6870508004604958,0.6723805559232874
262,2.3520136469865793,2.386262988370194,1.834341201704656,2.0,1.460125919365503,1.3944546544637542
263,2.1472824302738016,2.168611032442501,1.1219258580494667,1.1399839062715116,1.636165147610737,1.5082368091298641
264,2.7088918059658296,2.708598416950414,0.2723317264129916,0.23837486929482213,1.784660212857454,1.868285326052005
265,3.332602183429444,3.192066253740846,0.49549823754347533,0.4569205373443543,1.921309887184037,1.8598107833754096
266,3.8524826670422834,4.0,0.4610068841816438,0.6081942514733275,2.2539609710629014,2.0939651380518502
267,1.8072314176043498,2.1757179276588863,1.4620147159604926,1.6945053675710673,1.4362402961761234,1.414838257081235
268,3.48755365547533,3.0394747935877766,1.0234598172717209,0.6528632865836403,1.531472635509699,1.739709606406179
269,2.38544965425851,2.3198715305030664,0.667658071005306,0.54483764957049,1.0986133428435725,1.1665517617594152
270,1.6424264246743876,1.5219820355158582,1.3401749429191034,1.0609712136199276,1.467469806026477,1.5386706337191396
271,3.765685147828437,3.941417280169069,0.15972895666382012,0.13337973543441728,1.2800880433245108,1.3746726877351698
272,3.7183515993520913,3.953816170821262,0.9436833245941095,1.1166255669479659,1.3871610135425667,1.2842415658775963
273,3.203287819509165,3.210291825372799,0.11422849960999218,0.1,0.6323517063384179,0.6352054987858454
274,3.028681742708839,3.4601185909379266,1.1404173778734998,1.3916946678656636,1.0380795940620127,1.06067368886723
275,2.926586109379853,2.862969792299225,1.885169716329318,1.5294419408375788,2.861045267604491,3.0
276,2.9952439191404423,2.931713679634074,0.10091817805219092,0.10049460926614559,0.08978946301806578,0.08929629532258299
277,2.4297783400478465,2.5832858944886756,0.5979098598433075,0.6368288894422515,1.2081988518056481,1.1780001300054745
278,2.4632649741287125,2.203785087634064,1.5666888055374046,1.199418900856849,1.1785115561596826,1.135592105854318
279,3.324980187000916,3.580377967713766,0.4960442997752299,0.5836924619335679,0.33201585974739445,0.3406400456523742
280,2.1881946671319357,1.8574595247435293,1.4027899600487583,1.0227020022378672,0.43709729483448656,0.3988875505472833
281,3.786716920530502,4.0,1.733669253272246,1.7959644918676225,2.8953967282590436,2.913232932110328
282,3.465018982479925,3.0053465467722367,1.5757279470058339,1.2029916616416483,0.21321297828538388,0.1390921576585265
283,2.6817330332793756,2.673100604825747,0.9021910666265732,0.916385057399027,2.05861284852889,2.0353717611504147
284,2.1609076753675156,2.145459245595679,1.7911956438244614,1.6240426398699248,0.9544415255167163,0.986711149193084
285,3.19809882061015,3.023214037050044,0.4764953788846543,0.3875646903496452,0.75528606247493,0.7357544438094251
286,3.1720881651411945,2.7526615257675973,1.0782340228891776,0.29283351167204025,2.1230370068281954,2.7298454249364084
287,3.3608246381147744,3.0770162265763314,1.6673567274924115,0.9382370035940564,2.707590569514583,3.0
288,2.953125286077125,3.1359716408674445,1.0001060680191334,1.0948679359911513,0.34374634247040925,0.325693740923156
289,1.78097452402249,1.8314079283573057,1.9175406323826445,1.8337684680873128,2.539983245110476,2.5690585331796183
290,2.764677088725838,2.8893958881015123,1.3575020816438597,1.4533840309786104,0.18291938298303279,0.14280216273501473
291,2.316543901786479,2.3552937352294143,1.0212054288823151,1.0491719776440611,0.6208402965688883,0.6592408138383092
292,2.3195205831858643,2.096372266273728,1.2714119771724959,1.0345374288445945,1.4463157489833725,1.4775376171329784
293,1.7234319239830362,1.7945909524114385,0.42385140093911444,0.2231048086984308,2.4062763317594507,2.6149655221083883
294,3.678267327127565,3.1900797860529235,1.8864383394311324,1.32921864292594,1.317539325419657,1.3838830561110207
295,3.2634815711151237,3.358354174631869,1.3607176281400102,1.2332570242553804,1.8720408652274863,1.9419832394125807
296,3.117892836200445,3.104006134237644,0.6781036701552394,0.6591590938786089,0.3019421665426443,0.31362937299280413
297,3.3919840532636956,3.9503307906528167,1.324392454565062,1.546958432574554,0.42691717077755276,0.39951413657470364
298,1.570183312957039,1.5989561684706255,1.2786680072285295,1.7940190090162105,2.8087721530383187,2.536447651829487
299,3.31088899909866,3.548311470676693,0.43729609483868215,0.49129473167888127,2.308077375112382,2.348765513462727
300,3.136859403041102,2.507173252357356,0.7898948895351616,0.28901002086763444,2.6062289702771944,2.9716934065389973
301,2.500891222853605,2.483921969043827,0.11494687382316367,0.1,0.5114965604996311,0.4981962987243836
302,2.4039894074003034,2.381781439657708,1.885550283320674,2.0,2.9240604511168917,2.7266435419826305
303,3.6415756202548306,3.612048903923901,1.8164363011034357,1.6066359129455186,1.9659804009441857,1.9137185386237763
304,3.6403189878719178,3.7679724137060324,0.8791087745933936,0.8564717718291329,0.7723808913687236,0.7864875531353888
305,3.4358397424269316,4.0,1.5986578330129404,1.9573228513159784,1.586942592257952,1.5241755555712404
306,2.3493924299336597,2.21559193213089,0.9696925642214512,0.810289164241728,0.4800580488814111,0.4653848090632341
307,3.8982071018488536,3.5806561292897534,0.4242823956066325,0.33107025628920855,1.3014509998746806,1.336037056850109
308,1.7312040014559065,1.7357465960996452,1.9442338688543568,2.0,2.796811619298585,2.841623703222918
309,2.7807522767852224,3.527672911799358,1.352530484618057,1.7131436354380079,1.4660050891064964,1.4251566750792142
310,3.349597437235385,2.7931278353354765,0.6905120586009177,0.1450266009311317,1.8957618056492895,2.352627011160231
311,3.9297719696262767,4.0,0.2925955738105217,0.2843334985260853,0.015013819119608973,0.0
312,2.7965416996595494,2.8557933482452937,1.9204513182629597,2.0,1.4451036490137539,1.4806537175422207
313,3.4164103526353373,3.625560075951845,1.433789940870525,1.165289440135849,2.1243382404868774,2.335626830796609
314,3.7235365707622523,3.730835845111481,1.7433902669214576,1.8339706020985305,1.6691469103943866,1.6194253812916204
315,3.33540650449576,3.85733488561173,0.3947269145797787,0.4568477667513469,1.5202463624667508,1.6335991880881502
316,2.8273049733835487,2.983955018650507,0.6880081329528666,0.6980440149788172,1.9978780304114254,2.129244853398434
317,1.556251506772974,1.7116044152789027,1.6630119019862628,1.8313461917374996,0.6845135200812551,0.6300010619766078
318,2.8520380725468675,2.418418486042939,1.1043633923962144,0.8218941239661806,1.021978133056857,1.0582174953937253
319,3.111792700580736,3.6136764435970776,1.503020170644478,2.0,1.9779321796107432,1.8953717381670676
320,3.568720760317783,3.2056106693874797,0.4926989455938754,0.3699994254512665,1.3235920019570266,1.322899193795187
321,1.5532475227839635,1.579562709648867,0.7761579675190694,0.7579387576803845,1.0236259714883431,0.9990045956042916
322,3.98061361527487,3.710576255523961,1.3051086102886247,1.0593969354445096,1.5556058750414383,1.661498371814111
323,2.3123051681933657,2.5572889474882543,0.8761084865432333,1.081283790878531,0.4445902238897943,0.47516965869798145
324,2.22357791436367,2.048665570801293,1.4890510641701775,1.1609065774927563,2.7300760959169788,2.971887756502508
325,2.340725514131779,2.4693021939952198,0.2012240149754085,0.3746379854289771,1.7238299654409617,1.5541323726338465
326,1.5400083396768627,1.5,0.6688818376046289,0.6827980428058972,0.22003767591189505,0.1976160249745244
327,2.4999173264845225,2.5481648260886,1.5955462966780174,1.579640791255847,0.5713589491965075,0.6242152760201144
328,2.1400566254676114,2.127289051156337,0.9556311871488603,0.9568418029087905,0.6226160681726112,0.7116023315951562
329,3.655818350947958,3.7589726967854373,0.2933082013041889,0.30137358261652974,0.9014744159395078,0.8883564752190715
330,2.3011035680689327,2.1249102419911563,0.6639764533305913,0.3405665687663335,2.788641652147242,2.9600948883633276
331,3.8680024510967272,4.0,0.7919257505555701,0.7829225879182765,1.5072478401754088,1.6020860042117093
332,1.7270797010060375,1.8291632941451086,0.211679648017286,0.3178804738560694,1.602361428746415,1.5910373461543617
333,2.2948797570918105,2.339652955409731,0.32292767654530186,0.3193245770987783,2.915477890667149,3.0
334,2.3833386909994427,2.3658383858298073,0.4019230326511678,0.6017407051843175,2.858889523942758,2.633681916116735
335,3.4828335849948138,4.0,1.5080735635413574,1.8269930624327428,1.397109883278808,1.4028876441582845
336,2.49629142527599,2.415820239591196,1.843497772457523,2.0,2.8913959954668025,2.841680769262645
337,2.486658390239643,2.787456387306846,1.3443208134741766,1.6380341633318574,0.3709906990097934,0.41194289371779275
338,2.546508808029376,2.1759695316583128,0.723117331145774,0.5053225086562624,2.471344977812298,2.589329375363909
339,3.974837600009331,4.0,0.8148973429113933,0.7673172780772869,0.23778536712529352,0.29364829745110965
340,1.5775470473423103,1.7298817681583873,0.4319109341103632,0.6771936420312512,1.5061582967135756,1.5320022172361139
341,2.146888727528842,2.2700811842428044,0.22948461129284836,0.24175665682644223,0.49425469960626234,0.504736472121517
342,3.4195724089849278,3.6303664031741785,0.8086985338075727,1.0454926271293892,2.479380906445149,2.3162617337373437
343,2.6341284380268255,2.4547606967198683,0.4256515757322339,0.390205212616224,0.32259490204730046,0.2828729527623107
344,2.3931200649279534,2.3230309770244113,0.3744326905026232,0.33832498989270343,0.5436114124960826,0.517531091528362
345,1.8012690984055717,1.8447307278787937,0.4311204468863723,0.41261651258383686,0.04652135814237757,0.0
346,2.2410227426427376,1.9331350042329734,1.5880378647335538,1.1419266097604244,1.8061736970473112,1.8350527320724586
347,1.9061140919835675,1.988184961603058,0.15212756432855673,0.21988978017039204,2.643085867693689,2.607880320179322
348,3.3291449522395515,3.2276045805966014,0.24560817674750282,0.1628055667204592,2.1555701798517934,2.266895337760638
349,3.0963709523388925,3.261526529827499,0.3056402460888716,0.38865070848703365,1.0581642294147597,1.0393053874269653
350,3.61269481802788,3.5954850057081926,1.8623348079245008,1.8785466533855633,1.2133208063340486,1.197139289629803
351,3.887880536882091,3.9653323248561145,0.6597449302786504,0.6505423766936265,0.1961306878395469,0.17761155836647005
352,3.4064707325770494,3.2031732990628408,1.2265519702961456,1.132174154495265,2.9968539476032805,3.0
353,2.4480329302068498,2.6538875576435457,1.9218905411585625,2.0,2.6454531105296457,2.5248227465146003
354,3.232698635705595,3.2195277970824323,0.8015062446027427,0.819734988859959,1.6433909001679248,1.6439680582598544
355,2.986199498866749,2.865272203660646,1.399573109537426,1.234523573359959,0.34114180867258637,0.32238225153296307
356,3.9004994103177495,4.0,1.0117273103575215,1.2167108128303321,2.4098324371406656,2.3282261358840586
357,2.3069538213362404,2.4949845259638908,1.1847116922757825,1.331583828183583,0.36389716440484254,0.37103396718611564
358,3.3953554635427494,3.6187883419622624,1.1565282765072746,1.3949257039489578,1.120787655058199,1.0012648227169427
359,1.5787715286732693,1.5,1.5818848763582494,1.167235365497072,1.9206901022186882,1.8836474804246317
360,2.4690704321498713,2.4841604316545616,0.1373374122757884,0.20807812956268423,2.2921936373684306,2.258489513772121
361,2.372394880539612,2.2301457853676685,0.8439856912645194,0.2597590693063049,2.366385399673131,2.7894891088163525
362,2.0000331845087675,2.18789062670076,1.1055914807756226,1.3457226507959799,1.6043972518377647,1.6469664921753813
363,1.8137473510789146,1.7240565625874615,1.077964327408582,0.6964183563604084,2.6743971436627247,2.8229133573258736
364,3.1216873907074896,2.7119155146922114,1.7688426659068381,1.3305637968865942,2.9001473809103246,2.9965013590032066
365,2.4475122991726552,2.7310967571497335,1.1476010674204142,1.2857198020467218,0.15155685128384788,0.19509736146523823
366,2.826686594733081,2.551396549068202,1.9779370307131978,1.4179195067436743,2.5817315613917753,2.704213979685557
367,2.0162073742023017,2.0157334001574485,1.023741907915823,0.945135488634334,0.8267368743052764,0.8326603917788332
368,2.8683756084198424,2.420142578008254,1.6205837326469035,0.8880323854677843,2.144863842918123,2.248002217046609
369,2.492712835801571,2.568889666948348,1.3387164408927106,1.2112691864810228,2.2218734165757037,2.304547830152232
370,3.0851567812795357,3.167887182603992,0.6469309371461064,0.662992005346233,0.8492232825922262,0.8772762612470142
371,3.237071558011558,4.0,0.839076536059257,1.1596730782948539,2.9748096872940426,3.0
372,3.3654986889814875,2.5740274279649826,1.6071654687940575,0.5515412135930982,2.2078793276497066,2.682552947288369
373,2.9602280345659002,3.2734781170940366,0.6164734527049186,0.754604186622353,1.325242641851009,1.3513605426722768
374,3.4758937418277736,3.397078059704533,1.159326957928269,1.166268483410395,1.7376440343359247,1.7019098589856654
375,2.830248109260988,3.0505934558032153,1.9322625292962512,2.0,0.8212204328234867,0.8315754013934671
376,2.9732647285787266,2.8085777176113176,0.5385432942511399,0.39116525974889127,2.873691181081485,2.9999995283108625
377,1.7341458761030115,1.9665293341611787,1.2553095547654736,1.3542471444088915,1.5712685886520323,1.737275247245768
378,1.5031256306842722,1.61477772240085,1.0792843279441704,1.3539544317869843,2.689571318816726,2.891404483324974
379,2.6289746458822183,3.007175868963943,0.35146001092718193,0.5782410092421669,1.6968262750716039,1.606262543435704
380,2.202644618055781,2.2586954679073132,0.9819119405961374,0.8330680163726825,2.122569789851707,2.2936703500520474
381,3.25269694636599,3.1763387030401655,0.44269004763574715,0.37517241978220717,0.24307210861465356,0.2646474200710383
382,3.9759769315534093,4.0,1.2982773855309753,1.2331378173321472,2.992855047781136,3.0
383,1.6990346476915683,2.190911316929595,1.238115131325742,1.7898906908477965,2.255726795224081,2.4033965836314874
384,1.855688572840017,1.7629956572211418,0.6182039169536192,0.5269212174298704,1.1812052726603706,1.1944636609951818
385,2.2789623131478782,2.6271705797815095,1.4946579606468364,1.8356340507941273,1.8159273504091642,1.8915249216801142
386,3.445009497745958,3.664616622379379,0.5465704267498993,0.6460190366027407,2.1341175464644744,2.0738369729782766
387,3.801037263393579,4.0,1.3048503521330788,1.1022164583439105,2.6540305869136724,2.879747734574497
388,3.458493272214538,3.9226448564542333,1.107004500416865,2.0,2.5477558877135107,2.2678098286362323
389,1.550586874981116,1.6143912792902724,0.7068419896133039,0.8895854883683502,2.545661937931249,2.4056039494857875
390,2.320212351761435,2.3347900379100786,1.9762160073666009,2.0,0.7881553163235875,0.7970909481122316
391,2.626292382851138,2.445874327315449,1.0441941574037361,0.8050746467005514,1.2688112083982581,1.2414023944215562
392,2.96042948665892,2.8112165840569525,0.23014325743666927,0.1,2.1558730122416727,2.32196174153128
393,2.4211698454424364,2.693077285634808,1.2513324063718625,1.255766357845125,2.2655379291679623,2.3534864751664086
394,2.5618521840059176,2.2517716063024125,1.4408690763300465,1.1845687281083703,1.1811872970488917,1.2331083313455413
395,3.323020501777332,2.9599760009199083,1.4608527100812565,0.7010331502965688,2.715270762142542,3.0
396,3.9053689499467397,4.0,0.38567946550914256,0.43171517428094786,0.6055105704726648,0.5903208459288164
397,1.9934761815230446,2.065633610171575,0.5446969396609113,0.5560118501330336,0.4344579691328494,0.4171430801767641
398,2.7283704905223196,2.789521274726937,0.8970992725767899,0.8191363192490501,1.2273742826623577,1.3354113218576844
399,2.0788195779422773,2.1522925799438464,1.8974342907455155,2.0,1.943253541365963,1.8596897922103632
400,3.5611770744174494,3.5037302276770923,1.508905146021309,1.4812020204649459,0.2127765207611717,0.21427406460527798
401,3.339999670200889,3.319534551551019,1.181549687877949,0.7385263715047474,2.360636178486038,2.6054444917448327
402,2.090994262259513,2.264162835003927,1.200544641600627,2.0,2.9005648446375423,2.499201331107623
403,3.031190782832044,2.7044634036186292,0.845909481869575,0.2869025153147433,2.6380201475016287,3.0
404,3.7473287030750666,3.984074917769874,1.7747104296976055,2.0,2.3001780392564646,2.2839917369392735
405,2.817539796597448,3.167042913620989,1.7437694536160437,1.9125053213660022,2.57605909440722,2.4939802314624413
406,1.6177361702438073,1.5868045413493002,0.9663728596531229,1.1451550940144068,2.826376383618145,2.633973626322907
407,2.6417375752356014,3.068870341199393,0.5052629596175787,0.7501378402469872,1.1184484600385773,1.1021542828033668
408,3.3514377242096725,2.949070376422152,1.5282038532695088,0.8621652549682218,2.682774240328749,2.90009922567259
409,3.8710579096710642,3.942312663548118,0.6360118386182327,0.7397904444533168,2.8391856985301054,2.636292873641981
410,3.177633068274776,3.2434528069247297,0.38604072785219523,0.5651207695795475,2.601409391862407,2.4144742105437156
411,3.056442445015891,3.0317838617260344,0.7587894372713891,0.6527450143647887,1.8468576562796117,1.870464972642773
412,3.9816941348218013,3.5988348534539885,1.6976699650333504,1.5154419996990578,0.8998906122889107,0.9001597344392631
413,1.8258299324602107,2.081342418115798,1.124601102157567,1.7607235782904975,2.8540188387238334,2.7260590186505156
414,3.1353124777087156,3.1266031379870385,0.17292657266823172,0.1,1.7703296671108641,1.9308034138118815
415,2.3269208988312924,2.455123934745441,0.917280524635201,0.8412970633651365,1.7560552693649758,1.7972920022556125
416,1.5316373326670296,1.5,0.1537423485707216,0.1,2.0743253981942975,2.1967832967732597
417,1.9072618532564207,1.8776279535140208,1.293522445011935,1.1922165319911837,0.14442689381138063,0.19721641596757974
418,2.2726403964043436,2.1308713941590356,1.341280067031489,1.182258331509015,0.708303235672312,0.6770885096947932
419,1.7283160556853903,2.039462712689134,1.4806337002056515,2.0,2.829452943630846,2.657468200870385
420,1.7348993502696612,1.5778177090044845,1.660056084579429,1.3895922959538463,0.35169110612493915,0.26886349589245123
421,1.7570121747765353,2.0542100351430435,1.0725680348584528,1.3301375347387214,0.35963216181349045,0.3987989094411496
422,1.7917632259473548,1.6213967279252972,1.2583644918724821,1.0892208286481027,1.4540056809909676,1.4657072113021514
423,2.76087277201331,3.015577229435816,1.6786527220064615,1.8799852284034007,1.1286961766517416,1.187725254584717
424,1.9858072281845778,1.9277332661814677,1.5921376147875457,1.4817549598491295,0.267684754957246,0.3256798836843909
425,2.2506827776802245,2.353667870454032,1.9455911283674987,2.0,1.1357671262680284,1.0466108117107336
426,3.1446350057071166,3.2427227941782304,1.5240622660213028,1.5783182308769965,0.14455745530154718,0.1300360324707713
427,1.6521763371185323,1.9346592789825439,0.6871405049434178,0.7890492310600125,2.4141086856707847,2.431786533420035
428,1.9469911473775623,1.8515490268373438,1.1744078549409747,1.0345941630319637,1.703990487203118,1.713168483970343
429,2.9273429510165805,3.196417470691135,1.8468500958062333,2.0,2.4864323672830446,2.59313643872862
430,3.1255028475438795,3.2234353443844626,0.250016816052271,0.4980553289692832,2.6555751105591234,2.1958959355673584
431,3.4699388858175593,3.485916213601539,0.4218642011022954,0.2886537198634166,1.743222813404786,1.937392581034856
432,2.7294679142810194,2.6960858263151293,1.0959680482727636,1.0045742906909305,1.5475491251253528,1.5439492145455642
433,3.156737263445661,3.372718370518991,1.9970597699926769,2.0,0.521223795887923,0.5080344471033764
434,2.7334095253817057,2.6716615948424827,1.4104917977652718,1.3282616738652293,0.7778953964733497,0.7810504336311589
435,3.39011890443897,3.2442577085450455,1.0259024808375055,0.8843879414133269,2.0695013960743007,1.960991863136133
436,2.2623617742793267,2.075874287105351,1.2862824296697666,1.0482961084896678,1.136017548821548,1.1693945717078866
437,2.340314120077042,2.0920241203265966,1.8195003230695965,1.4654886864552656,2.836316994423961,2.5886028073769056
438,2.705786629075147,2.7003546804591236,1.240025141701807,1.164397533437696,0.5944176178825133,0.5873359016212443
439,2.3183981737107313,2.435358110182533,1.0096105427473645,0.854618692623428,2.103795475728786,2.2241288466385645
440,1.6010626112292403,1.5550979560930323,1.845469367847303,1.8515498296031203,1.6843141264091974,1.7748095218791875
441,2.3833186501858776,2.40455051064524,1.497512912564829,1.3172210744226664,1.3623210546425044,1.4073931270145292
442,2.964541723708317,2.967791021319782,1.2611683792178734,1.4616876170852902,1.9554583796424974,1.9447678827757966
443,1.5406126034365653,1.9083158554821615,1.4546962036164797,2.0,0.40668525005053235,0.4712994791315785
444,2.2462485763974014,2.040370697438151,1.4929604604756388,1.2275541045905007,0.24179158068826523,0.24212786666644412
445,3.4957813609526642,4.0,1.3408352609520222,1.5058030059957073,0.03679604009740778,0.0918627184516668
446,1.7128205959951561,1.53502480979766,1.7107978247435491,1.2466275445312516,2.8380439075182116,3.0
447,2.1044594240784193,2.0748559023399893,1.0897391671504135,0.921263375308774,1.015760171317177,1.0085740162232797
448,1.6869484759705762,1.6326939036158583,1.55510864843615,1.4068194218468055,0.42261999264320305,0.41167771669606623
449,1.5973910806923408,1.5938991001350147,1.2564410080997757,1.0602364564924414,2.960196080803299,3.0
450,3.353064167470676,3.0299645786988285,1.6550639299891508,1.5791344654461725,2.2887628956498687,2.2147167331342326
451,1.7557708460896724,1.9617503017041875,0.24252825791171126,0.36143374739467793,1.7227582200564027,1.7567943891835986
452,2.1594967515701624,2.2004414532759955,1.2642450796676283,1.359436993710388,2.8524098935276485,2.8446027992642233
453,3.5255686580528915,3.5668143466652733,0.48386801917020283,0.4844473471257954,0.32925408609728024,0.2863560746688279
454,3.5872029939760544,3.7346589577622504,1.6420553523826946,2.0,2.8596624619239135,2.8594988817002953
455,1.8857617759566254,2.102737268616197,1.122105300005332,1.271243688970175,0.5305693560553547,0.4966182996780736
456,3.581511816823141,3.069193298281178,0.7446782698769837,0.3224952667998629,2.66519777883071,3.0
457,3.095382419018077,2.9189442453501377,0.1908275360579036,0.10000000000000003,1.5114970017603495,1.5619192209533383
458,1.7666085160161016,1.6842989348568644,1.205866866103076,1.117937400272672,0.4698977241997443,0.4865811779771702
459,2.6016589720221908,2.5126659560974054,0.10946547582911535,0.21773832676935187,2.0822415240888996,1.844699561524299
460,1.8421620802282888,1.8201773621030202,0.5689919889709691,0.48166121873238266,0.013665501694286042,0.014979426737255927
461,3.793958580330356,4.0,1.3117767874597266,1.3515679067972046,2.3178270916673593,2.4012114414826686
462,3.9686617659074757,3.6519203966760383,1.570796652626657,1.346111067817407,2.5692684341193432,2.6022750534487926
463,2.7878588476768327,2.866340930003354,0.6984504480393745,0.6604187478920837,2.4264108239853117,2.555907967245069
464,2.6601294169447254,2.6106766508188404,0.3935744005981543,0.4325270248726767,1.8645659256891287,1.7834390445271455
465,3.874033609378242,4.0,0.6546112472678938,0.5175822448257178,1.3679660430941971,1.4987334211667775
466,3.3211293871969003,3.14117815951965,1.9557826892090224,1.8418449571598943,1.6388741478061553,1.5967959014400113
467,3.136381354537484,3.8329408541322723,0.8383205731929427,1.509285946947091,2.3283870759944456,2.0643397930186596
468,2.707089808353785,2.730868413234247,1.2695329536502724,1.1054652416037436,2.0867724605071936,2.230800867266604
469,3.1081330454890486,3.5410160907402863,1.0974971618166092,1.43028037446662,2.099881877616942,2.0186837238238935
470,2.073491964083983,2.04684293316133,1.7667505202932856,1.760635093061832,0.3533837503514037,0.31189136739714146
471,2.134173725174441,2.2449341136231484,0.8420322590937489,0.7920996454308795,1.4704268619878285,1.5382033967042903
472,3.6215000465817155,3.7357099644319574,0.4455398095444907,0.43490928421596453,1.4664341023273137,1.5647221358445473
473,3.9348335510158523,3.9247873186778586,0.15844786711614742,0.1,1.4337031027359095,1.551397152917291
474,3.1711616119744037,2.948449821333097,1.912312199216891,1.4668701963662854,2.0365051905495997,2.088812262912345
475,1.7024124943897563,1.9389093399705744,1.885877558102222,2.0,0.7126221897653936,0.8169341924332274
476,3.7757825211429754,3.464505748426375,0.8371996678967241,0.6469590126721767,2.8937778197766195,3.0
477,1.523080326842416,1.5,0.4427023251812352,0.42720962760019404,0.4922216399635069,0.5043841782297545
478,2.1043991102991053,2.1084634645902254,0.4964513064223447,0.5774736121656378,0.8908081846976694,0.8378100834495528
479,3.2348272714096113,2.9698023785677194,0.8461693158297485,0.3743372784929828,2.6445747317499295,3.0
480,1.576714006054321,1.5,1.4553237239967398,2.0,2.5783912694073625,2.5819529853936127
481,3.456546957217688,3.5068627180202854,0.6285437497052291,0.6378154175617997,0.24873932657780218,0.25038224488558775
482,2.7672678401799344,2.702198852991171,1.4824305738268067,1.503175573390688,0.5771145393940454,0.4883344543423089
483,3.302191890589155,3.9740673520797114,0.576273283967906,1.0558068204171025,2.676742880992468,2.4361173420124063
484,3.9506442190294027,4.0,1.033349180451296,1.1444226144758407,1.603119983111962,1.544209144331865
485,3.9848208976104775,4.0,0.1283481575842528,0.1,1.7537181651530767,1.855834161432421
486,1.8308330033265352,1.7680238548479856,1.2314178173577044,0.9715718521279203,2.5151289698333166,2.613132249157294
487,2.2451954097679634,2.3131375038466184,0.403485705920809,0.4146298852505103,1.0213422386062705,1.006102464403561
488,2.919635184675397,2.5965564741133385,0.5150803493993379,0.37993055919491486,0.4534971211631461,0.43409275350965465
489,3.403990410110494,3.6442709317743485,0.9236886799658558,1.1232147853815009,2.4994850029625684,2.38592212315331
490,2.457406648491032,2.3439577867479127,1.2206593744981988,1.2468001794272228,2.8747380623328467,2.7286636172682894
491,1.5918399080970944,1.8278272796354311,1.3723552214359307,1.6792293968527512,0.7499623379852994,0.7095609647050211
492,3.3697287453889424,3.234790958907527,1.6372046377201424,1.5997182387424764,1.8797920164197612,1.8325142772206309
493,2.7348482368058793,2.965209620723462,0.33374379414675986,0.38261089523677033,0.7429430297711087,0.7502258935136845
494,2.964676501249576,2.8600021932660904,0.7277365195187558,0.721359466816121,0.9006444828720016,0.8973057317004139
495,3.906937408765374,4.0,0.6301460193746746,0.6153661289024647,0.33208983559877137,0.29460338497113336
496,2.565051470033941,2.2441227136871347,1.2361736886791608,1.1269995965054798,2.564992021799536,2.5617168358777755
497,2.5877740742032476,2.975943759046285,1.437560014229669,1.8508811740872677,1.525715317408101,1.4630319660377702
498,1.7942094972873877,1.7850626351482477,1.9275525483823288,1.6662214027481639,2.1054556520889847,2.4141709882740203
499,1.5301027250016208,1.8960811798028314,1.21976336939274,1.4962773515276817,1.3202441427839693,1.3406658547293324
500,2.8954649338929883,2.8216069764400054,0.4744006450273648,0.1,1.6825086784440568,2.256210777718817
501,2.6104863820907043,2.69457456901378,1.7995306178612565,2.0,2.969845597701699,2.8194663677692144
502,2.921072428625837,2.8557863869587767,1.7584498489674238,1.7279588732036744,1.921487140367213,1.8819538785757062
503,2.684967657676445,2.5767613648809085,1.9417501672081436,1.5731562067295106,2.5618001419244276,2.6776249857689534
504,3.1571726161405875,3.1194119339921103,1.0753849885083182,1.0925482431109022,0.7395178993223561,0.7372984496317063
505,3.9970446219829054,3.797406529118586,1.9264009961623239,1.5780990408944715,1.6520279834229386,1.598142176744041
506,2.97039673603094,3.2243424460859376,1.5183032301302484,1.8793275458167114,1.5565826428746243,1.4440662033243503
507,1.8670319071298536,2.2124833643259616,0.7098122397145297,0.9183323613512728,1.2307432481156613,1.2657637409506657
508,2.319768817589054,2.145005391999879,1.3891808807096342,1.200385305824901,2.793102128857426,2.799102149566958
509,2.8768737008343086,2.787714263141121,1.1572240444786148,0.9907531411037961,2.0901180708096607,2.033127368337853
510,1.698837542565955,1.5,0.7030770255603855,0.48710008315212894,2.9672610849275722,3.0
511,2.8457882030307626,2.917864368011832,1.9052195717514502,2.0,2.0976870674796513,1.9419604542339335
512,1.8536955398416886,1.8297849979074394,0.420772341517367,0.3594889550344609,1.129373892216405,1.238925396564231
513,3.2147205376021284,2.7787516442030453,0.9113400858145968,0.34698967702004485,2.5512737799613676,2.9107928309216566
514,3.2209397158954163,3.164450558438898,0.24244622973580054,0.19241010435444172,0.878232561825211,0.923978774184049
515,3.9458114686727845,4.0,0.14512821531459422,0.18195932977348483,2.556531217348832,2.462810696318507
516,3.5005410034544617,2.985410945807284,1.9458073292368319,1.3886296786950418,1.861857894587637,1.8364810457892542
517,2.492226860326648,2.6217276614371885,1.9906594313911576,2.0,1.113672585796871,1.0719716865618074
518,3.2811592477816007,3.288341395248183,0.41577968645824614,0.32599016860766694,1.4242826393355377,1.5605677626871302
519,1.9434677021907705,2.449582132796975,1.5099284910826425,2.0,2.5561043678853315,2.568788231036244
520,3.8901098756293004,2.941898529712238,1.6311657734329799,0.8049781822112618,2.8057752956406827,2.9999955703722074
521,3.1442456521983404,3.4989839335768,0.9876023312692784,1.141207834697239,2.281631069558241,2.2740721610952854
522,2.9086807158817116,2.7610618577838975,0.6869534971359762,0.6263248988209993,0.7481127314111092,0.7233903257456814
523,2.5049526905096062,2.537575636317552,1.4748138483069326,1.4392188715965801,2.61185764614208,2.5452385364368664
524,1.9122305258255043,1.9212986304216186,1.8705061467538875,1.7728128648236723,1.6551886208103301,1.6517404616954678
525,2.041619245238173,2.211508113891746,0.5799995935150557,0.5899421299177028,0.19969124108111747,0.22671430325383318
526,1.955043096837019,1.917183966049154,0.5234345330763787,0.47052040555978114,1.7510086097388116,1.8136783129526575
527,2.4237214966756904,2.769444947743209,1.6935888924842102,2.0,0.5360059572189281,0.4864723138916314
528,2.532422243302786,2.449275455427438,0.5868040165169026,0.5520359229560707,1.301807661146984,1.3192950988651053
529,1.9778096216566219,2.0233596778703293,0.5991823977516211,0.4498010424803084,2.6977570082194164,2.9406410787775905
530,3.749201832657243,3.578567417361554,1.118043159806525,1.1442471659214346,2.7331114237454437,2.809893236028535
531,3.9899806117891616,3.995904523177073,0.5246933053467053,0.5497535565267837,0.9185439641936294,0.880464077704294
532,3.303414241052177,3.19704698340175,0.3424429797268001,0.3551575558000225,1.7262014713870548,1.6046397500208187
533,2.4989652970344594,2.8242149544859916,0.2608326088970847,0.3379547117738007,2.263016036162742,2.229468054337997
534,1.6034529387472025,1.5,1.7428356486164516,1.7351841281244644,1.6776419989726001,1.5943357675607381
535,2.99697005171662,3.199818325110972,0.158408543077364,0.22538036830227368,1.295960072745312,1.1816669471660117
536,3.337708801864216,2.821528152633308,0.9585892267506718,0.7702940929875843,0.150426084632574,0.08434424037874282
537,3.362566938029863,3.629751721065389,1.236491239918922,1.3990902435608408,0.048535373754164834,0.06889505738920496
538,1.8797920318199355,1.7518665782013303,0.7516183072897378,0.6224627108364256,0.2806666067752187,0.2322437675986954
539,3.0013381079897403,3.0257632153650906,0.8254336294512653,0.8221687048132016,0.589192100257319,0.5865732596735062
540,2.829228782244678,2.786891603793207,0.2002642862507345,0.17415001498869595,2.883059456784167,2.8922904124188324
541,3.502808307438688,3.851484664705675,1.537294641684155,1.5145391099596246,1.6516338561138806,1.801230363504714
542,3.8532316370937427,4.0,0.964523695855915,1.037056160165597,1.071610469459677,1.0560358080390986
543,3.6850674611128835,3.938908482163143,0.6984295296180495,0.8699145548925483,1.1482621911308666,1.0773950652204127
544,1.6978978392995232,1.6168618058022566,0.7837190335833274,0.7209324698605952,2.5209979172962718,2.500496331661079
545,1.554730219424544,1.6805153200937386,0.7588190451774305,0.9692462937369488,1.7059445922109369,1.623136324357548
546,1.820833329070004,1.7989241752632588,0.860874799023266,0.36974637888834255,2.0507271972175296,2.508125937556912
547,3.018376323941065,2.8277914344462514,0.8071243881976392,0.6621106454179596,0.5440529346846723,0.5608591105373879
548,2.3701852940057684,2.3464896745104538,1.4606764256351574,1.414604318438358,0.2800394631913775,0.26872162689127865
549,1.9486582589891688,2.079703095743839,0.5223290837871932,0.49670368083652483,1.2602924921192917,1.3229232421446704
550,3.9876335770108575,3.540173785726222,0.4143942197543904,0.1,1.6097062272289042,1.9908337210978877
551,3.8035116508926246,3.9468429357969703,1.779144721512162,1.9073987294201582,0.8750575861484713,0.8034627564844398
552,2.1535565973923876,1.9907345479851988,1.441230086603165,1.1808600937832598,0.8107864354188989,0.8235327578805444
553,3.2079037635281855,3.312864692994988,0.14267664750739217,0.41637324259076647,2.7944121466712177,2.2405105262809757
554,2.811371854568412,2.302295711607665,1.4303001904872132,1.031198751162707,0.4612601699463349,0.46475713659409007
555,3.333170222140035,3.6318775998269226,1.1244962343714775,1.1546716347715529,2.20491298650336,2.2691617256195666
556,2.691868622448712,2.573805621881332,1.3515241154473765,1.190985927092215,0.9844514483156269,1.0221478951069962
557,1.651767148495236,1.7812602020473292,0.5329937604442057,0.5366503220896084,1.3167471159794688,1.316453587403426
558,2.699973955812254,2.452560333770351,0.6161995126063411,0.47736785869543163,0.6136550242109949,0.6223739589900777
559,2.004126888193559,2.251513049597641,0.25494353927090396,0.3109246551669373,0.031060286329460784,0.06833604742845886
560,2.06279902325545,2.229437855053951,0.8495667306409019,1.0238844841620338,1.0060617767272682,1.0111389158114583
561,1.9385146917756906,1.8861793024630242,1.13109236611713,1.1348511642220056,2.637724845801813,2.495334450514665
562,3.086281061549024,2.9768867693895134,0.8619252105080413,0.7525062983640057,2.0734738164266644,2.2287240924324028
563,1.9212181191129407,2.0918079644012866,0.9309737924942908,1.0988567697752152,2.812543196377934,2.6905485101132873
564,3.0623837521938544,3.3791837058224403,1.1393198254817394,1.2956444752313048,0.5122951944881211,0.5411276402430668
565,2.0723659724146577,2.1801515044970468,0.8373314126628445,0.6563392504321189,2.1844508322732006,2.1796661674671807
566,2.509897133554766,2.3489106042048613,1.0528773064322228,0.7823493906662857,1.2763176199317563,1.394386553562031
567,1.5327909058821474,1.5764950152334967,0.2275221015339966,0.25975946225319657,0.11338943312774064,0.2005058964310769
568,1.8031522050060134,1.7084678106444118,1.9712247142373507,1.5460144642869669,2.9207698249758494,3.0
569,2.943394528323518,2.7810807729284557,1.0742235244091114,0.8989557972157032,0.9642127072427218,1.0186211774717058
570,2.7200524478932078,2.876477178281977,1.035570340998911,1.1284346739903586,0.13145351574773478,0.17408371789721405
571,3.404381554258404,4.0,1.5285342696871422,1.956223375711894,1.7060178983102157,1.6091892797782938
572,3.254831128598301,2.802009975576239,1.6851070071599106,1.1426899815363756,2.8696173670701555,3.0
573,3.7084829700163056,3.6336533386926044,0.3243348068665367,0.4527412273427214,2.9675493923955996,2.670994860490739
574,2.492270192098497,2.4257232716050567,0.2899960546214114,0.25580046509226856,2.2525549048412437,2.210083139922538
575,2.412873558812044,2.4163866284910047,1.2211196559201098,1.1284314336865326,1.85397088362373,1.8842150550352863
576,1.5212220701429304,1.5166729812859756,0.17016191907216738,0.15280183137103115,0.0817436835261297,0.050318664136396886
577,2.208325190091568,2.17736035318747,1.6093927803448762,1.5191719568203135,0.20539368189576357,0.20998668432909512
578,1.6134772838493143,1.6369911231015652,1.2952823479331381,1.3074323918083797,1.2454152479134912,1.2933087605057776
579,3.249887028759472,3.3906808554598027,1.0978696011607112,1.0527701051551592,0.6410215848879264,0.6295058646311197
580,2.493088591143025,2.412571290948967,0.4908692895656471,0.48621308940785485,1.2719765386526434,1.236672574029551
581,2.8044494422504287,3.542637364585218,1.4963667690072857,2.0,0.16728081959499197,0.12989343077885795
582,1.9388019080979435,1.8369372440513518,1.402661628421942,1.3570172678491936,0.8330201834971105,0.808683925671318
583,3.57655209030172,4.0,1.5045594842075534,1.6415929087211922,2.71773279731349,2.7669652633138972
584,3.6413145320273146,3.2344022017448775,0.510445212884531,0.38413740896444426,1.2405059399728908,1.275902497692043
585,2.1619779356259508,2.1059253392440276,1.8105806665091568,1.2242733538262438,2.8084069597404335,3.0
586,1.8837775111252602,1.823454877264053,1.2571737148729312,1.2431883718857564,0.5787066609989769,0.5233174844152182
587,1.9365063953682216,2.0404125811214504,1.3064164570965082,1.4328428369266353,1.5598108820091392,1.480667697650977
588,2.6592709833805896,2.6318623412795144,0.43320279298736153,0.3729404031345957,2.911608649763738,3.0
589,3.84970265846085,3.931745283765879,1.8378465639712342,1.8940205097683414,0.33770776686644544,0.3111161788496064
590,3.057402450642003,3.466344944784905,1.1566798213864702,1.4429149765208302,0.2544949739827126,0.31073611330179873
591,2.146785507652951,2.1177358934643458,1.5377058340472172,1.399470383171727,2.051978657049558,1.9934420804760944
592,3.0631629001741065,2.7626907179547824,1.72934128397787,1.4900708625454482,1.4123160792661236,1.3055993424422123
593,2.6323776558125136,3.126635380448235,1.6756473767268982,2.0,2.7254661773119433,2.6725291318177944
594,1.9677810551081691,1.7612261080958116,1.2214705958348397,0.9689511060997031,0.422363968903141,0.4065915561983588
595,1.8266559556147923,2.2080151778028303,0.39364393165164846,0.9447160080472455,2.6197038022050982,2.3264899342474816
596,3.3988409269721274,3.6793225000071734,0.8131189553709116,1.1596000016310777,2.8496935365203138,2.70811893057843
597,3.910281330675058,4.0,0.49726373072274554,0.43656072858338363,1.4129228174592532,1.5166154153404592
598,3.2537785374267703,3.1097971944207257,1.9464949877345243,1.7992371953797652,1.618594787019188,1.683703304131364
599,3.137966549780203,3.7966743412677775,1.1841076234398544,1.582027777141049,0.4861986264063989,0.4408081307233622
600,3.9742971957124746,2.9935426930639637,1.4701980705225568,0.7066531235310869,1.7156577241264004,1.8719428042346868
601,2.0542319357449386,2.2069147652022423,1.7072508734897396,1.7538737029918188,0.5068756404931402,0.4282438385694888
602,2.7857368973114593,3.545996799278318,0.6437319626261059,1.179877768900663,1.922018889117183,1.9320410560991708
603,2.3197119360858798,2.2367930018025324,0.5486228320622305,0.17795562002667992,2.721086965234659,3.0
604,3.9183129245036743,4.0,0.27427565529214104,0.27974182715972695,0.15836260439757321,0.14360684935407578
605,3.807355337421082,4.0,1.5097133354245116,1.1689145112359378,2.1617953477442184,2.4144060829350624
606,3.06364697226389,2.819911012540259,0.43470459656259886,0.2953336845613354,2.1869982151897447,2.205200177305441
607,2.7447360855010308,2.609659387627962,0.2762096387800643,0.21239996764200766,0.07411812604315893,0.04892366570069515
608,2.984614399628983,2.3361080295546084,1.8302674078812775,1.1563612998075792,0.5735041974963779,0.5387457909774775
609,2.479037095911414,2.664598690308532,1.966356564990467,2.0,1.2143136611534149,1.2324955271654652
610,1.845848371767548,1.7548289968997515,0.5146938444382746,0.3965105591140307,1.2391494404930943,1.252237982793601
611,3.603574774589564,3.548129232544486,1.1768375670247213,1.0234526064667435,1.4118229059174865,1.512062912731792
612,2.7639014749187196,2.5960030858870775,0.6528105796880294,0.5988354132015398,0.20768575565896408,0.2234259977037799
613,2.787210809672532,2.5118636992901675,1.236700554414628,0.7915990039974395,2.602751717452583,2.6139567937482573
614,3.271519344145896,3.4059255363710497,0.5988958171351311,0.7223310182680758,1.0508699997383983,1.0246719452423005
615,3.9803086248357205,3.885826184064838,0.16350467988349904,0.13621222415896578,1.0722876978731728,1.065488919363327
616,1.5175686497728784,1.5,1.0492202675914926,0.9356970290409803,0.7769450420508118,0.8125829929482427
617,2.337285479385793,2.87687026992497,1.648559716792289,2.0,1.6184476122189937,1.6071025218767985
618,1.638748792412249,1.6261160917959614,1.4615381602829225,1.2748144728106554,1.7562648410739712,1.7520677726029878
619,3.5475323362257365,3.248452537803917,1.8444412887780366,1.4072869999888746,1.3833956441881434,1.4432770823179553
620,3.6549090363693955,3.811879225020533,1.691434993955194,1.679662992896871,2.3072814099829375,2.4124733855712743
621,1.8867737810125114,1.7456775032803211,1.5752478177301987,1.2907004706509835,0.13321320016960436,0.010697861274282188
622,2.265488961550038,2.0046742226578593,1.261461980373442,0.43926998413517965,2.430220279111104,3.0
623,1.8665318578503907,1.9890915421083402,0.8231612900623438,0.4368479960219719,2.735760491571994,3.0
624,1.7200951674771445,1.6250168707665404,1.3944663399824606,1.174137129022602,0.3077637829767107,0.3117113081605187
625,3.9725714097404365,4.0,0.9314734960830895,0.8910732102384703,1.64490319153116,1.6570182363227806
626,2.7047043199751197,2.298236471059528,0.856708468988603,0.5774215386805449,2.719274922422196,2.815434376208502
627,3.1679126691624346,3.1519705261633413,1.8359637260965411,1.7796895774576453,0.48612192882196237,0.49647809536149706
628,2.620625682343019,2.3361507469407634,1.4878299041357348,1.125739765322558,0.22951435958623945,0.24305214956053114
629,3.5158251074848703,3.322680114738651,0.7236618633419863,0.493658026260049,2.0988984715963857,2.169822977046636
630,2.346613883547239,2.2871411407435653,1.7891350851027248,1.502043950345213,1.5090452518776258,1.6723162816792418
631,3.522801799018924,3.3806580185337727,1.0016938343378905,0.8976714377652152,0.4699909343265539,0.4217028597407473
632,3.7389032827618447,3.5276336332017517,1.41575112855766,1.2337693205526012,2.6880035875945327,2.7711784539220115
633,2.186251637825756,2.402875316403462,0.8065450319173192,1.197229682737219,2.728011706307537,2.590762931009588
634,3.196713752994751,2.8034867418381726,1.488036724622335,1.2122081636502473,0.7027865490348515,0.6850042606425555
635,2.2908747419015443,2.4491768612927913,1.1913912198571166,1.1424591699748834,2.6536597967207007,2.7272619902917925
636,3.5279317281636393,3.247288068907824,0.8684990869615576,0.678297828497123,1.4691958543951018,1.492919675843699
637,1.8693788974776204,2.017742804966101,1.2445904335760904,1.1832840042576152,2.9314489064389107,3.0
638,3.6453687800958106,3.299561234112808,0.8260632420980243,0.5192363271913835,1.5274831568668126,1.6680006247728454
639,1.9425952197556042,2.2063209513846194,0.8860497746963881,1.1451589498043382,0.31034015101557877,0.28583897376242134
640,3.7587348022511264,3.977389507060949,0.6112337402256678,0.667912309332441,2.388940529960358,2.484840964705317
641,2.8888030360203922,3.1734372588401056,1.8182639445496271,2.0,0.39631334358736003,0.4131060835084326
642,2.350708574198461,2.3060087564128127,1.7200624160660882,1.6487766879458863,2.0509962666314916,2.0922743059453324
643,3.0953429434602917,3.1522915447644797,0.45974829603651346,0.4570593031455596,0.6002168947822127,0.5567101747283392
644,3.082800740786754,2.702535082254398,1.5299095722181653,1.3546697382058965,2.015653275542396,1.951982675378548
645,3.471477227893832,3.8649302578625084,1.403304888605829,1.5676676177333702,1.0312619318729124,1.0736536526744134
646,2.953719547949024,2.751065551385235,0.33929647932000206,0.1,1.8303237089811089,2.1234891665518023
647,3.5416448682247132,3.7524319819533165,1.9905919150229192,2.0,1.8388741774780057,1.8478170716950422
648,3.4649386332863767,3.4710622380218425,0.28841030778070775,0.32031403462983005,1.2798281169531747,1.2339963183656384
649,3.1649639854240528,3.2181651106795464,0.8185217239945664,0.9030708740130315,2.122746172589956,1.9921752969435762
650,1.5538037145676127,1.5,0.4824709450029713,0.39826230120047934,1.2142605402482411,1.2719086860304274
651,1.823624219723976,2.2874619003120356,0.4005238745691244,0.9098608639953806,2.732228443496852,2.596847493870593
652,3.257077406395278,3.659622770781458,0.2564218802483334,0.5205115482581921,1.6319927918498573,1.4941034567627802
653,2.7689801970692622,2.7099456703942906,1.7573076365632296,1.639460608150636,0.09966071839290225,0.10507718922456155
654,2.757691635723303,2.753727583100347,1.5536405091760102,1.5007683815194832,1.862532199105969,1.8946964233286543
655,3.732422967369565,3.624114831077915,1.572502633449625,0.990797890363358,2.7509195552854155,3.0
656,2.3379523478961985,2.26922198636662,0.24813747725707358,0.1,2.444835578764377,2.6870024958565293
657,3.1424415718014607,3.547351170207365,1.7075969345639341,2.0,1.5502748386078036,1.4793344307661422
658,3.5709004029301585,3.8123400485630388,1.99371160595275,1.9631161447640693,2.6735945792706137,3.0
659,2.9964072255766707,2.6692336419133404,1.8451378092964783,1.4951085826401764,0.2713362361616424,0.2922790170373872
660,3.3100878401247487,3.026961934940781,1.4936143233188641,1.2874443754389369,1.409258322473765,1.3970120788126361
661,3.939506052698003,4.0,0.8927217645967349,0.8276893110265596,0.041246628697514276,0.05751439767247917
662,3.7470209895413977,3.8464733362042036,1.5930350268257578,1.65129908057791,0.03511413290277754,0.07772612973612561
663,3.241913233723193,2.9529286194700193,1.4824468069708001,1.1582391492613695,0.9969216768457455,1.0234947701172776
664,3.6769549013293394,3.2546975062823207,0.9868819682106537,0.8164869225642265,0.7334485173018079,0.6869985803990487
665,3.6722872486215032,3.8442507107487973,0.45727084089562187,0.5138681830437679,0.7157242394541093,0.7052372819207646
666,3.3666878791180306,3.19117913282579,0.7249701106719035,0.6721106578961394,0.09077292224701583,0.05900116791572182
667,2.7401407175268098,2.906802618307522,0.9181543941391415,1.1164752375029317,1.3892124542586783,1.2983349388152616
668,2.2255987774520656,2.3461598230112046,0.25644715077081803,0.39330803552689525,2.977264133954911,3.0
669,3.8991406950944665,4.0,1.3463843788509062,1.217499956421431,1.1717098622659892,1.2234282163045676
670,2.8031664599017727,2.7030544925648607,0.29067155837084957,0.23003579132996047,1.30384704347827,1.313367556072904
671,2.5394198832270445,3.0328048603509923,1.8521640381121758,2.0,2.9030575465183293,3.0
672,3.8209887095330908,3.6671230301431668,1.9090818088827626,2.0,2.904485833027647,2.725008412007136
673,2.562902321545347,2.589398970747521,1.6655726896596914,1.3619701778418125,1.3569869205095872,1.407096641645469
674,3.3086898974547223,3.003319199750689,1.3722133254336275,1.1559361607037493,0.15448310440638446,0.16065153098091606
675,1.7054147706676837,1.8420994441062746,0.9567218151318454,1.0254121252854314,1.4454992668028042,1.3706042224248332
676,3.0379297072394698,2.4398875534078406,1.8156259805698154,1.10165704555845,1.8533122127401174,2.0292534700713962
677,3.5857513344764773,3.610267186791219,0.5606666503700598,0.40601054480815196,2.8886038887495658,2.9574408592946684
678,2.6490561930791596,2.4450174017625663,1.7771578043425498,1.5254479553290785,0.012273627376690466,0.05603151990397007
679,1.887252038484934,1.8829618680092062,0.186357211054212,0.15308242626450444,2.991778141620015,2.994408309720665
680,2.7057766392493976,2.060897474433856,1.6571321910312182,0.7509580479290484,2.6386155364100605,2.8722201781905534
681,2.744541744292982,3.1724855308611706,1.0687437975060687,1.229852982945621,0.4354661815473061,0.4064381429241756
682,2.046536378178156,1.9656892772666958,0.5367717419861214,0.4588929657762183,2.4163867614003935,2.4358621365796482
683,2.914267563005822,2.9969722913186914,0.6995646260553854,0.7459804454998922,0.6139466168559334,0.607784018015215
684,3.796706258525908,3.7307105733193047,0.18582127140515137,0.1,2.371787841847172,2.563158444140875
685,3.434528621932664,3.4135651105642264,0.5920125108975929,0.5500641644924693,0.047153017220669446,0.051183936709103955
686,3.1105002037892002,2.8113961219034316,1.0699824605344916,0.9313137314217865,1.1218848021980794,1.1086806622692273
687,3.7095183747941753,4.0,1.4368474581428863,1.678936987843553,0.37830682531136106,0.399646969069135
688,2.774671836378315,3.040117918425961,1.6441022405325172,1.8391196035472737,2.0810290360905808,2.1138092718489316
689,3.8541551627835506,4.0,1.8120429477065432,1.7601029399651837,0.5054619062567332,0.4062934156452472
690,2.3753441056936113,2.487253168835275,1.4257833257872559,1.5613280410050059,2.043166626312165,2.1645788944258166
691,2.2405648528880215,2.6131238421204297,0.3023279570978049,0.6806333565013853,2.578553117382266,2.3822045792846533
692,3.528621869886055,2.9829070954347072,1.4287768482370118,0.9752105502456853,1.4187438710133566,1.461121787074188
693,1.875167994550282,2.0411602264529103,0.9527763454586539,1.1034358746392887,1.7609917341289694,1.7829990300426715
694,3.3062628584530747,3.4812785173753,1.7945127374715082,2.0,0.002074962886365772,0.0
695,3.3684987090739575,3.486105579584408,1.1142930816209915,1.2543900979234186,2.166354815976218,2.0407357372527257
696,2.5255747056330655,2.19537278397408,0.7652511175331514,0.5498693342176509,1.8454936292340691,1.863840394552989
697,3.1172123924265662,2.9714303944578253,0.9139998418771463,0.6982494388044324,1.5091066431044164,1.5196484922014015
698,3.1273750842741777,2.6161405029467018,1.1929371013337118,0.7966027841937678,2.5651641962673137,2.6487027290015774
699,1.5078726009195589,1.6339361590756838,0.5575336612988263,0.6881045591498058,0.09403643821161167,0.08001898513909612
700,2.5983997201758764,2.516459558000147,0.5007851082731908,0.5045276104449451,1.8760307031236758,1.8158078191733142
701,1.8700827670356641,1.7316787101159394,0.28183832962647715,0.17069059120189345,1.1006103494215578,1.1839954007051663
702,1.9018686579527089,1.930815473598051,0.84713333997637,0.7878503617342307,1.390038743897569,1.4822932111521752
703,3.354617773454252,3.288540165561253,1.0933696836034852,0.8592393096994533,2.2415696385472392,2.35913379460426
704,2.307464573285545,2.073422612648296,1.1944003426700474,0.9307548507174381,2.2306363818250414,2.277912770696715
705,2.3101679256934373,2.5245555586437534,1.8919810166284752,1.8996508966190921,0.8804828531404764,0.8845069094072144
706,2.819803071639338,3.4606948503013553,0.5179974387391261,1.0653139418759334,1.8685595350415123,1.702200400861348
707,1.791665824240299,1.9596396884383904,1.8609945945687294,2.0,0.4131271642244909,0.4700365485654028
708,3.117460493719462,3.037269359901713,1.9737242172012832,2.0,1.0649202380562652,0.9850365055711978
709,2.6588207189872515,2.75236428013206,0.7294158081105072,0.8580952202722999,1.545047902488184,1.4401153463561294
710,1.8641192410840595,1.8966686468539804,1.759190507466164,1.8508691309653187,0.39440148917247686,0.3644365238090702
711,2.8064471530241324,2.751666068711596,1.8934418358392808,1.7250188298223752,0.2740579510922847,0.2920563140220719
712,2.9171031515617507,2.70234148993901,1.4871278163376473,1.2090164299937904,1.3365219739487373,1.4049326152135413
713,3.047998061112144,3.659873213304045,0.4369941983034874,0.6531830560901678,0.894891525787885,0.8682753884835515
714,3.1919861751994087,3.186270334475798,1.1104095174701445,1.1268880870670956,2.9489217880171226,3.0
715,3.361868274202773,3.566065746255862,1.3490241202565523,1.1758334132606116,2.4062653559120797,2.4297479818037435
716,1.5158591722401633,1.5,1.031386581935082,1.0286168394336406,0.25543891580774947,0.3234372473269127
717,3.818357598585645,3.9729772097322575,1.2408686493763759,1.337333472579916,2.608182377615833,2.649664150121005
718,3.8383465804426993,4.0,0.2854461331817725,0.3407069790635149,1.9222861922945325,1.9121226137010157
719,3.145086144791623,3.034124125822331,0.9594358607283677,0.8654885537874204,1.6832750541263704,1.632813192713597
720,2.6064334854956965,2.504955955971278,0.7969397615962209,0.5951335990133044,1.9122693978426732,2.1477654561558905
721,1.7813370866903502,2.103220656744678,0.6915644538456581,1.1707076343244691,2.460796738321657,2.251122303205699
722,3.9962567649672596,3.0580356727987223,0.978306791770407,0.3127563360486679,1.6976469571745785,2.058398199955081
723,2.691868659428951,2.696721991062007,0.7737647377894267,0.7985192878104618,0.34656774409316127,0.3792295720007206
724,3.3308038608066695,3.0034539323302827,1.8019752392884278,1.3835899038729975,2.641654126577118,2.5809093821215767
725,3.041644305428485,3.0507298928788824,0.8066651162243506,0.8173461253385904,1.1583224577253262,1.1836911455043595
726,3.604851237958773,3.2656611130123987,1.8419370037070475,1.4540678572771353,0.8420419976211709,0.8337182102310838
727,2.6937886549575314,2.672126521037065,0.5659071703958481,0.5583091655319105,0.955122282249337,0.9583774188022438
728,2.279547607914701,1.9562203188760539,0.813828539003602,0.19847233394581648,1.9015819094293869,2.2748152547949245
729,2.2104872859398097,2.4217022381781974,0.43217398889022995,0.3323455741157772,1.757408526330527,1.9607642331565502
730,3.6438577095064586,2.9541542441381194,1.4726241234712485,1.0322672864445468,1.7227795006832998,1.698979200686337
731,2.7494228391787336,2.717651917808684,0.989000348450993,0.8351456044778365,2.857434985659511,3.0
732,2.0656885952131514,1.8588053673448248,1.379420205431048,0.5677510529265215,2.4583740756567147,2.8396605365043173
733,2.788972621567898,2.9380511937945655,1.256286436571697,1.0402632298268242,2.7017050413312473,2.855993604287235
734,2.3275524816593878,2.1840283485371743,0.3353398477706575,0.37669814167377325,1.473807505301219,1.3375389133685964
735,2.294615363773494,2.393776101813016,1.854433265680065,1.4614216598066447,2.9680762158091882,3.0
736,2.763874611177795,2.493693289660517,0.8616543281522004,0.4843043184308589,2.911762011426536,3.0
737,2.906457941194963,2.950646057897088,1.2322407327566387,1.1583921395428576,0.10138844723977603,0.09811542547592111
738,3.6831088702559214,4.0,1.2585659973978793,1.497869325741027,0.4544497414392511,0.4841371421332799
739,2.9341940055761935,3.1453168078700915,1.7866000434384046,2.0,2.2134468955591498,2.21865525326507
740,2.3936468770230075,2.0814897216541204,1.4206335997379402,0.9486415649370906,1.2189744714550081,1.3029770990457168
741,1.8736417918635924,1.8582484544656968,0.3323103146988262,0.3385064429407541,0.9918361842664768,0.9407647725190101
742,3.398626380113723,3.4271751306997764,1.4463095581422178,1.5273409123414483,2.919195397700621,2.9341509864374515
743,3.1039765629801206,2.964026921595685,0.9892553294798463,0.918913629797385,0.8253773515642359,0.8207040756021752
744,3.0491983628485286,2.7767025500902913,1.4711359641735695,1.3137128991765052,1.579069436347409,1.542772441444116
745,2.862858099031079,3.1562173274999323,0.51444505635694,0.7649179577152878,2.5138452947031538,2.4426465214904183
746,3.1049840283434786,3.5143099996496936,1.2994419507405772,1.592133254799088,0.7045009194838561,0.6662557162997905
747,1.7955416797372121,1.7138029372364247,1.9780107415782988,1.5685445898765367,2.234828713496343,2.338389588525395
748,1.6822822376976518,1.6359207646836245,0.2931039237483597,0.27437907736648526,2.1135653664155702,2.089480000891259
749,3.0615027664748737,3.529884982342823,1.415206207532189,1.637153616934906,1.2843766513391266,1.3207414071298713
750,2.1586849471882874,2.072299420854846,1.4013618208746883,1.3398755996617049,0.8054736073453574,0.777804689220328
751,3.140738749618285,3.0174169908256947,0.25165645497886513,0.1,2.3604760138833503,2.5179881296626134
752,1.9057403161121482,1.9195206478064462,0.13527065041591838,0.12086568698879079,0.2599093277868949,0.2939775988712198
753,1.9669375862431475,1.8714488608777964,1.4572877957448673,1.0652071218760568,2.82297201665055,2.9388610980654892
754,1.9161827161301466,1.9782694575560205,0.1268292378643687,0.14662084557374894,0.10022608867473781,0.08696298395911062
755,1.9862844881600357,1.8947092635889276,0.9041560499739026,0.8808051394251913,1.7772276169436396,1.6863629921366354
756,2.397476438506836,2.411902090586095,1.45187253347887,1.4688650621665598,2.2244869950730775,2.175726234242542
757,2.7426297098388845,3.141410799978666,1.7266504320382745,2.0,0.647735558582556,0.6029932821918692
758,2.9865801780551147,3.915153977965676,0.9210824645442948,2.0,2.385639281837726,2.166424494688984
759,3.4424635472252705,3.514543375341351,1.1657637661638809,0.9240151983237743,2.457684434571046,2.728497212162482
760,3.8634990726962792,3.8859637158419176,0.2734578126171022,0.2734855940834137,0.3484990889073589,0.33790207026987584
761,2.9244560345947033,3.420824387026578,0.4456878609454795,1.1810183595150117,2.4562297094219017,1.9312917428690966
762,2.31640109936513,2.3254320799280475,0.9898175059132859,0.9990128781193182,1.0772211541238694,1.1267713603381198
763,3.758629611628023,4.0,0.6010440507754946,0.6582021446072894,0.5060700801974707,0.5223448289408332
764,3.7121316207149775,3.2825051600144035,0.9998216874260644,0.7970761359525027,2.9865108878427673,3.0
765,3.766595169604686,4.0,0.4192552700537785,0.4293391131933555,2.1116763929357383,2.187732678011882
766,2.8849758767274154,2.8368643108563605,0.7428309595739406,0.8472642560529887,1.1704427661164627,1.096312181335945
767,2.2226823057964693,2.1718502848867676,1.544818593013229,1.4354756073413382,0.027505612473199825,0.026808069184955263
768,2.4811393302918163,2.4648501590579746,1.5042971638663485,1.5495333281648165,1.86398928113362,1.85045990445874
769,2.6841269893249056,2.560163284225757,1.2906322170742972,1.105901499147032,0.793137218577257,0.8151720876626222
770,2.4700579829376794,2.5375692092795505,1.9399824423224805,2.0,1.2623012464138823,1.2165677162451
771,3.495800908182952,3.802584178618314,1.662223366997252,1.8337163608889193,1.7503527769980496,1.6920838168534642
772,3.6317168100624895,3.210449756187912,0.7520490468573976,0.5542566601722724,2.0473931571718404,2.0740462232464796
773,3.3767768606046378,3.5046032383983516,0.9492400357713255,0.7558487290966536,2.8156738196553155,3.0
774,3.517523090511785,3.5546053045997574,0.10293132244507981,0.19768101360138615,1.4923769362346055,1.3277299924590114
775,2.537432844254406,2.4320716587532516,1.215874034627983,0.6730270984379977,2.6967719592533306,3.0
776,3.807258737877183,4.0,0.24922482484482106,0.41917015615555664,1.6712824137127482,1.4995732446221919
777,3.78769560727873,4.0,0.27197368373924913,0.3150582658253429,1.0138401022954922,1.008159200565285
778,2.560311728119241,2.8657517772953938,1.4723536544055835,2.0,1.9651361840728,1.8927187908915715
779,3.992877000980274,4.0,1.0896336180243036,0.9488560407846726,2.721582995551776,2.8139055339042964
780,1.8133344662958584,1.5,1.8333222572180452,1.4353154198466118,2.885367014800251,3.0
781,2.6733850804029817,2.5910436910839385,1.4634720095390419,1.1672272506860235,2.773487584443324,2.8656009028718423
782,3.6839963755080136,3.56552723546509,0.9470273993702322,0.9437252078639065,0.9444782554851489,0.8996121709440158
783,2.2764122514036824,2.6844239306801843,0.7720888845562637,1.5080347338992537,2.8635733297289643,2.6048363041836673
784,2.2159199746070035,2.14501344259355,0.40874676881112915,0.3499536819185704,0.404503470177237,0.40273860855787796
785,2.6159013177781443,3.1918748224467084,1.532237181598948,2.0,0.6296480921738832,0.5414206319347107
786,3.1448410111144565,2.911485522300377,0.38843967902567955,0.3368583196288603,0.20275932303284938,0.21709017734419986
787,2.258277677705814,2.1230525310284034,1.791626514930606,1.5241860507797549,0.33774226635688254,0.29536442678067837
788,2.958657711888689,3.3283943642179383,0.480079925731568,0.6405089968290529,1.1828851633545048,1.1625624455234742
789,2.532632039313133,2.278625703169493,1.8413977686242706,1.4371421477180761,1.1115607741470284,1.0862770634716241
790,3.353909335695705,3.9764282686830494,1.5657376293770275,2.0,1.0172941338794532,1.0083695544002993
791,3.5609373146459844,4.0,1.4168643560406724,1.6080297733497715,1.2421262823941506,1.195057838439807
792,2.524727095051605,2.5374810380463138,0.764694690206892,0.7576679944140186,0.3051801708115641,0.32622492919838736
793,3.6346334255851733,3.6437625085399774,0.5069777856510576,0.5347228239754293,0.956316543263103,0.9566776292798448
794,1.703502524039358,1.6644186918964863,0.4730824785407691,0.35684535665907335,1.4967728298138188,1.5076925318390917
795,2.316576691507958,2.3121108752886355,0.7526669056297564,0.6958132219979944,0.6116682822665679,0.6194212299211483
796,3.5498056985425985,3.732143265551568,1.8599539820792572,2.0,0.6793099215040418,0.6263902960390767
797,3.1932571125102696,3.163795610456302,0.6701204203360367,0.46992754952463434,1.9799205907022506,2.169266835578002
798,2.49192542328501,2.402330026709042,0.7616126479073003,0.6752488854100603,0.12585935560675676,0.12596023521066335
799,1.6726820104939695,1.9799550203943435,0.5175871301610412,0.9408910604631382,2.5088735593328275,2.323185387756162
800,1.9052744473606578,1.8565415648775956,1.6608061466070072,1.5424845678403305,1.2745130523757637,1.1991871963402834
801,2.8255351021547264,3.036676049192971,1.9469801280761865,1.9999028345928171,2.699946495966748,2.7325287892991836
802,2.9409990717838332,2.43942585569778,1.8057598566266138,0.8803532437388781,2.3397098299658325,2.670914030428996
803,3.5566723887951452,3.3436409435740537,0.9360131926681514,0.6870239214913008,2.640592896114312,2.6580533028719913
804,1.7153737688264792,1.7754391577685908,0.5258687411899803,0.5442115543146018,2.305253590933317,2.385373912691097
805,2.4212985898329524,2.4392616478447184,1.5792514152096475,1.576573239624816,0.8898835138219702,0.8085368946272744
806,3.351487275205808,3.5383045460899045,1.6526270991294851,1.7718577725039784,0.42270570384511164,0.38955529528383354
807,3.42114641502926,3.787036494944387,1.291565541789234,1.4186156605659916,0.11543962796618878,0.1645752752823381
808,3.5861457771995537,3.0715499736516128,1.332513110258266,1.0047343600200274,0.34969780850622234,0.4006574391659762
809,3.5284103693402082,3.9647998194600413,1.4904608274708933,2.0,2.2498516522434278,2.1050083220522198
810,3.0811664317970187,2.945346084643421,1.407290163294289,1.2375174296361178,0.17315360170601768,0.17281462140402318
811,3.8436338715056557,4.0,0.3887671693648147,0.38371445104074964,0.09428524834930663,0.07011594678077872
812,3.387118897472254,3.016996770383376,1.5283440206492254,1.065599934574148,2.948486179188173,3.0
813,3.803351589100763,3.3703019265544096,0.9317409857971801,0.43978311015402227,2.70704459455074,3.0
814,3.3850848874188078,3.1980572309897544,0.7545348069942186,0.6630083822847842,0.9815801718642282,1.0119221661394526
815,1.7231968744098567,1.8798639481122708,1.5522756848497137,1.614330707969659,1.8946681690835776,1.7548160642594914
816,3.3585480883816676,3.02723832767247,1.2322810833973128,1.0354470693998339,0.3716242380233128,0.36225596673105315
817,3.529161627256377,3.939366434193905,0.3877535875170802,0.4720691686006242,0.8487702045545888,0.8943647755257373
818,1.6284382337575252,1.5981705056997497,1.598745933120857,1.4532745538838838,0.15291388505465053,0.04570478187529701
819,1.6111934413110953,1.8977961129205612,1.4970939220404085,1.8034033795923623,1.6007396034113266,1.6072514247906953
820,3.1429518812643584,2.8804854800953503,0.9597650337862613,0.4672962330071319,2.583927419791255,3.0
821,3.3942435827362227,4.0,0.9005652376855678,0.9933869579994041,2.975389901277947,3.0
822,3.937564696655384,3.9250853781424158,0.7462822789015963,0.8297602074554578,1.5458440431100113,1.4564353134597385
823,2.9218510509066347,3.444439582244237,1.4532829273046264,2.0,1.7547996542344486,1.618041549126456
824,3.8093754108047673,3.4719379840940907,0.6767325084547954,0.5618512464973158,0.7028417770302974,0.6599439100916108
825,3.908984100950413,4.0,0.46663272190462524,0.48359596670764665,1.7769676001141579,1.7645444352311837
826,2.8430092227331043,2.388851303963965,1.6338163531778365,1.1707565608717962,0.9458294494728314,0.9595989755305157
827,2.765673396769298,2.6263591276206917,1.8421872380655757,1.595370247420968,0.7024057002980595,0.7396334111877845
828,2.3748416127647243,2.55668246288784,0.715944056948793,0.7945690632512733,0.10259676359680159,0.14508111107141167
829,3.1801378775021787,3.0779321245610856,0.2858860190554525,0.1732053455274694,2.025203754103808,2.1363580972820913
830,3.2096538319263876,2.772072420816853,1.1777735868625363,0.9151788056038248,0.7451611756780019,0.733570637818467
831,3.060023731129489,3.019666781066381,0.43330953775929404,0.41033925173177843,0.4612322271865845,0.474436707595582
832,2.3990426633573825,2.18150236674194,0.24704517479858928,0.12164215200419477,1.6293239856226762,1.6273702978957942
833,2.679094102997758,2.8033747868493983,1.7206416191699982,1.7446621263080486,0.7956260933698645,0.831481172902332
834,3.3329255983740422,3.668838131208764,1.0034238853216166,1.2189976349113285,1.643666429672173,1.6210491949088288
835,3.1327957721144197,3.5669482287160945,0.6193363081384466,1.0273889759088126,1.913672348773987,1.7943786920329408
836,1.801873036291419,1.7857669709121335,0.1950165607598578,0.16794947337987093,0.9664828699405972,0.9936338222299086
837,3.9911430181202037,3.775435428904626,1.162377444292491,1.026329512459892,0.5525156319180531,0.4952792368057155
838,2.191932674904595,2.2751825230242475,1.6041506908055128,1.9320486120061495,1.627649039228723,1.5203377005697498
839,1.5145414996340296,1.5,0.5258479373245319,0.5025181675878838,0.7343493183697525,0.7037230336541722
840,1.947685989718642,2.032335069558002,0.14378179995681833,0.1,1.8217403185553245,2.0891358099920496
841,1.934167473207021,1.972082218104231,1.5783209866486416,1.6142949011305057,1.4489877678294512,1.4613890340897744
842,2.975147889411123,2.7995460570350814,1.999320197081782,1.575916537636414,2.058588311373751,2.0790964188718504
843,3.932637929424065,3.729911454906028,1.0985165681717062,0.6802479597480404,2.3793395977043015,2.674446347093706
844,1.5745291364536147,1.6409232051844518,1.9108162239428794,1.9705610225397752,0.21904071916515322,0.17097546444267
845,2.1385405535249404,2.2064337824592206,0.5527175192832747,0.5766106217789112,1.6447480225829503,1.5936295265817177
846,3.863477524480494,4.0,0.4817300398120322,0.5115362478783368,0.45569400622418177,0.44527355746973973
847,3.818063413238767,3.422785900276945,0.5530510672987143,0.23971739559519942,1.3862911038084051,1.6958609126753392
848,3.078242439304785,2.902876020144759,0.16218145637819742,0.1,2.0322864618648895,2.0145382920340835
849,3.5044038637499964,3.981661701234898,1.566849244348685,1.9256275780467342,1.9350108388332434,1.9292580391154963
850,2.2215443509856,2.3469297573172416,0.23668386886105391,0.705025535863688,2.8357475466806092,2.4730503713004155
851,1.9231440542691487,1.9599219674488633,1.7389722078548817,1.693024371063743,0.5699564569294583,0.5368691034179052
852,3.714361782719182,4.0,0.6933411226641237,0.801063685465461,0.4484130235980226,0.47537403990347665
853,2.9503588845622777,3.1777132508718346,0.5756824353965616,0.6573712967982627,0.37887724871046824,0.4442517350368833
854,3.8342567439852218,3.77153675503115,1.5577965572305268,1.487045862372872,0.5764810798611195,0.6267384226434987
855,2.1805011346543743,2.380038019718248,0.49578427043135564,0.6640170509174208,0.7924565124697365,0.7224620372191839
856,1.6723540338614087,1.6961406933385303,0.26864125798431715,0.25326514267291467,0.711297258847913,0.7344973269256904
857,2.14500097352097,2.174147307803092,0.8883718833041306,0.8891862453852494,1.8370444611110979,1.802275454580072
858,1.6303504251282204,1.5977591049019204,0.911177229886988,0.835129237874719,0.9184991328196206,0.9747355704828692
859,3.643866642503318,4.0,1.715594184898692,1.8127690699625647,1.0951490048680776,0.9968234218646317
860,3.278477940236142,2.828782575145115,1.8874613772628486,1.5645608954847323,2.151439669892914,2.1004162349354982
861,2.2762074392883327,2.6921510979013084,1.2745782626661908,1.7087022217938959,1.2961333942451394,1.3620716281843412
862,3.1419733169562925,2.8872079145070946,0.4554755576424043,0.39087990363408515,0.0697784543080584,0.0769628558496053
863,3.7805374637185793,3.8593938900322082,0.8282592945220769,0.7503937714254695,2.1921653268596093,2.339719680852877
864,3.7515396740345865,3.5781939645565584,1.2214974944163852,1.13454699641654,0.35854884662943176,0.3426757603845723
865,3.9561780818457137,3.9382904549986786,1.176246613636112,0.9753983959596337,1.6873494541246665,1.7215030897250212
866,2.0893157168820973,2.04280506436789,0.48266398666377086,0.2217103409992101,2.6833508235498993,3.0
867,3.578411004721249,4.0,0.33048524017755976,0.706651980206385,2.8007268431581958,2.4556736138018005
868,1.721879559227721,1.5963590628246036,0.6843244148189982,0.1,2.3733838439957333,2.9054595301680064
869,3.4697517823187773,3.461771276662907,0.586102714727492,0.5463530079542938,0.4468509520724513,0.4985482605160956
870,2.496761815892287,2.2627407085255182,1.1549236496444115,0.7572132809838132,2.9794492397766,3.0
871,1.936169263229522,2.0284013701411565,0.4236178195615109,0.1,2.469842561848895,2.9355325706189506
872,3.5616361968348556,3.5764362381990114,1.9372684121480301,1.8887865709584182,0.2797799789337023,0.3159940164923715
873,2.1697206479110474,2.3037503255525853,0.9530405395316706,1.021121725596424,0.3551906306447249,0.32280769300370127
874,3.058319277912899,3.1751932005265537,1.9161380315220362,2.0,0.47030530443650154,0.4672134828220281
875,3.1552951477924296,3.0823049827949367,0.4107959986681893,0.31386429094586243,2.260714267883298,2.341887619375451
876,2.9378506254101326,3.0859868736308607,0.8558477622793806,1.0371339310257603,1.449923998964675,1.4352484582534701
877,3.33394061111861,3.5613472804578636,1.6417904538025139,1.5256445509224155,2.1369241007739763,2.2481197813442284
878,1.7329653249173553,1.5,1.8083833970654157,1.317875004478793,1.2898471242669443,1.2190072039381818
879,3.724076416442266,3.866866322041335,0.3052362895885388,0.3199219182664201,1.2844813770275558,1.2952244851539085
880,3.615137410101734,3.471046407566936,0.7219363893973471,0.6807925436993599,1.5867585027285083,1.6320577503599176
881,3.958237044399675,4.0,1.3981312369246226,1.049406155574687,2.063418550474214,2.256749386940888
882,1.6173877474693719,1.5182548008349483,0.4332612906312263,0.1,2.7064960794425197,2.9250894685329754
883,3.8212232556439507,3.5849385972990984,1.2444341196534605,1.0747086979557585,0.06151262238178934,0.026392949246598917
884,3.2747983639697766,3.261636152490199,1.956151061613862,2.0,2.1014464592526263,2.015567321906389
885,3.21237137029914,3.7101771820454967,1.9113105875612835,2.0,2.036379296993635,2.089537051302345
886,3.290689382222896,3.3358105437755308,0.8264160971533586,0.817453732007909,1.0715310539185094,1.0754912661552867
887,2.1859809845193388,2.3329161794773925,1.340198961834001,1.3690238863764523,0.970838291193415,1.0003380485788849
888,3.074800620782633,2.511681095579877,1.767808534615138,1.1728656313128154,2.5080021463119926,2.633245602463168
889,2.1846594421146044,2.106149884107139,1.7634655491971305,1.2280419049884637,2.1651331104885427,2.239458416767561
890,3.114412242827595,2.47712985081606,1.8319039079620925,0.8045257569667856,2.0834938306741777,2.458007950208322
891,2.609417496047927,2.8776503932758177,0.8786897730461692,1.0140293955095958,1.4745463402601149,1.5157664288642623
892,3.3364047655007325,3.15597037812979,0.24306511785560675,0.2163587653553216,0.46842524671123964,0.4390686306583448
893,2.1906792873607577,2.339712047849906,0.17857489234063334,0.19845800298425914,0.15136539597961118,0.1656090447162447
894,3.3647512849468804,3.1557736487803774,0.6885659604178903,0.5172424898528343,1.6108337455500448,1.7523660268486034
895,3.2708589940497808,3.7665983369527773,0.7838161976998087,0.9533483097215669,0.6961542869881717,0.767446452130391
896,3.420801972866488,3.4100356864901062,1.1944265776557668,1.2618298120051987,0.7001713638129415,0.6564931237498736
897,2.7149087801680327,2.7334623851126465,0.6219945055555193,0.5285158954561995,1.6853939123663977,1.719818607799089
898,2.6575372052600836,2.9813456859768888,0.6239448741745729,1.273882961845796,2.8561376333589554,2.6222521530604608
899,2.2195044927839422,2.1431772527035573,0.9463261109935037,0.7472186778159934,1.200560526469512,1.167113900916942
900,2.3966552775339105,2.811361553480131,1.1629200573664016,2.0,2.041977899196932,1.9383070911310967
901,2.9921591210452854,2.846407338108115,0.7539576822625788,0.7068404284752521,1.05552551252166,1.036836260261787
902,3.635828532430728,4.0,0.1783997248159133,0.2064839676863621,0.07518863595841663,0.08683554283410666
903,2.160885528192727,2.2078966715799773,0.3302154939634224,0.39056942071935985,1.970042243460469,1.9512414716554047
904,1.9283677778673411,1.5943899957447418,1.8319240584914342,1.1905707949533306,1.5948458759728,1.5376070780637032
905,2.3770239014108685,2.4892028191130313,1.5393278039010363,1.5832844300412152,1.8938322802693563,1.9117794967830815
906,3.990871875245038,3.6941887535979747,0.8906729459213116,0.7210358884647978,0.46764521240086765,0.4985740453984738
907,1.5743462761256672,1.7108304652807973,1.9959465860313075,2.0,0.7286307977987436,0.6820476704145396
908,2.9979954706142,3.1978876089013895,0.9946066674333407,1.0040239799565882,2.406342663768621,2.4605888690263225
909,2.5509225904010306,2.615018297649906,1.2455676914893385,1.2798581748294766,0.5113294082816725,0.5278816988438645
910,2.1918470867798305,2.117655989523619,1.727683248933615,1.533796375586554,1.504598726247092,1.537401503627701
911,2.221885323429147,2.4187855100975226,0.2964690204843716,0.45347466195272845,1.2529946571021333,1.199940400593501
912,3.7726965349552857,3.8567645086533044,0.26992441210143736,0.28066996827651913,2.9941842268658267,3.0
913,3.3825776629685618,3.5313827478688133,1.413211485186587,1.24305942710543,2.0000440455662805,2.1897010784305695
914,1.5110516644828311,1.5043880209659108,0.10351034259712488,0.10998195375637602,0.46225497550788175,0.3998183399290046
915,3.745063055109054,3.494401907507621,1.1060311438525574,0.9346765907959231,0.11320399609547771,0.1338181620283098
916,3.788285167951428,4.0,0.705531242462012,0.7799777477770766,1.015645727412461,0.9832203609971265
917,1.9834439987513899,2.0910823703961525,0.14478525605937387,0.1840626490873503,0.41476635730995914,0.40180040478881857
918,3.980750322583331,4.0,0.710788578921726,0.7679375413886965,1.2017046810542285,1.2132367483812114
919,3.7435446239727113,3.899649440155466,1.4265231753304006,1.3664812308098762,0.2397369736784788,0.2931845016285229
920,3.4603423172333923,3.792786720505573,1.1647196551615764,1.4589491639298644,1.5666910197052837,1.5064391745490946
921,3.370608728056711,2.8577093983115773,1.70556541194802,1.1882924803989598,0.9635688603117325,1.03117902889333
922,3.8179225766354987,3.5299953251273433,0.5001169848421031,0.43459840839416136,1.9452745154456732,1.8941453550983767
923,1.7839751447523424,2.008754219157371,0.3733938393384607,0.5829642374311124,2.3182711438678663,2.1964815580129273
924,1.5574068988607395,1.565070007127547,0.42549589344026895,0.385053617430277,0.5265331817609709,0.5335759333849095
925,2.456072735241686,2.448167102880214,0.4631169244939989,0.1,2.214843638324591,2.6543187168993425
926,2.1720542765422026,2.1830642655341572,0.8485285131077409,0.82623849293663,0.44355156684640773,0.49079826572929364
927,2.6138620957797256,2.7103642276133533,0.48411103421086954,0.46361883765103995,2.952635426393403,3.0
928,3.2740312223390617,3.2698539434475347,0.6864622808394366,0.6512055635040757,0.19931272304118797,0.21585547424485457
929,3.5390307294448737,3.267870600792573,1.779474581855212,1.5413702481512095,1.5247507597110597,1.5145334785006404
930,2.2122797170663064,2.363963410958063,0.5789040877765734,0.962847166053669,2.799820038010017,2.697692873927531
931,1.9362321976669188,1.9580115465562595,0.745121007504491,0.7490710768499796,0.7678542542137766,0.7457420785006397
932,1.9536604100070973,1.6015632486143827,1.372249103706745,0.7775263211869958,0.7852253621047938,0.9294119861253802
933,1.7528706474677307,1.9263442043341612,1.9859378019712706,2.0,1.7280281201664085,1.8084523131606292
934,2.3686525888545313,2.129616340377341,1.8208832655164209,1.5928476386248378,2.490224937786148,2.3673138356937047
935,1.512635878524515,1.8591138186060752,0.5590860487603413,1.139707287744484,2.555673573647054,2.4247623248248535
936,1.66825585695917,1.6317545450326438,0.37950728122427935,0.3271200655429007,0.5964824913693083,0.7148118590055298
937,2.4608156657398474,2.5653324228945453,0.8049543972891748,0.8783045209889611,0.4952712569534722,0.4439382104259725
938,3.056977593562917,3.5507880060396593,0.862952641990289,1.3013599229164141,1.6158501710368742,1.4489099692219023
939,3.7142611662147966,3.6204523649912126,1.4333198969597032,1.020943372659092,2.779033595012018,3.0
940,2.480313247406423,2.2059839721534065,0.7264084270031286,0.5979191763761288,0.24742255232378385,0.21086790129880637
941,1.6331715201183459,1.7496736367933605,1.6869258768750914,2.0,1.5407369466107061,1.494449191398455
942,1.6453599387387885,1.5191022401307774,1.4452399014162656,1.2592290028387203,0.5115007802445416,0.5238138766759526
943,3.0750185541257977,3.788074445979635,0.9940219092822586,1.3877815032802896,0.540062203787983,0.5196868861642482
944,2.76336117678291,2.6858374415329025,1.9019516581319929,1.742266214433769,1.2664629059699872,1.377456518781542
945,1.8128873039657596,1.8683907466932363,0.10501035772000061,0.104893775815662,0.2698164690201139,0.2860127750970753
946,2.7988279950222714,2.584690969256453,1.3760031769912122,1.1836942740864906,1.1042160123997378,1.0463829743541269
947,3.2720710675636817,2.75252518789902,1.1938255450749868,0.3064810673858544,1.8067770611889418,2.343435648330151
948,1.7305357126321441,1.5,0.9144792851612117,0.5903835475151766,1.9388769982399974,2.05512937452322
949,2.318167452011995,2.3935446875147135,0.6704614128888584,0.6935731474316376,1.8658436180360314,1.965292617825959
950,2.0618838349414403,2.1530382693442207,1.4568892830017963,1.996974659425533,2.9967962182059074,2.8207770829454875
951,2.4020409896353287,3.0173853816587197,1.6452500861120534,2.0,2.1289357308317705,2.248941065279861
952,2.524332845411946,2.3201140417799073,0.5459123899181699,0.23830568746847658,2.703279479251289,2.999999557192493
953,2.429393986751437,2.689964932184364,1.0313055133122173,1.1504251991768664,1.0543153136038468,1.0612617394668533
954,2.497467542296496,2.430890739431576,0.25360306760555684,0.1,2.396871469097018,2.6972066000953347
955,3.894306266494644,4.0,1.5632429981743254,1.488444671700763,2.786313066257162,2.8976330190094073
956,2.0388487767191554,1.871294336485225,0.7983619408984686,0.1771133094973538,2.56795234035898,3.0
957,3.600842507787003,4.0,0.8559757691214593,0.9861992685208857,0.7444336680342558,0.7489059867735965
958,3.552098719795924,2.8952035555714977,0.8666451368160851,0.46187687231000646,1.307074780632909,1.4384239435837054
959,1.7491727545914362,1.8861824505893916,1.8805754318730232,2.0,0.37643968444541,0.4169776608780085
960,3.7941204286498182,3.234936261783796,1.7250605442029026,1.3452527955723836,1.3367663852717124,1.3456498985158443
961,3.6240143256145574,3.882455554079796,1.178755110834954,1.105796774010236,2.7207455412740456,2.7613140989944607
962,1.8314027059379823,2.0067123564518474,0.9733480210622149,1.0470551437019882,1.8002108620548405,1.956523040329703
963,3.5784912556426787,3.2556558709282903,1.6531286679267347,1.255344000654899,0.8117722875076946,0.8283689346669225
964,2.0496965901044617,2.0146303514065114,1.8666740133376991,1.7311640826147947,0.6630561275523321,0.6610795118020302
965,2.2072891961853465,2.5932346951472423,1.381538615653574,2.0,2.260700272071367,2.196294059162564
966,1.8639001304512073,1.7641964888709558,1.5079015896875003,1.3785578061241175,0.462192476560472,0.5301241905773355
967,2.049787239648411,2.164291765424906,1.2572525839412059,1.4029902305887754,0.7506537960174726,0.7365400984312891
968,1.84628503872089,1.594390317671638,0.42616751018477983,0.27500462526648706,2.4168082673987326,2.390806335291394
969,3.2905838821506608,3.374445761200859,1.6045655475837306,1.5907555379495872,0.06084065531694127,0.08815759317160816
970,3.627950032630427,3.198172921028483,1.1585716646931346,0.9464378610965671,1.0932783989559607,1.1424284351636413
971,3.2349237651378213,4.0,1.1887793890289078,1.6698714235840213,2.278819983879521,2.2360356186733763
972,3.1503767877558233,3.2592417966277276,1.0427299684101625,1.1297392940602924,1.4373929530071106,1.4044824627680643
973,2.6920752566779855,2.691828923179045,1.8105699607982892,1.7206952402960816,0.3527667023518364,0.3646433898443366
974,1.5736314816455883,1.5,0.2705291409029287,0.5157140188858338,2.1843184036139647,2.008464424959542
975,2.388037772892454,2.599075929291733,1.5190460178467053,1.743222306817352,1.0453354194083178,1.024119806379373
976,2.0582300044943755,2.0680356576708734,1.0190490696390306,0.9420483789908709,1.5851804758752808,1.5973670641604205
977,1.6341927434383474,1.7012049280687698,1.056110670047761,1.0973316108275406,1.0440265968215894,1.040505501726614
978,3.655954189203914,2.8599987651298644,1.7040169441886763,1.1849131313406716,0.7569706543341546,0.7166706443747608
979,2.5284726945970393,3.152296258457422,1.0712357255801581,1.4609902513708983,1.1262167011418966,1.0653777767669288
980,1.8078219115448988,1.5881745242240561,1.4186486379674865,1.0585787052352327,0.10576559361244997,0.06430471905407387
981,2.870276738886392,2.9871152777033467,0.6806492901210704,0.6385178601628622,0.6197821028464036,0.6509255564047663
982,2.7025259867279643,2.817626125449586,0.1499051422736271,0.16723342563750984,0.06748605309173195,0.04903902153071186
983,3.1245491851466354,3.7902261336565113,0.6233901493271261,0.8557012494808924,0.08836247314764567,0.03823633272361179
984,3.5349243434436293,3.5509754321986584,1.7933050834371393,2.0,1.3076003173257649,1.3530649643762862
985,2.908341162302911,2.646355765265068,1.767538344229691,1.383028633271529,1.0502136260041874,1.111173828201374
986,2.0419650284927258,2.1355445989678508,0.5576014126927801,0.5797871272534095,0.6951762366794287,0.63702107837784
987,2.920219475275378,2.832590768399322,1.3554892338246383,1.133316328900996,2.0169427010279826,2.1198759651352495
988,1.5397403863839494,1.5146205557811467,0.7015816017550144,0.6179556082534117,0.7820496579669552,0.8519655486902382
989,3.8775163693092742,3.8765536322181937,1.5730204621534918,1.5468724360440038,0.8660917709232535,0.8316610679767451
990,2.5495829861547916,2.4294082844051825,0.4714274845694777,0.1,2.1001597463839206,2.622096110478988
991,2.161238548929779,2.281010897258403,0.8584509999340063,0.856083888683781,1.672024379910702,1.7678673278428125
992,3.7358408568882924,4.0,1.3482058460191133,1.7363568025587732,2.7624488557426887,2.6476585585780437
993,3.7912654562034738,3.9429083592855445,0.550490807883729,0.6350549430181425,1.4825112871676758,1.4659490181275348
994,2.884563575094175,2.990423676625238,0.24250861421966047,0.2679916123123584,2.6743788736924348,2.823838991082811
995,2.7052356460220146,2.7569821700898167,1.7634674631032543,1.5649759881166037,1.2747360749123962,1.2700143219422317
996,3.5007493440832693,3.784339921990257,1.7721418333334251,2.0,2.7236893742583157,2.706022837174251
997,2.0594786475317175,1.9290480629398878,0.3229100145815455,0.1442932590313142,1.7436174367715758,1.8307395464885594
998,3.5008484964502147,3.346461223291012,1.8814929882686633,1.5395395394228248,1.2103185674455386,1.2727866924596947
999,1.7354692682583117,1.8460842090771965,0.9280310302000795,0.7190321507362168,2.7650295665015747,2.98124103032029
