,a_true,a_estimate,lambda_true,lambda_estimate,delta_true,delta_estimate
0,1.6877513883904636,1.717293652572049,0.6110186683105119,0.6059104293493971,0.7256241921317116,0.8085982024867566
1,2.108644727733996,2.258546400839727,1.5850449909164113,2.0,2.6952835352012983,2.6033552050477953
2,3.723979899333679,3.5993698886366303,1.9918463540698816,1.8543550327446647,0.6119846058979351,0.615062949133591
3,2.3929556783608374,2.3668045260673547,0.1956669849237146,0.1619006588375464,0.734990403823348,0.7532853605031056
4,3.1228763451613832,3.0146394903453,0.2070895447872925,0.200997719187857,1.5150816497141122,1.481826285511179
5,2.861026146839289,2.6195780659933168,0.5676511173415676,0.1961854839492239,2.539277971664441,2.8718417658845437
6,2.362936610999072,2.653585085477597,1.6568730265108125,1.908170011347452,1.177760852544735,1.1485001603881255
7,2.378581393959895,2.399498301990184,0.2434837991078035,0.2491168892205858,1.618686704843105,1.6143920610536893
8,2.168183285845122,2.206373114015698,0.5988618236959433,0.664626907408135,0.4209008925527053,0.4235092182573431
9,2.4451541201533713,2.6883293975956044,1.0500576694075516,1.2357363922452718,0.2534603701323958,0.2410745107547895
10,2.052057940635678,2.0678984256217525,1.011379358380951,0.9048763010046196,0.114948551969604,0.1190194444535831
11,2.9102254708081094,3.173053575417613,0.510288886739138,0.7575389162063692,1.765295009481569,1.615778989347348
12,1.808369785735672,2.05864699936192,1.014349897293063,1.3645179533448015,1.063049759972618,1.0629548624917722
13,2.4335092989463885,2.7744580673021675,1.8126863973790672,2.0,0.9626782090638648,0.969883059634396
14,3.1786552413790905,3.044702655542781,1.8672532357228084,1.4983180378157686,2.363198495904637,2.452431504541814
15,2.229646533527837,2.195710059723648,1.9876717372047423,1.8128748467051616,1.8821289245785984,1.8645255823675535
16,2.6661076332285214,3.09336894068484,1.2322141475202804,1.5557249783880769,0.4708155622229544,0.5169414560755863
17,3.2396724509877197,3.0188075659467275,0.9160439151888896,0.7697498393405714,0.4562936804877455,0.4731691052853137
18,3.910570697040778,4.0,0.4633849620174268,0.5057782841380986,0.9850059758060796,0.8965079075636134
19,3.3847057083238266,3.7848317835619554,1.7265127044298942,2.0,1.5787753207750923,1.590219923797926
20,2.9104347811398807,2.964056840690487,1.5081415342579347,1.5290252327630942,1.2574207243981488,1.2431997788373312
21,2.2075533266894056,2.180363692322077,0.3307984475012445,0.2722437444702956,1.3153441431697797,1.3663044612070547
22,2.3824767771414144,2.3461169413172347,0.8896126028472764,0.8532412125215969,1.5192557357405478,1.582687528580193
23,2.554267452991045,2.5888765170098553,0.2107772177243625,0.173460384422478,0.821554341181179,0.851657419025456
24,2.965222290638542,3.039347177212244,1.1719104537516138,1.3331597005814368,2.281054413113693,2.177243747982243
25,1.7528451415908026,1.9422198156217825,0.2775854693822943,0.3603858836705266,0.0357033610406375,0.1176281006000463
26,3.576849937377816,3.597889715468818,1.1344358624040682,1.1353081789264166,0.4894254863799788,0.4724637580302515
27,2.4408503208549432,2.3801647076292345,0.9568416553285374,0.8291617651168951,0.7653899088472486,0.7390646822270762
28,3.843953970526772,3.418636968044691,1.4418643608833956,0.8774170218335154,1.6645620098782443,1.8448154730055168
29,1.5159465194526156,1.5,0.2813690036634635,0.3486186554257552,2.305307235729985,2.101432211549544
30,2.7861439489955684,2.6612832786675007,0.2522645989443166,0.2065213292100445,1.0024368414660918,0.9774275519786488
31,3.540122886837124,3.1077641730945764,0.7841152925086772,0.6264888599340573,0.1918879128986707,0.157956218019493
32,3.45143274440526,3.9260273888449313,1.3624323838565324,1.7164047841926824,2.9597105661034044,2.9944402596377637
33,2.0582256169254443,2.1529790176242116,0.2999145979815893,0.4407969305490499,2.3969477436422055,2.2024194886732658
34,2.01925006578085,2.111931679862491,1.1135352875588007,1.1732200294109882,1.754609979599457,1.7400190078732858
35,1.7746690222493522,1.9407485440581511,0.8948255651768235,0.9594081272137426,2.4249166444832184,2.506800996301766
36,2.4388651812248585,2.6127995206658277,0.7672624381896384,1.14194019629267,2.2209595148858527,2.0933018522835316
37,2.1957002154750684,2.448380395266441,0.9669309309237916,1.1830416720540866,0.2621059996725355,0.2489977442496382
38,3.0334864148360903,2.9438260937796317,0.2020998761527666,0.1,2.0148177515090215,2.1057407035072964
39,3.469864226592396,3.7379177575724176,0.2780116266084254,0.3172478906075744,0.7973247280166065,0.8367491197103538
40,2.4688853309697336,2.4181097609728894,1.4943852675909706,1.2276641418319203,2.3361680362407986,2.4829067645428724
41,3.940847810355282,3.93288897762776,1.9817390480144157,2.0,2.589392651780293,2.4800572845829745
42,3.468700781484551,3.435349289707234,0.7218808020548322,0.539409859098655,2.780306541356895,3.0
43,1.6520017111323186,1.732091236592303,1.681887492792029,1.9142301328710285,2.679273452302988,2.640073474236603
44,1.6510547425031965,1.6891291435763405,1.3970382808342343,1.3817165122068666,0.8650227177723163,0.9289050736011631
45,2.0804905909792417,1.9972348268266729,0.2455704164772031,0.1630100023627508,1.407225134268722,1.411116929605423
46,2.7472220720071334,3.1196729756405897,0.6858839491763719,0.938187249654862,1.55644063062751,1.455054913824992
47,2.4623854423054623,2.5779934718400286,1.845953052056884,1.8726435500669445,2.755782251716896,2.7638224819785164
48,3.5254983353630567,3.736930826633195,0.1627435734661301,0.1913853688992325,0.1244153822989695,0.1414314956368543
49,3.377299135029226,3.0075262680617443,1.2928105368006904,1.0262209229391197,0.2240052649338518,0.2283072965638854
50,1.608767009816387,1.6666765236865655,0.2482290668753045,0.1942916930556737,2.870851753112937,3.0
51,3.369652722462358,3.53876076841045,1.5013547821736346,1.4626284679991457,1.3535120590242156,1.3375351518968868
52,3.9058736145140753,3.764119415228993,0.1245344638255716,0.1,1.9850471316489184,1.967374362717709
53,1.952189817791257,2.0027833340161365,0.7947166173886961,0.8168789776168547,0.8871703392453848,0.8386699295756185
54,1.5296937652979967,1.5592659483730118,0.7245705679390548,0.6962606962272029,2.8748942921969443,2.7797965482246494
55,3.21122567712424,3.2869322706733017,0.6070321833046579,0.6166125787692877,0.904449487559496,0.9072463749268368
56,2.834575851874968,2.683285747195224,0.8255717426402243,0.7488372676940346,0.5779747094749644,0.5116347135169883
57,3.5802525934031597,3.222483147739806,1.6371501582450916,1.2761567079469986,0.3759015512759676,0.4317704516602032
58,3.964386186479896,4.0,0.2378434608386371,0.1,2.232728669515554,2.5186152607263055
59,1.6871354502143974,1.7791160480099355,1.7230915307791443,2.0,2.4715109890440683,2.412741641487094
60,2.0863551930873605,2.187144355315448,0.9063287314898432,0.9951547746142502,1.4796233641848038,1.3550621038584167
61,2.8666684842163903,3.1643841200060505,0.7369265584046986,0.927824113013541,2.3024706610461605,2.299237065692752
62,1.6064786823736084,1.6026960627597877,0.2252539800249809,0.1,2.5790346893111513,2.7048068073834193
63,3.840727092972002,4.0,1.663499593033621,1.748410169883098,1.853903981840948,1.953912314572116
64,3.7640880567622017,3.738656909880059,0.2271707738346996,0.2475373220103376,0.7401119016694804,0.7415007659733749
65,2.9174192826504166,3.0067368342516514,0.2061630092612608,0.1573827087299547,1.6492844979753816,1.7005895712208317
66,3.1500970623826072,3.2671402352297245,1.7904586758428456,1.8448582694819005,0.7723306858196158,0.8010335222674787
67,1.7713326422083309,1.7738411264893983,1.619696919595632,1.4002552826183132,2.9412706487330063,2.99970871318229
68,1.6435870407444972,1.5970897941912137,1.4926031868615544,0.9426352391962292,2.5835420953898076,2.765678772617722
69,3.7191737172312815,3.9611535144386054,0.6103768602808644,0.9112931948098538,2.909886472977878,2.58789605889944
70,2.997081925873295,2.8107501652041034,0.7345561103542353,0.5840223202647823,1.456287335768825,1.426220340793868
71,3.3143104622025064,3.4142970544622337,1.546957520298653,1.3371463510498225,1.9617316326200924,2.174385665527035
72,1.857988417297138,1.8716615255867437,0.4402288280807235,0.455441274574325,1.682321885864154,1.6457560556982516
73,2.6830709089277325,2.5787050318628704,1.640428460542752,1.3955107503856607,2.147371900862259,2.2349109887159746
74,2.6853657811381324,2.5358970006671524,1.0647339719738242,0.94456699520897,0.3537191005827022,0.2856396995775157
75,1.6140826684295495,1.722681655992678,1.274223309031641,1.432437034544316,0.2336564252107014,0.1975346225427101
76,2.2332441212932883,2.1618104337300337,1.248835796494242,1.069129672739744,2.3768524682089276,2.380353436910657
77,2.510189836399912,2.5658231561505582,1.7249724410176834,1.8023832527472252,1.938613325907736,1.9891355709880816
78,1.8570248403266532,1.8643437166195505,0.4599532831554054,0.4622461692117526,0.2979741930422543,0.3072700630115909
79,3.4709443827222435,3.6420920823008034,0.3722677708824042,0.6609702566716746,2.597619315947684,2.2100487237361857
80,1.5712645580109277,1.5973807354631837,1.3251546764554385,1.6192994379619112,2.5761858262442185,2.443642859388832
81,3.787174693670724,3.5896299832676264,1.7963874599305825,1.564803570529039,1.5158527970590834,1.5853486731966482
82,2.4190518263760827,2.3612385599879677,1.5168955147774243,1.3223548255558484,1.4117081994777858,1.3595482545755426
83,1.9052687765561924,1.9284959840690856,1.093682737146972,1.0410740727922505,0.4338498208363842,0.3915790560155897
84,3.5496222800369637,3.3453915095513267,1.751776052316339,1.6013980975712432,1.2127245555861617,1.129964032060777
85,1.9871728821519428,1.9375801380425048,1.2204277931738805,1.112184210033591,0.2635578882801727,0.3635335932596119
86,2.021510529932909,2.0777870451255462,1.0791604942228097,1.2108468338524172,0.4330301059037169,0.3519777524908669
87,3.88837193788596,3.904587115309668,0.3801847106851936,0.3803814224200453,2.0679342891240813,2.0861564696052484
88,3.706026003180982,3.638569839837559,1.109051053004022,1.0348873934480634,0.4634883943765839,0.4924311454709189
89,2.6665317571622813,2.449139774845236,1.684939183329888,1.4076676365511898,0.9159201564317774,0.8553200838121948
90,2.9072541534394705,3.0290173577108175,0.8227389797867432,0.9386763543492596,0.5090203487722581,0.4585206425093944
91,2.7920891878004177,2.7670798535777954,0.6112224387098344,0.6974755387132804,2.3181033516031126,2.171089214324719
92,3.0308294073524245,2.988925169381204,0.6396450777379143,0.592872519006217,0.9461938666561288,0.899837679681179
93,1.6078694353984964,1.7075450815202535,1.1484346998893002,1.4208661462488137,2.442509321466954,2.3239663444390346
94,2.1575063814421034,2.0581405109364965,1.9530327101090383,1.6369696197533044,1.672426269848493,1.6692543806735312
95,1.8135895227537877,1.8554925950689032,0.3444832351199862,0.3272508670516998,1.626210582722966,1.6901388429549475
96,3.3532342531538855,3.4289680120207566,1.1540769110412012,1.2080075630883795,2.02120259694237,1.992926601134216
97,3.8396966600498112,4.0,1.687974855045925,1.743235249704315,1.0273717296068927,1.0723030307404169
98,1.6298785208812911,1.6827934946575065,1.4306506778657913,1.5379322961254167,2.9799702267577777,2.9266412041021
99,2.678254745018677,2.7910501129389593,0.1037963306235904,0.1,2.299925404946858,2.3870050400485763
100,3.494604446661828,3.988387559427583,1.6899850465973791,2.0,1.095405350898592,1.1480876916204168
101,3.0501823922791194,3.18928568947583,1.3510070526711064,1.265666598140203,2.1665090640320037,2.392272374017653
102,1.6071855606917311,1.5313792684986403,1.6720923261290708,1.4739565683978348,0.05583893270743778,0.07962638061615447
103,2.7658656171608254,3.013854850121705,0.7241864764074012,1.013214205482006,2.771700592415742,2.6265528059365013
104,1.6946956206704704,1.7397896152342744,1.8442761377085755,2.0,1.5333079647871768,1.4402605220697116
105,3.432081149703197,3.4900759152791743,0.229390882568392,0.22792332383953076,0.3144670978861246,0.33358088727918583
106,1.507493312147728,1.5,1.8680523786442869,1.8640186338393312,0.36385769335003726,0.37635989209154297
107,1.5310320942238063,1.5,0.7773503927231602,0.8552052427772658,2.3840946431863475,2.176726797891131
108,1.8167191047370754,1.6926456189307548,0.949875181989277,0.7350497766958176,1.5973174271762527,1.643006958428206
109,2.513762574609527,2.546333624264545,0.8901252241602201,0.8820525659863426,0.2868768050578714,0.3195846022457358
110,3.496347949598656,3.5034741199235593,0.9780206728423074,0.8059457676920739,2.701610777673216,2.947422524865761
111,3.1738757552615127,3.5371919708814104,1.67679403078743,2.0,2.226468946155758,2.2095039214627192
112,2.4890923097340014,2.526272870298784,0.37448519561039495,0.35763029275710734,0.10225167280431413,0.11707475980157887
113,3.369530526576713,2.83470440115431,1.3721790766378663,0.9641135441389114,1.2207491117045137,1.2084515324888951
114,3.102028513530937,2.848340153747663,0.5568460438740683,0.42986663742317693,0.6136376078461137,0.6541625300949371
115,3.4301761852960713,3.3760872583568142,0.2946663614605035,0.2689749500708966,0.4837397692098703,0.4838153230622411
116,3.9142559929559027,3.9857499125381572,0.6317565899428338,0.6788083176396698,1.0835410539361048,1.1121299196864325
117,1.762884581336351,1.7900770686020793,0.7592502662969626,0.7449708944968544,0.12137735041077513,0.179335648882131
118,2.2775109096729675,2.2049862565861043,1.7332987901740293,1.3386985998219163,2.6848004072235714,2.882343577394512
119,3.550845990492687,3.605656711925324,0.2984901510155225,0.2984110094983269,1.263651718850349,1.2847378998460934
120,1.7584222472842848,1.8405515752221224,0.9693929631627423,1.1851151603593881,1.4604823528656086,1.4980330711125696
121,1.7302083636422543,1.7716674809925739,1.2171562420549449,1.2892794915241859,1.0871198794725898,1.026163683883713
122,1.696360345377002,1.7684530995768546,0.203367070462943,0.2656528176380002,1.7742651543214045,1.7325401412302845
123,2.2606932585020827,2.290525792099123,0.29947797453224856,0.267846467069235,1.1990345644954097,1.228140294513489
124,2.6507904358294097,2.895617130587445,0.7991663056997849,0.9881595454038336,0.5657402648070968,0.5085626325509124
125,2.9244340935370077,2.6902070669939033,1.1250476479484537,0.7360367541213372,2.668227679756855,2.7205369455533717
126,3.904453128931527,4.0,1.043724353669555,1.1251467839529512,2.0408906599465118,1.9585817058245139
127,2.866447340315266,2.4448754211718318,1.809205303356166,1.1263996977838353,2.347476718941522,2.4660629584605167
128,3.5613388376654393,3.880117346298041,0.2990853914563394,0.36472015521525253,1.7436959065562037,1.792353438518363
129,3.35262288652933,3.257299794311253,0.17892789722842928,0.12709041824522976,0.7466951451934902,0.7934551212313845
130,3.9200610369124096,3.6556911637717873,0.4020727857537846,0.3430971497328057,0.12825115677016352,0.1595748484412244
131,3.9966661475918466,4.0,1.3226062385131738,1.422751435528162,2.378692238841558,2.269060196928565
132,3.081484060801032,3.4600055282343662,1.0798000428430181,1.5054497749523654,2.993124322908705,2.973249318327059
133,2.9251496900893477,3.787433813189945,1.3605671433433368,2.0,1.093465919269173,1.0982732532551456
134,1.5907448007774394,1.5901169366223196,0.43356592145743,0.26037517551668193,2.69159067971375,2.698823031972209
135,2.319058876396528,2.175781537006195,1.317651388301658,1.0684467749666695,1.3092444811981325,1.3094990170214482
136,3.455564146432931,3.2742633386048916,1.9303146408387195,1.6603283494305536,2.0438980611421,1.9894195383513738
137,1.6250502295479663,1.7006262071693474,0.5617215174175597,0.5981570716141935,1.227562242663454,1.2246112830764366
138,3.9522646693669694,3.7454163901181134,0.2581819550953261,0.1169157165572877,1.7543151966593389,1.9475737295175966
139,2.272241051648477,2.412371753796136,1.8449175832031295,2.0,1.658292684486831,1.609584495653473
140,2.9580380324096573,3.11572748217671,0.8970870533070953,0.9189652938768234,1.4220418152295162,1.4658231900615804
141,3.2211076463839303,3.571695444962923,1.8085728693462375,1.9180780426034192,0.17159332926777782,0.19902385134620057
142,3.810165165660044,3.963342597692478,1.8874180595445889,2.0,2.661513257735262,2.713492063199753
143,2.354423038118284,2.443221995679959,0.1434104775530664,0.1,2.8423885371699735,2.8693547835899262
144,1.5068990166295944,1.562744427670276,0.9517533044502546,1.0136493878675854,0.9240396227812808,0.9399104812004512
145,2.3370028915683045,2.2876887097301957,1.8729318713547933,1.714030600551477,0.2097794412174745,0.24262815823519837
146,2.633207368458603,2.7652865839196803,0.4721982130060143,0.5801989037083711,1.2382583492967894,1.1786123343426926
147,2.482736983732181,2.601814445915306,1.1656886119324872,1.1448786506200528,2.9032465682780786,3.0
148,2.1611030301100875,2.0749271407121013,0.9846947703033571,0.8489003584228009,1.7666978555549777,1.717174275931888
149,3.8213035719295534,4.0,1.2158197909594304,1.3241017677820273,1.6818863323149187,1.6621753375814619
150,3.739543850442754,3.3518939026382912,0.7274615129550366,0.32841468628062925,2.651657954499786,3.0
151,2.1791693105176293,2.0716085482721067,1.1797943196482417,1.0944519531631673,0.526750772264505,0.4765463595547654
152,1.8563056641679467,1.8406462568541502,0.5950074727799419,0.563137106195872,1.215418253845998,1.2688057990172015
153,1.9389135682385388,1.9886394066136575,0.35480422048603677,0.39324222335346665,0.9049070711356749,0.8242031363363563
154,1.6682494378480532,1.6429565243908233,0.17410273819413008,0.14523891235659353,0.29407161436053464,0.3041069908661586
155,2.4041921379518087,2.367926318621385,1.9196231473993,1.8106465830894387,0.9374610419019345,0.9872112059535675
156,3.9651986599776925,4.0,0.4604762199824688,0.6205725422014269,2.667553249443251,2.4389575241436066
157,3.0458903099006926,3.1745376163752392,0.3444220995144275,0.35108868453898234,1.6000157957376142,1.6652173141032849
158,2.3414445674661017,2.4246643028590573,1.1416190306638565,1.2405595447736946,0.9137038857356639,0.8829952479496024
159,2.1622187225150276,2.1028598330099832,0.2895715566407716,0.11829536460386311,2.8675958781032262,3.0
160,3.403144320707208,3.6088608110214637,0.8780556076507894,1.2131300505052596,2.2943841705595562,2.0295135095628614
161,2.491932448711211,2.394999308003544,0.7232107391921797,0.5634360814455552,1.1151177684986804,1.1574151237873078
162,2.5200175141791465,2.548423782782795,0.5967925060086646,0.6434371947277018,2.1032504196342523,2.0138884793977465
163,2.137383484303501,2.034149746175439,1.1324937521140896,1.0647208333096767,2.0343358162328142,1.897559794468522
164,3.9390474766248236,3.837294056624036,1.601884888498508,1.5295684143762471,2.239538789623581,2.2381855976777723
165,2.934437378137074,3.0414195091616434,0.10262594756690079,0.1,0.8382566214528903,0.8850004932726986
166,1.8660352383167114,1.7292562391064576,1.8737454974163448,1.3462663418007577,2.418660959345189,2.5594151889233254
167,3.0940819579902685,3.238724175911527,1.4160956755491985,1.5420188885634145,2.258371496006089,2.280073479310438
168,3.667977767528166,3.7057284430614734,1.9906906867317695,2.0,0.04611838329291518,0.094291652221754
169,2.6097053893545894,2.4981006365230174,0.8414925718543147,0.6375338659853372,1.9321294062809362,2.030598716943356
170,1.9256676354259894,1.908973280168581,1.2396724190509305,1.1349969676094283,0.49266729268183285,0.44417463340165014
171,3.1880323533473236,3.508961607650763,1.4608119239657649,2.0,2.698702704438608,2.4638913700336205
172,1.5192640725551287,1.5486606098245677,1.600668773016257,1.453669500859199,1.1717991759978157,1.176717737951187
173,3.4897681585446056,3.487535262170227,0.22695747311632908,0.22223719210396495,1.53369360517967,1.5688193524736729
174,1.9920648602617994,2.049903628092096,0.38970113933794603,0.42378571467575643,0.08626397025403443,0.06302440465216905
175,1.8095205868201405,1.7843657112094486,1.2459465454283691,1.2820932151273188,1.8496517580802272,1.801102434855229
176,3.3182043430046435,3.8583882424171576,1.2914384205960399,1.619084258597373,0.11216026800311873,0.08360239862722076
177,2.5066817653488704,2.5150257432104386,0.3965510197863099,0.5604906300010317,2.426939960208395,2.158673720500463
178,1.910666885428331,1.8634363925732642,0.13345407450641164,0.1,0.7582270676536039,0.7976859557869349
179,3.5103603355372295,3.42214473814423,0.18223902697893146,0.1,2.8219285192452173,2.8896326346315897
180,3.335654046306203,3.34676452419838,0.6999524349344113,0.7155775900648853,1.1488425785439857,1.1949980608041382
181,1.8952432281194729,1.8644636999318176,0.48920362761539893,0.4488527129192491,0.7012104833736172,0.6890502262068736
182,3.3242686776656294,3.2802734468508845,1.9540929354752887,1.94148356439481,0.7373932991380557,0.6882800353111647
183,2.0435979257845913,2.1159933474743307,0.2208894719569292,0.22193692479523672,1.7498181576240506,1.7606024788894092
184,3.0547971882853506,3.159554863016301,0.4873660470108053,0.4702747745767748,1.7445157194465777,1.820530387704044
185,3.901729121529811,4.0,0.8570808382763139,0.9170133738442833,2.693878262319658,2.6436998798174476
186,2.1204620435425405,2.126721426201623,1.2606469111000307,0.8317601923429534,2.0292386502581947,2.2172610457316866
187,3.624099792476132,3.6903480768234345,1.6191875114601393,1.6890752463979855,1.4388167249609034,1.4211489672276092
188,2.812507540841593,2.5541674460468564,0.557255348017789,0.4304696184545784,0.21439888340077196,0.22431155529894017
189,3.7395238578780297,3.467937906922051,1.1586922906515615,0.9429364742020904,0.8161732910868502,0.8767350674872791
190,3.611731841525231,3.3591144284971373,1.6689560317929857,1.3985271546735187,2.587687775546981,2.4985432217706283
191,2.4410729381850107,2.303989668729488,1.647900085205441,1.3784644012026932,0.56077239303898,0.5652521432228327
192,2.399598466645416,2.404325150713453,1.1390613643339351,1.0929191161428702,0.7906562684916683,0.7945108487648266
193,3.2714889819189006,3.4737411566137353,0.737058358615549,0.8457862307588389,1.5898043575832754,1.5143427023506266
194,3.064666410447357,3.3000801149557293,0.965055270857558,1.0993982810947776,0.3888576016172871,0.32381769710895314
195,1.505618945876895,1.5,1.3873522948871775,1.305301218484763,0.7584465238125955,0.8113509647520002
196,3.1159458926963484,2.938642524847817,1.3630783497165386,1.188859319212079,2.0004855603182943,2.0064007330452274
197,2.7110881035067744,2.7294372611799367,1.7502678525832736,1.6855582051608666,2.9442126315193993,3.0
198,3.3174630077380094,3.378457644282554,0.2729892967971001,0.2852397076787837,1.1776510361235477,1.1691961628623069
199,3.7018605076633966,3.2087532359621065,1.5701735669840227,1.0984852932651261,2.28082285694481,2.291033352300112
200,2.1391099175975867,2.1440465208861834,1.827566517693126,1.7013910243229133,1.1832165433161366,1.1827005360873792
201,1.9133329987851397,2.0186995401154584,1.2919351957266854,1.5333833982984273,2.7896516641698663,2.8814986853155538
202,2.027822466587951,1.8993735359115256,0.37699012077109584,0.32076216093235704,1.0186576722076153,1.088017465689651
203,2.6403328116489764,2.635238710415616,0.5813956195719006,0.5815172438170477,0.830585020931361,0.8281886016403104
204,2.679975008014412,2.767483600516187,0.18181043987372053,0.1,2.1012126189421223,2.316787339633727
205,2.2423908447666028,2.1979861416944093,0.49990198234105443,0.36562834231301,2.2855994585043304,2.2784816449163015
206,2.3935573536710217,2.577585495620477,1.1259823203841435,1.3095445527831435,1.6443908360338588,1.6435278379767653
207,3.7885860085133087,4.0,0.8154091133365987,0.940742357057601,1.8695859812603628,1.8084800247415735
208,2.402596626311309,2.377867632777295,0.10134722305219805,0.1,0.0884487580084683,0.11495851887485536
209,3.5012814608087455,3.769858438212985,1.7205261523945365,1.955905820013307,2.1532608322258957,2.208082742074265
210,2.9594532335365447,3.015231612157429,0.2707963566974557,0.2680281588421929,0.1554220375685169,0.12589657911822613
211,2.6910665871373367,2.3050733447677594,1.9546769759557512,1.3558978265062145,1.410348923565527,1.4393555238215112
212,1.6709424224025882,1.7371436816126409,1.2531084806065331,1.2391162106552556,1.5157814133436283,1.5501916119943857
213,3.849157794389245,3.8793541338040725,1.875175528279061,2.0,0.655665489306224,0.5727573766559859
214,3.3639675806663467,3.467583826651077,0.566441782688395,0.7306414272437073,2.148813788442858,1.9539569209056649
215,2.519026898334281,2.5997709645245526,1.4736141125914282,1.4519425121551446,0.9870360430149272,1.0464047278449782
216,2.759546695557545,3.096970913184418,0.9368597611413765,1.1766625878128145,0.01990593436254584,0.0
217,2.991566925279293,3.0950375452556615,0.6924612638390031,0.7058991490893032,0.5087016705031031,0.472004043794088
218,1.6807015826053986,1.8248685467016343,1.6801503507555577,1.9364757307167062,1.83280148017077,1.825109654708528
219,3.2174669940772422,3.0199503354361785,0.8948559357571758,0.8054078110771072,0.0653531894059558,0.07159579328825813
220,3.6400649415136357,3.8773101183500565,0.803036564696398,0.7704775054711346,1.0956162465793566,1.1820939724198563
221,1.6601837198952751,1.6025708409606412,1.3327719645687885,1.155926206637514,1.4004697560866173,1.3602280372647342
222,2.721781288187302,2.8514792404448808,1.4298705640074234,1.49307291691207,0.4055144793006944,0.38500691937234394
223,1.8740961118684645,2.005100240915177,0.43191776977565355,0.4136652053217668,2.6417084853037167,2.894858913983614
224,2.3352713655536252,2.1944891660840837,1.718166004127518,1.3469543524322882,1.86024456290121,1.8903135250154426
225,3.9581914201466644,4.0,1.55388611028808,1.4711678007808107,2.746412271987744,2.916018972184746
226,3.7531922762710166,3.916712294070351,0.734733263154817,0.8700732298652735,2.191496100198009,2.10088464361723
227,3.4943388568027673,3.2673313457506765,0.49093274888421035,0.41656363083160824,0.007398315301721303,0.026968526865028233
228,3.780999752089576,3.7515544904470444,1.4964665761710318,1.423235829334394,0.42636181854623134,0.3865115105626639
229,3.2405986703255567,3.4438672604082967,0.7307549627556387,0.9097442944605438,0.9082913265876892,0.866456338393309
230,2.3466609584588096,2.231873383377141,0.22592264127021094,0.19009688056145055,2.0349410370457983,2.0417281953100144
231,2.481750474928866,2.7386961972514943,0.5028406639252088,0.7687018142900405,2.2561618385433864,2.1458378922095838
232,1.6132067299479194,1.5527821888006956,1.6975019178771145,1.4985546242665864,1.481877632820247,1.4509455990163582
233,2.759252320068998,2.942527833765857,1.014756547070435,1.4772125993688596,2.791123611970451,2.5485040062294315
234,1.8707040140715967,2.032991761758223,0.7594947404150142,0.8956663812986203,2.32916825922992,2.4618403071547483
235,3.529332023964779,3.5351059612543096,1.062338280892997,0.9148101625150759,2.720042926111728,2.914569027495203
236,3.856664497317237,4.0,0.9306818777720788,0.7629651276184858,1.6952204117423648,1.9029668722426458
237,3.801660331117402,3.1972595577977665,1.659990914327105,1.036102142704446,1.9392513924823076,1.9867116991080402
238,2.8921955306027525,3.0579288146722536,1.1386549166756437,1.2814956204852435,1.9610154651813487,2.027259707371913
239,2.4036772295912785,2.172629443953638,0.6369034888761443,0.1,2.2168520699848293,2.645914639469352
240,1.98057072484481,1.9587403746656649,0.1290153618860907,0.14729039294442287,1.5636480769272931,1.4579919399654382
241,2.4686825023379058,2.329597932922014,1.1146435076205021,0.8325024825035132,2.202055802687668,2.272094421469609
242,2.192415448108272,2.416290879885578,0.5257265240619821,0.7726344934829501,1.7980939690810427,1.695305193634361
243,2.4843025352382497,2.5608494417613246,0.24016969410402142,0.27621161481779616,2.033997829643254,1.9630870514568655
244,3.319680593553625,2.9471488500300915,0.4336550360638357,0.1,2.3294873564208074,2.6505662293865475
245,1.90469990750129,2.0596210118764526,0.4247619865223482,0.5149408869674589,2.8637721124609037,2.9727746389822216
246,3.761999104972219,3.8685313707679407,1.4419458288878566,1.3737682232658268,0.2530613939897878,0.28264794858385184
247,2.2160660010947537,2.118033487512973,0.8062900895546472,0.6026108579575638,1.6133882396214876,1.6222034766620677
248,3.609546479444684,3.7136069405334537,0.8583311656346184,0.9012587650953062,1.1756947337414672,1.1280317436848604
249,3.2502535107556905,3.041334816862414,1.2984520242609352,1.1221043909726474,1.7232075036854,1.7985498071383224
250,1.804881483530812,1.8400733704514294,1.6442870425498906,1.679072799983628,0.9785135113597485,0.9495892579217605
251,2.34656091557765,2.2082769765384502,1.1938795445638937,1.007198783007649,0.11419878841023856,0.1114047834434481
252,2.8434046495668963,2.639821015099222,1.0867395559976882,0.7221488258254068,1.676532304738506,1.8321032249789446
253,3.9621344070238083,3.852973639418561,0.19461302542130549,0.1,1.6359454036903278,1.8050845163313747
254,3.7700667712913076,4.0,0.10475493185830742,0.1289421978243336,1.951450656701378,2.018116046481827
255,2.285033509477625,2.358870418428881,0.2962282064987485,0.5580558830179436,2.764959333103372,2.4641688281049494
256,1.8763249912368702,1.7093716243996637,1.1444535875911495,0.8328539869713918,2.5839098212708302,2.496402979289839
257,3.862487006696629,4.0,0.559921649557922,0.5131636328875959,1.1557392038526821,1.2442732367977254
258,1.7825356034564621,1.6036207632453598,1.3903410455019,0.7152260016228816,2.223297307777341,2.432883218689755
259,3.676181446201524,3.3484131020732653,0.2931869881319944,0.14762079647704957,1.734065710915637,1.8221723894721795
260,1.7362282315339728,1.7564184300909629,0.22744951170475636,0.11773343757652154,1.6778326310185498,1.9017080488284404
261,3.990795433376916,4.0,1.0290835759524348,0.7631405692559792,2.4650229241418433,2.782359966529184
262,2.0147932757534424,1.983186642447415,0.1327240318390366,0.19559929624612638,2.059480254449365,1.9112402300842504
263,1.6718122836042513,1.6557365110680982,1.3060991842476943,1.2360667085439507,1.5076007139827556,1.5164226677641104
264,1.9054598916611087,1.9560129356947578,0.6786123886421769,0.7507418582645469,0.8305485579819358,0.9036977106839394
265,2.4380328803471896,2.3198925182616805,0.45820087776767393,0.1,2.2452921099833145,2.629462097146201
266,3.267523967039023,3.0845187990676353,0.29129628427385823,0.27211143864657183,0.00966212415036094,0.03613949703747171
267,3.709406587403407,4.0,0.40138690743252425,0.4797015321057779,2.293754341561087,2.326039631532613
268,3.2139677835821914,3.375712221046922,0.89553622516393,1.2211349988033868,2.2043108262345887,2.04634476699647
269,3.9988337497431585,4.0,1.1251099055818978,1.0481754137584394,1.631213531578736,1.685622025457997
270,2.4305914378601052,2.5576411994988923,0.6133692427182404,0.669460550251789,0.1847276298854975,0.14395007483951117
271,3.627921182238685,3.8125932853038162,0.48338615700562404,0.5411703153834337,1.8935020183317257,1.9065685628144484
272,2.4048848197727795,2.2081827967878778,1.6560555611314274,1.1550274544665087,2.0302654864636294,2.1639698340672693
273,3.1637522801763236,2.7823998575086852,0.6272738625599464,0.38813853620570177,2.1467533306804847,2.145389432806256
274,2.152727582880385,2.257571463072021,0.8635477534311976,0.8945561131816331,0.8171109273328988,0.7740966686544904
275,3.842121471211655,3.7736164315377345,0.7376138825761366,0.7226855290972929,0.9591643544821868,0.9336173791820671
276,1.6884437710001798,1.6653792909121794,0.9258377593596372,0.7688026233686382,1.4752888058607971,1.4736996396713917
277,1.7237889309114673,1.75484656419524,1.4543381342212993,1.552596493615342,1.7852638443381668,1.71320857293411
278,2.1312588584806944,2.350339610642624,1.5951854138286248,1.9042990291619593,0.8750082170469604,0.8478382834098885
279,2.5087325974172368,2.3715676213405894,0.9924097546054862,0.9516169500875352,0.8815320230546702,0.7514311609151565
280,3.4675583821736367,3.0672529474097416,1.2728195939835498,0.6690895545152646,1.8713843499542193,2.1783122986779775
281,3.699695376081249,4.0,0.3088796059541283,0.5755491829062787,2.363150396925575,2.0992864239232953
282,3.620905132085322,4.0,0.5156274791789182,0.7093666372192509,2.4617185390108522,2.4600268250704382
283,2.7833645041439854,3.1055465299830147,1.2026661182208251,1.3956387082462225,0.2496442610027707,0.2945750320663336
284,1.6351288458807338,1.552027587901064,0.7087808450724543,0.6145119010530303,1.8225495164366539,1.835825031879711
285,3.61587426211079,2.9860178401878357,1.7128440727451502,0.9497256926371266,1.6223978815525135,1.761283945677298
286,3.7717516181124213,3.316492979565324,1.4568454224862306,0.9704416302340341,1.8261746859055283,1.8858239098611267
287,2.4648152125133507,2.7652397829489974,0.9649789666655556,1.4205185718624003,2.950043137862309,2.9339543777695334
288,3.5616801661758255,3.6096088010786396,1.2499519013816747,1.3044548830843015,1.76260636754962,1.7224081151634292
289,2.674585380682737,2.941854295295124,0.16616901635524572,0.27095884903775813,1.665480184218301,1.5673304074207175
290,1.8628872662794023,1.8161511333360014,1.2531536669632954,1.0871134265914386,2.0541284824261363,1.976435732517963
291,2.606414434493254,2.7159031120721604,0.12501282850657292,0.1899693887444132,1.2451535982541309,1.2385892244439574
292,2.70822371486554,2.771328845558205,1.0215780041360096,1.0923215215453623,2.020099116367188,1.9158612181219872
293,3.6003722666036615,4.0,1.377845096169346,1.6238018208643488,1.8104527264319503,1.8282883536164578
294,3.1717578996290396,2.8547099040454746,1.7395643153063955,1.3280891063457796,0.46734610780951125,0.5158085273166135
295,3.0122931568291156,3.2395718057914817,0.5937860461718057,0.7216783488324905,2.592113136097307,2.555851022482739
296,2.716564197818478,2.8166274965948648,1.5923866607034871,1.6195105892733355,1.4060347078150892,1.495856170948616
297,2.6745916437250736,2.6462177203359283,0.9642299056231796,0.8713205217219188,0.1587787915643315,0.19319030634296055
298,2.7760745735495904,2.422755799443957,1.088956513262034,0.7400184798884949,1.4795572928482001,1.5057702580150039
299,2.5378515209538115,2.4817796791416002,0.5904298938442569,0.23854187733412002,2.463600564637748,2.8149286640622027
300,1.934180124230445,1.8791357147301047,0.28264493624815323,0.1,2.247873706216211,2.4362877994915038
301,3.701051621055082,4.0,0.6396138000055976,0.7396861053011726,2.2884934368548326,2.3840374902222066
302,2.492881536690425,2.398247427554775,0.7297498476033039,0.6727233444540156,2.6310120836868456,2.4911935981750184
303,3.7765393804126544,4.0,1.1648556044509026,1.1765783654508581,2.742079291999457,2.899590033860134
304,3.6375755227549496,3.867229036726122,0.40031210022484986,0.4396211689819374,0.20166383856159642,0.216165404614883
305,1.537175045541245,1.5567305964787415,0.7902290401437635,0.9172243727664576,1.6532733330634013,1.600775397753288
306,2.8853790600315383,2.9632652781123108,0.791470884950543,0.7396787486097106,0.5604230245728206,0.5507382461975883
307,3.6515002473926392,3.8129910503481086,0.8357154481307996,0.9142904122954404,0.5478152171049298,0.5106076994701158
308,2.4452358996020194,2.3301501328793854,1.7896133791451254,1.5928118110019813,0.7751496408110203,0.8424457355582853
309,3.450672210354318,3.5051059025970464,1.9860969698533029,2.0,0.42871784029077376,0.38317055199558503
310,2.0906142035325788,2.1263598445516214,0.20668241200653403,0.33210689565871343,2.684381203406595,2.54385230201742
311,3.931454450086543,4.0,0.2360521075525164,0.2289700332283433,0.20083379013370595,0.19066092576069965
312,2.0123338098570835,2.0745077258040228,1.315835549431644,1.522961427092596,2.796454729034755,2.6413070287856986
313,3.7275644493375344,3.5723211628839837,1.5981214752509632,1.5335742517326338,1.3302009680382816,1.3288842344799399
314,3.1518295337855857,2.937986927357811,1.7366214252667784,1.4100307945278638,0.23030749504460724,0.26724791472055875
315,1.9568852245422201,2.1116421625548054,1.4667922252335603,1.7173583431550903,2.0917194077219374,2.069911198422022
316,2.3471325165734305,2.5857399615370844,1.0070757944115816,1.2650478829313865,1.1088218608655227,1.0501097202715834
317,3.436806875467217,3.7258978515335133,0.8979312655253502,0.9738167782943742,0.44505375259211766,0.4323207539541054
318,2.4644072754939144,2.5823322588288455,0.49608206535727495,0.5086242864321588,2.015582434548926,2.0725752011580805
319,3.50600966441493,3.332093205132487,1.2642368514813282,1.0861462602171035,1.9036038807114526,1.9463951052400945
320,2.789866066888586,3.027044572662086,1.5581010566003077,1.7169308320664978,0.6422007327457873,0.6633782531966446
321,3.3959663528736614,3.5035284886426306,1.1627440993278266,1.1809963130162786,1.0074300452513327,0.9629439765070186
322,3.2324827095450654,3.272593064146656,0.8558463515068397,0.9312526611650424,2.896709515473515,2.844309067943535
323,2.871033605173931,2.816290275180614,1.3816868417172665,1.2987622942565926,0.8870061268860318,0.8854616689557995
324,3.140639224798087,3.6747079558564826,1.407999646306551,2.0,2.262020568727923,2.1557781177576687
325,3.95021436984816,3.7831186164059303,0.11430924226034145,0.1,0.5849265422431446,0.5731467356732511
326,3.900998641412984,4.0,1.4716662961945373,1.4342651875206442,0.23247177287770016,0.261829282445135
327,1.9765867380828406,1.9922320205154755,1.1346291932860577,1.1287082348317117,0.6239492412020434,0.570376974662161
328,3.644442438894766,3.2791558743239984,1.3257488377668476,1.0589906322618519,1.2160198127534954,1.1988427256288299
329,3.8054681411439923,3.954597007693449,0.41970819226468714,0.44254592936929965,0.7348304593201241,0.7510662176147049
330,3.6790915332877323,3.907645768607478,1.7586128385027644,2.0,1.550021867380642,1.5017339660873519
331,2.2482157395138516,2.175270970215837,0.8642328420221875,0.7379621162207535,0.17677586666690426,0.16443799046280314
332,2.0717147964471527,2.208297428523185,1.543243596084058,1.7169102630543782,0.7628051509153502,0.7895089474207255
333,1.5076594265658223,1.5368014120723281,0.5230539220215132,0.5185255287647794,0.2574776420290916,0.18751787046726287
334,2.3372845267262097,2.2781689080098904,1.2447189153705212,1.0539401808039712,2.9729150950683505,3.0
335,3.884284205072585,3.7483323809113367,1.993425353974399,2.0,1.2911274269213906,1.2501871182925486
336,3.3834634077799666,3.4713188835540554,1.1570003326714522,1.0461942202046661,0.9725770826111861,1.0954964981455269
337,2.085758159537136,2.36230805078151,0.8583814803840596,1.042976214515977,1.2381540470439905,1.2139424554142044
338,2.500611909635383,2.2232489137881704,1.8299842355189324,1.3483059880350812,1.426017690582675,1.4377664556064735
339,2.26634447305051,2.1151145489606775,1.4155496959516614,1.0166173017655709,2.794466995697936,2.8730180996447583
340,1.9612207332317577,1.8323420584225467,1.2391027370773888,1.0467740069318427,0.23675843076687353,0.20167384795850551
341,1.6717774165443233,1.643552838117911,1.5388911686957416,1.3895183425927162,0.7310734338900329,0.7334432021000072
342,3.126267247575151,2.928212960553698,0.5585057725775004,0.4372837554197367,0.8581987882487954,0.9348471934930916
343,3.6148310134589123,3.361700360883205,1.564910422164235,1.3628147929182497,0.33117224909331355,0.32661942209928974
344,2.057685989341488,2.0389342114208335,1.5507355765389528,1.3897703957277119,1.8253431646228528,1.8443743415809202
345,1.5095347080816994,1.7155303281975414,1.104424986137239,1.2594605679510278,0.2368105418376557,0.2692681640322213
346,2.7445301400935986,2.518254298158058,1.5768427643556435,1.4390620644909304,2.3232877462673143,2.2255384252083585
347,2.706652101572778,2.689020584237934,0.9195757247463313,0.970099907320562,2.0563896658136054,1.9151498622774557
348,3.642947394450951,3.8148810356565583,0.9674912283779671,1.1389145931039282,2.7753189253187767,2.6491672736986325
349,3.656340119605557,3.864014017915437,0.5830143378473381,0.684452711655658,2.1051986324550196,2.092123971799821
350,3.2762211697278745,3.277183561077396,1.7996485899591619,1.7307439321596358,1.6096293512004667,1.6055552284375236
351,2.5929941800817984,2.2160170096755647,1.797405377491693,0.7792344833220616,2.366366201141626,2.6187543188803053
352,2.808064658588785,2.690277699954991,1.9392569164094253,1.8836876724120173,1.6347854829307766,1.5655399195795694
353,1.6477043828596993,1.7064428662871445,1.4444529595712166,1.550622441597349,1.1173821204113252,1.1107351686615985
354,3.761198625871538,3.4995384088721804,1.0169044193014056,0.8986861142454666,0.632289879726182,0.628327120331351
355,2.5155830889256805,2.449355122759576,0.997536997965521,0.8882262987138652,1.126177408581428,1.1476948099703397
356,3.554017970148188,3.572543367224858,1.7878829541526517,1.8388294299372363,2.5068950443311655,2.4118747808114747
357,3.289174753389231,3.574345830554473,0.9556727698555714,1.0837605925080598,1.263820207277695,1.1964049927215659
358,3.4296003188600217,3.174940176602964,1.6668719494097803,1.1766248524479967,1.5830453481889397,1.7328293580442804
359,2.624672660645656,2.901582257336647,1.2116913112769339,1.813851400969778,2.9988548206325145,2.7415082665857793
360,3.2266401644861196,3.3189869264618856,0.9560758892763496,0.9680555474599453,0.7162326210179916,0.726979240996441
361,2.4725179517506723,2.536139468257227,0.3742431062660164,0.5206802407239777,2.5291414436592627,2.2863056777055797
362,3.736285094977418,3.463643304965055,0.43339325127558614,0.35050140323932855,0.7551084452957362,0.7723777997143216
363,2.439157779541923,2.477593108715311,0.676806094926612,0.6682421594160044,1.0879133396982321,1.1255059963845402
364,2.163236248698893,2.446403659676197,0.38333958292257986,0.5429767796944256,0.20667090622236484,0.20147714746712206
365,1.5480656532093857,1.6011448208606633,1.9751244084918154,2.0,2.465169655953567,2.4438559143807175
366,3.33168202011729,3.5348275455304288,0.5391283132692263,0.5521707825341549,2.5946542694333408,2.7520208938124346
367,2.0894803655656027,1.86912928012083,1.9644467964637702,1.4968113849014049,0.9814688453521406,1.04339532082524
368,1.912722048488118,2.0166168917093534,0.46801979021788975,0.7116682007790479,2.472919362792008,2.3217613734616047
369,2.8583322449308644,3.097816890736919,1.9055026697871758,2.0,2.4470130163450596,2.5403548079728706
370,3.175304825830737,3.3450043129177223,0.6740162918595246,0.7138699959593771,2.2880953311740884,2.2980795416606066
371,2.5367401954433646,2.690875735293985,1.5533338881212968,1.8307899416157023,1.456782650702323,1.4090873827942256
372,2.2494451320083915,2.172261202779766,0.46289214427030334,0.1,2.010171607885062,2.382000412441082
373,2.3920468325379343,2.4151828296904143,0.2006925655143983,0.19695917148924336,0.914074694176845,0.8973313242832198
374,1.5793245086330654,1.5958974613326515,1.3810907014016929,1.2773417067681399,1.9329782848375165,1.9304855455960146
375,3.307391353531715,3.1809513388090003,1.9869794763012587,1.9365606336507046,2.4519396932595474,2.3369726359194076
376,3.4004932311982583,3.7879502459391468,0.9426440900572761,1.0990131580462141,0.007963164843168391,0.0
377,1.9992421479139053,2.1185779250775885,1.7976094150968054,1.9246860826909014,2.926852962562198,3.0
378,3.6922816336155604,3.6405891552325964,0.2259778567721882,0.22202715272754345,0.48250792194926373,0.4682679377171392
379,3.079659574392373,2.6782773361461625,1.7604814959563475,1.267083256758525,0.9059044682067847,0.9367709472327034
380,3.9334136774845665,3.784464900235356,1.2918224984433018,1.2415334612217208,1.313236122145231,1.2883587364764486
381,3.8130183337146693,4.0,0.4912043631393551,0.5428967002151791,1.5455400441959486,1.5525371881746821
382,2.3540511938876216,2.321794346291614,1.548517419051651,1.5251799246336366,0.6990728962009438,0.7113539758102614
383,3.2918142856048793,3.3870902749469423,0.18470056422904813,0.10000000000000002,1.7870141173990375,2.0213149122353857
384,2.3037412533381874,2.429706944093363,0.4634130306756431,0.5829678203056532,1.3253553025855522,1.2450660719619628
385,1.9536864795415463,1.9379362349338116,0.3588495928098282,0.3206934340987606,0.41184374820064074,0.37347277362991016
386,2.9717896465232405,3.3824795405705563,0.11103446973513963,0.341300540008244,1.761541032436874,1.5193821620963592
387,2.5946402410121054,2.493923698205226,0.4949868146796482,0.42141399433483306,0.08638216205580806,0.11294269441064828
388,2.618477767207933,2.668661905421068,0.5322158781563866,0.3637604320796808,2.735702164226309,3.0
389,2.73644625585031,2.5307470566662826,1.558095177854024,1.3379099572999194,0.19541876638340772,0.18613846641037723
390,3.6285230549295355,3.980332210406714,1.8381334994540348,2.0,0.2918028061445729,0.32363668604411294
391,2.0076946486263507,2.259886463307492,0.8278504588145283,1.2736332771783385,2.480796685209745,2.4177391643872377
392,3.740492450838683,4.0,1.5191704015939,1.6479010344858522,1.6098328770333814,1.6573605404846141
393,3.4498053150861883,3.2603558398317443,0.800218240299216,0.7406555908893345,0.4007423122335031,0.429945246015366
394,3.905078566192132,3.8956398853546346,1.856472988812218,1.8569437305371674,1.0835778981086879,1.0033849297280515
395,2.4482317987641116,2.6775973334805405,1.8210454937224292,2.0,2.736466029388316,2.7776268169880924
396,1.5086546530933247,1.5058360712064212,0.24390605157915404,0.24038718143660182,1.017225592754796,1.0162553710429916
397,1.6320488480581647,1.764755074647316,0.6368133956605135,1.3877422752631063,2.9628849762117095,2.5028923481421383
398,2.1666534219345785,2.3352238010352875,1.4244902465684663,2.0,2.8791085493717796,2.710783114963249
399,3.0599604679228625,3.1370717596182525,0.19087370715787438,0.17355547161997445,1.740527561715554,1.8060955585678746
400,2.409539775785908,2.576820564979574,0.44426113622215335,0.45747562302083744,0.5165962053469386,0.5103484541808313
401,1.8223054730528105,1.7807719489997769,0.6710193067558189,0.6105248607619966,0.5457486918985414,0.5905650624035624
402,2.245970891754911,2.665971902580387,1.5410377226445602,1.9565629108358615,0.36628333552904846,0.29330195658240255
403,3.6315176468930424,3.3164927233905708,1.2197009624690158,0.9483383421797116,2.973689062775248,3.0
404,2.5582839372788326,2.5471381971609666,1.6351541353164425,1.8088747528825186,2.0493306833603757,1.922965959609675
405,3.0549100512443723,3.1525800581410692,0.8658013626011059,0.9935976229420372,0.30455845889585786,0.2875372644611291
406,3.3252467813814586,2.773447220500216,1.152034301393852,0.3307470994030024,2.5174807643717014,3.0
407,2.1668711117071195,2.0782110080334144,1.8369495030044218,1.5733939194995294,0.424921765112646,0.40005018791376734
408,2.215725847352857,2.3140611243444758,0.48526108675702484,0.5445516712633991,0.008311513816969596,0.0
409,3.7678252084524635,3.695910129202424,1.8274990155099708,2.0,2.4567356528902136,2.32838142245484
410,1.9202170093386515,1.7437641189948792,0.49300794853051766,0.37801915347013376,1.3658271302991825,1.2891742602148957
411,3.994894107217703,4.0,1.2858273217250975,1.2623440311173746,0.8735748852314495,0.8808175377578576
412,3.921730049086544,3.8749650487786775,1.5518662704816484,1.527138563375887,2.6817243324975935,2.615189083728706
413,2.522647883738672,2.5190805442427866,1.1558147522895799,1.1492726907410944,0.2335957041869976,0.21626011396487482
414,3.2062482438770816,3.191360333747569,1.3899456878210337,1.4604809061521395,1.9347426288810365,1.8971146610564127
415,3.034694878489437,3.6749132728277933,0.6193656161600235,1.0484250622473776,2.2709537059633433,2.223637954281236
416,1.9551384834659284,1.9720498970617506,1.6278728948552212,1.3514736700246783,2.6560184895616867,2.928061281833655
417,3.5389057162896513,3.538967435918167,0.6922394949123606,0.772109071631812,2.9752030573523185,3.0
418,3.301028679457822,3.4054105036666855,0.19020703533731093,0.20385609622196235,1.4107882120476736,1.4388135980249086
419,2.88876245799068,3.08800312291755,0.3119770016485087,0.5191605367573411,2.008556685173698,1.8336520107758247
420,3.9190381655222946,4.0,1.7609413148868116,1.625885673400733,2.233889246390395,2.3726015700167715
421,3.8523727043205604,3.650573252727519,0.7132565669577271,0.5089785288952906,2.300143003537369,2.4195843684920426
422,2.200445734425284,2.421975542692442,0.8978260168352065,1.0064854231039868,1.0874460806083968,1.1443569250173746
423,3.9345375808781395,4.0,1.559656088446211,1.6311892026788692,1.5201141811047898,1.5100561384415812
424,3.0542239008349013,2.818541706622676,1.6975053520011387,1.4082346023257748,1.9631402222079597,2.0390446637285717
425,2.8518475267401704,2.7416596619705853,0.5544003676483567,0.5167679108399443,0.5126580467384327,0.49888623429567486
426,1.7453380034925068,1.8606229230917144,0.7690770096090034,0.9225477802918808,1.1482678620722744,1.1175039447137733
427,3.0181764752162,2.8159025485071614,0.24620924330671812,0.1,1.3920744292321183,1.5245126348923348
428,3.2008033753479195,3.21906921477896,1.1255630976665976,1.063179716726587,2.778356373522833,2.947218882547017
429,3.345654074913502,3.440660646622547,0.7324681859836147,0.756883146313885,0.5449199556425237,0.5890872851031782
430,2.2483199879249325,2.279349158308502,1.5648174403491972,1.5238283839357636,1.8474885912037307,1.7995917076995178
431,2.1559277772440817,2.2026921221860145,1.8579609322298347,2.0,2.8480726962486487,2.8016290463617683
432,1.844800264776533,1.6052167358703964,1.8789456295819345,1.284471105128406,1.271039423294806,1.2094462753156225
433,3.337600741836437,3.356317527337341,0.1959982696134016,0.19961011574232396,0.3376868594024407,0.3769990289070247
434,2.2790027457905366,2.155039056863309,1.9788736412326544,1.6928493549482562,0.008153675002740557,0.05149408643325385
435,3.2060729074819574,3.0110437209645884,1.1518610266784166,0.9076246827991109,1.9579632771256588,2.0234452347778156
436,2.9415763098037937,3.1028968776360024,1.590112447091242,1.777892498904605,1.0002375687804184,0.9613905608296727
437,2.314298355568625,2.2136439114067863,0.9065289467410392,0.7592087104869741,2.486354496041006,2.41589384653072
438,2.177176168117725,2.1733022667844897,0.1877100076257663,0.17979367593077492,1.102184458028147,1.0312803488888775
439,2.690462490721452,2.76776861225407,0.3840060515092443,0.43434264275771073,0.5137474694633491,0.5462192430307438
440,3.7054467005317187,3.662487652506188,0.5059395201849615,0.4856388432559312,1.2186980709245447,1.2020032418925224
441,3.420683708597597,3.487627984581114,1.9613903604547613,2.0,2.3651096111699323,2.312704946102814
442,3.003540034863639,3.094443918802086,0.8927314141112931,0.8913953641955286,2.702276220285295,2.727363218787521
443,2.2117145056580547,2.3244204710127847,0.19013236021219557,0.2192700200821547,1.1660681383311209,1.1460567076432582
444,1.525167078118683,1.588304056439114,0.22871468489225416,0.20140268532472813,0.15631388331623908,0.14683225728049765
445,3.7933670477706816,4.0,0.21032542000061508,0.3382041944853636,2.2139797526992093,2.022770045492538
446,2.750337427807036,2.7042178317274055,0.20879600461745335,0.17921447274972221,0.5104502176561675,0.5316022346180964
447,2.8087050836342127,2.7707170985466076,0.5509825877184881,0.44066549813399847,1.8223764884691507,1.8595443464329833
448,3.840523556038788,3.6073009326773495,0.7731992812920921,0.648075204366427,1.2195517703751444,1.2249415913410504
449,1.820871929368638,1.7844175393574373,1.2720686215959889,1.1578679015271527,1.222376130970769,1.2005914371618913
450,1.6461379200515356,1.600278046104783,0.3311473515877834,0.1,1.798972954134872,2.0974860131570536
451,3.647875176516415,3.6781981085728153,0.17904903515852083,0.15734442694235656,0.012167295047271987,0.03237512067525115
452,3.4230116287299364,2.998518502296503,1.0070857741259642,0.7691912635545951,0.9472668282632988,0.926380183091887
453,3.013143849739853,2.7838513873594746,0.541184202112631,0.25560474877340755,1.1913781855053212,1.3348696487720657
454,2.956842766614626,3.02238111628448,0.6525943636343603,0.6424508762221322,0.9096935286738285,0.992616038473406
455,3.5347504428146963,3.7769245999896173,0.37058357133538944,0.511746155324419,1.5985750941377186,1.5260577590540128
456,1.6606130547913436,1.6554828251265816,0.24239824940145246,0.1,2.7860556357788564,2.8926095306604522
457,3.5793719685937964,3.63644699086646,0.5596834096968488,0.537572771182061,0.17787979595666903,0.16175651727049867
458,2.862629448235407,2.9918992718588044,1.4982910739242625,1.626877363947129,0.8563495143196304,0.8852070066799888
459,3.3431946001550044,3.105323950231039,0.17765315994385955,0.15260784299601418,0.0051132124292497805,0.0
460,2.354800636280243,2.498335720938436,1.1911948949551416,1.3177206139267565,1.3384917846689026,1.3772028491046688
461,3.125662412982633,3.0846516369060986,0.3217068305680919,0.31773032910580684,0.37560079667440704,0.3348969243842202
462,3.694179299754167,3.702954063085969,1.815732372466128,1.6720235404743267,1.1963135402172358,1.2391921657579064
463,1.990112508038587,2.0898436267478018,0.2371909462809062,0.38035273507657313,1.489238801053666,1.4035668131355477
464,3.897281694774184,3.5810954518894835,1.0705880082014345,0.9285232012169767,0.9652658401666356,0.9222790554547609
465,2.01311782772877,1.9228316640529055,1.8016282231618046,1.623720519304015,0.30122028612361407,0.40196822306247787
466,3.6430478366246404,3.8085710463287565,0.3778197924914676,0.44502283471624016,1.2582989438659493,1.2244812992318128
467,1.603430544748251,1.6803257074770737,0.5063615554352365,0.42743174191505756,2.8485227243947,3.0
468,3.360035003997423,3.207399061056859,1.1337550296959342,1.0472049085546065,0.005642490033921699,0.018075066857292005
469,2.24808461179015,2.349386727094474,1.795831224759362,1.9641795941171467,1.697176590637707,1.6979103757115082
470,3.064561181207305,3.0437566922372374,0.39468594364310516,0.46443086348822676,2.612583464761394,2.484829639885695
471,1.5433996989564345,1.6035869439322126,0.14529772039557193,0.10659446237460607,2.8506678414016626,3.0
472,3.566585773430358,3.7898579079373693,1.7684794451466297,2.0,1.5675832625293018,1.4635941461584774
473,3.413734222466311,3.219041402417465,1.27527329870929,0.9081445206298745,2.7436821530279882,2.963967741832459
474,3.517560986591588,3.490239180241656,0.7755644372774588,0.7786392670593355,2.2779804578093805,2.1823300285984755
475,2.2045618578625463,2.1040839654015295,1.8079360293715325,1.3590485897040763,1.551095898813263,1.7226444333628652
476,3.92452581197378,4.0,0.28577685999067093,0.3095102451904377,0.7707806453636514,0.7606237362868763
477,1.649789841393924,1.7503475872672365,0.5595191142962392,0.5882445740618919,2.2340374344032554,2.1307900395270334
478,3.837231721062762,3.6546446127422763,1.3541151057232852,1.2726191754321374,1.79196930996236,1.8021112925250666
479,1.6224115023990635,1.5702397233666723,1.537648959171736,1.2899912969122438,1.1188641697389778,1.1555054719503417
480,2.93951108421406,2.813536502653612,1.7036202862261844,1.5793390931800058,0.7867291684471646,0.6781584158563319
481,1.9202400649903848,1.9211459229885193,1.1836054122982709,1.1668086926408874,2.4663549770944324,2.5627392073912447
482,3.9609661013111803,3.3892254855411768,0.7659934622963651,0.2661346708685386,2.6677953323927355,3.0
483,3.688800151595548,3.666015571729422,0.30404133892254126,0.19561605732456794,2.730714998281773,3.0
484,3.7392397694083224,3.603407145459108,0.24802727288574933,0.2124899844363881,0.5117322214347816,0.5252820741025814
485,3.7278011587172264,3.7658549478749777,1.7446274511526072,2.0,2.56365481185622,2.392016110372184
486,2.301847672365545,2.053982073671618,1.0500285777193243,0.7908806566957657,0.8638565373142617,0.9082818153169765
487,2.105042748154254,2.087142706702291,1.9677043910599963,1.8854150229835709,1.9949664422119824,2.156544133621118
488,2.054180853611622,2.0151813823105305,1.3321884999329283,1.2663208157002759,1.031651533054099,0.9589851870446536
489,3.501660354096004,3.995525360473988,1.626171499258415,1.906862902604225,0.8308905131828626,0.8361194549777993
490,2.2205206501567565,2.189277745754921,0.9954182332330412,0.8395152003444154,2.585064405081721,2.634009728568935
491,3.3280733400955085,3.54175662152392,0.9948001871297566,1.1183009489426774,0.9332999621816397,0.9186473005110316
492,3.1602466067441117,3.3102034145428436,1.8081805469893801,2.0,1.621984248458964,1.5941967655031002
493,2.0591827749103424,2.2855859020034526,0.6071623738766098,0.8511531325584286,1.0659803551494063,1.0762034999273462
494,2.428252944897947,2.4668214772872625,0.44477448855727486,0.43695667472404676,0.03950608477838646,0.021277584288520675
495,2.2893457445552166,2.161827887882626,1.3004570464036092,0.9302727691701447,2.3081919707873473,2.549516749252353
496,3.7318256963295227,4.0,1.1193198642469004,1.2707111620933953,1.529045650230783,1.5841349636536657
497,2.9337945022080545,3.0910277020827297,0.19863832638383241,0.4149845856199704,2.621530668050661,2.374119393720241
498,1.7188962440429312,1.6977506059007215,0.10741191220015398,0.12332826687153364,1.5533784713378416,1.4448145452972416
499,2.6254133087980227,2.4597232526851625,0.27715067265622056,0.14570090370877845,2.12854733345909,2.1821496163161194
500,2.904516170859189,2.7795486597345254,1.6689442860918577,1.4824436447203255,0.2706504670515406,0.3396855318670812
501,3.110857604137915,2.9660359072808755,0.29583679466218005,0.1,1.85349570782888,2.1072481644492713
502,3.307942905302988,3.234265711553702,1.9808447453779465,1.90182820201196,0.03670763512156894,0.0653031495275678
503,3.6680392691624744,3.729955673232389,1.9826974290443355,1.8455913506508057,2.0659350724712695,2.1269447482513475
504,2.8768798579495853,2.9867939671024444,0.7411827475915388,0.7568387014040369,0.17077727025074274,0.16498064004964416
505,3.9036458700733467,4.0,1.639531112039126,1.6812500398862362,2.089837360633065,2.126195189353223
506,1.565525335908104,1.5844860948328339,0.29362300546096537,0.2854557326284871,0.7147135902350242,0.7185871532299329
507,1.5698074970810376,1.5,1.0192906648736828,0.7783677347586602,2.445744181529169,2.5250023244009654
508,2.181526571974911,2.3388059920646604,1.0934920895994893,1.1246964324985846,0.6141490829008577,0.665364924933953
509,2.0048109042688953,2.086763924080983,1.8089654112968117,1.7228690267505125,2.819256961282017,3.0
510,3.4290540593518366,3.246116837333363,1.9628236557387675,1.5953042253295608,1.5763339106268939,1.6386048462516758
511,2.0708609470630277,2.0885055476941985,0.10847527882754035,0.1,1.376590522517084,1.3482069673326695
512,1.570842162820891,1.637733706842395,1.8936698471287972,1.8974479301118228,1.920823818239247,2.1725216284409625
513,2.2096059461926325,2.273491962574309,0.2512048537220214,0.27886121954273607,1.8601120726723703,1.8467622741709264
514,2.588316494248699,2.7034643901001116,0.548798313374083,0.6217175465092531,0.7270217834210978,0.7307259048779737
515,3.653439499169357,4.0,0.6425040207148849,0.7276022315940373,0.235805557332334,0.19185850903169502
516,3.2643840463252936,3.156220097973843,1.9921979009178363,2.0,2.4370774708456375,2.3865957336073715
517,3.303228989760724,3.465054710673603,1.84670971625577,1.9580480082780864,0.25460494380229814,0.25727014881207894
518,3.672201043897045,3.629045573836517,0.3676461205135101,0.43561137555209417,1.8728256255689044,1.6918165510526024
519,3.038923474646547,3.2534300705967487,0.25227657655279245,0.2094039280415598,1.934664221819356,2.1806222750004167
520,3.834543409112249,3.5417052087196432,0.9317497242221096,0.831705665015824,0.37381332393762134,0.3730171615977517
521,3.033096307333164,3.4094414056138627,1.7347882681741094,2.0,0.4193380293872824,0.4125761946569657
522,3.902613863793466,4.0,0.3428222548142691,0.38209879027387433,1.281573545886834,1.2649032963856974
523,2.5915065702922018,2.606549048182253,0.4412990508040806,0.43220208935143634,0.9540760302781891,0.9996454755561682
524,1.9464031334367626,2.1891755216033704,0.8376248831852318,1.0235404069316438,0.4244598210113101,0.38431056294302907
525,3.8530602194434,4.0,1.6789026856014342,1.674769081220603,1.3474232637204848,1.421825965015074
526,3.349972854065962,3.19685590094653,0.258936552787692,0.2259825777671997,1.2471800584207,1.2324643190434676
527,2.6971903305547937,2.797501526561701,0.9766976783131345,1.1421867043564855,1.2612821219399835,1.2152865651673743
528,1.9581971556913447,2.0752608442694767,1.0865339166917023,1.0098714135224212,0.4503285073637393,0.4994511313388651
529,3.8436684906008605,3.880314767454534,1.4496282803782679,1.495140140464954,0.6032355241017924,0.547220176458545
530,2.8998498707234077,3.3858727691245605,0.8629474959499114,1.15311019562551,0.9294360902509267,0.866942169740406
531,3.9552084420781135,3.870212392784044,0.8569712672299847,0.8562926069314735,0.15521944713369928,0.1505452604791926
532,2.0664113622092914,2.1911406704441343,0.5570945285442634,0.6308056941397704,1.4499641098335667,1.420106206722415
533,3.6382544085670463,3.0659535136161846,0.6945117753356409,0.1,2.096831346736186,2.723042885873578
534,2.503040955391212,2.6400328854207666,0.3438899246657394,0.4053182134480449,0.8529676309895753,0.8190495819909116
535,2.979666130837491,2.888359430164234,1.6870759388852115,1.5646645361038936,0.09474837662333113,0.05346174941912339
536,1.5753899943944365,1.5873583669661826,1.253538209115719,1.204355457715216,0.4430149027650575,0.4696699304696526
537,1.7351473140481204,1.682760689875315,0.9211438504979798,0.8338335456201328,0.37289556513411937,0.4234195562148184
538,2.262903138010751,2.2483757175486687,0.11311414292755093,0.1,2.91176641997017,2.892133949163853
539,3.9295281195563185,3.859853775908552,1.1942358521999503,1.0738411701052861,2.236439973165958,2.2744022602140013
540,2.5433375593790446,2.453315867962275,0.37397418941161986,0.3397263881964137,0.9887645275719751,0.9800903684401941
541,2.010762932614133,2.021788519639811,0.763259148164146,0.8621690252626013,2.0530840128044905,1.8915806411913483
542,1.9633282310915707,2.165049599683787,1.1906314215008067,2.0,2.958982818579958,2.6647413590609395
543,2.912599468711588,3.0024483334919054,0.6211497156752714,0.6500654384239862,0.28569797850916145,0.2627517122952236
544,3.1832747867628166,3.19385794365655,0.9338878737550399,0.8272725505274925,1.1598123134548686,1.2076169905267173
545,1.7949718579904956,1.81362414878552,1.7261070270323493,1.7944782329558493,2.3925796341191297,2.353639917965537
546,2.605814262611971,2.487641593942829,0.6233622665369382,0.2399626673907474,2.5473784508346347,3.0
547,2.663889323803114,2.818143979153284,0.5375488993748843,0.5632732222800183,0.588739144160626,0.5666867707282394
548,2.3272507281504105,2.447159891893902,0.43116105161126417,0.6841238634777885,2.631062881425933,2.4912912178808826
549,3.7819298213527843,3.5017264170620117,1.270904989975376,0.9792963619072851,2.4987269737377296,2.5930887402961207
550,2.1435080723673092,2.455732247805161,1.6482196913343938,1.9431951682519013,1.6278702576920119,1.6303531893166419
551,3.7956601910570362,3.6609451439272616,0.26088685601019596,0.25235812596426593,2.979340468347621,2.8417190494034177
552,3.935877798127105,3.9457638780201716,0.3014456980584504,0.2490988853807826,1.8741254169841,1.9959133535803786
553,3.005432402774689,2.8083605319867697,0.1514014515812677,0.1484262827160341,2.729669268011669,2.5212691579527795
554,1.9986984917176194,2.0816444154060214,0.8815168404971849,0.9584316026598229,0.9254640475288815,0.9842322484048764
555,3.6923085298716924,3.5019338890156027,1.1323975358493954,0.9459212689011605,1.4510636901597103,1.5714306061090066
556,2.910770717973544,2.9869751183948186,1.5989202447093978,1.627665642013376,1.3071397842688306,1.272840219875909
557,2.776902694467213,2.8262820500871735,1.9813874414264776,2.0,2.8705071595598604,2.8890426009054
558,3.6498550703901866,3.909000210209677,0.5381340707022318,0.6650934364611665,1.2185013721456828,1.1275541763530499
559,2.3997751970191565,2.5001069073576265,1.7330197132983176,1.798267560420217,1.7274531707074678,1.7201415274989789
560,3.4930828857969134,3.0763082827041734,1.7968181039424798,1.5941159388350725,2.4753817632842607,2.2492578603812325
561,1.8020183309399902,1.8762405100846686,0.5569149547954123,0.5506536448639505,1.843231997711528,1.9355969464788496
562,3.6699856616624786,3.948131608779218,0.4222864408174878,0.47787713910870633,0.24451146066458807,0.26419672720024445
563,2.8572059570227237,2.670636605060492,0.5240525137191191,0.38491733731445593,1.2856155342907671,1.2977716267278265
564,3.913661022809768,3.8348410267787507,0.9722120546649695,0.8582862074825259,2.234016649842136,2.2481405531664636
565,3.9215548455618814,4.0,0.45593707992805277,0.2942066827546921,2.2792186210389906,2.6420724211016138
566,3.3695866249554545,3.6733101636856547,1.121477436743993,1.380343245135047,2.752002685136877,2.7644535083143884
567,3.741761894710981,3.3613831603258912,1.8627028750620394,1.507779664041306,0.9017824112711456,0.8775633398385785
568,1.868144225154844,2.0143806748999955,1.7417324186333878,2.0,2.1220906851386157,2.0982295918310334
569,2.021415598930485,2.0168764402068815,0.9900635136880959,0.9977711568968725,1.4466623322748902,1.4148138583884327
570,3.338015262479266,3.7829227464637745,1.5404868286245916,2.0,2.7207233484870197,2.6582833462214985
571,2.0184813189949624,1.959997089580606,0.25345369626979997,0.20928226043045048,1.0941494953024478,1.111283379430298
572,2.9874019334627055,3.026159669213699,1.9954648960060593,2.0,0.29143474865562513,0.27208544440064325
573,3.1508741747788793,3.2635112948945415,0.7499789954603714,0.7056329846715711,1.7226745796538068,1.7950702290226714
574,3.7943986018224356,3.1412629999118407,1.323366067440646,0.5579036065755172,2.6419934200201136,3.0
575,2.0450361681427065,2.1114961344384313,1.0756582228902027,1.1056089076442535,1.7929168230006696,1.7459295576076446
576,3.832979743087548,4.0,1.4961304970676226,1.4738708037304398,2.6036241031409633,2.7018657300179583
577,3.3011956721530575,3.3437783001078163,0.41256872594892,0.45334928706542843,2.6571058953501927,2.6600079250591433
578,1.5885817496407317,1.548120379508794,1.5770691528762597,1.3445106767993122,0.11110309643264171,0.1303113787658981
579,1.548128131136036,1.5213993423213268,0.14414051032571285,0.1,2.1532247178109793,2.1286925365294667
580,2.8205264173860427,2.4252283785153814,1.4697551000198579,1.0742506148062734,0.6265021818727661,0.5954282794469937
581,2.2939835620351023,2.3682073274286797,1.5142858817255367,1.646870136255177,0.41038926454537683,0.41792595738505656
582,3.211280469947857,3.26379467387967,0.24961328117503595,0.2102280448327165,2.5617232322342103,2.623082455931222
583,2.91116116238161,2.844538863365269,0.45123757737632164,0.4076364945197809,0.49330348424797044,0.4643472732012929
584,3.916368035110415,4.0,0.1320998061350393,0.21953430959263842,2.069086228130826,1.906445901019604
585,2.986215552094498,2.9459924764295233,0.8601728156446529,0.757240983262222,2.5883053233740374,2.606614273353293
586,2.8844113690436837,2.918767208174166,0.5077014982689398,0.5140604633966853,0.6584769086698311,0.6147484149859954
587,3.7659478126967496,3.632325022897285,0.7549837363080467,0.5077035341990618,2.766882770752689,3.0
588,3.6970691778444666,3.7921157982384623,1.068108295785048,1.1715504517953341,1.1152444735108795,1.1286111316146696
589,1.5061632712925097,1.5315728917694138,1.3718044417274127,1.415018970508239,1.311943721655335,1.3562457040760996
590,3.5907855165421223,3.636013136149713,0.4216839657767838,0.3046158534056843,2.023226237013325,2.2743357991924085
591,2.7696267875158447,2.9308302355632256,0.829790055831698,0.8852876304035907,1.3013822866472033,1.3146435359389692
592,2.7248450823234807,2.8289047271459853,1.0410928029347195,1.0647002019166474,1.0068158549270183,1.0464433676559195
593,1.5816059773131212,1.551189368263985,1.9096073260804893,1.7557270503192504,0.3735262272984705,0.4324325808958881
594,3.30794254251093,3.353073360093994,1.9909105595813634,2.0,1.8956190637055004,1.8940428115766592
595,1.749064819098297,1.6975128319937518,0.3599289085433519,0.1,2.7605249404630587,2.9173065425677516
596,3.8741677769781457,3.749004067281125,1.3009899380058336,0.8863999372906914,2.6553937363109186,3.0
597,3.027361037624053,3.0472810396146617,1.2978318011240468,1.2723335405937457,0.012177640563056036,0.019266966182563856
598,2.1947577488817407,2.3958439219151533,0.22414773040406089,0.2519711558535221,2.909756174274919,3.0
599,2.1216748117102804,2.0237638640263325,1.202416420170437,1.0849438171635808,1.292473033931873,1.2556300628364938
600,2.4269975199743596,2.316858966807046,1.412106516027655,1.2247007121783553,1.2868554794179365,1.28427048631369
601,3.111181033969591,3.0476717468993844,0.2029549958029734,0.1,1.6572908391952492,1.8039500071134387
602,2.833678925708875,2.726811428694981,1.1517952803308962,1.0058359374566845,0.7092823440641728,0.7767144592348293
603,3.416534394562692,3.4721000168838185,0.45138306816221985,0.4103284032666555,2.6510035672514825,2.799350183572174
604,3.9579411491586955,3.6950575574401348,0.2723566377797031,0.1,2.347468075654482,2.581228695898207
605,3.2800873065048988,3.2019895538295926,0.6681254252556411,0.5993762404364826,2.1959747245220846,2.1603521212896766
606,3.7797919499794435,3.7639265053957387,0.9293788953457649,0.9988675606068572,1.3224831363060536,1.1749236518555175
607,3.838672417469985,4.0,1.7663461889750396,1.9987152984300351,2.222153434483249,2.0931801756211375
608,3.883169189994759,3.191300915925854,1.289956750521632,0.4840984758666389,2.1887915429310425,2.643981854950357
609,2.344501517439514,2.244962521229155,0.8022363539141508,0.3877506417826326,2.6057207123270265,3.0
610,2.2284735863526492,2.238063203244448,1.6987933047625152,1.469102758939071,2.839691147582168,3.0
611,3.226817989350841,3.6748372942041887,0.5591101625995247,0.8455559191654817,1.8773509182627937,1.843551966086122
612,3.2036082971384183,3.853735757211443,0.7278383526926921,1.4061046423574635,2.586491940512672,2.3119996109231296
613,2.66514065921776,2.9824026682842595,1.0403757494939643,1.4581981076789317,2.4708344631557115,2.296418606173366
614,3.725430559319742,3.9159578096632313,1.5471181932225664,1.6540656381924486,0.37437290104140064,0.29211538256008324
615,2.373267495859773,2.6018873517516266,0.6931228947867146,1.397081567866978,2.623769835338851,2.2486045242579538
616,3.7524724148718005,3.1951745541162406,1.823295278304595,1.3175836334954285,0.5554191444526693,0.5692553763324396
617,1.6141751841515994,1.6238291858550695,1.6426316271357737,1.618772775207509,1.622233639808944,1.4769669929782883
618,3.404683070510819,3.4348948065472302,0.6368631092890003,0.6355987363317306,1.1460445372525165,1.1522850432785232
619,3.192291301716955,3.3779489652335686,0.22268870873835472,0.33056007611071975,1.6426661155839692,1.5336169075779327
620,2.398695169142324,2.378515320317835,1.1551743534365837,1.085632044093672,0.6377259889590732,0.6670967434175695
621,3.834945159878839,3.905181470256726,1.9250944319750196,2.0,0.8383866867087588,0.7548609555518934
622,3.518061770831391,3.788672756749576,0.4677295975167086,0.5362766107750453,0.6404910267356505,0.663171528576452
623,2.57526726947921,2.6820814978505285,0.2981653460682465,0.32430314451062786,0.5925152570720328,0.6200491040840987
624,2.172942763805059,2.0540668524979395,0.41158246499926765,0.3137017012878668,1.5731680748451775,1.54004268299708
625,2.3058844054168257,2.2373351424651515,0.4253476890605956,0.37270360199599367,0.5867644177188415,0.5845972131496268
626,2.903190997053529,3.1026191372894374,1.7125989617298005,2.0,2.707815108353765,2.7254468624284316
627,3.099440747695771,2.972032697074187,0.16321145409096022,0.1,2.071094766794891,2.054616522977668
628,3.2218422461239995,3.379227557486739,0.5159582391967371,0.7516769269175343,2.1366433811136605,1.847613127342521
629,1.5890857731238603,1.5573694427487592,1.0076362309949654,0.8845268063408902,0.715825411727145,0.7631525970774664
630,3.3065074035418625,3.729543259588374,0.8770144347604413,1.2538844591356486,1.9295993711955501,1.8430175887982154
631,3.499840297602459,3.293485814081953,0.6382585844808508,0.3531975792972427,2.2928488607738498,2.563831025086284
632,2.108105181255233,2.1721030688229446,1.5893604345021939,1.5276134601366105,0.8604859954100151,0.9180714579117121
633,2.8049801583720724,2.805531145469102,0.4101990184674006,0.3117445204582244,1.5269812513865944,1.6780103065920926
634,1.7563937286658045,1.7793299860414058,1.5555541325103959,1.6347900515175902,0.035307896224946345,0.09482346411443124
635,2.2475272419375263,2.1788223795436648,0.4246263632820584,0.3640315628673536,0.23463394214165478,0.1993463707717311
636,3.238814480620611,3.1930062865620332,1.0135668459406655,0.9616169020610089,2.22991495043036,2.302626609351654
637,2.47881549053968,2.235536477592202,1.0830014723220684,0.8008189793514984,1.0662263053411993,1.082924851196884
638,1.6101953059760628,1.6915369439717156,0.4182605589921874,0.4764305513181775,1.5365366775198974,1.4967318548475683
639,3.0954346368425587,3.3826094056867264,1.8433969326831354,1.8353502735024423,1.3164359841534847,1.27847866575368
640,3.922346580329538,3.9777780732121184,1.6983863590012704,1.7022638498725486,0.5548563264618379,0.5595454019660123
641,3.186864717229419,3.20673258475698,0.40447803695134843,0.358537637325689,0.749451422447358,0.831559890885637
642,3.4390626001303977,3.4174172371079576,0.2603270092718488,0.11607876015255551,1.420647595638552,1.7077776794641017
643,3.8379808137439766,3.008312920347338,1.679353971932822,0.6172144651318426,2.1802005265923663,2.653106184860612
644,2.2392556651843147,2.228456006780002,0.6515562294695505,0.6652472851680518,0.23904288862183232,0.2487158056442614
645,2.7409915454903224,2.571085669856191,1.9098779774959953,1.3193929445491255,2.6676540261981496,2.9252430158207687
646,3.4309073878084835,2.9382974187986473,0.6556489568544034,0.22727962454795095,1.4686782936521272,1.7358759503699215
647,2.1235926225566533,2.0592350819505967,1.2403191961410733,1.058046116451383,0.39040333377071945,0.4376142393810528
648,1.7521563187315565,1.7716175814177448,0.382139979610603,0.32796620663314435,1.0179447368210395,1.0338297869711721
649,2.3945699768007804,2.2365287506865084,0.8165157820977734,0.6972099921902118,0.7937725476785754,0.7668372845602445
650,1.599364274752234,1.5876280229532658,0.7721650718886094,0.681479659463214,1.8526358108931915,1.7954351031501539
651,3.8089505541448307,3.34067658692682,1.45312986813466,1.089044346632881,1.3503297755765247,1.4330295251946616
652,3.6769043966054515,4.0,1.6344361014020607,1.7093146682168392,2.41813703567678,2.5269641969704235
653,3.073555773959842,3.2690195784806555,1.0656999285276312,1.1953352812234204,0.16938149566966731,0.11848320132296052
654,2.4642323741594865,2.3538373648691673,0.6905165823068392,0.41500112503033604,2.013630208475047,2.2176112065619544
655,3.8698458286512016,4.0,1.4427139354204084,1.454358806744313,0.39977121202065324,0.44935636868219464
656,3.6924628686552845,3.395913696986828,1.6745070592380435,1.3460567919665183,1.871509075295899,1.8432959620270752
657,2.524865896590103,2.844068362188487,1.2196227808676023,1.5751326926725022,2.1532465810561354,2.1550267632367626
658,2.5971931175241565,2.5495354882525594,1.145170748526518,1.0820088153884917,0.9619263981056194,0.9895757050814503
659,3.107576666103404,3.0198458289951877,0.9622969235914912,0.8153305963156292,1.361281812251753,1.3652406618356137
660,2.7698256818181095,2.803723989001814,0.3942594333888778,0.3781736773448025,0.608203360098601,0.6070937401926204
661,3.381847493374581,3.4437968706607065,0.6350006727268225,0.9615691998195326,2.4702879854642257,2.147237065398002
662,2.841111249856863,3.0065589964616044,1.9091914865511823,2.0,2.626521090765743,2.622967749141591
663,1.653805948086399,1.6154563016431198,0.4249069421489756,0.36293265370782407,0.9522110168946623,1.0023063469537303
664,1.7950403622490851,1.8119799353019763,1.6433022535082613,1.8867288856992541,2.799151923824274,2.6509638471314627
665,3.9876011269970992,3.6872231994534688,1.7417768660791362,1.3802654117804154,2.6098878761722535,2.791486189522203
666,3.2630412859380358,3.5443281464046903,1.7294533962218408,2.0,0.13325446184633072,0.12920329985970663
667,2.8574904263411955,3.1288037648250437,0.26171568270925927,0.386854413771453,1.386932482236149,1.365187665942663
668,3.9168119717829626,3.88180979837119,0.32581041783090325,0.31757326830628685,1.0032340602004155,0.9668363609224262
669,3.5722245035468365,3.6653094565506215,1.818951910072737,1.913867578668434,1.816037425944339,1.7692075208502172
670,2.47528567465554,2.7923666363415913,0.7360096358941859,1.1114867511556057,2.8217609595587656,2.7233118519404025
671,1.6905909656625577,1.6246921029700312,1.8783841681470237,1.2604718122497691,2.7714928341906737,2.884572527283131
672,2.0695887538855615,2.0792717209374816,0.4339144357365068,0.28272969626880695,1.7983231871926488,1.9493856818800763
673,2.4520983863691797,2.1527496698808104,1.1059299380207501,0.7395229124532812,1.6220375218256484,1.7001841452349724
674,3.1009874766003342,3.0827037104850983,1.039567047958345,0.9333773239799116,0.6647104684359645,0.6706425774772923
675,2.3356046563107697,2.7971292139707535,1.2581974324725287,2.0,1.9917262997604226,2.0037427251760684
676,3.073851095077532,3.04251912377152,0.9747288819651156,0.9013903637054281,1.1598758377591905,1.1624906010990546
677,1.969045216551994,2.0990941157090917,0.38526550700879303,0.5342258602842331,1.5637802007766575,1.5120742915079568
678,2.693146304074979,2.446690191374931,0.5014480068607904,0.35886381354913327,1.3225035920397985,1.3490303259887237
679,1.5174542516919798,1.629720973782163,0.4584490747575082,0.5148342487369635,1.3618910402559288,1.539983470034729
680,3.7918496443985052,3.4369365217980987,0.7145290642989989,0.24966600709480657,2.5643021480870622,3.0
681,3.775770419761013,3.4264116595091267,1.1901024635556356,0.9207945081370436,1.8655556608053625,1.9898619921068175
682,3.446902389503047,3.321339453272605,1.1078676019970333,1.0541479401952731,0.06289452053966327,0.0
683,3.2310847042457542,2.9921401587336347,1.465096053472373,1.0198376646742788,2.479603448114797,2.790878767980596
684,2.414294762802502,2.252568530962765,0.37989103395708246,0.3040877052448923,0.26358175299726716,0.2229090018701326
685,1.758979852185741,1.8667902875860853,0.671097561470661,0.7302312791946752,1.0497854104409268,1.1022359934779637
686,2.604576203435691,2.873054135502373,1.7561986527526197,2.0,0.7439548995476333,0.8234998661917118
687,1.920945388491476,1.8550583506124267,1.7426149953670111,1.5575322108465277,0.47158421706428566,0.37422553234609823
688,3.83112803969978,4.0,1.5035910150415621,1.7295621962834251,2.4601008957152217,2.355311009499826
689,3.3355114729576596,3.246606658792546,0.10625180551055055,0.1,0.4809460116203491,0.44790578869849906
690,3.5187527143735737,3.865393689405613,1.339515382461105,1.6448614268470216,1.9517255443114179,1.8989227392124242
691,1.9462254586274306,1.9299755711045214,1.1513042934873499,1.0188447621941255,0.9232914205819592,0.9899086972607534
692,3.182046108765937,2.9281456535086936,1.264307604248329,0.9926413192071258,0.8398083937723699,0.8874357166403929
693,2.35768760525921,2.2004208679978996,1.3933210788173485,1.1687595240713298,0.2061021966521035,0.29819838711282787
694,3.3322656677794615,3.4432442218240054,1.352458699832634,1.345485061129328,0.69716157114542,0.6558337676328581
695,3.51972350950209,4.0,1.503264062882969,1.7039170618457573,0.9165014178033204,0.9419993239220245
696,1.562349348568112,1.5,0.6992610047226597,0.5793754164793117,0.7971395448419158,0.8334535269920665
697,3.5778089885012068,3.0345826788127446,1.602915341423863,0.8859716139809559,1.994147502845697,2.2341980096721774
698,2.2131085177696597,2.2768842014733504,0.3185424096744256,0.1,2.4913687130241797,2.8642383666154227
699,3.6402154505088995,3.4055107829694284,0.30395382731522586,0.1,2.345707904202851,2.510076031631428
700,3.0415891096603316,3.023444901680777,0.15128667817956587,0.1,2.9585003875411386,2.992959262207727
701,2.8714798755684416,2.660590764555151,1.5747211334557158,1.3053995004704648,1.3660341535534581,1.319663465259993
702,2.155814229741977,2.0630470604043105,1.8172228860018236,1.5873724553944726,2.5270850457326843,2.4838818394447117
703,2.052830044478589,2.1508446290664005,1.5946413466381975,1.6453297145639723,0.3200577817993676,0.23937922999748798
704,2.0937203954941053,2.0372982201897445,1.215374640364747,1.2249402067655544,1.301562821687711,1.1689448289253754
705,2.0939271559840185,2.2982742670564793,0.7051069049983173,0.8827357470523789,1.417777366470089,1.3941722961548357
706,3.6420953691036084,4.0,0.3059596246412335,0.43191446738135736,1.790063367253686,1.7494721198670968
707,3.063559235739837,3.477220254610479,0.4603547827587873,0.6085585637344132,0.4980248431606491,0.526900115415476
708,3.8582043045522134,3.8850342587476296,0.8572844858121075,0.8148162749621649,2.8374241456225904,3.0
709,2.5925574379817826,2.668426701852744,1.0273383801487057,1.0263131648920314,0.7382018423740703,0.7399258872204566
710,2.677427779642081,2.5089351297430698,1.4997066477925134,1.2590974073797518,2.9655232974552517,3.0
711,3.3707250329885534,3.045053357345949,1.9530368998024574,1.6492867158923554,0.17448847825217462,0.18884426355148098
712,3.869878983172799,3.902638017364838,0.8042030312202368,0.7811563939950946,0.25555273870394446,0.2797772193516757
713,1.5817470310051642,1.7649016043198724,0.8353996520956947,1.017335267866609,0.477291823655392,0.5091826880053059
714,2.7350884308160253,2.6166682411230027,0.1212052805411884,0.10485690562580165,1.522856701619735,1.473241761349352
715,1.8829508671107051,1.7973106901657696,0.2332881534782139,0.1864430772438662,0.8727199096275814,0.8674903261548009
716,2.2949464518252936,2.488681787197408,0.2036013149912921,0.26896615975400456,0.5958129374107157,0.6980302332440482
717,1.9688021803965445,2.0795474374938427,0.5351013098566778,0.7287928713951685,2.992447472685878,3.0
718,3.316569553631218,3.4594334279441568,1.692304011615723,1.7717433498393989,0.6059299341226682,0.6429389130842353
719,3.0681020815298083,2.8878105339654843,1.0372615454398815,0.9440225018951138,0.40063613673148935,0.38051464184680517
720,1.9849778481271811,1.8929794042917345,1.6154574199196872,1.3986269473100137,0.12975946455884502,0.2352771123583821
721,3.7059006051135817,3.7599320057532797,0.23900978731012107,0.1,1.9528401418365535,2.21074839502837
722,2.3700781291827044,2.3329857779975236,0.2613866916428743,0.2835055970832788,0.995461986383596,0.962911329220465
723,3.520804202715643,3.4403593345952235,1.663166715462907,1.5310980101947722,0.7381253789077183,0.7429657230976889
724,3.669266629840539,3.056901830805277,1.8626697701951183,1.3218479699059378,0.38058533442298126,0.36002344921788126
725,2.4030679267237276,2.285984875871515,1.6273851599080844,1.0228583364577424,2.688202932820378,2.939640317360891
726,2.277700567756801,2.254287462383125,1.2182830852148705,1.1355838536997813,1.253514204032125,1.2666049185877597
727,3.8283558713627075,4.0,0.29037546676285203,0.40888339179929534,2.3516969638146765,2.260971896359775
728,3.989185480083887,4.0,1.8746326918043603,1.8997538785001853,0.6492411887933112,0.6380667244429796
729,3.428182874446075,3.1392620688011363,0.8476489734749699,0.5572673395175484,2.2138911121923215,2.3152138703718625
730,2.198812405208033,2.1146870376263776,1.0240084769205078,0.9078166686899979,1.1642256410332275,1.1357707377255295
731,3.7432466280115304,3.359854871544569,0.3810461130601156,0.3164594303427171,0.23774975931358666,0.24482308482519777
732,2.497025953676405,2.5266442153782847,0.1090198226998813,0.11461909194300328,0.5596923610533497,0.5801306949317809
733,1.6952199192959323,1.8281006359391265,1.0574031512670548,1.530266263375825,2.763363936884023,2.590047452467164
734,2.4809304544784854,2.2302135217570815,1.7600184758858946,1.4011091823292279,0.5978952811010305,0.6056850610608917
735,1.5611503721352438,1.5628001947015686,1.0323594930928768,0.929523772135942,1.2576581125960413,1.3192539747778889
736,3.4140673641347243,3.9316961373787613,1.6093183772359958,2.0,1.2640970700278666,1.2710059822844213
737,3.4928056507853995,3.1327419060912973,1.9864567428163378,1.642561766465889,0.14567728558103588,0.12173013048872437
738,3.0776783514743977,3.8594615324255406,0.10627015188587709,0.7468476654090709,2.459902505444476,1.9572100085844202
739,1.7908606625103147,1.8539739462959206,1.7629893611030214,1.8082412427333592,0.40513264190134224,0.4079405370380627
740,2.919709521366458,3.076487642528043,1.438094360006734,1.4449282630762736,0.25503883542265693,0.313955389883759
741,1.6640385042394321,1.7216708103550462,0.14004344452377168,0.1,1.16233818000277,1.235476426436788
742,2.79303336070459,3.388528337874823,0.23861032701871082,0.9503838318121585,2.9675519451357544,2.482029489345832
743,2.078411660955595,2.1155474965489707,1.1031712408008278,1.2256282244069026,0.7184922581157618,0.6439849097230732
744,3.1197187788050136,3.2316887465042736,1.1930354266363485,1.2223348270252705,1.4425972247617458,1.4933536159627303
745,3.6916672405273,3.9710694939160476,1.25620396375983,1.4014835042843738,0.29386851674050685,0.2800630261064197
746,2.6426182941253256,2.5927313292359835,0.8085217343979154,0.7278932195962664,1.646531478144483,1.6126388799108933
747,2.3817270470835648,2.5277939619613936,1.8541949583085806,2.0,1.6951179320868806,1.6837088377872649
748,2.566696159305031,2.308710166771957,0.4917770382957607,0.31762407353516137,2.0878137463504762,1.9893071224425944
749,1.5614370162125972,1.5,0.925508538926673,0.4376282933186637,2.6597152843414023,2.835805735558512
750,3.4783828030255703,3.417112304111792,1.017141993143317,0.9226584727299191,2.043048236962396,2.0408717361298603
751,3.941082609324826,3.929697443523793,1.438687133720752,1.302963034875273,2.7761059240867416,2.9461500717210556
752,3.961453845289705,4.0,0.42025948168309657,0.4402810295466638,0.26047947808149075,0.23712565671190636
753,3.062121008794928,2.698910808688841,1.7604761958138153,0.7457823025552508,2.419537899596708,2.8834613274902665
754,2.029155796840814,1.9830812659410988,0.449139142215931,0.1,2.485162540386325,2.9108207068215854
755,3.1952411801246945,2.9435255443741957,1.1341074939072173,0.9489649675548096,1.2509889565831895,1.2033268006715152
756,3.659542713800703,3.7331207792696537,0.589425303658625,0.6251240960516457,1.2983835834226567,1.2527395730262243
757,2.314279888841054,2.258524226660293,0.9407507819820433,0.9119932955668774,0.5004762914758419,0.45531258336843927
758,1.860968203715967,1.7379164833163232,1.0439073184591414,0.4447646583011134,2.6999380742461763,3.0
759,1.9189120702429505,1.8274589430885977,0.8279511557861318,0.5574291568653073,2.2261638747560277,2.3500523436060994
760,3.356735490288419,3.7121463140122146,1.7485678084112766,2.0,0.3804786544480614,0.309275060154702
761,2.170699141000842,2.3004165244111743,0.20505805368798785,0.21020195090113597,0.40308512547747055,0.39978687510458527
762,3.837049409331813,3.546632227795739,0.5292763016714727,0.431589364692012,0.4731294440784156,0.4765774498597747
763,2.968149275636758,2.9462528180688965,1.357965522121926,1.1474672868641802,1.0965802386163261,1.1971811483747665
764,2.0142467591884947,2.3564217826462452,1.3110300293004427,1.740503612935605,1.0853962235053123,1.0789278005845269
765,1.9262301978207153,1.9914719635759068,1.0161292859239868,1.0030212973179826,0.31732589757589713,0.313254759047582
766,3.9062109920788695,3.121090675944629,1.6029896080552588,0.922630558012174,1.9029682301588036,1.921168126374467
767,3.468407331793505,3.4875016600554734,1.1574689310372632,1.1214186494309575,0.5895081435279333,0.6062947761424871
768,2.1000174342818436,2.1654898312972684,1.3036795482302783,1.3310278148271393,0.28168944156437514,0.24847203022800787
769,3.7708340627378116,3.686735833135754,1.808748512577924,1.689281912726699,0.058032007593109225,0.039534140398018634
770,3.517408570440712,3.408571341023442,1.6328473761897437,1.5875205934214818,2.1360560378584887,2.049398427019578
771,2.2080581872147067,2.1309543590369984,0.791502320156113,0.7273655357723298,0.6778638016267001,0.690431501194266
772,3.5998467346007863,3.5602112809501048,0.8915868923650367,0.8889324335461639,0.28535876203395394,0.26344628697902195
773,2.161799237214869,2.131899447083637,1.161058706236896,0.8839468790736313,2.159193665968302,2.4658774423757555
774,1.915570819066792,1.778979647241143,1.9873613304777384,1.5586605004341731,1.114827235702602,1.1815056116007125
775,2.4483225669625956,2.4828410879189606,0.865658906711976,0.8818053631465558,1.5554680659200089,1.5524031846529147
776,3.07541898611554,2.929958702158776,0.14561149805183032,0.1516657493970732,1.4559203710977335,1.3372453418491337
777,3.236959552771084,3.4200777277876226,1.5522123970820187,2.0,2.782386428833699,2.535955828892122
778,2.545129513347507,2.6213324079185245,0.49999753108907397,0.46321790200778185,0.9650074240755123,0.9884905624226595
779,2.2205799485749687,2.1641235518671533,0.5579668323680972,0.46028322169820224,0.6881095075112874,0.6772796985823333
780,2.193935270366093,2.0547993948398817,1.2085283659470731,1.0031821043291194,1.8216110477570768,1.8438623053230565
781,2.4591146544952123,2.592215647279415,1.9489879625714828,2.0,1.0291832613609058,1.173383221983187
782,2.3924407492684456,2.1619803421750032,1.1616950059429476,0.8791186863854166,1.1334666815948924,1.0649705183846878
783,1.9443928073750247,2.0451175508273867,1.4970992361920241,1.6749731745894256,1.7652631826627845,1.7499440561970874
784,1.8252207993530896,1.6943006561955687,0.5470345966394888,0.4032754009481419,0.4118328540759717,0.36323731267570075
785,3.9793379510040134,4.0,0.679542760129077,0.5965729124012029,2.0377664632716286,2.1810762214606676
786,3.2702971098106697,3.027371183856596,0.39228663247452156,0.3276765924455435,0.0639757679693439,0.07603207805581876
787,2.4785462365934787,2.5590825384413667,0.670061719278476,0.6707846275734279,0.034215404888994994,0.058705556960721175
788,3.8657261485817402,4.0,0.6553774079605936,0.763285629071385,2.493360900459132,2.375392032619552
789,2.1809925601626006,2.3149835374420005,1.179251158335211,1.2827358598978658,1.1144062068040643,1.1669746928358076
790,2.3979327758111753,2.1709701436261484,1.4504171834180204,1.2184892864656316,1.0213698475835309,0.9758218707059618
791,1.6028293904881816,1.6558991286897389,0.24255982519063218,0.2078368372246553,1.1985081926028296,1.3469424391996652
792,1.9044440711740234,2.0119027649633363,0.6216950482837325,0.6893328168665626,0.9472340054682232,0.919597869413901
793,2.421136155258833,2.3383759807940088,1.7918594631143938,1.4391384583417537,2.5872392365967576,2.8296929332883196
794,1.8484553381800213,2.093758679409457,1.219122181929669,1.446014643640303,0.7852260208766119,0.8489814077457069
795,2.8934568217893952,2.969146926063973,0.5690052034261182,0.6716914800270959,2.0227429840898896,1.8949864560700025
796,2.3862276328938576,2.228485944005189,1.5345973646161164,1.1106992336171893,2.8613826170213903,3.0
797,2.1148272584898535,2.1443816308309556,1.942649192830263,2.0,1.1857055661639273,1.1647151192413305
798,2.8120095318153164,3.224149686338985,1.5104941431510002,2.0,2.6162524245472745,2.5455614432325078
799,2.5190255319593122,2.5768099727926,0.5838835221313732,0.5461476573962496,1.4086760813907522,1.515791966494592
800,2.2620806776519666,2.1658002464411776,1.3450445838804845,1.1746270090249404,1.751181834409324,1.745097442408714
801,3.5640584771645782,3.733739875105897,1.9044448328363086,2.0,0.018113746058291635,0.04415272665880495
802,3.7649569290532527,3.8106325843704045,1.0867161293520498,1.0503509741586996,2.6175571439805316,2.7016728828626926
803,2.6494776577049386,2.2244549127940103,1.92101803612271,0.965970254235586,1.8770929657116573,2.137708924943669
804,3.366954910260122,2.3771675784059587,1.77110910332549,0.3814212776615897,1.8731785084226817,2.422457678696456
805,2.6034480916866407,2.7200306158425165,0.7379395906450225,0.8065983930097606,1.0358991148427639,1.046604644207358
806,3.426480972816952,3.8934379990338455,1.257779936061084,1.8628724659956835,2.9512492398059833,2.6766598652440488
807,3.787692727112095,3.585016005642129,0.6686688196477589,0.5344413890252481,2.9162682427319413,3.0
808,3.1748430602933726,2.8467282967871324,0.5989373547749467,0.34041554653522466,1.5596170163172238,1.6928169461074003
809,3.4584729692707636,3.0602116908957404,0.9916747751814087,0.5864789162405194,1.68802026336679,1.795500274716002
810,2.0140100812823016,1.847065248334418,1.3006455301348996,0.8424630458510851,2.9539324262656965,3.0
811,3.5924626187425654,3.326647897121602,1.5382887884622996,1.3076225371225987,0.5657751239766051,0.5602898058283712
812,3.8956663193787113,3.839129003636886,1.4390486036027994,1.2946933059706411,0.8532355386175291,0.9050740912171412
813,2.970610314424775,2.8069449626392005,1.3621003783855392,1.3807427647251331,1.7633084669073305,1.567875594089359
814,3.740534056273641,3.4442513599233076,0.5217782145533724,0.36812393304535107,1.2356364369890875,1.3073115671940896
815,2.065856096233779,2.130951841238969,0.19958084711139376,0.2699562300473427,2.855891593582075,2.803502285339516
816,1.7255033559320818,1.7081758314499147,1.5715131030202087,1.5034132498251465,2.930315203722473,2.857675929606088
817,3.1748659958660417,3.187123187085354,0.21592052387410549,0.1,2.506465257609017,2.7505176604013943
818,1.6654193871727585,1.8206051481124081,1.049611224586869,1.265008362913806,1.625869310728037,1.6828477962115609
819,1.907152654791042,2.0412558214701226,0.7288220088369682,0.819052331610727,2.1942275173973447,2.1531668144341025
820,3.8357547886164496,3.3236727828909225,1.2479200574227067,0.602318918625242,2.649558237675844,3.0
821,2.124485205742763,2.1788171427058467,1.5975033264313483,1.6500238170247756,0.6050979763423359,0.59996621157381
822,2.804674554668149,2.689879742659146,0.7148182403348445,0.3792793536377245,2.344508977438418,2.603543227896019
823,2.438466663465372,2.5677769017184455,1.134467435057151,1.2518702895431566,1.5574173359566272,1.4668627010196906
824,3.044606992896971,2.681088521250697,0.9140631523614902,0.5425800802808308,1.9645090468373194,2.1113500271220853
825,2.81334548916046,2.6162350947835193,1.3567801175898953,0.7906783619908949,2.6848338692173757,2.9667360464378194
826,3.1068270542160983,3.236871680592302,0.46134654090552696,0.5992955919471812,2.7672827986662507,2.6858651569052374
827,2.8729228511552645,2.8639644936563196,0.525736213790015,0.48071922883132223,0.7785799036744672,0.7704168226623433
828,3.428253203724689,3.3255117859455408,0.8661517434828234,0.6138358397274288,2.169234809410187,2.427615015754778
829,1.8636377317091666,1.8703414616466871,0.8942560514871783,0.7187493698601316,2.278883061450057,2.428152822079128
830,2.4726379697248757,2.4518553784537787,0.212172792608559,0.10011587169034475,2.399412522329021,2.5294900975143313
831,3.928004627402448,3.818871473100729,0.17673311156152843,0.1,2.493680969071493,2.6170414621995355
832,2.4381889206799543,2.5656072754712307,0.6351766786198961,0.7595475890963831,1.3726986870065034,1.39277305797328
833,2.854788331356716,2.8294850871895085,1.3627550871974154,1.272454557724575,0.40942351507789576,0.4058857950705808
834,2.531082158241823,2.623003953904556,1.3408397661900437,1.1792477878301986,0.838883878758638,0.9384297955726811
835,2.4637107482630514,2.3115620010595355,1.086370500283766,1.0107353574210503,2.2256528548179233,2.137162990123967
836,3.778163954774918,3.3847120856186317,0.6051433620014677,0.3459681478905512,1.5873879516321305,1.6754687158903283
837,1.569885356914848,1.5628568364554574,0.48051368426935814,0.1,2.5546132125396857,2.7249588422642534
838,3.375056080302424,3.6436667878309943,1.0117040514941724,1.1445239040180542,0.024693300746414737,0.028171206966390996
839,2.9586062833573505,2.9864622088911488,1.6056737598359245,1.525544797219977,0.5100202960256253,0.5478078524574561
840,1.7307315235388294,1.8292681456628392,1.1004351471247713,1.2101717223964399,1.3291319153944392,1.4447559692360703
841,2.0066211018287547,2.075168192355292,0.9357166033318837,1.0187727453604183,0.769857531380596,0.8081588133071284
842,1.8678532710712699,2.082243350038358,1.658248063194346,1.9902235825851062,2.0116868081765054,1.9292482304770244
843,3.48985192894504,4.0,0.9479690799882469,1.236843472984653,0.9691625651985891,0.9686977189694312
844,2.8432893228457554,2.8861155146115607,0.19843971881159767,0.1,1.6433378084096006,1.8232977918366566
845,2.7134171295584064,2.7839554505271176,0.47907024821081445,0.4669138741601943,1.0306582688228034,1.1681194755274453
846,2.7352801784169083,2.8308650752130187,0.5501039138276275,0.4147151489143582,2.2103928904285643,2.3848898502847096
847,3.947734599393496,4.0,0.8859246101984951,0.8942319304457889,0.275217358526332,0.2948800680472226
848,3.4783160501910295,3.2285509683424727,1.1441532549691953,0.6139236474667416,2.5838521159988104,2.999999962179651
849,2.5048203219598606,2.5369449941420443,1.0364760919755975,1.132318497793468,2.949864286058362,3.0
850,3.5510611518932476,4.0,1.1099180423490158,1.2941174157616926,1.8969029816084757,2.019969072261455
851,1.9055337275983564,1.9008737405636646,0.18441254651578604,0.1,2.632181145631238,2.6488391026931697
852,2.443966679510477,2.5754606930227713,1.531709406629705,1.7653935521253867,1.9834242740664942,1.908933133384135
853,1.837999037724922,1.7719456031730871,1.6296557446138877,1.488168481025207,2.1910177284244305,2.067234635094089
854,1.7294056776704618,1.8134055661748496,0.3007561198250946,0.36237510746308843,0.06991640689138312,0.10404934396749874
855,2.6438580772410045,2.586339998552441,0.39431549683669764,0.36281238792513537,1.097633494347133,1.1109563950786163
856,3.8560176947189584,3.5361906706811914,1.1569767962308477,0.9946825246435438,0.04624610231520432,0.015183780216712989
857,3.585367928695495,3.6305371781456084,0.8216704519412632,0.9267551096490898,2.275510682662717,2.1970923302002032
858,2.8329669902466073,3.0034181568788205,1.4091860324160919,1.4991020384336593,0.5903199554144422,0.6840015493317478
859,1.717312471074623,1.8157437375712973,1.1932332502474656,0.9936902095731364,1.6746831050203834,1.895257781184066
860,3.126914594114982,2.8974872526251483,1.316544901192645,1.1312881324122086,1.604403598586618,1.584263988409392
861,3.570216761688772,3.5279912181158335,1.7473082565663305,1.8226111754143877,1.7373627875288684,1.5700955737430706
862,3.2012559722014435,3.6217412633637776,0.6133034769481658,0.6917642383973527,0.677536691054538,0.6886752564649036
863,2.6677028370833433,2.3892807730946686,1.8956600201377938,1.4970737874133029,0.046490703835838754,0.024234900239898254
864,2.209538951921984,2.17451050935744,1.4998186138260754,1.402506392078806,0.02077236670076721,0.1216788757024214
865,1.58915233673921,1.5906327599333967,1.0650653996188557,1.0275140845627768,2.177726779592149,2.2364586348623914
866,1.8611708841809136,1.8313398966224186,1.2676938424092639,1.080665025541529,0.5146511612472863,0.5003617932889701
867,2.7283967217405483,2.6934368857328557,1.3953005101579017,1.2419199031196333,0.9526281569696465,1.035538848576037
868,3.0685828470302585,3.1145446350660486,1.1334968875156086,1.3490201476482238,2.953943157906748,2.8260944905308
869,1.7955305048873962,1.7963168052938203,1.259123259615433,1.2181963541607737,0.4514666348685439,0.39259619299037046
870,2.924947388315891,2.705868703444425,1.6405785860567097,1.0784435302222652,2.6175823154851114,2.8232895805721285
871,1.738773393298912,1.8151837377774043,1.3428325830490855,1.398143378557121,0.4125709109320358,0.3760429614539942
872,3.8052198215837634,4.0,1.9093239361446563,1.9635697895712243,1.2345899475636806,1.2447501847482778
873,2.0874943246439868,2.0696448703113193,1.1937931728635274,1.0901716828446393,2.2656267265377186,2.2325732835141516
874,2.473868162225026,2.2628543337529465,0.6806047660570859,0.1,2.028634354204765,2.5775802384580415
875,2.534700629045265,2.57063418988957,0.6754776767844439,0.5769565249376633,1.2230661725984087,1.330864095792913
876,1.8973675983761047,1.9336642416198773,0.6334543535088533,0.44188617906719135,1.6945008200516516,1.8187881014732643
877,1.6677759319099617,1.6037310220395364,0.5889160779462689,0.49096967883052706,0.10721766789987497,0.12107217969265924
878,3.9123593408192665,3.7583478849805627,1.7008860677461097,1.703115040110351,1.750058110670337,1.7029666513450463
879,3.954865530750427,3.409190498270126,1.8026688306976695,0.9546586401679755,2.478457971994173,2.893684181417129
880,1.9598080984692867,2.046358035031007,1.8932793052366252,1.964710107703398,0.5476724245197337,0.6439598866787499
881,2.853503972366252,2.513180583684751,1.09457124745677,0.5388894003754694,2.470433928412089,2.740548267500629
882,1.5697955316036154,1.8946153556547476,1.11605586772625,2.0,2.3853554968013366,2.2444145614573605
883,1.8945999713394635,1.8988249484879167,0.1921922160214967,0.44681674460149895,2.9336064676152813,2.5838435254302863
884,3.7638184388456297,3.473507374276968,1.069913249564532,0.9762815107443872,1.8877262370610943,1.8117330191308547
885,3.4802964661617546,3.340619948624753,0.9099700963052085,0.7957665714446299,0.34547511405726705,0.33997247780089734
886,3.1411537965248657,2.951831331344824,1.2534434712303133,0.9612357864309988,1.6564743355050031,1.7394451539189009
887,3.8767371134576436,3.929558549141306,0.11682444742867676,0.12229571053049963,0.6130586928745589,0.5923844834910842
888,3.028862021615435,2.843741945907068,0.36968060584630014,0.33030528338217735,0.286727684695682,0.27229347593326225
889,3.237905380375064,3.860569397618304,0.45882162620946143,0.6327281112826182,0.6539937370973261,0.7151804472169289
890,1.9642025392269216,2.1512886328555356,0.7271204383056565,0.9194968338168262,2.887032857315879,3.0
891,2.498552722462801,2.510573857611711,0.8185020978384233,0.8358123144364755,1.3749126598641628,1.3501841035923254
892,3.4855062148178737,3.320169312712572,1.7072916596616285,1.536927222225575,0.5306154793017596,0.5778270816899397
893,3.657439482033986,3.5033275779993884,0.7788006896287492,0.6505931350083749,0.9043164376087921,0.9177573054086616
894,3.8969434547678548,4.0,0.9492497518821104,0.929492871630162,1.5165263857235416,1.58431426316301
895,3.0110690416195967,3.014340380805884,0.7069783281570435,0.7163606760182746,0.8183356406557198,0.8139958463812135
896,2.869711538476774,2.8887378836121056,0.31321088031934674,0.35637915626916505,2.207631703432726,2.111728783648231
897,1.7366096783516423,1.872346440454527,1.7149878767199471,2.0,1.0252365494767663,1.0025920386572649
898,2.7353736437395577,2.670484439427594,0.3596802848702876,0.2777881640415621,0.8454294603398061,0.9010516347962981
899,3.3962410525426003,3.500492068070024,0.9083145878672368,0.9305530921898484,0.0637059268815362,0.08009954582626323
900,1.622792653575274,1.6999380432571967,1.7356579521801856,2.0,0.58982457426902,0.622653959270134
901,2.6993329213137085,3.023097081457641,0.7588630963522474,0.9576910016663328,0.7248493869128158,0.6415729408857223
902,2.833740970110977,2.7207268999281893,1.7179347171872186,1.573011824906145,1.2027448365766955,1.203698837478396
903,2.6093855667216346,2.8587645453934125,1.0689814861851754,1.5543281874129775,2.8309220675947686,2.579010573688003
904,3.538502515906309,3.430578096370362,1.1840991468740587,1.182623429271221,2.450344635057231,2.2625459850099707
905,3.6743363977321595,3.7285218062892227,1.4219270765213743,1.4374978598260912,0.15811188225234962,0.09395357216422638
906,2.4762276984086684,2.2546268956539857,1.8781306436725909,1.5536133202383002,1.3900824106212935,1.3217292406055225
907,3.9613680460992224,4.0,1.0654912250419049,1.074747858229724,0.06282258356381376,0.03570054365804818
908,3.42901364488863,3.4551635001225613,1.2024171948372517,1.215786835236498,1.1958304771240682,1.1772089529164287
909,1.6147991933559505,1.6286818598435209,1.8796924133066208,1.9265649402946474,0.9813256370769742,0.959535268226396
910,2.2154080002229994,2.1954114186502904,0.9558996499453327,0.8963019645555009,0.2135451626772168,0.18334546670101057
911,2.037525048647206,1.896742894808629,1.2240652532531187,1.0560951759643546,0.024085868666093968,0.0
912,1.6702921831299258,1.722554279636574,1.5466154564300767,1.4694036441854648,2.1760618791169466,2.24006614031919
913,1.8496532332377553,1.7435680262732034,1.909007796615813,1.6466562277845618,1.3202228122053818,1.387775480025828
914,2.0196014087752796,2.0213932875119416,0.4430170309891883,0.31395929350724083,2.5807179693696343,2.7734302689412336
915,3.2170010672261315,3.030258769459856,0.49320498520799894,0.4000582226261449,0.6468924067987033,0.6585666629092009
916,3.3444506896679855,3.256669835673808,0.4540273811598371,0.33864610457164857,1.3675849250645262,1.4676808537250299
917,3.3922240866830653,3.390947962079938,1.3391872672274598,1.2357312510706993,2.080499242820002,2.065709482613098
918,1.7763053986344137,1.7058789490049944,1.110069680638557,0.9484621145614477,1.1172720052798781,1.1625533946038962
919,3.137663846491,2.8932396249498513,0.3971745056333953,0.1,2.071311112380168,2.405260375345766
920,3.1054853692812685,3.047766152868287,1.2259469381098294,1.17625949242143,0.6128046935224345,0.5932161880297382
921,3.5155783956667577,3.9179498028086623,0.640522757063482,0.9251609548167397,2.0800669079899623,1.9647241004541185
922,2.603542202498366,2.5872839145211683,1.1118059415210872,1.1149383233300854,0.7416718291790563,0.7089823042389963
923,1.873169946295271,1.8858490365484277,1.93216135197181,2.0,1.7900293203761448,1.732833318973961
924,3.185638689006222,2.960210324230897,1.5350469342090067,1.196403886644786,1.2505978324430795,1.3548767220818005
925,1.7960764412832084,1.7709874376701706,0.8167049804652455,0.7774062355094308,0.2149635557725864,0.23769721437167363
926,2.5693941293104414,2.540226671004183,1.9128818109476937,1.6462851817251287,2.0150508469946202,2.0391696776944794
927,3.340034230459331,3.0113484744296586,1.6419611420679496,1.0628762582246787,2.423724409497841,2.6471541291809233
928,2.4897735048820233,2.4275526056495647,1.5415176250797455,1.3379270323565315,1.432263673869124,1.494200541712822
929,2.101072098494439,2.264944095593472,1.0427826913036515,1.0804243632711532,0.9951598142932531,1.0158509910908882
930,3.8923491332827056,3.919797490040362,1.9981178908108521,2.0,1.6226489260548267,1.6842451028980105
931,2.001206671361907,2.0230325399691114,0.6625459624634564,0.29543623692511295,2.515589428409482,3.0
932,2.1868042750147763,2.1784363506419506,1.5961788805423776,1.541013786205073,1.7262098925799858,1.787857527364892
933,2.5337429314291224,2.538649028198803,1.3975044211732948,1.4082098943476302,0.900025226580444,0.929941585165711
934,3.1977529467530603,2.8610717336574623,0.999031141521193,0.8046162267681014,0.35738808963640323,0.36424289343512206
935,2.6508436759858434,2.7617206473318916,0.6763124959455605,0.7003416203730609,0.476403050822242,0.48570566617452965
936,2.814638463504376,2.5953449010511234,1.8945878827635565,1.5601096960602923,1.9596317062896098,1.958927564598871
937,2.405339502933556,2.3360814338166547,0.17983788106005333,0.1661167171867346,0.059448601569347836,0.0330003932327158
938,3.148137861259177,3.3604010532671262,1.5357909813260784,1.5157007810895906,2.896639657717475,3.0
939,2.8256383826917064,2.907651956542072,0.9952243933153174,0.9316818500285421,2.3129454139348353,2.4265463303566577
940,1.9468596922608037,1.9056331557742874,1.2305929180560669,1.1179432857732277,0.38777333337740016,0.4681587001053652
941,2.5940315466448682,2.538563060501324,1.7039723633275385,1.5280410608043582,1.5891896453259151,1.6691403699295067
942,2.9341872544092835,2.8659651590173447,1.960633128212303,1.8299128802518443,0.4761633816642422,0.4445488419618003
943,3.296745050131485,3.5051299006515193,1.3454053711225833,1.4895248314823388,1.119021457736489,1.0573131321608003
944,2.0385291459181265,2.155729680852797,0.8238860596156802,0.9792887578765255,0.9093081791913573,0.9307719309570717
945,3.7745447769987504,4.0,1.7479449056702043,1.811604526550356,0.23177553447708288,0.20128899211142354
946,2.5935089625697842,2.5688009793999202,1.2223944679542251,1.0516527357976528,2.3408551919393212,2.438444473142606
947,3.3183587601284295,3.3903750547765603,1.475146650368653,1.503935736741411,1.065620313545189,1.0479750762071023
948,1.7897740366499288,1.8007513268781614,1.0685273200307883,1.0254048607437414,1.9373077922848918,2.0672727242894786
949,1.7139369972967042,1.7120583142915455,0.1577206987586257,0.13802183021190037,0.8103011933013304,0.8495059909825984
950,3.6403863523466797,4.0,1.1575994136437147,1.2192782834271703,0.27713586146756863,0.27826857841579017
951,3.6999465825714566,3.8768836796742625,1.9266880794307446,2.0,0.10326959752857856,0.1609672400005671
952,2.12450015723752,2.361677101739797,0.8297193612065981,0.9739978514810105,2.7108565528184294,2.778982402530625
953,3.18382406443744,3.286729762034712,0.24170286451865572,0.41218808863742995,2.373220294987207,2.0658897950728776
954,3.362613331098985,3.170624535045727,1.5335753459471717,1.6241485183745874,2.485167331019477,2.2937342235980522
955,3.75038662482177,3.858569820409498,1.393653050325636,1.4213694989111467,2.661952359585021,2.7114274057962975
956,3.2869745689963077,3.0675750402396837,0.9800911326087438,0.5019283315664821,2.5358397628991334,3.0
957,1.9252199763362452,2.0798091639628127,0.26576050094425163,0.4195175954124895,1.6607739928386964,1.5846751780881667
958,3.924425399895696,4.0,1.9757547948699987,2.0,1.4109438566060954,1.4159155209089345
959,2.6625419944232567,2.705933641057059,0.7841116327018648,0.7815012981333281,0.8171367471170655,0.8219109273191553
960,2.7199443903018174,2.936545804168462,1.837138100870786,2.0,1.0680954975678043,0.9897532592694791
961,1.9069078354014426,1.7933890867148483,1.9871915148186101,1.6073119159680629,0.6168881824589043,0.652722624005068
962,2.5184221851505004,2.526984794896337,0.8652455491426653,0.8598564077344739,0.49515103385855685,0.4660917324960305
963,2.590525572465098,2.6489325388592952,0.1740747690258702,0.27660704380402773,1.5256930145472116,1.4531712599191793
964,3.970603017741465,3.4623882052595256,1.3360615827419418,1.0528948500300812,0.23788083599719545,0.22922281375536102
965,2.6766023071868297,2.8616992660521094,1.4780766168601833,1.5757752000404153,0.1826167696100841,0.12868416552481782
966,3.478212173783485,3.6862785012697534,1.8677658179906154,2.0,1.97961960629922,2.0383552051199687
967,3.519566648841865,3.4905698829509215,0.9796720871407344,0.9436015062358583,1.9256643163205567,1.917516499521504
968,3.854204548277608,3.574806171802173,0.7193714243123893,0.5415609736869579,0.9769533166573354,1.0268824057183046
969,1.8585268494028202,1.826353606413515,1.1596169866620194,0.7540879569377645,2.096991200282295,2.2875466026935793
970,1.5262349298957556,1.5,0.40976006476735916,0.3785268013535208,0.03022967909076768,0.14109799313661073
971,2.26285043413807,2.7680577788401224,1.4995355883203763,2.0,0.8543566073697142,0.8422728799319477
972,3.0308694867328363,3.127765371147708,1.2527852670112503,1.3334034722105945,0.8767991619508693,0.8737852273229981
973,3.6548671879763344,3.270122145726567,0.44916416504917767,0.13712683414354865,1.7539520718103514,2.0697454251833927
974,2.1008154916185697,2.1301467457637746,0.117867145288039,0.14287828740332734,1.2121188791621789,1.2771019976865223
975,3.9520054743646686,3.7470613324785482,1.0247277459340827,0.9149213789038679,1.516438393033272,1.5570730228529812
976,3.749550346363211,3.649421892492177,0.8337255462380923,0.8276180500817282,1.0237318047447357,1.003617925646832
977,3.401518831645285,2.962723286616405,0.8123541746658673,0.5296455380856934,2.0633366984422383,2.140955476430664
978,1.6127115825056326,1.5735134914667948,1.840613926364137,1.5734389311760721,0.2710915584818073,0.2411043799543841
979,2.4427174724631167,2.3613760203339433,1.9857178097347128,1.7527498939595934,1.360314718973512,1.3692612991431357
980,1.9596906880913805,1.9874916989974227,1.7528137492171079,1.7184798153498007,0.023876565941340133,0.0
981,1.705404968056679,1.8404702859052728,1.3208604765658385,1.4745182123057472,2.238511738727561,2.2968586284556145
982,3.5991017050776097,3.707647782645393,1.0910154794752058,1.0386537133880855,1.5153895481646504,1.589738362589918
983,3.510223903691813,3.55930761147643,1.9031076636773994,1.897887977186965,2.542405810756228,2.518637075588913
984,3.203682836187511,3.531697814860148,1.8954527839663255,2.0,1.9778770245405126,2.180406350328734
985,3.0673246170153083,2.902080565674311,1.7992806690955503,1.587521257571303,1.2284331971781137,1.219950813355107
986,3.942715287346886,3.9936886817418333,1.0266500158074467,1.0732582260812615,1.0482653084117977,1.0252254246448549
987,3.5181135496534965,3.7172146015935743,1.730721606944985,2.0,1.9843922370020382,1.8906255181170777
988,3.9942511523193707,3.722518418274349,1.6975604218144147,1.239247981589942,1.2874225151485823,1.333363067613289
989,3.123031755975779,3.2929578316760826,0.8005167975475921,1.03634206419007,2.6998905815403496,2.4854333122895773
990,3.606350216777594,3.5300213880242257,1.9093200738102976,1.8825439196723794,1.3362267247772872,1.2671557508835416
991,3.128650747063682,2.9560291107224734,0.5339085597445566,0.22639519149301282,2.354149131341958,2.8005315645304583
992,3.8457989312017977,4.0,0.8351555663919188,0.9057050110112767,2.1723333209655253,2.146004999165725
993,2.0185878681884173,1.8779714529149025,1.439289967033025,1.158493028428889,0.30971067996241597,0.2789147826115775
994,2.758766716225022,2.8263792623164323,1.7656675465161895,1.659677962931049,1.4917992811877585,1.5221897379339835
995,3.1166612849217907,3.1062848319019394,0.6773880722547683,0.6670930892629122,0.6256819846907953,0.6012560681703173
996,2.1618854065787962,2.030574055913437,1.5647682821828555,0.9059412721026581,2.6149208350202913,2.9320551064049467
997,3.1186262866552235,3.223572705155023,1.2692836292321903,1.220018441143889,1.4516499136636827,1.4914028542289153
998,2.7076446307316555,2.6227735020420395,1.9832642980253798,1.7313339342980032,1.4868884246355734,1.4910588738920592
999,3.4088390983098025,3.1446823247719706,0.2569665460036651,0.1,1.5569848173543512,1.7403325339862195
