,a_true,a_estimate,lambda_true,lambda_estimate,delta_true,delta_estimate
0,2.99842623648753,2.616972470955379,0.6040787345468231,0.1,2.438488473393293,3.0
1,3.690859787559387,3.7555928323342296,0.4100893046911313,0.3809667248146863,2.9160536696773645,2.976933369739992
2,2.931119590564458,2.8704268991386788,0.8126320294491919,0.7617809054306783,0.0890292516752132,0.0655381779296782
3,3.315730640361352,3.1933986599281208,0.8775292926793563,0.6266634055902073,1.3617506914833477,1.432125361023456
4,2.969585769980146,2.4900007749011497,1.9374179591996257,1.0289814645830302,2.693331440931974,2.9040685082898516
5,2.971901748558815,3.1923714868519624,0.2739545504205354,0.4134460190728097,0.9914776991688996,0.9670869626449006
6,2.391678522985724,2.3879495159896376,0.2115311702450923,0.1739531162476668,2.176667582717657,2.1500833652839155
7,2.128024994247849,2.014565606323941,0.3295279529982551,0.2799903759297893,2.0419407616406096,1.9275447554846867
8,3.0660366208422354,2.812725944297331,0.9568031487618563,0.711566327750347,2.612317448472878,2.700319486517871
9,3.499324009380992,4.0,0.2636679170476814,0.4537493861416712,1.908862727374577,1.7686647241375608
10,2.281673567237936,2.1623926687457016,1.7977738995395622,1.7307359462882317,0.2079643652216816,0.2575196143640162
11,3.559741606677967,4.0,0.6137371273364902,0.7579196805099709,1.234101924011899,1.216108803896942
12,2.076887656518055,1.8250014087663913,0.671584728225698,0.4850249905942712,1.3175104706933118,1.4341456519300044
13,1.6468544143291042,1.6582737706385369,0.705187013496118,0.3320350709930624,2.1077521739911296,2.4088982438705946
14,1.9377715805038225,1.694305576589761,0.3397868472090729,0.5972975899197139,2.8001630280154575,2.365735888817796
15,3.3734883814067143,3.9663403009673694,1.9518426625914993,2.0,2.8849402810823417,3.0
16,3.8419056552697,3.907133429820945,0.2299161083616986,0.1888646415094169,1.3407500957795908,1.4018627291512973
17,1.9759903633636196,2.073454620421587,0.5577981584750396,0.4295488092827891,2.3036278644709256,2.4254604832017166
18,3.2193864209448906,3.208913556567724,0.3727877975322631,0.2295872098814319,2.6738822814902035,3.0
19,2.6430544526740687,2.8451960589958007,1.7576544272623456,1.6154658940811946,1.3932194177641797,1.46380518703793
20,3.2714613116898548,2.671708499015219,1.7534961989713889,1.1837924867368048,0.6050010826893295,0.6989406390840642
21,3.245932291873797,3.5254847184084785,0.269785241003481,0.2550953090972175,2.836701756493878,3.0
22,1.8009610192324597,1.6991903502791736,1.976905570050936,1.8135450466551817,1.0940355232848005,1.1538455924038518
23,2.206299761684272,2.5020068748146618,1.7925867253321222,2.0,1.2348015254938192,1.2171495829673329
24,3.697949754605813,3.291861572186946,1.9442005680568633,1.652609959537669,0.7763219015859233,0.7707358908298405
25,1.8413114944757736,2.1778148921654066,1.6676125281990413,2.0,1.0202172125761262,1.048535713566388
26,3.1610291612624186,3.1916021910798986,0.8072301933330219,0.8216477479047701,0.0792280191022153,0.0658441924261112
27,3.0955883105409883,3.350145934331523,1.830748455480678,2.0,2.884891579399603,2.944275327682521
28,3.498932972380917,3.616627077416685,1.4653375845303065,1.5230395385101738,0.0982088596195055,0.0998232977736998
29,1.6710985657219042,2.182619364563691,1.4271372995927023,2.0,2.6135668563489385,2.6536024779273357
30,2.2909762844053065,2.4222819323815603,0.5828286071485888,0.6831685975951771,2.179175879598571,2.250749475857579
31,3.5188653722350263,3.4934850392335757,1.766846270082164,1.6710863623724068,0.2219836787516077,0.1848524553080581
32,2.6988176957195464,2.3602189068151045,1.231431216782525,0.8703911910119241,1.682941858013153,1.7945256856488212
33,1.5163067107143733,1.7559881359157417,0.4929664005149815,0.6529493154464373,1.1603776593515178,1.21218237662196
34,3.2152716476058356,2.9489227319100944,1.5014363754260152,1.11213450854321,2.8346689319770095,3.0
35,2.3343131932768424,2.9878770345197636,0.5305085603834633,1.0971164860162528,2.987354380723328,2.7326449610890418
36,3.070643849275913,2.4722683416537845,1.7625530636997555,1.278445976357538,1.0680958318194895,1.050097310266055
37,3.4858135424050616,4.0,1.0696604352526693,1.301436051906035,1.261141112576195,1.1955815146174424
38,3.4774229943595385,2.7704155173803535,1.620830776057605,1.1057803991076578,0.8376564088543046,0.8633608244274404
39,3.762993176566318,3.9839686176202136,0.7860783198086562,0.6602677574420178,2.1470073859186014,2.2215381406828256
40,3.434892602284614,2.4737913816114734,1.656190467390007,0.6155934923463591,2.651262816271101,3.0
41,1.787963415225434,1.988113821118438,1.1379088968411075,1.2983057100549396,1.1405803629310245,1.1265422211486065
42,1.7404939587347934,1.6964736496725406,1.3509945769884455,1.1482598784770042,2.791868184910878,2.805090509722848
43,3.198518832510305,3.5242627138064506,1.2197433174491272,1.227425154676188,1.086911087625262,1.1731633882302144
44,3.54749167211847,3.2699568330504927,0.5287944525543998,0.2490676177670588,1.5507992676971378,1.8710528116045877
45,3.661725725489838,3.673261490374304,0.3558743990842237,0.3418939495319846,2.43924308170904,2.445413499715394
46,2.1855113948603995,2.138693963343469,0.2955094814051053,0.490087665453732,2.976477443000781,2.737487636954886
47,3.338628539670864,3.765611930497036,1.3845981301433934,1.4723761174571208,1.5284362577542896,1.4748688147382991
48,1.6510799113632637,1.5349722369276868,1.3961921964659345,1.0746459174654666,1.188700121808755,1.3088811596032
49,3.298330396115013,3.5704469010443143,0.7084729089593779,0.7707113005071231,1.5683854286402608,1.5984933934790022
50,2.8582033202648782,2.697616738325044,1.192009880264134,1.0678955612572465,2.8467229370083236,2.805525107946662
51,2.9799827939898944,3.150938743991478,0.8992255562309271,1.0143014224211466,2.630150726886254,2.510038422016787
52,2.154239476725566,1.938679624401698,1.080158415567872,0.1,1.893474513979835,2.808570933675009
53,2.3033574394656005,2.230345866403032,1.5774652067269177,1.3528146959119924,0.3133227617606328,0.273507626117857
54,2.478686707694532,2.406821165971444,1.7848062136686471,1.7013720724135015,1.347864732873652,1.4129462902561134
55,2.3509644206945444,2.2439818282207136,0.9274057744985396,0.8401610172335716,0.1333573594556412,0.1453472632978632
56,3.010884772480422,2.480108591043229,1.0970346538287503,0.5233202383937503,2.083804870707969,2.2830424796355553
57,3.0738392580308567,3.590549274658071,0.5893761150747645,0.8800374195527195,2.163382605332388,1.975122498344212
58,1.9459032445790785,1.5438955604666484,1.2166516431285652,0.5918132361368834,1.623861743382184,1.7562306998058028
59,3.151517871793702,3.327035629054905,1.7425606676424312,1.8256086120733543,1.827129219483852,1.732364567703465
60,3.0506577646428266,2.636836692635098,1.335904498004544,1.0876715002345625,0.9252064388905568,0.8518278798509269
61,3.5830164684690504,3.818284665362534,1.8375560009486296,2.0,2.6696598497406177,2.4897174401511943
62,2.761899226191651,2.7128209347124073,1.6705839180560609,1.5710337057191086,0.4913453499124298,0.4900482578496918
63,3.2153246678565166,3.002936928614268,0.9329187380722498,0.4455471159634291,2.525684311479159,2.893851816789726
64,1.9210611158302136,1.8596368272489816,0.4303782029140724,0.226090011458063,2.8079043760455935,3.0
65,1.800253264639733,2.027128889515793,1.6408934420061083,1.9031893595403448,2.091417963451802,2.075456286419009
66,3.2714534482212443,2.984869919743128,1.3354651274044624,1.510541496210516,2.341203278877012,2.1767864336145903
67,3.024662550193347,3.456031089678548,1.993606162632694,2.0,2.467681661395681,2.55322937926005
68,3.9730228862644337,3.971117488945888,0.1047346288465205,0.1,1.525793116207781,1.564593247352159
69,3.072026526710919,3.123967616229399,0.6573098153412835,0.6764073494427882,0.2326641175981408,0.2654205594160266
70,1.8123543981103163,1.6496777232762048,0.200140981005867,0.1,2.923513738222897,2.9222311791276945
71,3.702045560995061,4.0,0.3610302922565265,0.4952733803754781,2.683783422286533,2.5570147567758825
72,3.049922715959792,2.8829672773882637,0.3149987137582297,0.2878112112439108,0.9836789534920152,1.0074882049016638
73,2.469682644981617,2.656239284005564,0.1332127954817786,0.1756677553376007,1.097983527517839,1.0486852105477376
74,1.8771491589641929,1.6900056862761048,1.2073430870516737,1.0705591673568875,1.940502440745583,1.8714581929968117
75,3.402136235793612,3.676071826881075,1.3697985821594871,1.486068755428804,1.0162154028250887,1.03331114719091
76,3.444981732003108,2.0569181158322647,1.7707224872948528,0.7818954008245708,1.1765871906125112,1.2430725073246125
77,1.5386321141465598,2.155428358738934,0.2888814592256691,1.073066637536882,2.660347514788903,2.32423221666084
78,2.4368941113061395,2.295442453741432,0.9742657155130332,0.9092652077154412,0.4919507160492273,0.4317686430760371
79,2.198304406609436,2.3072161808211757,0.5974823165443742,0.5381894957030737,2.770711144243367,2.922934165155026
80,3.6862752166555417,3.5674980014849904,1.580350671418908,1.5106464452273682,2.3534050773154096,2.317788884170411
81,2.540351396198928,2.542899589291607,0.9934427065404032,0.8183306267209527,1.3401248366220353,1.416840617711313
82,2.1268877609893817,2.159997701370974,1.5115318186593625,1.5974954341523984,1.1838850567480628,1.1613271400687362
83,2.817759142872168,3.5417866864341607,0.4382295394302498,0.8277483590066195,1.6522375982945654,1.5755299669412617
84,3.439857090225241,3.182641912140374,1.4216760639168096,1.2901917384010888,0.9770719255104072,0.97818214948926
85,1.7621618483483903,1.6766236549776934,0.6794458196915127,0.579519851276879,1.4964746940376583,1.3775141099020385
86,3.627453332349572,3.383652447728867,0.6048088459657828,0.6134176147752852,1.8776646176970664,1.806072454822644
87,1.7362504240259051,1.7159001785640218,1.7200007054104487,1.4667533112509836,2.3436201958394913,2.2905776349636
88,1.8379796497525425,1.80327951315131,0.566069249011321,0.3239289113046249,1.91099694634324,2.191667145365285
89,2.3458732005901575,2.8397215563516927,1.7618628578055116,2.0,1.2432805879482984,1.3245185096171967
90,1.9677909825343016,2.0411432964564074,1.164822999242297,1.2453582956513911,0.5733118169613619,0.6034116135128391
91,1.7556725065496512,2.2546976858134347,1.5132089283345846,1.9564414117327715,0.7378690133444835,0.6230516796944316
92,1.646726086723271,1.5,1.770313383651671,1.9475970597889771,2.493406104544404,2.398696425542966
93,3.91939084899524,4.0,1.0998596203649411,0.7678633990625374,2.8580312807554216,3.0
94,2.619721245965841,2.337630909474564,0.5333300491389101,0.2441877385234275,1.8201331532309015,2.030981022160684
95,2.415918663871505,2.487548858297888,0.8966156646556757,0.976560358428122,2.889185936898705,2.909625798823068
96,1.824467952389599,1.8994265143459836,0.454994040396213,0.4853420751416675,0.3259441921580204,0.2820945582028378
97,2.538686078480666,3.4068466887407225,1.339296566346295,2.0,0.0007738945653842,0.0409068215169904
98,1.905548749473491,1.805218351539983,0.9108714627491716,0.9209003930802228,0.2827529017503162,0.319063900371753
99,2.9545626396774036,3.2398794023334228,0.6183955338879161,0.7496721851275276,0.2370368027731975,0.2410939259664153
100,1.8141973743405275,1.7579039021394618,0.14508338551679642,0.11680185830606893,0.6300916054314746,0.6753581512207942
101,1.7090552466385267,1.7107482590111365,1.1301407816107014,0.8358929377744889,2.1990118705295156,2.3236908254804955
102,2.5783566580413475,2.763455933988578,0.4480028834129951,0.5585603149459225,0.39964686019085194,0.39704407588016505
103,3.8746994991607764,4.0,1.579972875247491,1.2568207435384415,1.6792149932515104,1.8048943341077133
104,3.45542939345163,3.3276728478284103,0.23608777171385112,0.14512348462709282,2.2934204681297126,2.4469977719270846
105,2.5347409029968175,2.596889443243205,0.2778543901072801,0.26634405799013366,0.9382153179780353,0.9305222412393316
106,3.9991028388054524,3.4047677855551304,1.7506370903055903,1.438727750978442,1.6934023727388174,1.602799472899886
107,2.98816086098575,3.3217733965145326,1.737450201888595,2.0,2.5821910544149045,2.641611863812408
108,2.4559982103935316,2.1143335999550645,1.9824449332006744,1.1897443405965713,2.427246340327592,2.5329713579036195
109,1.7668443210888305,1.8940199373633615,0.6315804268277803,0.6038788579401089,0.3676406250030694,0.3739359447641728
110,3.076317089332872,2.722492623686389,0.9933695312677696,0.6382761588199146,1.8709360962402095,2.0037972302088143
111,2.715019753598823,3.239309196541441,0.2240050358639085,0.36022251436967284,0.967773722058314,0.9335743452051649
112,2.877603660485347,2.699864700440842,0.35604499450858595,0.25308327360766025,2.945288169685851,3.0
113,3.646677155278188,3.877514143432493,0.467076107511611,0.5392417037276175,0.25088103356570957,0.2357331087639011
114,2.126082324625637,1.6630366351292731,0.8100202537219539,0.4736610276270671,1.3077002515934526,1.4248601772042135
115,3.9189193546423478,4.0,0.9003932174621483,0.976894459374011,1.9358069595584237,1.7753519142529304
116,3.2231611476939053,3.0489643320481448,0.3669841442973627,0.1,2.4202880204903714,2.7742499125399056
117,3.970487088298064,4.0,0.20208969719846745,0.1,1.8435428081221055,2.0949218015681486
118,3.494039419258044,3.204227522363187,0.6733650503871927,0.4891064206699008,2.765872509319604,3.0
119,2.4696605427313796,2.7424326390641105,0.37382339452866575,0.4524640686463375,1.4153983832042947,1.39339732629367
120,2.0421130025430694,2.0846447910058186,1.0841040816621448,1.0319622614946755,0.9523398639708923,0.9540946733449353
121,2.18795039566994,2.6552112146165134,1.0327441508364283,1.2140697048497475,0.2596724846114974,0.3347149517608991
122,1.9149211135875763,1.5334557590908924,1.58821168928791,1.059838014003686,1.3378710800731994,1.3158185764815375
123,3.3700663665365544,3.0963745548085555,0.754136556134638,0.5127036038418408,2.178111975697847,2.278740920714278
124,1.9662856153795891,1.9444061847300949,0.354034977843265,0.3149331774946853,1.6775374515734094,1.6415924811433245
125,3.9391799355179313,4.0,1.3372954526444736,1.2599148163986147,0.07369547214401806,0.06583238134529291
126,3.5483029231869705,2.853355543730323,0.7798345845382273,0.13388834573699332,1.919314708703698,2.3426655208963743
127,2.2633582807005626,3.1316063076092697,1.0138136975599563,1.4682651770452093,1.2065646662422242,1.2763495263707088
128,1.5177464682771085,1.5,1.760204499128016,1.579431489339372,2.273106092715431,2.1514954923315184
129,2.6100417045799356,2.3684471119107884,0.6471612398861218,0.5410178259450787,0.4251144932391596,0.3879298619291429
130,2.6809949596502927,2.492645237599401,1.6754420196664086,1.6196576340456008,0.9008120027470516,0.8609177601587016
131,3.8862881425916695,4.0,0.19502997211418235,0.21203150758808226,0.9374678128611371,0.9327759060218053
132,3.4256134413765884,3.187264415524227,0.6140985097636774,0.5165304014992175,0.6723128300468295,0.7319923792670429
133,3.635845279238306,3.5650765349664653,1.8105490167482137,1.6582901476640313,1.1631335548787287,1.1424685708594091
134,3.2112724017740892,3.2117071231982823,1.8997463604847775,1.883155162021357,0.25399241681593265,0.2510727400016123
135,2.847842091096533,2.8298738536758368,1.6406963177971965,1.6352297940758833,0.2857091771232485,0.33723194242152243
136,3.480667013581866,3.1621817189260413,0.9151625865948606,0.8241886123551515,1.1325025401779896,1.2750301780288806
137,3.1319567303725178,2.948330563650524,1.2941311360033139,1.0663978959883589,0.05198379851329871,0.021940397397066935
138,2.085415652847031,2.1355631518973937,0.23748149870049196,0.1,1.7835716221206495,2.1251884403294277
139,2.5943177854626542,2.45608104396987,1.3737890231135792,1.0534554384597132,1.2666525566044249,1.266129958924574
140,2.090385412410912,2.1210172384220227,0.19099745913565958,0.21108941812137444,1.1578055552946414,1.1638582673271964
141,3.213100167083576,4.0,0.26710793440647396,0.9618498474815628,2.8983101836682947,2.3716464457997626
142,3.368735792223609,2.8892551457851017,0.7502502117690049,0.4823368666660669,1.512250495219523,1.5596455252825636
143,1.5088396150490688,1.5552238590533896,0.21566658418535983,0.22832132004208786,0.33496592367437483,0.3289924961515164
144,3.538643858953775,3.500643879166567,1.3731611613414165,1.2179854368932426,0.673017968235478,0.7608481460157127
145,2.618045377132458,2.8111643150626464,0.7428717780249432,0.8619434334555102,1.268630799376151,1.2816297693862952
146,2.680155078521213,2.3883872731411033,1.9414030792724808,1.53010060157297,0.41117563436446214,0.41770777215527005
147,1.5703549404964978,1.7112948305465716,1.192469996773542,1.2918068739388784,1.6072962669480604,1.625969041675545
148,3.9956796549330393,4.0,0.11183496489973056,0.12229709215259073,0.16595561250040547,0.15719855423105256
149,1.6436240617065019,1.903047219969244,1.6681731992344948,1.838322748271577,0.04430542379576796,0.05151912524203204
150,2.1199749860766577,2.121356895340829,0.5658346079033685,0.5065728866525832,0.5190845759103696,0.5218178358955342
151,3.1174976544155237,3.4800121818165053,0.7129318239501334,0.7543959172490805,0.41401935091810227,0.4083956696545718
152,2.6147267000498022,2.292789880453002,0.8075501384524358,0.6228510765607902,2.5477924718129623,2.614404828021515
153,2.653558170763707,3.0022200416526794,0.21922380491510135,0.37765359214857736,1.6416139365238427,1.5110033631259476
154,3.6736435419870266,3.1481282370251797,1.004530555169628,0.5174067710116145,1.67310115076427,1.9374794823273562
155,2.1996402594099225,2.113210359992297,0.7622729777378378,0.6777633957188478,0.006245355280009357,0.0885383818878433
156,3.947595618687362,3.8240590436878716,0.2612319803783614,0.2427863777212376,0.2035247923050758,0.24144424658372418
157,3.767456973252039,3.893011437580342,1.895234641725884,2.0,2.8161323321888756,2.7485833125023054
158,3.2148825007325703,2.8198848944376365,1.1675354403616103,0.8630237245896815,2.0951450974556227,2.0805081958625475
159,2.608298923946804,2.623977272855058,0.8362955460848294,0.8844246270222746,1.0166286486717495,0.9473752942928818
160,3.8888784742809643,3.8145973472851296,1.4427956431101316,1.2268373386208045,2.8641939155996363,3.0
161,3.0007533497705183,2.7041107342468234,1.3370938885606887,0.6203627615738894,2.181067772987958,2.5161682682189443
162,1.6977414228110266,1.845198690642457,0.1955293415926697,0.3934908343178377,2.244772522592183,2.1903288819381856
163,3.8267177253477063,4.0,1.605528583624439,1.4210255199871893,1.1358435210830344,1.1725861734904055
164,3.430477006651436,3.224828348934632,1.2728778347948495,1.2224223799793874,1.056103961185622,1.0476372466077368
165,2.450865473138501,2.603328191321923,0.18485729139541696,0.1,2.265625983053428,2.495316743004669
166,3.9310253064640177,3.169415766636466,1.53206686088277,0.5149550859374854,1.8159687071019026,2.3542234337026917
167,1.809114297439219,2.2031549939849087,0.663793592714858,0.8724925708161302,0.5673698767174411,0.5602496690916594
168,2.4015149258522497,2.286492294417991,1.0007529640313417,0.728457397095753,2.916196331944681,3.0
169,1.9183519271620715,2.040663469076971,0.46210543884391164,0.7000032814722577,2.3485352223227935,2.187310723894166
170,2.102458689950992,1.5,1.9801616622831015,1.3720265700665406,2.295453247030335,2.3243262564077423
171,2.723757910264279,3.0474268405725615,1.8486016363647602,2.0,0.09466489104602882,0.014037559002993305
172,3.5954787486916153,2.9915299902068435,1.7941131131022887,1.136080627346215,1.9989576162758833,2.123929724696628
173,3.1876707642523465,2.921397794561387,0.8920001842807718,0.7338345538714933,0.46638002580402305,0.47312949992236386
174,3.9771185652413625,3.9999724468085827,1.6528488187367785,1.7515977704302628,2.9387786131765594,2.915856931758019
175,3.8255610458087443,3.8059864488930586,0.21606702750830817,0.20028389747207165,0.33825401700210733,0.3279506982828275
176,1.5691206389392036,1.5574660474383701,0.9796078251042662,0.8220820520161167,1.474197504896607,1.5519642221652465
177,2.558343585744855,2.873320206366813,0.33371530232517316,0.4447674401980126,1.2733629290379724,1.1883492544918794
178,2.9877778451961237,3.2710031649576568,0.6175832232129579,1.0628973449136851,2.5002906618685112,2.302377183351844
179,3.8374915462213086,4.0,0.39101298617346336,0.4652992607038924,1.3252311507329697,1.2354725839006455
180,3.1340131451166364,2.964659316282572,0.3726409405171588,0.37719482125415854,1.0088521731258107,0.9412207289173611
181,1.5586946372545183,1.6247066976701257,1.9466648639857898,1.9088904298790843,0.2333337860727005,0.2915622688029187
182,3.8196660453036895,3.802254262645506,1.8133452198779498,2.0,1.2179751269408365,1.239154284734298
183,3.2106890243607547,3.776940589519854,1.1894132391889451,1.2334677633368336,1.9970518687439798,1.9772294763411293
184,2.9255491436747683,2.8383206977163082,1.4007756132814937,1.3606126147737312,0.44486652344808775,0.45451581020894616
185,3.494075679682097,3.684547144900834,0.29860583696597315,0.3065784710532635,0.3104939258895615,0.2987187558857767
186,2.4530279480996255,2.2719327770645887,1.672082880141341,1.4193732925696687,0.05293507296735822,0.10167097293093483
187,2.2620332918255537,3.530676716430581,1.0000343138738814,2.0,1.7145203127612227,1.5487373310496255
188,2.839818893840974,2.6356071230427824,0.6467768720650318,0.4677379437200539,2.9616085803476393,3.0
189,3.95470150641914,4.0,0.6958291455873322,0.3486866728867719,1.8408591483702175,2.26861792142939
190,3.9912164972614583,4.0,0.363938880305399,0.6589107374224735,2.6035919852802714,2.1354035858498768
191,1.6425702217472313,1.9495645087570395,0.46070136619916213,0.6298032387464019,0.7117903615393979,0.6475499049818688
192,1.5466454088814041,1.5,0.8034650328802937,1.0223940581664717,1.958435505476709,2.0274570668075276
193,3.923971552986997,4.0,1.033018069601489,1.0066828193684256,0.20101289437787528,0.1808161136812628
194,2.663127800788855,2.573464669445547,0.7227497143247185,0.5811649932338565,2.1633126250357164,2.1766291528332915
195,1.7756484420988432,1.8281944041162461,0.2662519614420454,0.3337320466316168,1.3224487530469724,1.2124818465639282
196,2.6461792287652495,2.643437579943694,1.3384651408433081,1.4832554882792508,2.3699729042680735,2.3182671716969474
197,2.9245234299383656,2.9757382282545612,0.15000755916217068,0.1151281604547741,1.438964141697574,1.4671999035433478
198,3.839206761404346,2.924800479950953,1.9156932981471453,1.5105807648832281,1.7671448326472752,1.669653394294332
199,3.2372274978109123,3.3566223857226465,0.24147309829406213,0.27022362968313307,0.4884736854654165,0.5058432736739239
200,3.9250234495638114,3.5158017038440157,1.2503700755236897,0.7725746506911766,2.7258200637230807,3.0
201,1.9440017850598563,1.9132079459202784,1.7478758630506008,1.4687187485245552,1.2915850242739588,1.3739085047094723
202,1.9462762159599512,1.7039851851405727,1.691270667409623,1.2193547313366089,2.181925884631418,2.366460253056195
203,3.8706182668333637,3.9365702622363146,1.7555746368359983,1.1732019443944002,2.7804839706725053,3.0
204,2.2273679179267343,2.3525797196637033,0.19137096322226546,0.1,1.7662215849132394,2.0104231321941333
205,3.4393528309826316,3.7384900179728215,0.7288189157319858,0.9034138526384905,2.1377303376071346,1.9626972666421918
206,3.367269657831992,2.6922301585405886,1.7251203158999089,1.2259280485847492,0.26632703626869547,0.2410777702460399
207,1.693283732852568,1.8453825936386712,1.7972557403982068,2.0,0.31894680366715444,0.2439067472217454
208,2.965777375701026,2.6838502677040665,1.4086228774884963,1.2555241756777455,1.4097806503099677,1.4263681481138728
209,2.1775431617201413,2.4213952330793647,0.12050945265080293,0.497277450820074,2.3676443414298944,2.088916789826268
210,2.5636230697189015,2.1186990779508355,1.1605887733536118,0.35884842158155106,2.162942398420384,2.660627108759508
211,3.9602567182912076,4.0,1.2748418366175622,1.0792757339407448,1.8319722352913996,1.900287764870624
212,3.394856692146561,3.150994455592419,0.8675444636066783,0.7138383653951706,0.865822854255435,0.8222724575322451
213,3.593756115662704,4.0,0.8007914571542315,0.9785343346266123,2.385170085791313,2.3532394014425764
214,1.5716989484412622,1.5,1.106117508567257,1.2777904759118364,2.9100382745954647,2.7633943381681605
215,1.758618682497132,1.9916491873500992,1.9781027960032835,2.0,2.490439092533458,2.531616722707997
216,3.622235138131679,3.879805740887077,1.7014281924184773,2.0,1.8114909890634796,1.791348872528767
217,3.3454392271097686,3.2749021777384866,0.6685656388510998,0.4741225125903386,2.985888611706011,3.0
218,3.7351529306061333,2.760395617159223,1.4248584890951659,0.9130800864272067,2.986127230084097,3.0
219,3.18512637147765,3.3185318476053562,1.5914679435035621,1.5019072629922958,1.722169110523005,1.743584134232873
220,2.94875193488887,2.8755096463839585,0.5070854363384786,0.5286247659222151,1.9376539713239689,1.8627283560528225
221,2.8796975023448916,2.7468053829822097,0.5212598943978921,0.27848745223088983,1.5073823750899855,1.7061257962767462
222,1.6488409296027893,1.5,0.9787544645806314,0.7761194079840881,0.5026563917685434,0.44610790142859263
223,1.8624182817445523,1.9992099222627222,0.9097516041803115,0.9858441738174967,1.0819995470842363,1.0461137654609611
224,2.196141144400398,1.8842411782094777,0.22706710171760425,0.10782565367698801,1.1400813642934833,1.140656104821111
225,1.8737054266640056,2.1568662303609725,1.8948194443115232,2.0,1.22035886431068,1.2182324715414787
226,2.0318607905778396,1.6873488511246166,0.9923379646795035,0.6933484345300396,0.10566425367506094,0.14550609890589486
227,2.7914548124065743,3.255317889253481,1.4696115452701992,1.6208601641518134,1.2137108474661757,1.1670431502959098
228,2.0955314293241205,1.9393634190290425,1.356182295535074,1.06434439165816,2.6518534590228633,2.7307880415966066
229,1.5294661329973256,1.6905598993699589,1.0607202397658033,1.3601722013246353,1.4093566832719224,1.388048202637431
230,2.5709980468727682,1.7678891847196143,1.237414353652359,0.67130867803994,0.9623695227925808,0.9049267824581789
231,1.5507479898777667,1.982596764205664,1.9875013200563143,2.0,2.7703929297741503,2.7575909440825286
232,1.7033077258401403,1.6178926171412227,0.41636543697357287,0.37605009570243775,0.8346393066513035,0.8154856707268138
233,3.9379751787690767,4.0,1.6743684793670963,1.5308647248461102,2.144442768216065,2.183731700924765
234,2.637409855811112,2.4603030377841963,0.4249768793576284,0.3709296173243205,0.15668622254649467,0.18284922977262352
235,2.448421347275177,2.85236487603063,1.5509059700772316,2.0,0.6740625819550692,0.625843531813536
236,2.671812596165351,2.4101729212104193,1.794451766832425,1.6477763726968666,0.20691438968762133,0.2913193839801824
237,1.7906149305350247,1.9196541583495461,0.40804037794969683,0.46889793961091136,0.2795299091907596,0.2706106502171521
238,3.126175943146178,3.2660651505916336,1.8478259056723931,2.0,0.46053668630143363,0.400117796104827
239,2.0499343403308656,2.131007128732885,1.1756500731026083,1.1744007668156091,0.9263866079257197,0.8066713721122071
240,1.883320220215485,1.5317324675907782,1.5164767135916706,1.0569807630533141,2.7720349071372596,2.966496949067694
241,1.5808508977727784,1.9604701413900676,0.49971347005573474,0.7546991584816332,2.6483618106705085,2.6440402235604656
242,3.882992530476333,3.6762174397839793,1.6292382140803796,1.525829398792008,0.007900721814847356,0.04651431837139954
243,1.8441976387936985,2.1576074547936868,1.6066971245477133,1.8357833710758746,1.877509879942226,1.924676851128013
244,3.824792815105794,3.179787076353806,0.832911009252916,0.4490986395685265,2.963616799760102,3.0
245,3.6580871697294466,3.3698871864267606,1.1136736068484252,0.9486453908760627,0.4739823285024145,0.5059738338355578
246,2.0267945660347824,2.066118188280499,0.2644573010879118,0.3175065244819895,0.06376324431057956,0.04604947012992713
247,3.768361584249182,3.649114336025015,1.991659489835572,2.0,0.5005293115491933,0.42374196898587646
248,2.8315685778344366,2.886092325598307,0.5850393408387775,0.7381726190256461,1.4436079997655782,1.3527703136532367
249,3.3046934969310375,3.16020685403025,1.8284283981999694,1.3591019490157434,1.9825427702761806,2.12625705730295
250,2.1307430311322744,1.902985801737497,1.5969991028982933,1.2056964155699736,0.05715154027476543,0.15955047039720424
251,3.0936776268418678,3.2255825250888788,0.4236592191511004,0.5553127880165054,1.1542142058596754,1.0683924813549823
252,2.9967511448839113,2.891102815622748,1.9924321556665685,1.829231001743923,2.174750711391329,2.1822171617536767
253,2.045428356688824,2.1881019625979006,1.5016261017734402,1.736762916424773,1.803321560080752,1.8164014097968326
254,1.6141898866181092,1.5,1.2515658813989514,1.1049513901430847,1.134466375794958,1.2196623519468224
255,1.9540642557326124,2.099440168382475,1.1563328289151296,1.5189804265466034,2.5275463368743356,2.2700619672542315
256,2.371286487749469,2.616297208781942,0.7525355812061603,0.861883525793064,1.0936836929777742,1.1610120237525148
257,3.165630549759203,2.9589330102125833,0.4084088396565093,0.1679815787651807,1.8198341495231292,1.9841090186495243
258,1.514806266534749,1.5251701986321184,0.5687835824005245,0.5377889803332611,0.9770082827066605,1.0104087672744835
259,2.0930147113723874,2.333385703323338,0.5514517017260168,0.8304450664375098,2.8674956672177516,2.738614281593386
260,3.1076441422156345,3.0813003071283482,0.5621460165830106,0.6066064203177463,2.3991283411721693,2.395335030685669
261,3.2864435864950408,2.9712147658843415,0.7569042175195203,0.5935728521634576,1.0475227303071026,1.0670244797879722
262,3.513393967064627,2.6397419099658936,1.7672270243844868,1.001448145859269,1.6331572809155577,1.705311514666653
263,3.0037126121647386,3.6206604905177784,1.5257007310423656,2.0,2.5847090752314523,2.476116965394545
264,2.66536850514001,2.689534301724854,0.6012001990667156,0.6358322958682932,0.7180717887651683,0.6408207947493364
265,3.0579442801209415,3.3304459433304032,0.6985542660487408,0.5676083701871799,1.600917320938656,1.742091585628205
266,2.0438590342957115,1.7935876468519902,0.6606137654610573,0.8810372921688819,2.5263778372102457,2.3572062719991145
267,1.529839112411128,1.9011733007577745,1.5414500419517683,2.0,1.4742080566106615,1.4783173869864914
268,3.267936481746866,3.0991480166285617,0.7355628635669974,0.6817589464461435,0.4617250733514605,0.42672559910626756
269,2.0065389024869438,1.9552884298328552,0.319773584290184,0.2546968988497964,0.6166437498589223,0.6196642822269758
270,3.113408702644583,2.823425602039931,0.4500871875242989,0.21749096963282596,2.7529206279012053,3.0
271,2.4589789457082865,2.3077871571806767,0.5102574860432507,0.36437184414268986,1.1109857301965076,1.0994234365932611
272,3.244102093097095,3.166341992663429,0.4228510064437393,0.43745066807756106,0.6641097009746234,0.6108118941516959
273,2.6131843754631827,3.1751512239714814,0.1236348623473178,0.5069508703326021,2.676505801827654,2.3152185915524583
274,2.828871824975858,2.571331952127991,1.0661616067911726,0.9709094430798721,0.5370577998140454,0.5125406261107746
275,2.362085003963381,2.293793676190243,1.9440192125382505,1.8895694414334974,0.624996035363065,0.5677794772956931
276,2.679385265045397,2.5777253904479704,1.529299716230552,1.3819179690401646,2.953450589988707,3.0
277,1.74776691970817,1.9619970737374002,1.0657053578698201,1.2979360156386475,0.7160345409673501,0.620840217131127
278,1.576384696948188,1.5,1.0052908632118398,0.9486635355803381,1.3380832577868595,1.4838972220022666
279,1.8002662600151331,1.9769701986472568,1.9391316117686366,2.0,2.795583118452691,2.7896072940867853
280,2.9662867458965367,2.5180807033380685,0.5876472427606017,0.21255514996444788,2.6820483691708508,3.0
281,3.889798461299816,4.0,0.701166673238135,0.7383065837629915,1.3314291539462404,1.2649412920305494
282,3.4992702678948575,3.7436765969310803,0.7463802562955921,1.1159267939886792,1.8604698197495269,1.7217178725973292
283,3.7576643766697564,4.0,1.332397088974057,1.372684142475007,1.097583067232361,1.009500399877889
284,3.9378217202781944,3.6738403043983725,0.8953626595806105,0.5674989970178633,2.10284439542227,2.4016147630303077
285,3.6782970445057663,4.0,0.4168518487652031,0.5189057538842281,2.7616332461135147,2.623921534850748
286,2.2549407411251527,2.1222102792608264,1.1775288830843167,1.0122703238654704,0.4468955412986503,0.4862223072296492
287,2.288340697388354,2.0687684797053048,1.4708867358356656,0.770112908318873,2.5578547851166356,2.8343245641094374
288,3.6399263666980377,3.2781197531350887,1.1030266862599925,0.6417224560017207,2.5722111923442563,2.903197049468633
289,2.8591904388061113,3.3285178626271317,1.843048301969441,2.0,0.13908496856320707,0.08360281610586016
290,2.276128880249829,2.1151311532385515,1.192568151588904,1.07257533908729,1.3107308584331603,1.4319881029094739
291,2.201354112302837,2.2923822698114535,1.5335701360490561,1.3838174870312872,2.650486630426743,2.7677125820825705
292,3.042511689261118,2.369455897056873,1.7125235558771816,0.9988067917747963,1.224784775679853,1.291745190788982
293,2.8442403938456438,3.3833032532651326,1.3545956433886823,1.5714606939648124,2.2506567346811357,2.3148879822397124
294,1.9333691682693468,1.8275554507362906,0.3522669525025558,0.30871184714374533,2.120536401711806,2.1115820258141835
295,3.5840851062510346,4.0,1.2183808541923111,1.228962738218658,0.23524744877728365,0.23399432348068158
296,1.7834674236039258,1.9285997468320017,0.9717986667719489,1.1033029195925756,0.6021580561230613,0.6044351512335863
297,2.1453642959445327,2.4252103515285848,1.831582900703534,2.0,1.1197770919703827,1.0436318753432008
298,2.5426360566130297,2.1142029064813523,1.023223400352891,0.6717525650826133,1.602335369691985,1.7036083112881881
299,2.262109667302585,2.171818661243417,1.9403219162340355,1.4522578012701197,2.199382338277902,2.403406032152415
300,1.7028569693221924,1.6543015898633835,1.5571177115425008,1.4832040180362545,0.9655386025027363,0.9146038506267898
301,1.6552449200976325,1.7724212678954705,1.0094033611800317,1.1319932343656605,1.1021013295988946,1.0259253691382824
302,3.7075558538405033,3.47497712824401,0.9090759102903581,0.807232233331244,0.6775202303793261,0.7422806033008479
303,2.318667361976572,2.500093377481582,0.6059554382492384,0.6935160761782342,1.0884979031304673,1.104936854525578
304,3.3572932134375275,3.156994618922597,1.2435274407557364,1.0096837365717046,2.2261994553125035,2.372924358906623
305,3.418430255066135,3.4303960786673278,1.3770135301675477,0.8614247456553927,2.464169683610922,2.824913257779105
306,3.5010109293262444,3.0097712212118344,1.0170476727710462,0.7403059982625687,0.5355310499232965,0.5200711165940266
307,3.58750894300715,4.0,0.4038886708306101,0.29177022448187667,1.7598049917698404,1.937156686225899
308,3.92117315818643,2.9503145325421563,1.4067399404540024,0.6972266557266771,2.7335102445872406,2.8560843376966125
309,3.8479377979783966,4.0,1.5355731868672065,1.3800207868423837,1.989419734985494,2.036011424278316
310,3.479250972006348,2.6151234565791386,0.9937906462196336,0.5743667257351626,1.0343243773338933,1.073241221488929
311,2.749558589960298,2.8716151525122204,1.7765290449578781,1.6165567839478967,2.386823262538074,2.5002734571815646
312,2.667168496198159,2.676373781463295,0.23685683818377903,0.19189777579853498,0.9199462561980462,0.9953393563490743
313,1.907770030502363,2.204398452783702,1.1140824882307854,1.5239995052950683,2.931553382798997,2.7787333174287046
314,2.5817205598356905,2.378027004124863,0.335516951490816,0.2806277794457413,0.015481965068436132,0.0652646792016491
315,2.5432120643515694,3.2611163527415017,0.6124240727789655,1.2015175457092777,1.563582202007964,1.3820759007659673
316,1.6200011211025407,1.5,0.7884931365156628,1.6056599139391987,2.6927219350339326,2.5109836010915134
317,1.9288986582085128,1.9331970889068626,0.32537348153761325,0.2336239966700226,1.40837266240631,1.5391414927055862
318,2.1218159390208786,2.0672589831493124,1.452789918535631,1.6086582887686052,2.007491622431771,1.912727975439399
319,2.3838492039576433,2.878139557840032,1.576351038743438,1.9728033415620492,2.8173458632847144,2.8766576939917914
320,3.76722055191475,2.8547485890859505,1.495519664454102,0.9572391258365852,1.3069832832861954,1.2649731090987968
321,3.604608483579287,3.3954285592066475,1.4307886917165005,1.2827150197380404,0.5283810866635258,0.5952169594594952
322,2.589425952183582,2.470589125414303,1.3649498630764803,1.3042044260670569,1.3104773866412702,1.317006295363544
323,3.4262726620005672,3.8357666309811416,1.543368461259886,1.7155003032477845,0.9825834273734283,0.9731056738361983
324,3.8693076426985895,3.7631711671469694,0.13652990377392601,0.1,0.7207180616664643,0.7986490540377396
325,3.8297182005070085,4.0,1.989093427648138,1.9890867031799058,0.3262004510041351,0.3609452999641628
326,2.800052981168829,2.613140244608802,0.11447294730787189,0.1,1.780229741878687,1.7184455429412604
327,3.0394094966376715,3.368332401692273,0.8829972918805268,0.9082030049357919,1.2682422174710553,1.263366639562642
328,2.3379985000866528,1.9230589928418433,0.6120335617197918,0.832391010251662,2.8226208022052908,2.5851013580117193
329,3.6343665912651453,3.541219205802775,1.7537090648551703,1.524283286525432,2.71050186403425,2.8043200009572344
330,3.4100625118360193,3.3488748049556065,0.8134259508314948,0.7281771416630841,2.997424722943553,3.0
331,2.5164627254833527,3.0210870729376573,1.7968024044148587,2.0,1.0961032389087975,1.051884901120432
332,2.2842958658317114,1.985608043693594,0.7178275023171566,0.47567755925770216,1.5915405036440293,1.6609203198292688
333,3.102077605430571,3.0004928843262872,1.9144762167693743,1.6413812360489475,2.894902645396712,2.9965951651480798
334,1.575304675784968,1.5,0.9531705335761768,0.9267537770202265,1.122945776497958,1.1086441301138832
335,2.519076301655424,2.431819160731838,1.755351865977626,1.521511289715377,1.6008659910582343,1.4910752422213929
336,2.103192534792856,1.6762786109132277,1.8565232942936547,1.176195003310784,0.7782398790815306,0.8339509069650753
337,2.6680929661414723,2.6031592962180543,1.031616851956941,0.9487399136949599,0.23633161027182636,0.20797543064045215
338,2.6369776199948003,2.6068987040496228,0.27259905583247585,0.2633238762450176,0.3483952779634448,0.3345089884619366
339,2.335481536226587,2.404105629406781,1.022087417980431,1.0578384873867952,0.40522453198802066,0.37523172202378124
340,2.498822041227994,2.008365843796193,0.9995278349779464,0.1,2.3853210333607144,2.95103648196508
341,3.7603747132344463,4.0,0.6490772548918907,0.7181107132270339,1.548729543748395,1.4762813328689346
342,2.000647248857823,1.8046841246289382,0.639745395656134,0.5078784090007323,0.8511473093770694,0.8658809336585729
343,2.1293280658949656,2.241907119830192,0.9681452183298189,0.9060230535781251,2.778432584977982,2.906019097920553
344,2.8679483636602976,2.691988602246068,0.20871370463737282,0.13247042488697972,2.963185638918655,3.0
345,1.7223464815814815,1.8679572338269934,1.1414798405809239,1.1572291207828547,1.349010517746425,1.3652286990933225
346,2.191281418664786,1.6503069948040867,0.4226794167522121,0.1,2.3211240901965353,2.3625740075633748
347,3.4128250524509784,3.6126101951223264,0.5008116450396078,0.5560775857378342,0.5248055506109757,0.46442193780798185
348,3.2476488516082767,3.081985387646575,0.19078520176723301,0.1,2.4081044985321274,2.5063086104335097
349,2.0369146736850174,2.2012533781964914,0.39286067199850805,0.42901081085812887,0.007702073051017999,0.0
350,3.3857933082906304,3.5179467510914217,0.2155080231472677,0.2785929456018323,1.243253767699435,1.2160486469909075
351,3.4529094583841693,3.468654638404478,0.7081886206361997,0.6469773569410906,1.0676063954961688,1.0784050935205638
352,2.473219938645073,2.2214976403745994,0.39802279289464115,0.1,1.8837350994706452,2.221221840785032
353,2.9324517887758694,3.0187443838711014,0.13968570565254143,0.1643663065724063,0.38537201119985065,0.35833390882658495
354,3.915381327472605,3.701102191334435,0.19398419033122025,0.17707145527283363,0.16176574519381026,0.1632221774341553
355,3.3611077957698274,3.8694773217401677,0.3323744436075343,0.6666960674052479,2.7232726359762514,2.552201556512666
356,2.4664344132367453,2.2344902251234116,0.15569790813302603,0.13678100603775883,1.2743237379561925,1.2192965983825717
357,3.506795826111361,3.8147974956291146,0.5025636579126785,0.6625695099473465,2.245547962909316,2.1436165631795787
358,3.3149163453565036,3.5394602102150077,0.22724622440832132,0.5619051200350594,2.717436565741229,2.3024393787185846
359,3.099851334268256,3.310208601390599,1.2007303948187737,1.0943756400459657,2.3870810552443724,2.3615511488720298
360,1.5684356941810056,1.5,0.9506025342937087,1.4559921545103418,2.8115870781356116,2.7332509428434144
361,2.32545306815277,2.352705265645288,1.2743678085079748,1.123283806437078,1.9222670742732177,2.0073724081814333
362,2.974489911823256,2.8201735060760953,0.1856100294051347,0.1,1.9635109193172928,2.0377955915272086
363,2.7445230280824795,2.9672250028718445,0.5301657438800136,0.6363041018546016,1.6076091810510564,1.5498484195205584
364,2.526741960935789,2.2169960207106874,1.773183865502349,1.458054017483447,2.8689051129003995,2.837460205029985
365,2.879729859821634,2.754368944626827,1.26581310834144,1.1796908148886431,1.3156892709537722,1.223996358538215
366,1.7459024445258748,1.7727960577888062,1.3277751806751603,2.0,2.6224069443804656,2.4949049446861085
367,2.7333611933293285,2.7755842758121707,1.9973503077244954,1.927800305735717,0.3040175577423512,0.31196278235842045
368,2.376132258902098,1.9384999578497266,0.6140195091945835,0.3800504277647227,0.6184199585957899,0.6389451748834748
369,3.938991949015963,3.615537665932347,1.624396515090417,1.235640241053449,1.3302316259119604,1.4123153903393104
370,2.009290245464321,1.9521780179520092,1.6856568861205756,1.5948138528728637,2.7037925755754966,2.701038080168353
371,3.1963999134933108,3.6821587794240824,0.7997622123563535,1.0627545313922997,1.8746070820437508,1.8383537970081267
372,3.656533680341074,3.332061150345415,1.5034263166073785,1.191244516236793,2.176233325008443,2.1758534721385634
373,3.5272914077807522,3.9435455739742773,0.32125019489524087,0.4294007593468498,2.9263635926483778,3.0
374,1.782143149813734,1.867820623884725,0.9126040553896628,0.9639487156242436,0.7714664102188195,0.8724590856968011
375,3.269191435057907,3.647926305759432,1.9280045186175587,1.9999968983586105,1.748791787517622,1.8193308346744819
376,2.5438101745719703,2.350167380541542,0.958029792396083,0.8247535175917752,0.12679847459938653,0.09948046051568743
377,2.124548732443939,2.466027344545952,0.6038771928342828,0.7685617167614454,1.334343009155137,1.2915948583703496
378,2.0192059195580385,1.5523303647202824,1.2534128872368735,0.7940573324662383,0.8189471498946187,0.8724195955599713
379,2.867905724823105,2.8130223607058347,1.6926825241719503,1.3168988882569652,2.5731896998236623,2.6624548387578972
380,3.8171602866248318,3.7832611114038066,0.9381374242903092,1.4990238648911225,2.952811317548699,2.6201990673567126
381,3.038675098229193,2.7565693802204962,0.6650908495479815,0.5579356352840995,0.8321632923572235,0.826082216596509
382,2.624531989501184,2.5765952833939467,1.812533891583879,2.0,2.947174947500412,2.7661423189707954
383,1.52970027672604,1.703333867188243,0.3077887353132758,0.5321336968498319,1.5377520395725108,1.4076074805971481
384,2.589390489965647,2.6874955267177656,0.8595522582892362,0.9765610207229981,1.3403585054848284,1.340068016239002
385,2.434588859956601,2.948999457028679,1.5167913886194593,2.0,0.4694489415891999,0.46547046531708414
386,1.92710275833893,1.577128057073313,1.205495026620157,0.5915158198354882,1.9302463426563057,2.0650214693812026
387,3.5800245772204278,4.0,1.650491254986688,1.7789346397998678,1.103533442418799,1.1540498365291998
388,2.334414146152154,2.3426103600308874,1.4059867495006872,1.4064891193016904,0.1939125111463622,0.14419518754107358
389,3.841253393120955,4.0,1.7883994457627022,1.2939564087715374,2.582668270694719,2.7490776936906007
390,3.424518511787803,2.7512709208535036,1.9509221267898536,1.497521889268499,2.941992545735821,3.0
391,3.647609262282406,4.0,0.494793743441721,0.6727697431870228,2.9629791434272965,2.6804261721929903
392,3.6098095701394817,3.4291430808255092,0.7879624189895604,0.6584776297384493,2.904213985329732,3.0
393,1.8486728427484074,2.5302827592150057,1.8991120780333917,2.0,2.9221276761279302,3.0
394,3.4035488510050333,2.7155770667702464,1.7681232371430717,1.1951189269830425,0.7133430208577366,0.7310267147307641
395,2.7819143838025817,3.194283520884209,1.7834627501851343,1.784945829013827,2.821077913643429,2.8773835047232525
396,2.684747780771558,2.4507361053565533,1.18644721096907,0.9890550718609937,0.6903440779933065,0.6843332179403843
397,2.1868108659607564,2.2658406150673964,0.2484869992267669,0.27270355784590383,1.6747982865831927,1.6308293516776964
398,2.8763340213540602,2.2460587598315733,1.4958446477083343,1.012419691937768,0.26782924815956144,0.2714443089691011
399,3.717783029903882,4.0,0.8242804849583261,0.878591050858037,0.7129091437356334,0.7158201716213232
400,2.9925781822735162,2.9614605043191333,1.2867560198508736,1.5525580634731226,1.8807013379688358,1.7091155474695827
401,2.526425592469762,3.2022226187908323,1.277681562871375,1.7290670243898392,0.05989643346666906,0.024988198152419705
402,3.39696587443974,3.527729714934402,1.0211031011109102,1.1071311352986604,1.7198258770256554,1.730740559615521
403,2.025509585216291,2.5169035793125976,0.9979355731075022,1.407577101526863,2.2153690731018223,2.1911409428487745
404,2.2135893311665136,2.192009332693575,0.337867894191118,0.34027453100150584,1.386490806627728,1.4014608426317026
405,2.84767026934404,2.5855452378211843,1.003775852784561,0.31522587746796094,2.558287184642776,3.0
406,2.2644545947203243,2.362588576331625,1.365011386103548,1.4195317830966974,1.2676309377424966,1.3266145311374713
407,2.662695215821735,3.254579209349965,0.8343877683600277,1.0094459515304397,2.680556035371785,2.6355018715286844
408,3.8117750281337552,2.840610468833605,0.991508243895368,0.3205135295875748,2.651420999276482,3.0
409,3.920068043036542,4.0,1.4534029125465275,1.0903078027790292,2.313211930263156,2.5877265675995123
410,1.6714294030111507,1.5,1.1525490629772923,0.8509090290207917,0.2943526159445242,0.3653758525083202
411,2.8866158302676483,3.1659448417758322,1.100201991391127,1.1175937198598918,0.7023634574492312,0.6675532144248658
412,3.018722425536854,2.8131816153549374,0.977938903070585,0.9433513515506061,0.8020193553875843,0.7981636191172485
413,2.842771820845372,2.9544950110435115,0.3653758801153463,0.3688615612637324,1.1626621743563783,1.1530382515501556
414,3.9575694800581767,2.984101052020799,1.6951490101065594,0.9861560734635363,2.865707963506875,3.0
415,3.295232568729908,3.8927869927190653,0.9044086027481888,1.245214024421282,1.8901708039774974,1.8405937068850726
416,2.2608972252501696,2.3666476194137624,0.20558552707256972,0.24404931065191307,0.030616425228934263,0.0
417,3.2944877142164457,4.0,1.194626696396791,1.555524170325247,0.9085205193984469,0.933427798070139
418,2.7868119952059223,2.4819961567942137,1.2855615391816562,1.076655354631323,0.4864674503417453,0.5616233706733247
419,2.418014710884925,2.5334509614330565,1.000270024341268,0.9428922709306211,1.6118949424243894,1.6520807752682605
420,1.59777522957445,1.5706306597841266,0.840714154190103,0.8887802768811349,1.1653102113378575,1.074757911903227
421,2.8320274753542876,3.0479629866358535,0.2911636804847331,0.34566216149145507,1.193915841599099,1.2397493882274286
422,1.629013671581972,1.7146718471597193,0.8296443761295206,0.8455474665032595,1.7361010446695821,1.6442663739257977
423,3.1998517521194723,3.164851075563389,0.2438425523814938,0.10000045987973535,2.369070116468655,2.656431225483745
424,1.9668350489650535,1.8880413407979415,0.9743137242593366,0.8807401383763741,0.6542145639878076,0.714417968205662
425,3.0235286315427876,3.3035511680260874,0.6329311067790409,0.7320622412073966,1.0371733350254926,1.077385635335252
426,2.0090115176165444,1.7935688884553544,1.7944844965305302,1.3665608084916816,0.19650166589597318,0.179126990965604
427,3.349589893768549,3.233938801191724,0.6473772469241835,0.6070414519623163,0.749285736462835,0.7505973254029938
428,3.9300317658096313,3.338984414177897,1.0598979322192934,0.7387933419708578,1.7667878396201906,1.9148304415481825
429,3.6027809203518495,4.0,1.5676257064792711,1.7010764521667483,0.5933848674986952,0.5412470729621338
430,3.162115688818734,3.086270338099325,0.5904221066235146,0.5847372959496592,0.29410859411234536,0.3024996883352814
431,2.763686669838106,3.050819560492057,1.7346250772649594,2.0,0.3844555568838737,0.3736071789803416
432,3.567112636126952,3.4718420312293277,1.6052663962276497,1.4987693848364354,0.792730057323257,0.8683720344335162
433,3.2349826603403873,3.6849313463453077,0.7743520612358017,0.9802584087426112,1.0932478817760602,1.1467179379813195
434,3.531406213535748,3.684993659530732,0.5240812740583014,0.6815810187687783,2.4987308166246365,2.33499179024381
435,2.987344895496283,3.0348889139331265,0.3682930517807973,0.2950966269451095,1.6753780110471694,1.767933436179649
436,2.432277035557399,2.2590501244651913,0.6068620632380977,0.4315515041896681,1.0459325052523623,1.1225156962898106
437,2.363168622344529,2.493090580216461,0.43885828153284434,0.47571685473978026,1.047305864009112,1.0776230316121458
438,3.3887187137430517,3.431661498061545,0.6634091584287557,0.9679714146352828,2.2713976891878565,2.0043997222407532
439,2.6703404379884907,2.76289773913054,0.4217944360928497,0.44260737845017256,0.39800798651695923,0.37898150872107844
440,3.615746843254704,2.524770573130084,1.9367890615543428,0.9742967246299816,1.3680155035170973,1.5739042479740932
441,2.9161310430294214,3.3748236193763304,1.8319794437156363,2.0,2.6134565139128583,2.605384942732857
442,3.8041337143275356,3.439212243359206,0.4397708419545031,0.23500828032006166,1.4629995618524665,1.702322615825208
443,2.325789571898054,2.251337224336927,1.159390976063392,0.8486337611641533,2.4887297491434155,2.5921870829119373
444,2.629731513032992,2.783762597979619,0.48333759599996096,0.5646875906042688,0.43079199699356296,0.4386327206643768
445,2.555221199155806,2.69398813619183,1.9623736144366015,2.0,0.8454791767391359,0.850985826215433
446,2.137630357895114,1.741614648174917,1.8707990522181939,1.4183887453489703,1.0944359855611676,1.052895930861214
447,3.703536508856114,4.0,0.1357945021467472,0.15869699246981545,0.007306348647243777,0.0
448,1.568279699921165,1.6267061781665824,1.4229062227122173,1.6834413377152082,1.6616644330334513,1.7023266007076638
449,2.0318409657967633,1.9801204817120373,0.6553228894758477,0.5999083310100013,0.9548565131485729,0.8770851572431746
450,3.089146813080464,2.4021951554984953,1.6175165195131176,1.1457708353416696,0.06193244063818526,0.0
451,3.3304207677575386,4.0,0.8712966762246391,1.2371014957378448,1.63661316443874,1.529361635752119
452,2.825139461696568,2.554713211124813,0.5057263414957671,0.44655126664849765,1.2691850875790633,1.2635990740836145
453,2.0698340689140036,2.6786029643987646,1.6692317661928802,2.0,1.6688120737975543,1.559453987123961
454,2.906141954197393,2.9748880154798436,1.5624806868514254,1.5749263354852603,1.3414714146571036,1.3398391168450985
455,2.1026315756502614,2.8179104942645745,0.5796582639696148,0.8614043621056721,0.9432469273748494,0.9312861258706431
456,2.965417314557623,3.0532424780723653,1.347708951719172,1.4498270113401472,2.1308308825319004,2.1119616364068388
457,1.8932002967860542,2.2188656760218732,1.2634407990853886,1.5305095240569602,1.197208631369025,1.161306228235276
458,3.5788565700831136,3.467486982980281,1.7031000614170528,2.0,2.5019007293283964,2.269655561813691
459,3.3248833106159577,3.363035129265741,0.6592864324789057,0.5712733771321638,1.8834631104742117,1.9943988791761489
460,2.887830813466646,2.7166401073132347,0.8675193210498692,0.6203992904429629,2.660182080051728,2.804293907089315
461,1.847752228083962,1.9282858501870295,1.4573140269445062,1.521091875708808,0.9233797142135013,0.9002933351225646
462,1.7941722607437935,1.5234186367947165,1.0972377071238755,0.7792500171678828,0.5158453952863814,0.46235275163864387
463,2.4745426652846905,2.4048354884844856,1.172042907655222,1.0258491412031834,2.072074276515084,2.062916370228146
464,3.520726698757869,3.553688203075114,1.7722318895838585,1.8497102126873568,1.778041508247733,1.8566757274448658
465,2.6320750606151115,2.616921358376158,1.4230221899154056,1.0930282698818008,1.7916685535803096,1.9093445200365216
466,2.864199324753397,2.641964630711915,0.7730255562248732,0.6508384970103,0.5700450535933156,0.5461443049004097
467,2.8119753977898077,2.621967450497256,0.8793793494752316,0.7384087606084043,0.35264715597378127,0.35065106518578054
468,3.248056502487228,2.9150436038496457,0.17154084361364524,0.1,2.9874355761157094,2.9843113955977283
469,2.0442666396081006,2.245079113349177,1.7982873175540715,1.876164029403222,0.6652835860107349,0.7281290059618876
470,3.5545575557212903,3.525447344530861,1.0317078464091274,0.9978152877471873,0.45919374416219494,0.5005440480350317
471,3.4013836662678494,4.0,1.6110247257401333,1.7854900679582648,2.3184740118788905,2.3363102989889093
472,2.596284419986773,2.24699221643471,0.932308532290672,0.7120668768254076,1.8155205622134685,1.9709158497839827
473,1.6672082757194544,1.7536166102276265,0.3989817836808809,0.44462062906720345,1.6430569989852342,1.6353055925568525
474,3.892160051881749,3.574979338191082,0.8221407201258775,0.6782748073727798,2.4466818797636414,2.4537792098825393
475,3.7613009015317203,4.0,0.29049235791166694,0.2988026315462269,2.6279151404587537,2.6341392597638413
476,3.0106780252065795,3.2761548105569576,0.7525083758618412,1.0772336146933106,2.302668735891043,2.104167303869673
477,3.928465822474592,3.7791005882983844,0.40513304220846413,0.38817736331405833,0.2071740045204319,0.1880115111460103
478,2.5558040294567057,2.2739592580824963,1.937387039724019,1.567851807942363,1.6186249289123262,1.6912485949196303
479,1.5320752143058478,1.601154033277108,0.4611082569559133,0.42246312421637533,2.268193439869911,2.1911886067974637
480,2.623448556747185,2.78480644837856,0.28473408534583466,0.445396065168145,1.6373197561684898,1.5336827353370865
481,2.0494791126637786,2.267094084819473,0.25369912362589064,0.6043341168417893,2.256754071338806,2.082848843822233
482,3.442937314873512,2.9920240702935827,0.972306905679056,0.8552375234758431,1.694015491939791,1.6940168362829422
483,3.8372105868716164,3.76987154201639,1.87304998097194,1.7599193583025292,0.6419517114604213,0.6138160989770247
484,1.8139347976741655,1.7052033158931412,0.19039690615813604,0.1,1.4740130983455986,1.4938716356768584
485,2.8890954943383775,2.823225845967997,0.5229575448269407,0.4520766534268597,1.6446767770980566,1.6823176595603353
486,2.289501376450734,1.9350139701696225,0.9583638113701965,0.7129191997982325,1.3580640522853384,1.3715502607479024
487,3.5558141839351003,3.977716866965731,0.29671985069710416,0.395150210107462,1.2840263459985306,1.3075120545193666
488,3.744601231621846,3.2589601192547604,1.2491919554985322,1.0379326796084847,0.7851439205567533,0.8099595474436142
489,2.6408078795047123,2.504714803661096,0.2329619997856957,0.18781835274483083,0.24873629549088405,0.2829970500982729
490,2.3970684973572522,2.344394431053162,0.5415524017997491,0.6066814381576935,1.9212231847411945,1.8383079554803454
491,3.043598094418734,2.838626463983912,0.32783291578549617,0.28355623117548634,1.1676088184031612,1.1652639717832793
492,3.1258528959416605,2.810084937748546,0.3302711703655434,0.10334953334192794,2.4932427190292854,2.639940386104267
493,3.4307586327857216,3.888544405527835,1.514295057352537,2.0,2.198924827357879,2.0755849206531782
494,1.8379013376417839,1.8680132384008121,0.856577711859668,0.861587994669949,0.8444955208202015,0.7927285965376287
495,1.9698108592944,2.072503437320912,0.9255906590823638,0.9299293282115259,2.0078907232291954,1.850063722563351
496,3.1902809232999703,2.9253134996488317,0.9992801764428898,0.8563956516327315,0.6589950620949732,0.6298789418849047
497,2.360026770546795,2.5223165475732436,0.10781528877949041,0.12551992638924817,0.3464552974635843,0.3276101566061424
498,1.5622139796082348,1.5,0.38889598046875806,0.3373724853125822,0.7459296855772292,0.7825152271628022
499,2.203390620264174,2.6829550473705566,1.3252202864463813,1.7680545383740156,0.21209563218324867,0.17370914388125494
500,2.9871579170748572,2.916822529573095,0.5815769181982485,0.5240985747393617,0.9715232426881977,1.018617934311165
501,1.8278992107332752,1.907611878996051,1.9369075571343113,1.8604180728110715,0.7350468885628191,0.7291955721684942
502,2.482829609052713,2.650435920828792,0.5281160281017767,1.1589425433522031,2.740818154010156,2.3220581659909327
503,3.4208386330475014,3.822138035800076,1.6172862464978197,2.0,2.8852414778384246,2.853035284797559
504,1.6578624765408274,1.5476828883543021,1.0187687734210376,0.8901481636302987,0.1731159408832933,0.21997681466886512
505,2.892063953329313,3.286126376107143,1.7951933768876955,2.0,2.417334405560049,2.441731529803049
506,3.3315718621766863,3.393757560680739,1.591411518664055,1.5462640164643322,1.397795915113913,1.381437139678112
507,3.2015192539492534,3.1554811243969607,0.8969148686483746,0.6217959576982481,2.7371858886890874,2.9529238575246866
508,3.980616661491628,3.8873502455436895,1.243387610418576,1.136770260896779,0.8854595311786447,0.9671307315344936
509,2.3677862093132545,2.727111803919721,1.7185060000617858,2.0,0.2513472112102998,0.3509306658373478
510,3.1808524457450256,2.7686881531310283,1.2068986172916818,0.6024015413013231,2.5015034929122733,2.8034724477323207
511,3.6410837253845902,3.223078622013591,0.48043765843700936,0.2906478244343242,1.011957409311357,1.0661253602370921
512,2.394894846338797,2.2146053989277843,1.0529070648244858,1.0049657312778062,1.1789663801615782,1.1560792082737377
513,3.6308050527760343,4.0,0.9853167062319904,1.1528177386108258,1.5951277209500754,1.4907954630963813
514,2.5132739455221538,2.3710784735250003,1.4897967878206286,1.435588753659772,0.40158102375900984,0.44718042120396534
515,2.4400680266730497,2.466675704715891,0.20438237641173515,0.26125193197828805,2.89963891688642,2.7964088004784453
516,2.415111092381986,2.3352796697327474,0.2849692513197192,0.3188302434076568,1.5399690847287153,1.4944087233021301
517,3.1619315595370265,3.7928905486781948,1.8871144872490542,2.0,2.8131227581525673,2.804796051902705
518,2.9641869681973176,2.9101203368105146,1.550970343513398,1.4667552235559151,1.3447990212072591,1.3815075838452482
519,1.5664649159750317,1.9929056515322063,0.9238665235065021,1.5939309722512351,1.1276457152045039,0.9838785536707764
520,3.075062717690202,2.4840681000993428,0.9775989332791778,0.5983921734410415,2.563200134879579,2.71427132139454
521,2.45564692941843,2.7712000983724145,1.628449400158556,1.8318621906220116,0.6439920046078094,0.7005084485918532
522,1.7155121126828474,1.5,0.5944450041710028,0.3704402478756923,1.787680927976183,1.7350054865848081
523,3.970299942271887,4.0,0.4025795501283045,0.3957927939613532,1.0187857072114128,0.9927289015613494
524,2.05375209637765,1.5486546729725041,1.702508969282529,1.1297221930637837,0.2665314149483543,0.26514240667728356
525,3.023021749456212,3.871768861475333,0.8851803542395814,1.137995800032631,0.7043444907172953,0.7213407118596501
526,2.1191468675985785,2.12356272023762,1.3911106001558797,1.4275345451181496,0.1266947147839126,0.17572630076858825
527,2.49853581999219,2.687835943352383,1.2475835753497602,1.1692900892313345,1.9904489650007036,2.078806188301003
528,2.15581104336961,1.7759486155657505,1.2851087716003233,0.6133000068857598,2.9127881296335474,3.0
529,2.4487408209467905,2.658109698626885,0.2892023187042564,0.3884036680496701,2.465440387053184,2.4600884444090805
530,2.94086794339012,1.9334788764293847,1.6625907736925405,0.908757420468751,1.9396527297601878,2.0131499010180622
531,3.0263234954355758,3.139614493967463,0.3508393460058914,0.3076552281191543,1.1102346387045525,1.2018534348855436
532,1.6542996621372006,1.933491598924821,0.6857259326809096,1.3921284273018963,2.4534258913354825,2.249945921563894
533,3.2896859736096697,4.0,1.1219824213443275,1.3532945527598976,2.0394779675057695,2.083719948707388
534,1.8886628865235933,1.6657357333750737,1.8219151424324187,1.615165601199202,1.5818355425835013,1.456584017654667
535,1.6686384460477484,1.7385116771726314,0.12754040315564286,0.1,1.7633743480996424,1.8539372421566236
536,3.6571630146135483,2.8278351871731697,1.040220911792843,0.6745047608302076,1.3642908344014657,1.4371070774295942
537,1.5925711282053725,2.023025111533466,1.0989124241667023,1.3582439815419456,2.028745462216187,1.9932485021193782
538,2.2960598885265426,2.0992091380926468,1.1377835329594828,0.76740262705625,2.54146269605482,2.6674880894680957
539,2.4082757489888236,2.5005903628845396,1.0332628518832054,0.8984999974821423,2.357909956773874,2.5113798033341412
540,3.3022851737818257,3.3134634750777066,1.633212836726155,1.6332995271445225,1.7642071603106926,1.761314778113234
541,2.592177265194985,2.8406178496528787,0.5292306484607261,0.6371852512856065,2.30610077049349,2.245669324998741
542,2.3466611171006653,1.9307571854838477,1.2401241209292173,0.8071155382100178,1.208761193520147,1.1882695258434304
543,3.5986783727031995,3.288432140570274,1.0150300398182823,0.7336542608164276,2.654080172387731,2.6623938080469016
544,1.915320566761208,1.9910767620357226,1.1270743518537145,1.2364323903303127,2.121949770456921,2.140628146760083
545,2.9065595060485414,3.944558540436262,1.1123705136231747,1.800948362673819,0.6850916695816857,0.6669617918974351
546,1.8107490147602303,1.7887382489971417,0.9143092842359961,0.8841170106795053,0.04260494702000661,0.0
547,2.9970547666434326,3.356072077609462,1.1442130471721081,1.2493524754043495,0.16486301990017982,0.16880429099853034
548,2.842371048989691,3.2216687342739703,1.4000461870011942,1.6615419204344617,0.5316355779606949,0.526644464634884
549,3.3242743317547623,3.7495249644443347,1.8402445160494423,2.0,0.5826710436449707,0.4898900848909843
550,2.384805065618766,2.263827257569187,0.2632296984095839,0.1,2.571148946001336,2.8441793286916357
551,2.228620990088083,2.828363667354592,1.0174797456662847,1.4775592254486827,1.6949906101998877,1.681546426461048
552,2.7440886868828267,3.021219506553846,0.9631155888824372,1.1998009140079722,1.4161094754793688,1.3724940540597852
553,2.887850986372813,2.9729030308557767,1.4628779966425038,1.447858405411827,2.559177878015313,2.5411535322091
554,3.305675365395908,2.5335539356225354,1.4934513349141425,0.8516089888675878,1.9678176027756935,2.073221402214399
555,3.951374886298228,4.0,0.11180463229194423,0.2028637756118294,2.704195250707323,2.3615357351948547
556,2.2102626968154055,2.127294336644038,0.3167434335537904,0.38195360390911076,2.5020740070583076,2.359728527972523
557,2.636700348610632,2.8295763924995203,0.4763613912620862,0.5667442206025717,0.8412588081637307,0.8371830838434026
558,1.7195371315914019,1.6740228102808445,0.3573665197088143,0.342354181529712,0.6054521485137752,0.5914328715300459
559,3.1065512073910826,3.523212999775563,1.8942143495047987,2.0,0.879377661942965,0.9264203489774903
560,2.299110494129742,2.420300684679889,0.4523669920257557,0.4789249081394382,0.6393501814012132,0.6701491602173704
561,3.769408624547657,4.0,0.983834109636316,0.7203829871391916,2.744322650720993,2.9557909548549097
562,1.5676752357387613,1.5025451668270726,0.985198393694846,0.895456847729135,1.4142640975476093,1.3183923139312048
563,3.9980204776834896,4.0,0.7387870928965431,0.6417828891068582,2.644012980343571,2.6406385517759787
564,2.5276377932752387,2.46784073687299,1.304136257122304,1.024570160566659,2.2614889541529672,2.4954686677964584
565,3.840567842071573,3.889423804872103,0.1480798698282307,0.14716546822704749,1.0121217001088596,1.0184773624213552
566,1.5682226883992536,1.6177909040535892,0.5557899996042592,0.5775233611763615,1.1619383999933837,1.156663832005327
567,2.8149998841606294,3.61943020923371,0.7249724631858417,1.1725956320295594,1.516797050447423,1.3139572951319138
568,2.131267385855642,2.328819418176679,0.3409447406019174,0.5262844437784587,1.2297181517769666,1.1855009766056266
569,1.914287553173283,2.3197618947898953,1.7236674058826829,2.0,1.1739143004124468,1.1547756958022186
570,3.3991732072042966,3.7155159329578855,1.309961467588231,1.9967826449037052,2.881654042778037,2.565348935520346
571,3.2353551956257576,3.012042867002456,1.8393151578130753,1.5066500711423911,0.23452001587429683,0.3417659483996217
572,3.3255868371661825,3.021984525317793,1.3429095044175912,1.1236646045062124,2.8150505313099505,2.879386421346812
573,3.948956655234101,3.9441162597247184,0.46771071722351065,0.31995893215390214,2.0767071177307503,2.193407145759762
574,3.8251402416263636,3.691091362070917,1.676088687684721,1.4971323892044048,0.19297060428842916,0.22202384043989368
575,3.2286463558854157,3.9268882370232157,1.6412719423722069,2.0,0.7496441270231232,0.7799252736692353
576,3.283841266513746,3.0390280331267836,0.18487892413240514,0.1766249552595253,2.883919191190576,3.0
577,3.782844611700003,4.0,0.5337358993658421,0.5332265631997318,0.0864677474291744,0.13374466713198893
578,3.951342128756207,4.0,1.6038754456217237,1.8043971645000652,2.0158853513580572,2.0270038007922286
579,3.969867730875648,3.9394530030232944,1.7036365346432327,1.5706446468994228,1.0395568171607623,1.0019458710028275
580,2.257523579329554,1.5356641485208984,1.4983522105422182,0.596159974411181,1.6077769810258546,1.655780829041481
581,3.591672433258605,3.8674475939253883,0.16585937288271985,0.21802779688714855,2.774612047564429,2.8222065199853623
582,1.926603698870125,1.934548706597405,1.9470161061524396,1.9637518790889759,1.168102765650853,1.1554609670654257
583,1.8976720443181503,1.8980676061428263,0.6837956837065768,0.6656056050310359,0.3790636467486487,0.3474570024077923
584,3.6793473386126294,3.7781598923979405,0.4698969163505756,0.5237410462157314,2.8820666200602565,2.8702272860018625
585,2.235121815432189,2.747948256757719,0.5238819334334804,0.6745503740046104,2.5964169827288552,2.632399108566303
586,1.9465853237164361,1.7798169731110671,1.8580882847636644,1.641693181057295,0.09888762394418626,0.04845501095422113
587,2.838262575782059,2.935544043554194,1.067595345769108,1.0040218771012093,1.0666383948247433,1.081218275198654
588,3.041380302542816,2.76014949042111,1.5403522121516475,1.2053898580676599,1.127275391993602,1.2613680592446093
589,2.5989506578285875,2.9649836914322694,0.3119849969406614,0.4001973994998728,0.6585707165925392,0.6707196556014052
590,1.9804888265799543,1.7386843291282388,1.8172948060937497,1.2545326335960136,1.1172618447836011,1.145903676007875
591,2.1755123109803725,2.4087153623358035,0.14582235129874438,0.1876239295334428,0.204496593657166,0.24839937992791702
592,1.9595615150638226,1.653214636595971,1.3933108693851803,0.8557772457358367,1.8480524249166588,1.924144312402991
593,3.8560178807889818,4.0,0.11861497356351902,0.11865015102984051,2.3434549252492456,2.272884518925564
594,3.1747028930751378,2.910444236224663,1.0498742227813735,1.4415997958339957,2.523913030556291,2.2675620103040206
595,2.588393321730967,3.2184428019094247,1.674931260405393,2.0,2.149596531348583,2.3173164418992815
596,3.553911503942011,3.4236430203032984,0.527689475756396,0.49003538831776133,1.1073915598967596,1.1647547430175953
597,2.475573690924196,2.8078010517547223,0.3462961186569884,0.6153285119013239,2.06316588281523,1.883609881937395
598,1.9199919105390033,1.742224526874624,0.6981220235786197,0.32916353161638257,2.6983474884747314,3.0
599,2.7110267100089245,3.00869759775383,1.4222827777294247,1.7946512186688386,1.8437045111613846,1.7976245945284248
600,2.117108656376974,1.7599745476406254,0.3411264728048797,0.13192723057765446,1.066721337322711,1.0828975824966631
601,2.6354228390187364,2.6887193631698936,0.31126475295851697,0.2727757329102017,2.917312806928207,3.0
602,1.7953441040621276,1.5,1.085106986354846,0.7935274635090879,0.4024711598925711,0.44405824385005943
603,1.7704822801932885,2.617099664283232,0.5136289924813621,1.438008117053608,2.1013347384206043,1.90621360114651
604,3.049496063060637,2.7904802655142094,1.5251278723301882,1.50984299342731,2.538403944905478,2.4962372266380655
605,3.496364548843858,3.9901538051088408,0.9502783624984183,1.1966706284040016,2.9946198527345897,3.0
606,2.2830790674940253,2.1858243003669102,1.1557993098704007,1.0055998333448504,0.37708058265389477,0.3387306903858908
607,3.9257361094534295,4.0,1.692514662662676,1.0920172341679875,2.385686048707529,2.7878556142473205
608,3.770267360406506,3.5713557965441995,1.6824351753504436,1.4286907833424842,1.183495796975326,1.239770223449961
609,1.8202668602287888,2.018267094065385,0.5671798541935293,0.6273000538593868,0.4933185758790156,0.5121720984608195
610,2.6222715131986987,2.5094877218001854,1.9876051495769973,1.8012951942378395,1.4455326753374325,1.3897888798659332
611,3.576664109717612,3.4506344466600534,0.5323750009857449,0.4701214379576162,0.4301928283658354,0.40390324511238274
612,1.844401838869929,1.6521491785243827,1.547577715617816,1.3233522623152802,0.5329012508332216,0.6209298652307196
613,3.4357060999486864,4.0,1.8298499407664395,1.8385222847004181,1.8923566242487966,1.9378861821443059
614,3.419053076385887,3.372183112884368,1.862611273936821,1.774252560382797,2.4835911549365695,2.5202558670905177
615,2.0186610553787956,2.0552236936611408,0.6680164574774711,0.6082909051023873,0.6633752055301952,0.7268761905918358
616,3.933647060934367,4.0,1.0852315098855674,1.1772259944440457,0.9431386681604683,0.8778026968047127
617,2.862450894313746,2.69938856472228,0.8151687645633109,0.729403313647716,1.2078332080040797,1.1841087324093438
618,1.9602702718534162,1.5,1.5782800254681912,1.4785885894469124,2.781580771785033,2.6537971653210723
619,3.0305264769937144,3.6239919538497603,1.8554341119522142,2.0,0.18344827746878178,0.17571429252396495
620,2.540211762066119,2.3535646640708605,1.9532132228661836,2.0,2.6383385361479554,2.7800804906204495
621,1.6837005767014057,1.8606677233772428,0.39282779666322487,0.5202697963301095,2.000502342247525,1.9056509786609774
622,3.4321142993589673,3.123292951949478,0.6659439890889738,0.35837368462815694,2.826497934977213,3.0
623,3.0352206404888777,3.3626868825739074,1.605437434762716,1.7396192052920656,0.5720075565324317,0.586327705187966
624,2.0346908630426794,1.7939977927322102,0.14184343862648305,0.1,2.2043766130994467,2.1856601189867013
625,1.8600145914719035,2.0633676466523703,0.9242551082741797,1.1173111754564578,0.6207286557424905,0.5405051879114504
626,2.9691253474638906,2.815451697308881,1.7645466810277384,1.5593952198235939,0.17520395612695006,0.11330741786756801
627,3.750826834228842,4.0,0.774423132961424,0.8682209472140486,1.6960335580506567,1.7034839625942775
628,3.5672240126408656,3.222983953522968,1.339144776207812,1.1305218879060963,1.4249614788217004,1.4221908940444457
629,3.6689261695763173,3.5050677897171685,0.41968190027818697,0.3791486128825882,1.158716465625754,1.0704005706440678
630,1.7617038436723282,1.5040246177190668,1.8304880918250868,1.2481883398600222,1.8792916849937733,2.152376973156585
631,2.1667262394764157,2.5236721576876002,0.8933698570288982,1.2739228630902235,1.6939465734112136,1.632898605737737
632,2.6735502751046707,2.9678902359199197,0.6005510310193332,1.0844764898846058,2.388650436974492,2.2371205865381363
633,3.476836923409342,4.0,1.6305111291345327,1.8655838731153713,1.0509028516311714,1.0047023395827461
634,1.9627748818541952,1.7671499737698702,0.30168261431620835,0.24217609461441203,0.6811343163636013,0.6163654620915439
635,3.3093375221477492,3.4725442152930555,0.8500479210157845,0.8446185003936462,0.7920115798046375,0.7686749141162694
636,2.10222809303726,1.6860034071585352,1.890960560790285,1.1278114475757055,2.7507030253168305,2.928916083072743
637,2.867432237561208,3.431263490654978,0.9862912065411746,1.4586228078280852,2.011758105111116,1.9244622735001258
638,2.2790184579572776,2.164661562111417,0.5817219819322025,0.5134184293533937,1.6903143706936805,1.6427799229412312
639,3.4919597371231195,3.167178344374818,0.9664993620376612,0.6073751177372971,1.7536256824607608,1.8900517006135453
640,2.4783649524147933,2.577552570448523,1.7992479689527534,2.0,2.942700570816365,2.9356546029045583
641,2.760980940705503,2.752076405224243,1.5192433265164602,1.5923027153682479,1.4269798137201253,1.3080382804856616
642,1.5565277999991156,1.5155774462188738,0.9609652134148057,0.8847060595314179,0.531185068159643,0.4772607976434386
643,3.6547898479712617,4.0,1.9607704392898575,1.9041163681928344,1.1664554252329076,1.1851028000281367
644,2.808445059270264,2.490317185449744,0.3396322649140818,0.10515628673275942,2.6963427395260515,3.0
645,2.6769895082728405,3.043386396474101,1.9890718965030036,2.0,1.8748579467241533,1.811906963928583
646,1.52180540516694,1.5,1.7876917895035713,1.9740735959038986,1.8831989485665734,1.957359646940838
647,2.187350286923188,2.890132008241023,1.5659869721030217,2.0,1.008579240881652,1.0214639242887802
648,3.2333098169321115,3.313914132345893,0.5751160038052822,0.5691312949035618,1.3388646792418872,1.3534832845136802
649,3.9410877541888376,4.0,0.7779822479682845,0.5793703098833094,2.736131012741285,2.851038853538646
650,3.4827605296483046,3.0702066461103454,1.6006677559477445,1.0590579894072127,2.6683622378466394,2.9371643071056517
651,2.2092588654399856,2.0865497562807365,1.224850637487747,1.18233966158826,0.897715831045319,0.9026448208459191
652,3.718462771279626,3.6633624632104547,0.13070406342673513,0.1,1.0202830484293308,1.02569859319163
653,1.5670206316651203,2.240269751822083,1.1113073105052453,2.0,1.9121900588487424,1.8460979635603945
654,2.3968030802460696,2.1958446876847892,1.3424111563624168,1.053770252049567,0.7549050336885071,0.7240992337973127
655,3.1152142766681283,3.3062915732179463,1.8632765699716085,2.0,2.2603567946381484,2.2417852654539847
656,3.5596342081358845,2.9562580046840012,1.1324542270812799,0.5385705381728555,1.8205142125650449,2.1389579761149093
657,2.5339556365129132,2.8202284737076564,0.15762007590917043,0.26345696969605736,2.8331312859715956,2.7628919262939835
658,2.555519946383643,2.3598035413084144,1.0903420133070698,0.9159109875751137,0.4284619827808124,0.4873768325479117
659,2.741765969364556,3.0750415895957826,0.8729857149229623,1.1631815478308958,1.302271836393461,1.2803433562822868
660,3.4215427962558955,3.126910466006577,0.24569531525777577,0.1,2.4756678748460175,2.613327009097083
661,3.3190997490329535,4.0,1.2900690626445146,1.580069565036583,0.22894747751310307,0.17667942043202822
662,3.9863166940455326,3.4019142127025215,1.4944298567650183,1.038098590678439,2.485581506497732,2.581294072433785
663,2.880178689770893,3.362517975576124,0.37029051665981694,0.5172921866320177,0.7026158778296083,0.6313307026389238
664,3.1616859591137683,3.0450108421142383,1.2411194312187133,1.1475591096907616,1.8683298897094989,2.0376888964388007
665,2.9015550239188093,3.438922335336745,1.1189053144134882,1.4128131680684308,2.109435477735252,2.044321924788166
666,2.555151475640998,2.4414567792007156,0.6393855677346323,0.38651288863971467,2.7469631154400376,3.0
667,1.8663320971246742,1.9278447134881584,0.38388207986043366,0.37666680479094566,0.4718565347474538,0.43573887503472347
668,3.4633671443189686,3.0606862412449365,1.1810138408548765,0.9345802446352522,1.6497772349115163,1.6843601377750488
669,3.6657388195640888,3.75179943281292,1.0597536719201206,1.0259201171632994,0.1489838549528847,0.16125087391537637
670,2.9253657300992906,3.017364903384566,0.3120820968716678,0.5272397101755024,2.3133048864307275,2.040177389781666
671,2.556487720808886,2.8694008909839965,1.9388694611019095,2.0,1.1120335103323002,1.1524834223696978
672,3.2143579737662424,2.6812346509195053,1.1355181642498784,0.36683210719910464,2.4093695715251036,3.0
673,3.1275927180684078,3.446740193630591,1.7891876527127941,2.0,1.2818510502862803,1.2731838110441287
674,3.883645985394304,3.628184384573465,0.4323909190109775,0.4443219450291605,2.040240220454543,1.9780537215264777
675,3.702819406918872,4.0,1.284408294210135,1.210946973490344,1.103243990713766,1.1317035812964227
676,2.4752915260346544,2.4038476295543427,0.7952793998949204,0.8601640649660611,2.341643885646028,2.267869863243828
677,2.8552612136789186,2.9302386883613196,0.17167422764853668,0.19920613947975707,1.1223319376817074,1.0600110784541703
678,1.713148519315989,1.546743134469973,0.865133005900858,0.5509684139163643,2.1178389424458177,2.251606774626038
679,1.5762889680740289,1.812468303578717,0.3865195783250215,0.4847588373322615,0.44394104141623025,0.5239385934271746
680,3.5948492166291723,3.0110585405281878,0.7112633078330494,0.12811375303133135,2.2120346802308077,2.670194927659617
681,1.6816317152491638,1.8288724305038548,0.8457597333929965,0.9275848284071586,0.2452343090428617,0.19948769331501673
682,3.103875875141027,2.983463592979605,1.7638494622969856,1.8309715353046876,2.201290069564651,2.055690025491997
683,3.2768762549868424,3.2039000256143133,0.1698782917652605,0.17540642807911472,0.9501167215991343,0.909156768536289
684,2.7580204995404953,2.0760004462791772,1.7595652845871164,1.1344041755035077,0.9146048206122362,0.8519135455122216
685,3.4883017713979196,4.0,0.2773185240968689,0.1259686385070925,2.532339413219758,3.0
686,3.8781395014819635,3.8871387854754533,1.0042024668956762,1.8335925700876121,2.7226643421593746,2.3387823530989764
687,2.770293347384117,2.674840015873941,0.909940320776669,0.7565348832318037,0.273047438469339,0.3224129622240549
688,1.6710934900810313,1.5762537398354344,1.946569759112117,1.5714372599857631,1.6392778931366006,1.784443527680827
689,2.1519533763690983,2.155165787123968,0.23727714027143174,0.21037155961527992,0.0033096497229566646,0.009337256002095992
690,3.8820167216310604,3.28274570467432,1.7986835030894377,1.2297542318871477,1.8318530675058278,2.0067075911804766
691,2.439208497238327,3.086183282208206,0.7188765978047166,0.9048339782247503,0.15067845874881292,0.14130991656872785
692,1.6218689363453191,1.6580494569995436,1.6801155472886482,1.7859836125947923,0.16475317107267196,0.13940968884363217
693,1.648641057032042,1.738894755357888,1.7677958248560457,1.8559907234020294,1.4256624400757114,1.4530461466011493
694,3.2305955082742273,2.4091694664716297,1.0759514941847805,0.7166716087809313,2.985996463692288,3.0
695,2.9856208410792897,3.181188700939272,1.5113842534137163,2.0,2.318250327707293,2.0560361195155648
696,3.207634558336676,3.0148358084963824,1.2084980596830859,1.4802074840521298,2.9765850653776247,2.769951006267932
697,2.0579286757881707,2.7098908953028658,0.8773060923256122,1.3733715948168828,0.5678326043390927,0.5791403359181561
698,3.0720406535232394,3.2877413429435474,0.19733477245868364,0.23669364759339748,0.8632567682268675,0.8461279343670535
699,3.5285218606258963,3.7892366804831488,1.3552706034683615,1.4098754907465003,0.6685722981162997,0.6870847144816244
700,2.9158935478755237,2.869663188731716,1.4697434541072902,1.3930944608835276,0.5323132430470087,0.5348854912829056
701,2.2003202266364204,2.6602330861516457,0.8969821176842261,1.133737270214766,1.2512999492474117,1.2671895942156637
702,1.5175909563158414,1.5023493963340802,1.2828852656683434,1.269899646260109,0.5486248782939175,0.5529553678357197
703,3.1409911029010598,3.1674792917228096,0.3780496465274539,0.4029730231177593,0.7987092037638903,0.7485413907475307
704,3.4222009967775886,2.858089258115919,0.42884806099164197,0.1,1.7753749061938375,2.072067327427186
705,2.238602052033755,2.38205566359635,1.9863875435601066,1.9361014546804265,1.0198165986686147,1.0690167585504107
706,2.73437426901954,2.7746613279270878,0.1551187768727991,0.18919650419441764,2.9503794531751275,3.0
707,2.441443166705382,3.3216210555211636,1.538214429874431,2.0,1.709214399274054,1.7589350315834629
708,3.314065794976831,2.8415128022931118,1.7294474888768614,1.411455126977157,1.5696614150877748,1.5760869330237672
709,1.584173734200661,1.849171066331194,1.6118673571629614,2.0,1.6413121490907099,1.7277358780428822
710,3.834521625404538,3.3192714968462,0.1666215651455921,0.1,2.77293370990722,2.7538753142263985
711,2.6320431955834467,2.5219113059088074,0.7822221591920463,0.5368482842093509,1.920106088390103,1.9880518165765875
712,1.9142617567870914,1.5,1.63393241521029,0.8717784310677711,2.033593082305256,2.1839618097161866
713,2.6017031200049923,2.968833248590035,1.5404167590998288,2.0,2.8500190365363096,2.7994985011591256
714,1.9414318388781389,1.7900004031679821,1.3102793040816896,1.1046744265016162,0.8147424758364596,0.9131207190112346
715,3.425493401110443,4.0,0.5407052400871061,0.6390138615185761,1.9327135229013697,1.946129655233651
716,2.4094973010901417,2.149773638828308,0.5707229304310396,0.45905222380747535,0.8008775182988763,0.7309547009967622
717,2.3539364052719023,2.2967794940637107,1.1796006474796221,1.1194072938648518,0.006253448070347223,0.0
718,1.702089857192659,1.5483144707217726,1.1196889567681627,0.9479213611053857,2.48562365651817,2.3280225611154908
719,2.487891623597953,2.484601337353307,0.583653547576112,0.352956940191144,1.8862432099252229,2.1172735257503366
720,2.102192245213729,1.720125595721614,1.6378611091492572,1.0007509190630046,1.7816666820553464,1.7470581912694423
721,2.7384916297185318,3.0030415789656404,1.4654508542155524,1.7785201861572746,2.1880076818911016,1.8868100372431684
722,2.875011352853887,2.711051674811197,1.3849224051480633,1.292412602935276,0.1252974538745404,0.15668660911035623
723,2.890829986858682,3.016730540380592,1.9509689801275054,2.0,2.9344268300844463,2.9832273038266437
724,1.7398703269851057,1.622519922156545,0.6124112830972503,0.7030510171494688,2.198281072360735,2.0381745123839585
725,3.3450453057766167,3.5910474952479894,1.2640927154465254,1.2268057960600467,2.1048964859269477,2.2033097027401127
726,2.9471369537744745,3.3732810657677925,0.21321095268448317,0.3076981387111758,0.8780023933526203,0.8145004862953283
727,2.8288576921986275,3.02497882832442,1.2014639220771555,1.4453425630036487,1.8061714235100181,1.7498948221598518
728,3.743910007743322,3.82735083471225,0.9352535291130414,0.940954496636816,0.7554187521359434,0.7752040205520712
729,3.0447774387705913,3.312862277557188,0.6412154466583053,0.7150224973604045,0.012232536593095422,0.0
730,2.5284072833232476,1.7941407081743366,1.3179015185967307,0.8020015266426247,1.3252188933012594,1.2816277269153649
731,1.7574899935870365,1.7937645330547491,0.49965127708066714,0.44075799831678386,1.6957509031753397,1.669934014099768
732,3.302064922610074,3.2499908376787188,0.3217676411989236,0.27566661052172364,0.8436142491372042,0.8282067609608356
733,3.7659999407185887,3.7998559524329782,0.2000206814473312,0.19991830008001735,1.5317452987945415,1.5019355591378747
734,3.9708124803248275,3.491926586454408,0.8142067577062746,0.2957933803168585,2.4042711825417,3.0
735,2.968714426964183,3.180566800788836,1.0357971145887037,1.0989782677907882,1.1671629098634946,1.1108565981119158
736,1.9297645203278757,1.6256811054552982,1.942307408230929,1.3776727344306712,0.9222442693317677,0.8598448569318454
737,3.800165377302949,3.5376690565136513,1.9988184780629186,1.6579093543792878,0.8023244515954673,0.8382960438945009
738,2.8125150437876143,2.5874519135032883,1.3861003564634298,1.7030169471186636,2.637992166654908,2.31622011671638
739,2.314862984869646,3.1089052666015218,1.4561424578896727,2.0,1.4133616111632024,1.3310762133877034
740,3.103134923732441,3.023896527604796,0.9611341589099155,0.8895592095537905,0.3099593061274951,0.272082409261802
741,3.980988852511766,4.0,0.5032393682041323,0.4831859133766379,0.0912713323397163,0.08575373578186173
742,2.7065424865211662,2.15732758276383,1.6904568854281938,0.8183054703288172,1.874969271681315,2.1337252818306474
743,3.949716023414785,4.0,1.5220068120638583,1.4464492168250231,1.458785682113374,1.3562366106178576
744,2.456231869149345,2.1017491270359585,1.2105699699107653,1.0348109487425807,0.299090270874685,0.2969311486328011
745,2.0423774513044766,2.0253955735171587,0.8207061778725718,0.7212928363193668,0.5242081339391115,0.5210774934229677
746,3.9117457006379226,3.5047650023434143,0.6193091502870988,0.4123859398417648,1.1679788742387731,1.2148357902394677
747,2.0468094281105955,2.2847819809008825,0.9865027374553367,1.1540771900376525,0.5418901574050612,0.5422499788203012
748,2.7517032223896134,2.5066525229445107,1.4536034024863214,1.253741937607792,1.4662248593267242,1.417748115953885
749,3.9364649695500016,4.0,1.9340542599600488,1.689489021024174,2.9596763410199847,3.0
750,2.173095391247804,1.9930542748146982,0.9978907606669716,0.8850682077002413,0.009050761501221083,0.0
751,1.9323788590414632,1.7905109456504773,1.1831103343846954,0.7678664488545724,2.7244392458353137,2.726081075274624
752,3.2076249807529447,2.712254193393961,1.2766017299430676,0.9681107803443059,0.7231282799508301,0.7883485749312175
753,2.1950816841134597,2.4309512599037455,0.3635933904711238,0.5001874222872627,1.5016810907535958,1.4524473464990768
754,1.9386050523915874,1.7439981190700689,0.5919162890112902,0.13386375229764003,2.6104306200449643,3.0
755,2.2644164289713506,2.2838571059713555,0.42279012126161264,0.38777078135455184,1.125911978517234,1.223112876625108
756,3.793872509814107,3.3290869142022554,1.2961455980140206,1.0964118701556373,0.5320737591026913,0.516097737604047
757,3.057831719346594,3.4190875699582177,1.3712200702517823,1.589039087039997,1.4313037197142482,1.3975204851478953
758,1.7365260976121821,1.668108089329764,0.12211210296539204,0.1,0.43670638174571275,0.42513922240664487
759,1.941236944036678,2.4591317480633066,0.7172339364127375,0.9894920248219498,1.805718863618659,1.7156033924747116
760,2.592255654379628,2.57268854206746,0.1964589015886805,0.1541039138589053,1.079583579844635,1.1062986617569865
761,2.764152285225281,2.9891582561814936,0.60786235908374,0.5481247644083225,2.7988462212726453,3.0
762,1.6102078162499933,1.6306488824650134,1.0975305255660532,1.122893334988129,1.0807866958546668,1.0871988757429543
763,1.5527675519841884,1.8680728879022956,0.9461034453122199,1.1894960869269073,0.615553568702445,0.5950350208156494
764,3.2640602223711768,3.603504012051131,1.7567280635259335,2.0,0.3613661046469375,0.3796661804196154
765,2.4765478952859983,2.5370993965989572,0.4226983222494247,0.44274707869581015,0.4540153688441929,0.4668203090239085
766,3.2560148284086883,2.8208591131499565,1.5319603090124596,0.9365031069311923,1.7355069491810147,1.8713976003045778
767,2.5176935551624653,2.594900053706896,1.043615976189794,1.02267161450459,0.09647094239215781,0.1287363503055413
768,3.945415134564883,3.843117825280556,0.20803101034087412,0.1861807074266302,0.7228096489874927,0.6891642318118268
769,3.4075743840776784,3.700964291030234,1.5818826811538094,2.0,2.797381601708623,2.5861873527584684
770,2.9612819211061985,2.0843980797023947,1.945196241176209,1.0459613024297711,2.350540850788748,2.2386890721571864
771,3.028379152690294,2.8651298321012653,0.6947017231286144,0.5498892669741859,0.24866302597898504,0.25192334360301133
772,1.8066669148738612,1.9398571280531458,1.9711713920014295,2.0,2.2058883159068277,2.2771256653821057
773,1.914668173458084,2.228938626250049,0.7416263243331078,0.9934318744461392,0.7976517144034343,0.7744746523026473
774,3.5843836562638827,3.1440185990009346,1.2477717734106988,0.9520204115085672,1.7175222076894168,1.7773006016456272
775,1.580913956179879,1.6445519271377562,1.598995165516407,1.456435837727019,1.2317348707370877,1.2848129121816811
776,3.379241955805792,3.3708753899075905,1.9696301274475227,2.0,1.6232133619629776,1.5616858026478604
777,3.301248143413542,3.376170523445641,0.2361972246435304,0.24281401192915686,0.16895615704109201,0.18740746287276824
778,2.291764222341787,2.4386104454532687,0.32021574322930946,0.3255661413950792,0.6754003943427886,0.6420109568515951
779,3.8780362560975883,4.0,1.2660359289797092,1.212874975593255,0.7233274339568735,0.7334551417887345
780,3.964656295741453,3.646852708885491,0.32845102914524904,0.2727453790464659,1.6726263957825207,1.743406255313322
781,3.0425445940273557,3.4998153519828707,1.1677333962530212,1.5409956384740884,1.7544051493174408,1.6688833030355603
782,2.8504079975312546,3.0379328341327407,1.6133922571374197,1.7426572758035903,1.7658819104799734,1.7755032259852774
783,3.344343090185199,3.7135195426906633,1.444032014364518,1.787284858235406,2.1121251145984674,2.048919362035107
784,2.1436912940362447,1.7707168733520136,1.9156636909007587,1.2642008158693292,2.0663455091435887,2.103490849983018
785,3.7527470400282157,4.0,0.23953958918406398,0.26972386856180774,0.6360939285662498,0.613696617359593
786,3.141229938737675,2.727535347759899,0.7241574296003911,0.5655147004243453,1.948399526259804,1.9540335293682185
787,1.5482665082891651,1.9551980772510495,1.0925549759750257,1.4790057759540456,0.8859366148032817,0.911528398248622
788,1.7660835982772691,1.5,1.4310483967160086,1.3090418437152158,2.1380681407168227,2.2279715733916845
789,2.700290805976858,2.59238688471974,1.9728985770959189,1.852800093584075,1.0504773297380154,1.0427899591874552
790,2.580812413891584,2.4316882147980023,1.5258687733896372,1.3496701804490556,0.2299820153386758,0.2166725020423586
791,3.5741242049774384,3.3549433651833596,1.2859514725404215,1.2207786601511694,2.0241407863053418,1.8843259519577622
792,3.759114982231244,2.9204486695929517,1.1075703008597466,0.23808175747720128,2.049830363702923,2.7622038526037542
793,2.470478437990746,2.8433046343994364,1.9878305013846105,2.0,1.8304705768508105,1.8738529363285181
794,3.4148453466276516,3.7725475191331537,1.1167356607148533,1.3097385223639941,1.410058469858388,1.4075252620697762
795,1.5600819544703919,1.8355956809750071,0.21607549095463205,0.3321362512054726,0.14278119914235055,0.08808757404418927
796,1.7149266635447495,1.5,0.49956524770932365,0.8242738953835655,2.571073067407034,2.443557286238232
797,1.9501920242394721,2.5053332194414177,0.3806128022783031,1.0123635336248826,2.8135147429152414,2.545952800721247
798,3.4008947138994605,2.626134960179812,1.9122021357590273,1.0851301822023482,2.8492986947274583,3.0
799,3.65393548408021,4.0,0.19349153943885672,0.22349801685609086,0.6895361269266199,0.6442093630770258
800,1.9371501863612175,1.9106556030398059,1.2605903762298003,1.176052557427978,2.0234196357616847,2.1404909264061978
801,2.9273878872821633,3.263990615030388,0.33927733656451936,0.41082929211178576,0.5403285099080811,0.5702856682712246
802,2.361547753094487,2.1038686386374414,1.198531139951278,0.9190247283049121,1.839847435172774,1.7419462704345339
803,3.461856955117693,4.0,1.3694612053475161,1.5658460285855207,1.2230503321209274,1.1183060766379718
804,3.5837244636386054,2.983498282874137,0.8361438561558936,0.494043392182564,1.6675634977429583,1.7055219875879077
805,3.2372979807912574,3.418663152766266,1.9577328160319012,2.0,0.24123662396186363,0.24695264584383833
806,2.5796815449311143,2.391577937907812,1.1331834208535934,0.6750661694752255,2.810886117427828,3.0
807,3.223838876224746,4.0,0.8524232041076915,1.1575046381264353,1.659530323608855,1.708859149177797
808,3.7915746682647424,3.718901770313517,0.567952977528734,0.583168194513357,1.094722507728227,1.1011669260932035
809,1.5317306457464237,1.6737831073407583,0.7064951868656708,0.8515284267362635,0.26125339770203093,0.24401025362038753
810,2.8672069989974345,2.561730815334445,0.708323817844191,0.1885192599826016,2.511500874738898,3.0
811,3.9279722576009664,3.949842818288143,0.22437352318795467,0.26793297990615983,0.8999981864773098,0.8079640357621614
812,2.37046983769841,2.182186095826445,0.6479453920447692,0.3593200712552553,2.034447906203403,2.2585164596246563
813,2.234552210171372,2.5359526165831814,1.633986414995609,2.0,1.688474234780388,1.7077374983764462
814,1.7462174517947848,1.5,0.6349923957839689,0.2955173051743955,1.5911282301369472,1.6672439504455203
815,1.7708945377964669,2.510892212117427,0.3785157021393032,0.9531599469377319,2.141810792712757,2.0953272711863615
816,2.053963860897178,1.8246617091842987,1.392541102207457,1.477106942237007,2.9615434979403656,2.800632481066629
817,3.6193330246111706,3.9135673075718294,1.5225037542179953,1.8872032839022435,1.7728327671558581,1.6169956421121594
818,3.29249417364756,3.240518675735765,0.37224768108838246,0.5330598210858695,2.5509640527282724,2.425854830782325
819,1.7839100436081639,2.0195978744857226,1.0663285585046387,1.702857791955988,2.6229429888027767,2.4384588269363765
820,3.9417911561793373,3.649078069863465,1.6519394050755125,1.309878615370264,1.728536929363567,1.8108410251362546
821,3.307944813012221,3.1118587811678893,0.9166875648819648,0.7840309228629132,1.6680530016970174,1.5801337411832872
822,2.463201169617584,2.5299101357282283,0.28910357527089864,0.2731442136786699,2.7738432000166604,3.0
823,3.1257183527051358,3.5897335517515883,1.3732441392232615,2.0,2.7003296371322647,2.508828806811725
824,3.1590520612564275,3.0758655905666505,1.8954395906265926,2.0,0.9847101390718103,0.9761531705247384
825,2.8684961245529372,3.4959706350901043,1.6005317840956983,1.9241124785870343,1.8534657918513426,1.8145690600616042
826,3.5376325223045684,3.118890292871805,0.31886143260629995,0.24926356849165926,0.46270774346189336,0.4443843272485493
827,2.786262822858749,3.1255690629698676,0.44097555579967684,0.579092021813974,0.75075722250576,0.7587943730331169
828,2.0807649781435513,1.946373460426844,1.7795403765239044,1.5718664811416088,1.8863501265670606,1.9802398924976867
829,3.8103907556161163,4.0,0.6638669253698111,0.4720728904304683,2.8170458217205945,3.0
830,2.4879996084834892,2.2402225725432015,0.766268547797454,0.6390285073447823,1.0537396927515892,1.1054654700474313
831,2.644099340772696,3.20811965175547,1.5061051358718198,2.0,1.4040410325681694,1.3170902487817924
832,3.59109280272493,3.1111604529740973,0.6822794175241591,0.2252713628964766,2.590248294038528,2.970854968440888
833,3.6859492913708847,4.0,1.8351244888919622,2.0,2.0795194325479285,1.9644606235658193
834,2.0260853355665374,1.981651934169184,0.17594138705735074,0.1578459015149594,0.3005635535596628,0.3321679319438696
835,2.2370943154564626,2.632092324985593,0.6480198583144064,0.8424241226334916,0.5166675561406806,0.5521458257830658
836,2.729779040080286,2.5133357383856945,0.5090975820321585,0.42597089682219835,0.44649394773530604,0.46285184954606995
837,3.8882523091633807,4.0,0.12424686365558135,0.12897801338947268,0.6588942214307859,0.6511817900510151
838,2.1807655320366575,2.003420403064088,1.4266730191622556,1.2463598432305745,0.5827908126510412,0.6145347957334956
839,1.9747033542963406,2.4048989024911385,1.790004610363439,2.0,1.5693506323242454,1.5283070294305487
840,1.6000641370987274,1.5,1.036511425950858,1.0367714618722648,0.4954403929928056,0.4609074319585707
841,2.7194011902250446,2.617760886082393,1.3466747608156475,1.1807733143213766,0.8070492368879801,0.8361894225559083
842,2.5164604079909463,1.7452421747660476,1.7772612142108648,0.9865714038551332,0.352996476367859,0.35501873633819425
843,3.289234645094814,3.618252621768592,1.8411392014180599,2.0,2.906111319487402,3.0
844,3.616470071844789,3.358713434792297,0.637574238369285,0.5128611085663327,0.9678702013885027,1.0213524481512875
845,3.65273836744125,4.0,1.551111645309217,1.6410355902390856,1.0238053139899759,1.1267016036172826
846,2.648370237546069,2.260872949918538,1.1955335518209358,0.8182304999705291,2.636743413334853,2.7577522841408277
847,3.0876157432674725,2.9954341747477904,0.3689654442296343,0.3096201871684086,0.4478123843880587,0.42802424189528543
848,3.006787638480718,2.173418425348125,1.8600912733863073,0.8635300646544779,1.6868063769093506,1.8474364056241401
849,2.9658232383160357,2.9466255133654613,1.4275431843877986,1.4637338620118072,0.37789655674649836,0.28328458711166604
850,2.053555337510101,1.77573068153059,1.864714214064273,1.3881343473082273,1.0196432835922429,0.9628666191133304
851,2.6762936600853555,2.8190392257273,1.9166905781117693,1.892053278033903,0.822571409295218,0.8026755431818021
852,1.5966225538424719,1.5001903431066927,1.6843408362131098,1.3376728889801182,0.3815604860023387,0.48015160065993506
853,1.9330854099502206,1.949702307705947,0.9853128153687959,1.0215995634615365,0.4275544568200179,0.3782885372893696
854,1.8098235337992483,1.819087760981352,0.6394745777220472,0.6258295144653636,1.2532469288820949,1.2694616793285731
855,1.6280251124057306,1.9523278091402751,0.9045849673141093,1.1255064189576984,2.1312927040805008,2.1348813844743053
856,2.6072574613193025,2.4126517366533204,1.3458765704378235,1.1578527748437268,0.6212561839604416,0.676617143629638
857,3.7622006664506213,4.0,1.729945118618566,1.7728898127622275,2.1894241279602977,2.211216274781507
858,3.616522696192715,3.1197780218662006,1.8172422625835605,1.5110182047039662,0.42694590662713094,0.49727059494347053
859,1.8402463159412197,2.247155702297209,1.3372317305184236,1.8644814661970128,0.5521583386654543,0.6049454076635554
860,2.121455570715457,1.748644199951739,1.0580371794712742,0.6123594526942342,2.383005523344562,2.65222198359405
861,3.330658919590298,3.337728070239847,1.3934287589484224,1.1361011815821078,1.9825432308617477,2.1108620485874243
862,3.8845171367348454,3.7637361325865113,0.6713534111230004,0.7117459251919027,1.962098520037387,1.9563356284166022
863,2.0876571397701613,2.0917222078107027,1.1363159741182705,0.8347003057166342,2.183141376021528,2.3326480502404032
864,1.6358873094029387,1.6216096212930962,0.2345686876671617,0.363121953187291,2.1266323099181674,2.0861894414706144
865,2.5618979856589235,2.680263288928953,0.9196988260505559,1.110624096735979,2.5845860050913303,2.4755465010691653
866,2.552893603215211,2.7470525192222484,1.4126868372141097,1.5216538031088223,0.15244854975982158,0.1843387504089518
867,3.1831907140936018,3.024648415451121,1.525541868291192,1.296805529078248,1.3800557147760895,1.351622045510218
868,3.307995379639988,3.020054198343681,0.92811303262161,0.6352846545233561,2.4844873765649855,2.4850837721351495
869,3.845752116867557,4.0,1.7825300506248616,1.7300202337149255,0.414620354447208,0.42299502697950536
870,3.402473453109528,3.4975154920732665,0.4170216872659158,0.6098167586366232,2.5182640234523475,2.4011523852219026
871,3.6239222616035422,3.2980908332423637,0.547188891290801,0.35184121581497624,1.3170826307963726,1.425935750371684
872,2.258384958111255,1.9685490534174892,0.6189329093441319,0.2737440357067932,1.5210679955369728,1.6796154027956762
873,2.2344692168591225,2.3960183039400227,1.7886066890425474,1.9627494422184715,0.31632393062463404,0.3221008950557395
874,3.5662495812015274,3.4673338722788154,0.35482910319635874,0.25968559813253794,1.9494314853885122,2.0533657431372485
875,1.91185193861203,2.012838323590474,0.8116380704526952,1.004986509266692,2.953534751709369,2.794747160515826
876,2.4683088488927103,2.8983459446881494,0.3378725365257446,0.5249620812223161,1.1129352771219057,1.1397896322362249
877,2.602241863409656,3.611689376663241,1.2406724497598394,1.9958939604590258,2.9194392275346273,2.755078809845428
878,2.2998122280549502,2.2209898287239302,1.5209653696371483,1.4220795985817771,1.296549590131427,1.213667391053534
879,3.9744147505195055,4.0,0.282103068138823,0.27114471726272293,0.562680172227614,0.5714567019533715
880,3.177342765699066,3.210334314349264,0.9696368910216536,1.0037017558021086,0.16680777748819975,0.10997117622649671
881,2.411521626402134,2.4749701026190136,0.14797021907573665,0.18215747942798388,1.3974923777425428,1.31852560660906
882,3.817237813331154,3.576813671913849,0.16416216384351406,0.1,1.8940864315416117,1.8839822408594344
883,3.7945048739690823,4.0,0.23852797262239564,0.14906588724785447,2.177904088701868,2.362828026672205
884,1.865978335103419,1.6221519981329684,0.9611850146206666,0.5422718352328313,2.0061892096494875,2.1053235857922434
885,1.5679225187813584,1.745130636505305,0.4671460452424243,0.48555074755507954,1.583688452998384,1.5425436063919244
886,2.2533204581483837,2.2209188915964986,1.452763660756264,1.4928357219550739,1.6307509516387175,1.5959657346020104
887,1.5789599157059881,2.0795844603054348,1.69773657979412,2.0,0.46828059702082203,0.48814571456379136
888,2.4206427713989105,2.5916067855163707,0.9268763979945405,1.0618674036907065,2.136077914734965,2.2011807044167084
889,2.9384624546229503,3.331585902763148,0.6114061735659531,0.7872072163826467,0.8142570830879021,0.787008085088166
890,3.1526007569426637,3.2047998818497248,1.8501267556018843,2.0,1.7937294414017138,1.7402051634722981
891,3.4660022734095777,3.5906713629500167,0.9512790154193645,1.0060220818361547,0.7947394853192387,0.7952049251523764
892,3.1732404910082233,3.121934239413463,0.5538042952121613,0.6803629305616469,2.0426053968742215,1.9097949162410284
893,3.745154203700885,4.0,0.8992100287668084,0.891143385529027,2.7346603424522518,2.647997823102416
894,1.984384381087619,1.9231056996341571,0.14164247523841889,0.10079534876458736,0.6169978564674229,0.620215825966157
895,2.710525372316734,3.3953205888891405,1.5143206139737646,2.0,1.7728329765216173,1.8114320086436386
896,3.74349206310483,3.4764559441306404,1.173100710845487,1.3315271440785803,2.615284559326693,2.5470933230294848
897,3.158366437980093,3.6992305938643666,0.47658494283181463,0.6087889356459488,1.2628579697724278,1.292124131287665
898,3.515096116873574,3.3952253345289414,1.833039243953685,1.776245290689933,1.4605902238976975,1.4907316693251937
899,1.5210676811627553,1.8276376087237407,1.8602651806282289,2.0,1.3500051688841286,1.361767990324899
900,1.8992751898888298,1.8235150180216553,1.557135498027512,1.8199537361588545,2.0475192504055237,1.914720599342235
901,2.799066392495254,3.0791973750200285,1.966197062989225,1.7841527789733755,2.1764269591890453,2.4782473410392596
902,3.9081203676797385,3.494955527689215,1.6632604319675404,0.9866727259772186,2.599905104257941,3.0
903,3.6884430017681327,3.6328998736781184,1.6853713079981918,1.2516389125364624,2.9111998806462687,3.0
904,1.5270696135472694,1.6069539434639526,0.4929907894774379,0.5609959046561671,0.06854936230738973,0.1176258931291165
905,1.9885010631426692,2.24412548739532,0.7282352570888985,0.8665059476102086,0.9560399947858111,0.9346810130527418
906,3.3544704518139374,3.3900584946653476,1.7562273625805078,2.0,1.664878046173318,1.59402841293117
907,1.7649611159692293,2.418547849273401,0.3721817115133479,1.2680894822425974,2.745534932759039,2.333801722979953
908,2.178729823017075,1.5312282662284435,1.6950562528237292,0.8689516757369646,0.5604010783446894,0.6062084415627886
909,3.851622326123591,4.0,1.1307298280275133,1.1665852531682408,0.024907036972311114,0.06265993037827489
910,2.956293012468743,2.230874587978074,1.5668327273141736,1.1710985352803256,2.5367670325986933,2.5617821409716908
911,1.7800218938446837,2.069387578733447,1.4239399810004116,1.873945038046556,1.9890900778172402,1.868263667712429
912,3.644201617563101,3.6905951028138793,0.14324930618373447,0.15416918439458072,0.6665767739759928,0.6385675025178531
913,3.4906838450616746,4.0,0.4434780397351219,0.5412293443634537,0.7174859449978495,0.7759850176967777
914,2.2955328586525923,1.7357698294933153,1.7733247744047054,1.3600685156400225,1.6737041378259887,1.6727131082896232
915,3.885920989560174,4.0,1.6273703491755953,1.448005596267621,1.9106136835678265,1.969965410110535
916,1.5704480270706906,1.5,0.8131903262106658,0.7630746129839787,0.9036244255914935,0.9620322912875247
917,2.1287964213385617,2.2859519163234867,1.8870520681057394,2.0,1.6739771790201892,1.6396258000089117
918,3.416987033100434,2.8524154751615938,1.4807114796123495,1.0654840879917038,1.1021354122484468,1.1197199386755508
919,2.3189161980130555,2.30187296513233,1.3611420046146758,1.2955249697631943,0.6646184685728738,0.6990556468082332
920,2.724884074277412,2.0688165072155207,1.4583582928150554,0.8222632735258988,1.4228656361049392,1.3945949877329493
921,2.9971780792552867,3.12837542375729,0.927325006713294,0.8791959386179026,0.8685201844542763,0.9405205058557442
922,3.563732656954141,2.610641066660103,1.4636302737553433,0.9697981455187427,0.4542504903014464,0.3919854887166228
923,3.5846464900842268,3.388337831332688,0.93555913406264,0.47497700393646664,2.436533134631336,2.8356344702767835
924,2.774905698078668,2.9320167692550725,1.0382079990457576,1.3050019709183567,2.1412836130614137,2.0991935541857414
925,3.7535406934437123,4.0,1.9246787630185573,1.927961808842257,0.4703654353881518,0.499580355564322
926,1.7345753431583142,1.6839331817270595,0.4015992641063558,0.3366295970314978,0.2622502591192032,0.33641688291719507
927,2.6205759518510905,2.5080739726042123,0.5154654076786195,0.48875267892916585,0.4685015954581323,0.45275601678691274
928,2.052398570993865,1.834355401321213,1.3899348088499348,1.1868701349261124,0.7498748238183196,0.670214201181237
929,2.9451146806186017,3.50028250274399,1.2845878578693486,1.6044993387917357,1.443527509844551,1.458618195630418
930,1.7323939882651556,1.5,1.8447121242653945,1.472806226258037,2.497873226969351,2.6106734503132016
931,3.0773877289959444,3.6375395063941753,1.4100734106713495,1.8296847515049353,2.310785797658265,2.411238729188615
932,1.7097840823514052,1.6341992924975772,1.5460704993553895,1.690209808082894,2.9108487679488517,2.823347624416133
933,3.8837061189756685,4.0,1.7218344703662878,1.8619518802445834,0.6800766383591229,0.64631957786095
934,3.0861127976744656,3.3277780740505762,1.4048961362319148,1.5074978745469503,1.0107348228768323,1.0437118451939376
935,2.9173565536520805,4.0,1.344816413152014,1.842161761453232,2.8994869397210072,2.7586000571065097
936,2.1121077482591177,2.1210143456517634,1.1999241905859612,1.2901347034695718,1.1030555689690593,1.1357193681353936
937,3.4645299856681895,3.424560675601221,0.1958373570532657,0.11091116891296784,1.4903349763342733,1.5815073647281563
938,3.8862104139956335,4.0,1.4426632895571865,1.6130288002269573,2.8966345063437005,3.0
939,1.8440018626527026,1.8782221643572745,0.8278383308752444,0.8552103918264415,1.6786101249759073,1.6560396194639138
940,2.039347450396521,2.1230648187824968,0.44842621389959647,0.6859468638908535,1.8882793703921246,1.807160443542004
941,2.7011999711215218,2.9987923684893545,0.3472815545259389,0.37879502312964825,0.8600085070235302,0.8882341551128924
942,3.3973940053405176,3.3892569733583255,0.7551547614702122,0.7412284514696392,0.22945100731640766,0.23477616673649268
943,3.637957818993084,4.0,1.83945210879322,1.6054990144732073,2.62990791228954,2.680386127150953
944,3.498796152851189,2.6407859604765664,1.9798648776843175,0.924929195918832,2.7756391162418756,3.0
945,2.163932733238168,2.557155556612952,0.41415791940353486,0.44992749095892787,1.2879075342591024,1.3524254779615077
946,2.904774438252863,2.5576954547896125,0.39473485856924395,0.2667064122990687,0.5492193959701858,0.5450091009164202
947,3.0842692585658433,2.947106294854908,1.3824779128919702,1.1904489988768336,1.0832232968274886,1.0785115899409012
948,1.8148614663298615,1.756137998670829,0.11213972507324829,0.1,1.6673981017884434,1.6913421124236439
949,2.9289028909117043,3.0205486061821025,0.28127343706147356,0.19117703647095594,1.5452221650835636,1.7056532537372786
950,1.8811847147896148,1.7374203310485177,0.39877697867428774,0.33298062867902695,0.9399422176143981,1.0453004742164453
951,1.7731661267505059,2.1553522872222044,1.8877874216403805,2.0,1.932433681834561,1.936387086808295
952,2.7448658085793696,2.588833303506863,1.4939676725404956,1.3956894159952051,0.03294172040716703,0.026325715301608252
953,2.7929701383070134,3.1138951319361046,1.1697271037035675,1.4257351327592516,1.905554688344453,1.7998598979601836
954,3.366908079858015,3.2376412697166854,0.2396166276248476,0.18970561698154734,1.1815199866080408,1.201887521590703
955,2.226260483335923,3.0152854323081786,0.684077702022189,1.0777889446923477,1.0615309036475158,1.006544769869487
956,3.9232644168174255,3.540114313912092,1.7745270546846728,1.4809624711144986,0.175373338469468,0.19600831781678651
957,3.4606151743336135,2.8228901393224404,1.6159241164800258,1.1020092030281474,1.4007425438428198,1.3302840873849675
958,1.560044771462289,1.5,0.14043616860023833,0.1,2.37721037269349,2.4984502096415113
959,2.0600292346422293,2.343405092890609,1.6788804578877765,1.875208409466818,0.04139389302340468,0.0322629453817368
960,2.2643438560178053,2.18427672681688,0.13634192614041488,0.10000000000000003,1.707667066787832,1.7843894981464734
961,3.9937484503301754,4.0,1.0626570486601308,1.1237399296997015,1.7541416583053213,1.6329119222028623
962,2.117453978264029,2.1995223250461744,1.8119187507196535,2.0,1.1112266758546157,1.128439891181352
963,2.4552004293502523,2.603518873758565,1.2960584563346265,1.3349985575856587,1.6347037718976498,1.641887773847205
964,2.1011645452170953,1.8478217239820205,1.3823527363223873,1.0562197016254424,0.23713155385312856,0.23361815851079099
965,3.3071077254217585,4.0,0.671823310375109,0.804418117005447,2.9627605515745064,3.0
966,2.4820663360184465,2.3921660922976633,0.29200592267732195,0.2730962607686141,0.45296527964770283,0.44652169155071525
967,1.9547597319328247,2.0461738937373926,0.8725810984385275,0.8805488745834298,1.9943848104398283,2.0303917748476805
968,2.6238731159002464,2.008508242081424,1.9636602693345317,1.334099988817209,1.996592384792494,2.0279730242779292
969,2.176886881375239,2.403149427192921,0.5492435567517336,0.685172764068972,0.9617998631482647,0.9365356098469847
970,3.195165107824864,2.845972961485154,0.36590713349184356,0.24906300754825775,0.8826817132502802,0.8874862707004219
971,3.0304165308588393,3.819473558719427,1.2853637878877069,1.7907061333536252,1.0953678741389634,1.0877439910519269
972,3.6216154940894367,4.0,0.9417476811722592,1.1822931726478108,2.1243865515602796,2.1914471523585752
973,1.5811460960542234,1.6945272017559438,0.7752318493948774,0.9270777412590895,1.4371963804694263,1.4235402520014209
974,3.9778905840128447,3.6416216079244874,1.8422421517070435,1.5100851662746209,0.2503331322863236,0.24680267596541824
975,1.7508013392724342,1.8501498123488096,1.6096742190331206,1.6344790854497624,0.31063512770467683,0.2630712532429528
976,2.1360314500666906,2.0806324277253347,0.4055942938906917,0.376358951942681,0.6160979976777797,0.5919114591274537
977,1.5387690503016789,1.5,0.7599046794575957,0.7319412599447934,2.6811956973319053,2.569322208847817
978,2.1646835193927734,1.5,1.5481540420053221,0.5735084454971316,2.7173465532510366,2.9288935842791664
979,2.3643665179817916,3.0572448218618167,1.9031605220850767,2.0,1.9511564713682272,1.9442803926908723
980,3.134986215445086,3.1021185363626467,1.1520045006043058,1.1490789611090582,0.15154304227642768,0.13751443008796158
981,3.3078411282663733,3.681523197169264,1.6630925326175403,1.7756319410892454,1.0547675265712635,0.9343535438629744
982,3.002109441016861,2.5963574593956666,0.6234836135416288,0.4733429365567068,1.5912864274113037,1.5960172900143295
983,1.8128167243494664,2.0384017544802697,0.6775742997053037,0.8889533804057073,1.2084024782974776,1.2225727405403155
984,1.7859076581823037,1.5444264895809168,1.881076028212199,1.5745996164541638,1.6375415500798005,1.6724103926639025
985,2.3721631874733595,2.556975286918568,0.21640714253208868,0.43407063478969576,2.809242224028263,2.5208411519804415
986,3.8618570414634026,4.0,1.5698171383896828,1.8501700162546324,0.8932072595731548,0.812730150156913
987,2.3746911503627612,2.3725377833973202,1.7843375040825127,1.3524096705723536,2.170638866421332,2.531054168891944
988,2.3369967553021502,1.9274757479782425,1.7811393274365308,1.225327380639941,0.19107105700092686,0.13181640982197512
989,3.8104208198530403,3.8835748880931047,0.7966580211950265,0.7722803161654717,0.41362713857642786,0.4068407377246105
990,3.672242345596417,3.0779593961137115,1.2840307456500775,1.046226561797298,0.4663883355320171,0.4718287618326166
991,1.94100459118088,2.3121968394534615,1.8650956411742075,2.0,1.3530854552714002,1.2860603380427054
992,2.0553770174004455,2.0219276685894414,0.7281623189909155,0.783971545310113,1.784021387025372,1.7255651272164092
993,1.534160948676605,1.5689798394005317,0.45271889949200617,0.46440375364481096,0.8046545610442486,0.7209209051104725
994,2.2707054163573286,2.396661688656626,1.2794273231721995,1.3990349254850243,0.021279818914822668,0.03592244627094027
995,3.8076233764909384,4.0,1.1250804691978855,1.2792716124946384,1.512951186313373,1.3580003247973143
996,3.420342953703919,3.3693435916519605,0.9118037686294314,0.9279702277686992,1.2838606881597698,1.1703166550058879
997,3.0214896973174357,2.9720783269270137,1.7302527995021955,1.6120362126737213,2.305675728737156,2.3149074118916793
998,3.6402483266103953,3.4579904526408174,1.1170683670318253,1.0122505521611793,0.4199370094910888,0.4154286358701622
999,1.5482958347876925,1.5785478223980367,0.15132958640287575,0.15447004578719892,0.1538072965714231,0.13481227178628918
