,a_true,a_estimate,lambda_true,lambda_estimate,delta_true,delta_estimate
0,1.5228728529419486,1.6465057526907296,0.1724476757737109,0.2417466809360846,0.6333901331748013,0.6021083787780911
1,2.22072921965259,2.314807223502964,1.896064033731816,2.0,1.1134938913047303,1.1295101080338457
2,1.972230036273168,2.0414586145616243,0.1755933328214219,0.3098927242191203,1.9951514470809408,1.8676909751617243
3,2.576522785450507,2.4135357263083925,1.5430820179031015,1.336654715590107,0.7070005035608038,0.6860073497287927
4,2.2719455837758957,1.9858244307172084,1.545929271692325,1.125876913135036,0.1088281567312225,0.0502292284990492
5,1.540106893589011,1.7076855693882476,0.9451914250266794,1.216000810430096,1.1954254677369076,1.1523700081877426
6,3.904856244911617,3.7378902038936666,1.922983701577026,1.732726408669926,0.3199402944360575,0.3391752081174842
7,3.407424895999504,3.5412404719586754,1.556779769494871,1.6176119888095597,1.4319347379438128,1.348197217180263
8,2.9268490921239807,3.5155421046729063,0.9411956187759056,1.5320095937308664,2.88895048172498,2.8568695039999112
9,3.797990950246899,3.655549864966179,1.3035701916348688,1.0541719940387573,1.2669284933872325,1.3381944173142435
10,3.6179671704627143,3.644429175332487,0.2782261767233941,0.2178415075877966,2.0126125358527163,2.0696863841805886
11,1.980060815123995,2.0371772961365027,0.4251867516554765,0.4103459386260115,0.9034393602212176,0.912240466552094
12,1.718179127562216,1.6118190956687442,1.026536903555141,0.6759129067943873,2.9060068659284664,2.9159340834640104
13,3.466623044384617,3.913330263736565,1.1044611373663926,1.5414023811230964,2.542450170877166,2.3898946018608505
14,2.3924651638767864,2.6375436263648697,1.5779410758751344,1.8545749669406204,0.5316287411925313,0.5556698951310938
15,1.5679056718135058,1.6483778358767025,1.908908216757124,2.0,0.4861716987121911,0.4599866037398009
16,3.696799043921411,4.0,0.5538628402044021,0.6538274311537429,0.074591853771077,0.0965866659861196
17,1.9184156549189653,2.0242195581092814,1.347728964915283,1.493272362961389,0.3865277537945539,0.4125358005912204
18,1.547405510238177,1.5513203579539367,0.2551499112520415,0.2335595838882453,1.3611283759016255,1.4070187994520746
19,2.652686729383608,2.9800926760216573,1.016024723792354,1.263165722791063,1.1027991809166062,1.0758014213235378
20,2.385824165472623,2.085448105407874,1.6482381410394025,0.8252296208420794,2.851687633303208,3.0
21,2.21851226276205,2.338050256635944,1.0857377009043152,1.4307154754068618,2.121036880837676,2.041308953795645
22,2.1810132043579635,1.97597463288056,1.8623573173949295,1.6105938589423516,0.4258963257466205,0.4352890741648989
23,2.190174954114985,2.0412718893064605,1.657685182735002,1.3756654026558834,1.304803542521078,1.336438418122549
24,1.7855215796748292,1.867953573663491,1.1765436096043729,1.3363529582755844,2.5408736877716973,2.604937372235212
25,2.1761706892109887,2.3160332662008116,0.7195229136774055,0.7187684901798227,1.940305260297003,1.9763583842065329
26,2.3241207765038245,2.2644408123768383,0.3504248529032023,0.3378172807697086,2.334017911520818,2.3350535662071015
27,2.5936990717807915,2.7918287991781443,1.1249909173165509,1.5014827859646636,1.463927179311331,1.321522666310298
28,2.253185429712724,2.258774841554686,0.9640198387115874,1.0376760518390875,1.3578630427210436,1.3461296134832013
29,2.022712229443304,2.2453793601568863,0.9056067543963164,1.245530364286263,2.269000735330473,2.265217184536913
30,3.179236042647074,3.254990140335374,1.1480135655244676,1.2130692884663845,0.7506573719177085,0.6859162857036222
31,1.5071355630561576,1.5,1.5952696532592825,1.145287302848238,2.9574793527985364,3.0
32,1.5111244035867384,1.5,1.819114094373271,1.6926741984653433,2.4460768257864993,2.371740727616484
33,3.5091257225121866,2.935319201888462,0.5875521198333371,0.1,1.382855176507463,1.8406013852180485
34,3.0504925941618164,3.1276941411445964,0.3638070002651216,0.515920880495934,2.281506166815572,2.065076310233529
35,1.8877152874561096,1.9813599408035916,0.7818309728691452,0.8682215875771803,0.2639209084129059,0.1951831721430068
36,3.2466447185106335,3.8725401118052054,1.2669222960129678,1.7381557831264225,0.9329745981314764,0.9493969998697032
37,1.6888284839891086,1.740261660877469,1.5582034976375694,1.5500636081064,0.3180080137444083,0.3263740874300148
38,2.16542329369204,2.1858186252723515,1.4961907094397038,1.434545549469498,1.1241195758887488,1.2077044640736607
39,2.6628481476998993,2.5396457100115826,0.698907779788219,0.594762211809826,0.8601370449590912,0.8603343310129837
40,3.054206861628984,3.2020852678788474,1.4194726373800803,1.6193557979549025,2.2505786977034674,2.1894725430899076
41,2.3067992491879887,2.6460211570777203,0.3432517057083258,0.5112198952539282,0.4811822411211924,0.4196179139457962
42,3.903951408386079,3.6440324091049425,0.8850483299474413,0.7034624072963198,1.4974913347505765,1.508637574791842
43,1.7463441927069665,1.7679426058935832,1.0789884871310678,0.8956415240636487,2.473654129802462,2.593102345039792
44,1.7434139575644187,1.6787147798321402,0.6537695360321912,0.1,2.2722914408121313,2.7707548912026017
45,1.766656616344656,1.8012729046547855,1.6997576123323386,1.6284254046158149,0.3141233328786972,0.2918406734123298
46,2.3380632203364704,2.3181474928580053,1.795180967270608,1.7914565399118727,2.119374293595913,2.166587965278241
47,3.815379248395749,3.91973974725894,1.2119581737495275,1.2222291427858265,0.3297983313724435,0.3534938039390258
48,2.072084892509315,2.2635562184028934,1.7176167891902288,2.0,1.050773598342516,1.010562642971525
49,3.3169253281181854,3.9075037196324103,1.0106957904442344,1.5916757681614353,2.8042114909066185,2.5428230926301207
50,3.5710374906185898,3.6280497275858465,0.3830573387544577,0.3956662344218362,1.823764220965535,1.839795099147488
51,2.012962888018442,1.9944938734683952,1.9634760669807736,1.7743512081242947,0.4327058278397184,0.4985174590939868
52,2.734981397403032,2.690243337887654,1.4124415605188003,1.2470930877926285,1.8086755069253708,1.9256487177219912
53,3.1709031292528564,3.2807177049439837,0.190567840406039,0.1961041262756167,1.3979420494098385,1.4139084328771043
54,2.726003598317309,2.8595504015796944,0.8959845147524481,1.2538022297412117,2.594589302686446,2.375890935443856
55,3.382495575386403,3.3393472904480404,0.2690384011127948,0.2554184453624341,2.9391401532727466,2.9133937803203995
56,2.2403392587911055,2.155122414131036,0.5439644242427667,0.4662218226619182,1.7533251202926263,1.7646590410196972
57,1.7574248469752578,1.7498523428079482,0.5289792834854098,0.46483334727665,0.9378040747030116,0.9321763008614388
58,3.1626506612176124,2.898710901391427,0.9887687802394588,0.6214772336075273,2.304745939769571,2.448369029686297
59,3.0707085639068223,3.3118009805939472,1.1074154610929634,1.3595225742716823,1.999074363395812,1.9466515402787623
60,3.814676459205888,3.8678294122211527,1.4434796247871244,1.5884895743970897,1.852296160930352,1.7187544623098754
61,2.0520088332076822,2.237125463523683,1.411088984546076,1.6227678206112086,0.8032309904444545,0.7483199732933115
62,2.5704269414210383,2.6651949747508645,0.2820551871973187,0.3552158640251884,0.7982153125565944,0.7602732242505823
63,3.353035380005023,3.62729110885521,0.97474670137313,1.1414153157071976,2.526007156427095,2.4131062160130483
64,2.004909874307771,1.9461560986087776,1.0362667443470597,1.0028826459339122,0.6329253249994761,0.6568750826394135
65,2.0497752675998946,2.1496883278284735,1.7761095874672688,2.0,1.6280219643159386,1.532130694024654
66,3.977638163806569,3.63794448798352,1.8701910881683603,1.5647679702594175,1.512305761958963,1.4982200872414904
67,2.635082800013566,2.6013230733426207,1.2908269747799557,1.22155868547937,2.755620905532279,2.7981553245147706
68,3.677303801417482,3.4890128149223916,0.5277547729618239,0.4521745594822803,0.5337021769036798,0.5826482913870625
69,3.913270573003379,3.227694582122917,1.4536634627590983,0.7553887011037579,2.3100656751750144,2.5779449638323313
70,2.713446294848085,2.9488472929385146,0.4191290884473611,1.1030104361782895,2.7972103264421433,2.208655801065275
71,3.994583746062849,3.923440751763828,0.7859179314569524,0.7262704998713371,0.7774637448905783,0.7795409748617688
72,3.297312473227466,3.401126343602515,0.2892257982027987,0.5695221902484537,2.271704175709345,2.0273040635666963
73,3.0589545802844613,3.180681682686348,0.9965773576240604,1.000262720315457,1.4358523009830242,1.454142571637099
74,2.6328048217403173,2.8023474549706213,0.1749687605540721,0.4426646479095262,2.732567234870049,2.4288394762782217
75,1.988380497941353,2.176846555620271,1.0693855067991738,1.1537482170327114,1.9029427781396209,1.916722471884104
76,3.790612138455837,3.4696628196941246,1.681474411374709,1.4308829167239348,1.4849783026138432,1.4548720968087343
77,1.7569213747416428,1.72277802788455,0.6373931394415607,0.1,1.9973609465303557,2.5385016677156105
78,1.8732842722828704,1.8170073197781833,1.4158939140707922,1.3642827185211857,1.1318189960645455,1.113203765384534
79,3.673341483859898,3.6835164392242095,1.4137767518646662,1.3182156562072933,0.4663918258393026,0.4639992320834493
80,2.0391396852403134,2.0430068947928643,1.1228168017722222,0.9612354294376494,2.752318143177886,3.0
81,2.7958327339228655,3.0640754051411676,1.7861335596966843,1.9939005784639032,1.1646179986829444,1.175085942106526
82,1.701697950400915,1.6769609582373393,0.9987657740681783,0.9559300373899944,1.3533819597874723,1.3581931643027632
83,2.304339162339784,2.707786590584083,1.480007542467638,2.0,1.8340955561311825,1.769903194938777
84,2.9837464078572324,2.713500234282668,1.0475566471482067,0.5753072851845842,2.5283174994077457,2.8459550510895735
85,2.9927111573262186,3.123594417006338,1.0224748389413811,1.0505283191074573,0.2661385770639113,0.3026211532880709
86,1.7670954857723904,1.6294487586167008,0.3616343206188523,0.3586705720326238,2.220057818853091,2.0674046583668373
87,1.7356079502562525,1.7108231850477666,0.6398558065050415,0.4259261759727571,2.040876215231182,2.117230642016365
88,3.5959529746605683,3.4016750005500187,0.8329261029448515,0.7627604895027593,0.6859123854227078,0.6441350313192064
89,1.6349899011869626,1.65637441447031,0.449228486764373,0.4267625484938254,0.9205797588476012,0.9052455430636682
90,2.9121456582700267,2.9640085172021924,1.295594956273494,1.3907394587992834,1.2151533594595645,1.1390722042031023
91,3.9063908926825137,3.689088195478385,0.1438265270417182,0.1107509141241824,0.6712959956346097,0.652528875617357
92,1.7882514511945131,1.815892516247046,0.5329780870978539,0.2806110099855257,1.8816666103279305,2.097287061629825
93,2.224495529839137,2.3684299232386845,1.6749206375543926,1.6710309656759912,0.157083177822916,0.2441926354138427
94,3.8666749447440023,3.7090388294637697,0.1355192235656901,0.1,2.884045945258407,2.928342779989109
95,2.863502336346654,3.005675705936714,1.5389893508822858,1.6680912604055118,0.700477138866386,0.6758708836410033
96,1.650777544705916,1.7539456514129617,0.9978781598980562,1.2598488821720606,0.3708386017311523,0.3771831401432955
97,3.5172425488030563,3.750640862948878,0.6663641311965662,0.7101896604160215,0.1202183643328651,0.0903300620318307
98,2.03855977611572,2.1985663910774966,0.3661395308853755,0.4523574390639125,1.1785227419110835,1.1803274672854016
99,1.7669722893936102,1.757414262942006,1.8083087544153904,1.6792661780514042,0.8168585530061659,0.8219213336309356
100,3.882485641509837,3.712187133194054,1.6635709642111576,1.6269515813353332,0.9635636479735694,0.9199394208297467
101,1.9823498733054798,2.0858982073407235,1.6650962166105365,1.9737889552446128,2.5610244499645813,2.3472445807085
102,3.1623482911379,3.074796312511001,0.6176966549740229,0.5580394019857515,0.04764210480807718,0.020070611461473695
103,3.5749445395797173,3.4664263834731237,1.9935097776982795,1.7949067569158612,0.4814843431175301,0.42852440188247576
104,1.8887975715929148,1.9801475027192812,1.5985633845463667,1.6436707851571906,0.6782014812019733,0.7581706363896812
105,2.716513054015037,2.886555951442901,0.343631543369152,0.38926218778492316,0.5845838870217895,0.5325747208763527
106,2.348509044300459,2.2829037219653365,0.6026441805798024,0.5055377084215653,1.4131672073844266,1.381464400854989
107,3.4113270632011194,2.916094341558268,1.7777148015469955,0.9876461958947904,2.493759819374499,2.7393991149891206
108,3.719501453661906,3.552550193895932,0.3378480084047648,0.26620474675517686,1.0645635462518848,1.0747026803922413
109,2.959118295138474,3.3593424032401145,1.3053716105765962,1.8593753341986745,2.4318485466548534,2.3270964354307666
110,3.397505505527419,2.8695197821025746,1.5967829034393914,1.0746464344204276,1.65618723336737,1.6874427630959028
111,2.3139735718850116,2.6254612941834323,1.3402599735017107,1.6793616461343879,1.3823188558315544,1.3530218365864406
112,1.9622592898539624,2.0408594795478874,1.0100967826279188,1.0272185121481237,0.583766444822936,0.5187993670354607
113,3.9195518900391257,4.0,0.1273977784349023,0.18619763005195225,2.787181650730781,2.6211632599202646
114,3.004751194184111,2.9032497518811895,0.48015029767408224,0.2188816583278966,1.880807792098288,2.1916812676419806
115,2.3684963508659114,2.1666313025343658,0.9981517191459424,0.7722818020898584,0.5332271783390196,0.6186956007676694
116,1.805032520942684,1.6129239680107872,1.51920917967003,1.1142059916624782,1.8880384002179391,1.9387479715459843
117,3.43997645751485,3.2952725578132336,0.1985486507960615,0.14083021144077237,1.6687353004720615,1.684099075933308
118,1.8938732445092044,1.909426934185852,1.872992633338111,1.7723750889780368,0.8058769348998447,0.746427869627384
119,3.9218566316250874,3.8392912129225825,1.7075586410620622,1.7093345405064742,2.355999050344839,2.1547493334207246
120,3.0642117309415657,3.0215056526881794,0.3471838128673067,0.49329629730578184,2.147526856503872,1.913605287726646
121,2.45924691861783,2.453027811941091,0.7094407896263653,0.552822378542226,1.0365574983510715,1.111915194164583
122,3.651395888680584,3.3361982276573374,0.6740739788255495,0.5520073273841658,0.6688072308755423,0.7233619299500768
123,2.7625004064564624,2.7504625204224418,0.3835459243542808,0.1,2.5834927823524114,2.922411546754535
124,3.563479571665819,3.07800322128003,1.4822335833271978,1.087841576109949,0.07700880125087228,0.08824205356399548
125,3.0007015171098805,3.0840922363506436,1.97915299515392,2.0,1.691576160351471,1.7454765996375832
126,1.655940733172406,1.5944562949422818,1.6863533840666691,1.5418064206508755,2.152454663129065,2.1267888038245597
127,1.8578395640408076,1.7560710702333777,1.7064104315411055,1.4202160694218935,1.6063047971255826,1.557106545700068
128,2.5232340160553997,2.3680621500419314,1.2191408779988144,1.0951296463994828,0.2827981979542895,0.24779569326621267
129,1.895588765877513,2.032680924027777,0.9268836184805791,1.0179685910814673,0.2443297452424935,0.23780617384616995
130,3.3109358874645722,3.445816893434477,1.7308876759401075,1.984502325374257,2.445003842236599,2.3120133211846294
131,2.2151440417360915,2.417448210212767,0.774265552252584,1.2031901020953992,2.4134032427649,2.1994365309435775
132,3.8758965794503477,3.712625811023409,1.6528055980155894,1.4973310778946918,1.5815613315669022,1.6217293338921617
133,3.7540346053813014,4.0,0.31660129636616363,0.3546948545851329,0.38746496985105805,0.39678279990483867
134,1.5313836913638255,1.5209671030149479,0.8542316620781172,0.7381194304926065,2.269016699936407,2.3856206109316176
135,2.3613258317507646,2.6048678602195108,1.4744967923677195,1.7233965573023469,0.4595595167465455,0.505344066300041
136,2.972649346783174,3.226778473878904,1.6451478044043533,2.0,2.445621778497747,2.374639406549851
137,3.9500187766681134,3.4742001913669043,0.6639206268751007,0.33700456646266985,2.253977515069505,2.4616866015786436
138,3.3271702559171232,3.536194736414432,1.8558018764837498,2.0,2.290259889591054,2.36610342087347
139,3.002677235372387,3.240458736319154,1.8524798697333535,2.0,0.5745721147005335,0.6188354988696222
140,1.7388689340926644,1.8084190410865644,0.5169857230344324,0.5681738256884862,0.9774941728226956,0.8625523848166212
141,2.5135885063596817,2.5459944173529205,1.1731072537855975,1.0853717123394158,2.564191658033797,2.635045922298081
142,2.105335678068439,2.0749892698872503,1.6454901593366862,1.753196611777615,1.6756709599170643,1.6158365715081024
143,2.1531818494526194,2.313955895280148,0.24447634097441295,0.35350839586182087,0.9319527198727423,0.8603522893235107
144,2.880009830516869,2.4634301102613927,1.395840219371408,0.7169421309116192,2.5489731664854585,2.826747357553265
145,3.3791696434669647,3.0997182099661735,0.8424231432869328,0.5544035738831468,1.928694457796294,2.0083497699147346
146,1.8810419055951613,1.807154816304561,0.9133219340352895,0.8971138705108526,1.9650312485333572,1.9680285951407754
147,2.9510278077815224,2.8877257172846935,1.0352706148156403,0.8513311873014926,2.8679052990137786,3.0
148,2.3234824124210256,2.4648296641875436,1.466524927034901,1.682674264236858,0.027943753952735184,0.06513076885019717
149,3.600336461539066,3.9691733604047243,1.3662158704906187,1.8273280400515475,1.9498926524704339,1.8617480692857036
150,3.394929176812779,3.454602050209861,0.4691228737442129,0.44966313423940013,0.33591226576020483,0.324899244241358
151,2.6875876845505653,2.846716211149897,0.10447846585051938,0.13223566897873712,2.9387810017545735,3.0
152,2.459911481796755,2.469449327287337,1.5212513681116635,1.5805773714608207,2.3077675008125214,2.3162830625877837
153,3.130191063577334,3.0913514738956143,1.3259376013614723,1.2139364302373008,0.03948315905695221,0.054923289043590943
154,3.2173379064872325,3.2162102278364726,0.8897003233983136,0.8554086794887494,0.8478842785456502,0.8785118301125922
155,2.954168962226201,3.330423710168478,1.4346738149829399,1.6492810513858571,1.19183355252152,1.2147155553251772
156,3.038634529605504,2.895645916904446,0.9882773178543948,0.8432264559930434,1.2318155200018035,1.192116366543796
157,1.6648441628054038,1.6442325499274255,1.9391204867515468,1.7016767073132704,1.860975242451083,1.9469581865684848
158,2.1929885697361646,2.2446789315307307,1.9333516210390163,2.0,2.7585341465605824,2.7659745497797146
159,2.157044721832878,2.27155353042221,0.25333422162660935,0.2666990217049428,1.7986121755372446,1.8108213289349395
160,3.7412210910103103,3.283606826140733,1.9712606590497856,1.3944807273380604,1.6246185579856873,1.8378294740980134
161,3.404619142995304,3.5707403884193765,0.9470467287261211,0.9798555927860897,0.889819680086534,0.8755952750488211
162,3.905397388967427,3.653125455006737,0.16324215099194822,0.1709191847427521,1.6329234498854803,1.5441169678767606
163,3.98306506770505,3.762605841048338,1.5501895569619248,1.3864553493258285,0.061660484969092155,0.08336065910942914
164,3.5680247656316237,2.9139260223587566,1.3459706270459155,0.4176037624814699,2.3903706913579423,3.0
165,3.5163407076881286,4.0,1.2940830178271547,1.5364500315304612,0.7991702930759599,0.8274327046067035
166,3.7271554989910496,3.317768592004555,1.5364917450870965,1.0440222046076526,2.9174869968497794,3.0
167,3.8583341100184643,3.250601841753229,1.7683562132046864,1.2895745625691373,1.0503616162089366,1.0184062694291127
168,2.4381087789047258,2.4663910137816862,0.3442457560125564,0.38879586503607605,0.8527342402473005,0.7731500219437029
169,1.5659263705072215,1.7807073352837668,0.3237025835172793,0.5593995221324591,1.8039969172041421,1.7280294635240279
170,1.9606619524511473,1.7838173629212108,0.8940471969436021,0.6663126885624504,0.7649236792937478,0.8217732044835866
171,3.4772862791463317,3.2337653288065002,0.7832902919474195,0.6103010480066248,1.1685708029392012,1.1972490714030823
172,3.7239859248969824,3.7991833971680804,1.4808951129308168,1.4868878506469627,0.7655943814362087,0.8035643207317255
173,3.64623965882107,3.7664572850612177,1.7817390634730743,2.0,2.9476502031850877,2.796740000504384
174,3.214424621402549,3.6007655264613403,1.7158745423575956,2.0,0.06138487050927799,0.005987450503147453
175,2.740782855511583,2.6137627139173927,0.4098040075859668,0.32334511434892727,1.0006436780222088,1.011265164023167
176,2.5622374035224507,2.611984577508472,0.8595143783315642,0.9197052373401076,1.2383066479387903,1.2303779242659976
177,3.3277308159509773,3.1002718251756187,1.0545410165558144,0.8359698902685593,0.6184934578132139,0.5856058025862884
178,3.743050562722266,3.3331804560027556,1.6041561125665125,1.3753561577624587,0.03619583686800687,0.04302805235538175
179,1.8013343244713982,1.7950991412785617,0.44004722771931926,0.3704760030365272,1.4539860710916837,1.5209115492658283
180,2.9947650418238663,3.384138460726054,0.44471567435694137,0.9093004142886497,2.4948785137571665,2.222162545838369
181,3.103918139981076,3.380389592550779,1.8503755216077924,1.9271691569998788,0.6478005829141112,0.6843122675280784
182,1.6040141039393008,1.6531602345196736,1.2907748882961896,1.2838944678327076,0.4329242998008711,0.4120035160224745
183,2.9017835146760333,2.896520608784358,1.1952912373572542,1.1025136052370756,0.6283242610807991,0.6742544892873056
184,3.39810673027341,3.267320290252005,1.0237609281715019,0.9535113411066429,0.33409686230030944,0.28059443927595656
185,2.9280724356931582,3.0437335580343796,0.4647105125111829,0.5161422869935752,1.8782489245029625,1.893536810794131
186,3.8490731491118986,4.0,1.5430083548916622,1.5908817152381993,2.0384573565953117,2.1160708796961605
187,1.6367704471850084,1.506383564810487,0.7971744810802327,0.5589805154742565,1.032460252818247,1.0132218015024403
188,2.49760534812451,2.55410934290432,1.432322464542569,1.4948841751928177,1.3769250903321741,1.4159853201222776
189,1.73356627001217,1.6985236859050725,0.8519815307179427,0.7480165951238327,0.35550723427356834,0.3300476976771817
190,2.905060205277863,2.967815319695923,1.5193201967295733,1.5933207340467312,1.186126555153931,1.235761490190299
191,2.285821323328606,2.3049541487102982,1.1541890032249194,1.1926131654356116,0.5988798935973961,0.5688015518208512
192,3.9042697992451973,4.0,1.6945503207804917,1.9770272162534002,2.4899841393997466,2.3875029237677134
193,3.1117799979786023,4.0,1.1735338124612276,1.7398376024655875,0.49484355790724754,0.4663286390950029
194,3.7595116091612977,3.90479689262131,0.1921365017876192,0.3088707745335221,2.2910340444970902,2.1582068596110493
195,1.7366146630633161,1.665963039862134,0.633549306066806,0.5778472287387888,0.011350715616222362,0.0
196,1.963148545538733,1.7932877382176995,1.4459382634296667,1.1732556546313448,0.3471213772074686,0.34313944789180406
197,2.0006570239193584,2.3703380979499133,1.5153601897879394,2.0,2.2664595716857576,2.3011136839761925
198,1.9038010392255797,1.919804338064567,1.8546088197620183,1.7116228597906598,1.2896944476119512,1.1758225335360066
199,3.4848022260898937,3.392869013479594,0.6903964403615906,0.6609433205771063,1.4042560917071523,1.3619291889983864
200,2.995744717573061,2.7303994392775834,0.5345302452427635,0.3742613446648101,1.1086726806087766,1.1046400296453638
201,2.8786905154279765,2.8822636803739674,1.3019003970333742,1.2304128685810032,0.51017224267739,0.4790750125189755
202,3.6306335090570223,3.19898984703995,0.37334879630213746,0.1,2.0258474941666273,2.302101285862133
203,1.682197650439004,1.8603108584375685,1.071260729537759,1.1520121284373523,2.7654247774482688,2.801336320523865
204,3.126419881439873,2.9551747996438023,0.6871272509464021,0.665007308474241,1.0384300915019171,1.0522603602546707
205,3.770404055160478,3.293288142595832,1.3468530465515678,0.8038506350785893,1.8959612880722816,2.0914808185711435
206,1.7401635993727136,1.6686699965018001,0.1791886304469379,0.14724173610504535,0.26655130119841397,0.22906849330681173
207,2.3846967603621354,2.8035265672104583,0.6344461349724504,0.8444290714879864,0.5011162999145722,0.4588196727902521
208,3.916232513072748,3.8190385787840677,0.7489574891194304,0.7239316948806513,0.29762659732586694,0.2660329142747284
209,2.5199548292409824,2.776775658498049,1.0264968615908794,1.2006657514595178,0.5318504130232766,0.5351905434432721
210,2.9170050393149802,2.986822175934893,0.3291351339091574,0.3699774176908306,0.6843647791928628,0.6989689345475143
211,1.6517196848093478,1.7979011839331687,0.8666192224591985,1.2243728960503912,2.9646654780486896,2.8067073742395294
212,2.838165741203703,2.9866853901684474,0.4928641536870907,0.5503995837130815,0.5195001504514317,0.5419304832887694
213,2.373074853902356,2.312670754490769,0.6912707536168412,0.1,2.233480590054983,2.9707801261757782
214,3.751584687268392,3.887631235261929,0.7236173765473729,0.768433911115796,1.6778028019379252,1.6670252283976472
215,3.373379646116235,4.0,1.351388275468076,1.7600889938995745,2.8231354209481103,2.856372139986617
216,3.8391750657065575,4.0,0.8370721007050935,0.9489041536946642,2.7150275490696685,2.7687255222102625
217,3.65848022293922,3.6657944832018834,0.40463810455184124,0.28158944541404707,1.6301546755395537,1.8494137847180099
218,3.8716197077646326,4.0,1.4143791943219315,1.4179586711563403,0.8758566883722135,0.904325220681541
219,3.0241493517814018,3.050843142541002,1.6510907752100372,1.6763636463066698,1.8281883384973927,1.7332955060877389
220,3.0899210917028457,3.143049745497039,0.34233301607763206,0.28284230723150666,2.254801493843596,2.415115752528718
221,3.967197753927782,4.0,0.704940748308826,0.7624725280091599,0.06310382593990427,0.0226772562821597
222,3.888793911090796,3.8037402389255077,0.18137861669878155,0.1010525196638156,2.8183051310657095,3.0
223,2.297660401329547,2.113269401327834,1.8523092454340255,1.5318385006051047,0.43207033376946025,0.4809720530438503
224,2.1345943347473546,1.9022278301142668,1.3518880398811741,0.528973927617631,2.577573818133551,2.968158291317582
225,3.0107770552262574,2.8746211868572473,0.351360829834079,0.1889682560351438,1.168896343825924,1.3222325770817422
226,2.7141022601632123,2.582446520672261,1.1421108375906919,0.9404369802645899,1.5454219614344402,1.548186341482889
227,1.790964875332779,1.8495427964483773,0.7518810221792469,0.7316155522973966,1.377225382122157,1.3269411386677485
228,3.4325329543569842,3.451412392409852,1.0617039556685917,0.9914471291853509,0.30824378778689177,0.2182021191805746
229,3.5632221714296057,3.8559208257504665,1.4565240370856498,1.5961103237739473,0.9278299919969444,0.8918343976112724
230,2.604816720431384,2.776355083116588,1.1277739860110143,1.785838597812055,2.9158620270358258,2.585391224448902
231,2.824896194738572,2.966412070485686,0.17643843201292098,0.125394580089414,1.805758051303288,1.9851006338426713
232,3.357352271800517,3.3951560313944977,1.0000266517665728,1.015818508639357,0.6393701581844389,0.6203234061840851
233,2.969877305937608,2.843724031460072,1.1837576761406703,1.119851882330868,0.7336873541340421,0.6920687010710397
234,1.5341630077802506,1.669848988154317,1.2094214461823114,1.2954613728233733,0.6094324283254368,0.6580234463038799
235,2.359818340419836,2.3587554735735368,0.1264212227425427,0.1,1.8637684048693384,1.8792351705616395
236,2.1547181953537993,2.021700081915561,1.4163529765118992,1.1819202838007374,2.118163299986285,2.063740409651473
237,1.8278347474288223,1.7545424726110557,1.4551715896232449,1.2961248483534624,0.3463292385342672,0.37684432688463426
238,3.0005914380710488,2.926557381258027,1.9210449783516195,1.6382220591058096,2.877612251644484,2.9488954792055693
239,3.982594859349359,4.0,0.715707504375647,0.6107285821306765,1.4792110838539787,1.5758733950286312
240,3.261844331579336,3.010048181782546,1.2233452661875408,1.0910256046892322,1.8709577294965722,1.7859620779043959
241,1.991010532567391,1.941487357047754,0.167715746100492,0.18160982750633464,1.6895637996330315,1.552129194326147
242,3.701645051682249,3.9280473581609843,0.3025269283965455,0.35955934597104966,1.6534408837958452,1.6447846956959937
243,2.410634725649697,2.5252121774644736,1.8948698080793382,2.0,1.2855613962352122,1.2445972660561033
244,1.7739613301406636,1.6841271471315091,0.937411143119822,0.8319084664822526,0.8833433237124688,0.8996628515458973
245,3.3256879201333995,3.539747763810709,1.233568919776034,1.2761379047932957,1.447382301957413,1.60224457507846
246,3.433015437612994,3.489629569165487,0.2904514643845188,0.31038642134973055,0.6240903448064892,0.5828142743241824
247,2.7462814055195914,3.038803283339211,0.6330198994507581,0.8313710580027633,2.278725144381214,2.2116340538748123
248,1.6572391039369745,1.6529285942088958,0.329422792506918,0.1068970488903121,1.7957135711011154,1.9978846423461327
249,3.612857570891803,3.6353616716041968,1.3364697947994553,1.190662370770005,1.0763763979223975,1.0859381356876088
250,2.922939730108772,3.1469024359139626,0.8813265750988314,1.1211579471977045,1.2414500968700506,1.158189455721339
251,1.8404278360565536,1.8492546309450368,0.7937816951721283,0.8244132398012625,2.36073009296888,2.3426041667118764
252,3.914057776699751,3.80121488043504,0.6276289383344815,0.4314446499299244,2.292915186773322,2.579756226728113
253,3.580737790816134,3.8639187823537506,1.916306450520737,1.8931726764684895,1.7842904360585272,2.002197823764469
254,1.6284912046565012,1.6923879029079172,1.2697607989899293,1.398363869158282,2.857376497834389,2.870765025786398
255,1.9278175388605054,1.8294218297471627,0.49661852602025547,0.1,2.362448157733738,2.700856676960586
256,3.6872604496333885,3.404148835672074,0.5142139813832484,0.4106303005203036,2.7153889074316346,2.6165890488248156
257,1.7438890121983341,1.6384520548464225,1.9066846740029648,1.520518791496942,1.689461644647722,1.6569310099578158
258,3.44524711342382,3.686692710759651,1.0807996089913061,1.1529533613097784,0.7087874095727658,0.7044522961269921
259,3.2853357631586815,2.8758610221787975,1.0212185446580557,0.41132866077078606,2.2888014020134486,2.731466435930947
260,3.055091149053724,3.073274765094753,1.1935199134639929,1.077833886677517,1.2711168921596416,1.3001309163562609
261,2.2436192190409363,2.4196202611049027,1.3495334804428873,1.7243469733662786,2.429955235522846,2.22333501106094
262,1.841219883311251,1.8319268556792232,0.2923683614507273,0.3993419313926347,2.017582911448058,1.8299904564634553
263,2.3099767090058543,2.2656015200600903,0.7388659004310498,0.6416895800506247,1.021979326086376,1.0663820871713714
264,2.0955183661848285,2.1443352047279887,1.6358635759039852,1.6499494839983069,0.21644978139412707,0.1673330474776149
265,3.7982614022423578,3.572614979451961,0.41025690097647416,0.1287866025184931,2.5661695793699812,3.0
266,3.605335051847025,4.0,0.8846778460496131,1.4930358338000098,2.677653554305788,2.430546053416317
267,2.590164666040463,2.5608223620975714,1.7953945310279387,1.0942649342314388,2.695273294760633,3.0
268,1.811204659791251,1.7710984151311795,0.5963790888025751,0.5366058812384447,0.22176565795030956,0.23602325933564217
269,1.738128900213529,1.7213716700433908,1.587279109656265,1.4672431666032293,0.29049965582345205,0.2887406760868601
270,2.432668198286542,2.4586828983879174,1.9128503610588596,1.7893932597765627,0.16492546627381222,0.214258677319663
271,2.941357532383906,2.6269962302645395,1.719650829129987,1.0245360086376023,2.0574223095115105,2.2523854076681276
272,3.8878467457254455,4.0,1.4731300693208367,1.5505704107724918,1.2792918999558103,1.2261768954098544
273,3.7479078885079353,3.5145984054562605,1.4834761532748768,0.9661650373048857,2.282389742559083,2.489647313528026
274,2.406109614315511,2.1649689189803802,1.3600856978666036,0.9748185331085341,2.5989640430231833,2.5809523285442917
275,2.982178574926377,2.8135244209614076,0.4450648313984811,0.1000001541373031,1.554732063415302,2.003251493970433
276,2.9041913234317063,2.986660935940382,1.8632124590959422,1.8609925859580185,0.7825226356895122,0.8195368095420464
277,2.0053116314255477,2.108452847010697,1.9022690911928088,1.9840235574902538,0.05920498683990616,0.049736846287209015
278,2.411730702564302,2.2617054387419557,0.540768342146216,0.4230398091706417,0.6317833474841371,0.6155541724042761
279,3.360521489818427,2.979905633792171,1.7309966606299603,1.2948993193509606,1.842907411087507,1.8036310027915474
280,3.5624653108680313,3.0712789219690957,0.5734105214832428,0.22761820063343957,2.16480024351974,2.4215461629282027
281,3.6119051269721694,4.0,0.6382300768677217,0.8343122587778357,2.774474072658545,2.7385969102769168
282,3.9802010278377957,4.0,1.5844163563526614,1.547079161209085,0.17081767532784986,0.19047458451775695
283,2.0654750640640915,2.2869828156949246,1.4995296939334184,1.697238351667659,0.2712694604023407,0.1748708344261494
284,3.887735150838043,4.0,0.42098473774894574,0.3709581373356952,2.0916795990190193,2.212850293112769
285,1.7845995140386126,1.889551571706933,0.9423251514600288,0.8638945374519332,2.045161532610134,2.1354428399209304
286,3.9165284276726267,3.581733671593589,0.661671492930082,0.5702547835930245,0.46815801672307245,0.47344688787720485
287,3.03188233094964,3.2460577481367157,0.2049553811869703,0.31887928053582576,2.7191625047389443,2.726161512855053
288,2.3708877374497517,2.532371272077649,1.2817396481747845,1.5832403586614814,2.924385095291676,2.900197952269605
289,3.153094335449565,3.4156440765301297,0.48366706274622906,0.5418034814414388,0.43933923322105517,0.40907438387571066
290,3.423057642041901,3.6271659312833426,1.3169329996074164,1.470097544527804,1.5672535441173565,1.5352229813606204
291,1.9723810128622632,2.103610909804647,1.1047685413928672,1.1035272636312259,1.3438034693378968,1.4281716351281717
292,2.5115119507185404,2.5311493406324916,1.8198973087849455,1.5760280056492886,1.3832932175994477,1.5092145561255006
293,3.5411562951482702,3.274277117856781,1.120809638520657,0.9016044027995143,2.4375202892608696,2.4214476595044867
294,3.782606405055174,3.9952220562605687,1.0416943097150129,1.1263681593869477,0.75076852433358,0.7190917593879326
295,3.7064042460615916,3.554547721535945,1.0460558482820983,0.8349456812329139,2.2464020183052407,2.3218419021563084
296,1.986767279328588,1.8931456921778402,1.4874259582367604,1.2030014965406646,2.904624079635197,2.906033229166839
297,2.952403775580772,3.135682496652585,1.8896732481143586,2.0,0.3690336000198857,0.37858313732802545
298,1.5551145078276694,1.5752733830332644,1.7676454147436602,1.8629158534605792,2.45150938103919,2.461165611868297
299,1.6848210837020217,1.8106229834692078,0.43144529098763595,0.66737416168043,2.5608075875902925,2.4027985216102463
300,2.43975938313043,2.455461772758094,1.4707601964580634,1.409385632010198,1.6238536356504614,1.6861901593447197
301,2.5117806926909063,2.689491519583837,0.9232711896819323,1.0482931885469617,2.5316520047864,2.549846696864087
302,2.9728338025296055,2.969167477530709,1.5207378084104397,1.3420982915157391,2.0910253315592304,2.102701097359909
303,1.9037866094355231,2.03863754570224,0.593526118124408,0.6808463054978352,0.4126983021613372,0.45793412553271046
304,2.858496174964044,2.5179369262160964,1.262216023506392,0.9027124316910743,1.7997411434474198,1.9223886269803643
305,2.714244594383417,2.8359471260568765,1.6867672282960091,1.5853205434565787,1.4773208349869782,1.4994395292826084
306,3.460885257610563,3.5368378333651873,1.1598780643650306,1.2857779167394625,0.7630659149061751,0.7642193035207089
307,3.8625923149982233,3.7836878240100114,0.13665233337154006,0.1,2.296516843579501,2.356579285332037
308,2.4660883459785934,2.431693503663415,0.32340782064643997,0.29230915968237725,0.3334005699588457,0.3825539480857033
309,2.0282015973465635,1.9769527040142987,1.2777570163774246,1.0175226896717453,1.1404848828660006,1.3240009438910338
310,2.764098061346735,2.9706162177632227,0.10786907523473249,0.12517479831599365,2.766377164409132,2.8223047831081165
311,2.9675107903675713,3.2518298300924866,0.8068447983839822,0.9643497860118682,1.7970117178538558,1.6857950852604686
312,2.7788836631317677,2.3583851757765766,1.6259385615055422,1.2026228004521713,1.0342543498773837,0.9941467139689834
313,2.970412949272695,2.9994971632946097,0.17204470693663237,0.1,2.6942779917251136,2.889011406282362
314,2.9541853932117625,3.0131239499381546,0.49168278861819537,0.4802380119810691,0.12666506374257036,0.14284311778179679
315,2.009701465131964,2.094412280440218,0.5429301028176581,0.2925763960920768,1.958547067698802,2.290956967519857
316,2.126826707452791,1.944083160281986,1.9615799599349022,1.517415731641447,1.4225637196452063,1.4692630465861942
317,3.0009317161792985,2.5533536518890214,1.0847759020487324,0.31914993254280083,2.1878243358417873,2.58446418328384
318,1.5583115775179812,1.6122942321022564,0.6894667845573471,0.7183645578865998,0.6689023379654668,0.7334177120404712
319,3.371655971699316,3.7488100832055884,1.4404750034271399,1.7120143357013182,1.3325696338891813,1.292790969617521
320,2.468357978014138,2.1420240995876556,1.2641933993484573,0.8080908404356402,0.9359725813875913,1.0504766983206568
321,2.433841662004825,2.339984928875004,0.8444044867131142,0.7438195764825519,0.7069059601150726,0.6698737055735658
322,1.90581098011129,1.8006771673513087,1.7385804484055762,1.531499299006487,1.5044594300259568,1.3916781360295065
323,3.1765793318194517,3.2293168557669953,0.6029743298211611,0.6100431879771113,1.3527680819466925,1.3499525139665207
324,3.8768450401626824,3.5035342683332398,1.7011359941678417,1.3477550491329253,1.1309671215642108,1.178120841918621
325,3.4191273738783687,3.6592522239999994,0.943378934507897,1.043778027372055,0.2793385655643935,0.20628753207077352
326,2.9396429884940667,3.0216338374398295,1.5705335453028353,1.5982738372198746,0.0016025338325379446,0.00819045272383463
327,2.5164943530970967,2.412499044158642,0.7518389694774985,0.4176270595841772,2.5037461949465953,2.658770140082676
328,1.7693053326631734,1.6730079811582932,0.4933040261677112,0.2125187643550582,2.7656862372531474,3.0
329,3.6839954492989087,3.1370542119451224,1.3187562920741656,0.9679892747848723,0.5556613477009786,0.5360251382229363
330,3.9686291466134316,3.575208030253736,1.5199492126376242,1.062091206834295,1.8788873943869366,1.9847777971604788
331,2.074232911551127,2.1713719114269097,0.5460082580423855,0.5884525681075978,1.4256583334737418,1.457779493654676
332,2.387438225262957,2.86543686568596,0.9153506702105683,1.3034194286877285,0.9766817238246006,0.9987630629302269
333,2.4557105732383375,2.366327752211642,1.8127641232074123,1.5804355501449558,1.046024158589649,1.06570484274183
334,3.293018047108456,3.0198463390009893,1.8997668562404597,1.551171672789134,2.9997474564738535,3.0
335,2.2321848767734203,2.285070272009794,0.17830795253108694,0.17974577358813446,0.27011059020961414,0.24524218057837446
336,3.3362814757147827,2.9049330024648747,1.6226587001373858,1.2219450684099276,0.20515344877826536,0.18236020383695783
337,3.421500216251826,3.33745927151008,0.2419955132288158,0.18157170247193427,1.1730473013789369,1.2145361522698734
338,3.982476750048762,3.340678137969698,1.2811052741524522,0.6025249434976202,2.6702198643642494,3.0
339,1.5369248164007652,1.6481024360421912,0.5556377291516267,0.5949297824191615,0.7205194647785119,0.7201689450063686
340,2.4837690485102484,2.41951627958714,1.4221395341226495,1.2673120846934558,0.7832305298498659,0.8626625293046232
341,1.7847404567845198,1.9600120548576503,1.9698547371465207,1.9520467842289875,2.8666003862964033,3.0
342,2.139111991689524,2.3232408503187543,0.3931376987300097,0.5779214324441394,1.7315320023599665,1.7014298547730315
343,2.9169759107767685,3.058536856122907,1.5903594788310853,1.7594001790858873,2.0980393381299027,2.0477459370117623
344,3.2532538639337325,2.74556096660295,0.8854948411478074,0.1732822038693048,2.423411548135131,3.0
345,3.3378206055275443,3.0569816504685137,1.0020615337464531,0.660718799683197,1.9560010121111069,2.1095646137427226
346,3.3282520884898212,3.3794004156804847,1.406653666835492,1.4634002792646852,1.1747611229572437,1.18850331746293
347,2.6200306886919633,2.788269201778416,0.11483495047388015,0.1642766452730621,1.3629893171600833,1.441636831178295
348,2.8347814906525786,2.9672344124414667,0.7557547349217184,0.8014717904987337,1.5127845259067163,1.6138179522150407
349,2.4521694684695228,2.7944943333460044,1.3022301586146507,1.4507432498511035,0.1063292704386265,0.162041971106254
350,2.0882779977610118,2.150242111879602,0.9389095051028109,0.9434042441245928,0.1468636338194046,0.18660771930085107
351,2.16779766019164,2.438625300561071,1.8061468982669209,2.0,1.456271015945768,1.5112311393779503
352,2.0700767507368663,1.9873312022140628,0.5968610043344402,0.5765832760044248,1.9861606391313558,1.9317536812919465
353,1.8271514537346774,1.7878267160452772,0.6237383639761251,0.5195226835157711,1.1647605644353085,1.2002724126098498
354,2.355964982385507,2.35019039022592,1.025963939928711,1.128777117477917,1.5141716952193998,1.5003070941496413
355,2.3105628232704243,2.788947775287433,1.0983712985234266,1.4456740811135438,1.2705667535467118,1.2047046793729541
356,1.717078895849256,1.6971525735456883,1.6962314780239238,1.6993912543489833,0.3353143133091676,0.4402040212792149
357,1.65452979263284,1.694276161325983,1.532464580484223,1.5485913629273411,0.4509943317093008,0.4659066581734594
358,2.8797246459781483,2.873655431434781,0.49394828634723453,0.5703055735319716,2.1671572887657113,2.0392990435168192
359,3.270288663998522,3.363414434974471,0.3654711180659711,0.35663506383238236,1.2355727219547048,1.2509861812127416
360,2.0817368360871353,2.062347265891232,0.15974527587183338,0.1,1.8856264131501086,1.962886910852011
361,1.9016482353129704,1.748765057582806,1.389221665555579,1.195842878771864,1.117811133161265,1.177174848744076
362,2.9069407695527434,2.6819765031625877,0.5861028088205094,0.46693682818023446,0.8098692451103318,0.7430349138945983
363,1.8849436110660218,1.9289354718470684,0.8122023363367479,0.68187147035682,2.8286147786027867,3.0
364,3.4764814969194138,2.939022560067488,0.4380967139308627,0.23403940458012173,1.250830371979734,1.309019434661107
365,1.5215450528657142,1.5336301682710256,1.388978832691186,1.3236035424393142,0.8934692105212706,0.9342490752732326
366,3.945033589021852,4.0,1.800677130240054,1.8694377735738985,0.7758048805250523,0.8024901210730997
367,3.9428921337271285,3.478007989250599,1.7760545891281445,1.485419017129589,1.651987072498056,1.6164234415257293
368,2.9871600415759625,3.7269625439021454,0.688572128859751,1.0434096632911882,0.8282444416468966,0.7907614629161275
369,3.060711030439364,3.161091654593263,0.852961018436574,0.7485222134889996,1.9371273917285199,2.0497350995643258
370,1.6597564828552884,1.605484262295882,1.3667570663174011,1.1710028054262336,0.6557158703909794,0.6011163112519043
371,3.0702940162147727,3.4946263293305164,1.5054942003663592,1.914944056039939,2.892171840755307,2.8392132223747026
372,2.265117498839187,2.244031145550291,1.4852359052973898,1.4513075998772726,1.2469456115915543,1.241068251404279
373,3.2711079610509453,3.7706921326296983,1.3755045705726954,1.6685632678247315,1.2593202760598565,1.2790540196715314
374,3.161552243714397,2.8268630996374995,1.7176310482242023,1.2017420873805686,2.977582924932156,3.0
375,2.506697402054504,2.5808048971550517,1.275176162900394,1.2972626040449386,1.1044158122315537,1.1151914763249469
376,3.577519380360839,3.680067760390039,0.7991272584778961,0.8954136025253617,2.4753474515567637,2.4377363406902446
377,2.0995022047048844,2.2379078859905572,1.8923754836553917,1.8757486238833303,2.6053037581234095,2.700366130508784
378,1.5933323324508897,1.5823708600008624,0.4493393256827165,0.601952414180096,1.9571276758841645,1.8550852146243393
379,2.715488170523634,3.0501942671836195,0.1062243927734774,0.3298709436397864,2.541224784090075,2.2320570621828963
380,3.7235765503616247,3.9294234042465512,1.2215622773722317,1.3474145351074,0.5166219256527878,0.5390504350610186
381,2.0630742187344904,2.3402863212236134,1.4883692344312418,2.0,2.4355115412164423,2.3354191472254047
382,3.246745040895811,2.729297965579422,1.5790376724946444,0.675292703258331,2.004403041765796,2.4277217735673244
383,1.7189880638093558,1.8237407508655235,1.1079534668360165,1.1682210285680847,0.17837234795118728,0.1815841315667701
384,1.8292708755200922,1.7687058185628526,1.0355289073006746,0.900737499229338,0.20303716174583386,0.21472907788390727
385,2.9792246592215417,2.997298939121438,0.8348342291168743,0.9369365365877858,2.3143998821896785,2.1907545007401046
386,2.4757927560796142,2.8537808268352407,0.9205153299983183,1.227091776713007,0.06018023582318088,0.08721405074182376
387,3.3115011896579567,2.949691471878013,1.6302440701629817,1.004244589395768,2.0606051638673972,2.1866776905159524
388,2.118426092220136,2.062044253250268,0.6824263874111706,0.6097182851032743,2.3846137904555476,2.3731049606670944
389,2.987902360599885,2.609756479139343,1.0981598274741262,0.30342727322958035,2.040477286134519,2.556491146107355
390,2.8111329701779564,2.878802747622645,1.5912800117229071,1.586046025235104,0.7201285906465998,0.7633121568813696
391,3.584671181836046,3.860136458094927,1.199510539850787,1.2797068682972732,0.36364115322612744,0.38837631313581833
392,1.766901174422232,1.7504676572691984,1.8635756185190993,1.6918921873182229,1.0385741661947336,1.0961049711612878
393,3.75390437590465,3.712172291080871,1.90383353554706,1.7687733137363169,2.81521324716988,2.856760367843906
394,2.0007986437952026,2.0808067053519634,1.4000573749973166,1.4705924647455386,1.3900075927429456,1.3344966586004634
395,1.9068654123401874,2.0032938804378935,1.7599304086587437,1.9690887402279509,1.2267989355779503,1.257123042673845
396,2.7328267502504278,2.9931880244220657,1.4053061632848138,1.6513418286596921,2.417803461424717,2.410905093239167
397,2.1048183844629578,2.0961518754494723,1.7019350798277013,1.5245605309819095,1.9814749668550604,2.0087860746734747
398,3.532193617930424,4.0,0.5921533001717623,0.8306150108760874,2.5466527993497943,2.524154703051997
399,3.489391778481504,3.511467206989471,1.877873208515676,1.8101933830723937,2.001876176242701,2.00440490531156
400,2.4645284332617443,2.488848173531741,0.9402034421894278,0.9881172093837589,2.445844153017734,2.440701950564065
401,3.9431144753744958,4.0,1.6741333232232172,1.6669781448471086,1.8483212507696987,1.8046644933478004
402,1.825277571281088,1.7371929459921875,0.40106205742141965,0.1,2.5575065095696545,2.750003498613694
403,3.998480880509648,4.0,0.3332688181442578,0.2901468602906933,2.8352658880904777,2.862132214904355
404,2.4065439993780515,2.3495491822913777,0.13909915210086846,0.13089490136325202,0.10294192207502972,0.09823613740674109
405,3.0488400774188813,2.85552725201129,0.9294938301935701,0.6119806385019743,2.7936912095186504,2.98479748158292
406,3.0806123697709884,3.541785461485629,1.5775166399096485,1.9567650250244049,1.6434857790248198,1.6674476979856374
407,2.5906130276809995,2.581306207365693,1.7709148717015115,1.6257273344534657,0.7111954881330439,0.7388920125785851
408,3.5799696550376225,3.7372725019303203,1.8275241079591986,2.0,2.589256021302285,2.608533299306146
409,2.475111560062429,2.4635027059627705,0.9351480579010785,0.9835245913712817,0.5189016371155043,0.5392421159003139
410,1.5499115760677307,1.5977647297732558,1.8143797786077602,1.9364321126676443,0.4525699688922259,0.4024691310070851
411,3.1445862086530196,3.369760480482482,1.3122317225324465,1.3893708666197178,2.7241697654336736,2.8508457551148942
412,3.5466407749693754,3.612868694438852,0.14996516960029535,0.1,2.3793489199750595,2.486309539554737
413,1.9546686337376915,1.9820502419503516,0.9189575279017937,0.9044424506853266,1.240664815052008,1.249474151215804
414,2.328711803455235,2.324956979499498,1.2076317461409969,1.2667051293699005,1.244060677690401,1.1880564205078756
415,3.0208971401443963,3.3310783224501894,0.320825826030806,0.4220008406103629,0.790681722828394,0.7534922472581439
416,2.4916762382389663,2.1320867951902396,1.6757369657155685,1.2002678970529899,0.4309479482116716,0.47483000547196924
417,1.9480178817524207,2.2257916799778394,1.6899177435042856,2.0,0.6052943094685206,0.5267277085935532
418,3.614419872697897,3.6055327172495675,0.6524941456716801,0.5539205149006667,1.5668161903933195,1.6784892432088248
419,3.3950275695846712,3.3019433569065146,1.3553174326691482,1.4206295186012543,2.3117277560435787,2.080722365777096
420,3.084935819950313,3.5046624343851613,1.4663863571901967,2.0,2.5037383129165844,2.5045749561698294
421,1.8699918871904748,2.043579436235748,1.8286630064252198,1.9131887133803158,0.3416583702541981,0.21310361646411521
422,3.5732675978664066,3.5573501994160117,0.8996131153454555,0.9618964193531921,1.9522852656000556,1.9461263350622302
423,2.9561375918404345,3.0876118338342216,1.3328335895300212,1.422674941133325,1.0299686570539937,1.0462888428686268
424,3.9226410448197018,4.0,0.18568507690698588,0.1893098949588837,0.6904275938925818,0.7166490520876989
425,3.3478352097660125,3.9978115758124897,0.785007197102915,1.0364227368627486,1.0080505690550923,1.066427781116154
426,2.1811191650114328,2.1924436251502115,0.11338518906792636,0.1,1.2166497064125958,1.2580461439370196
427,1.9937936699745928,1.9282235373112342,1.7386927952555258,1.5306723803903894,0.4004151500885029,0.3278352761042395
428,2.8325165571969526,2.706236018178742,0.6019089711836874,0.5805749004589315,0.896841990717352,0.8477696158384401
429,2.227885794485476,2.573650490749418,0.8115283406947313,1.229154349994549,2.066474640811341,2.021667554392084
430,1.6865050879684484,1.667708091446242,0.1500484848179745,0.1,1.3685841692573317,1.4931420835045905
431,2.7207192893827346,2.5730869445373235,1.769194506017123,1.6363537069230403,1.4644989739797565,1.4872572839587797
432,3.4030016219191825,2.9580396877951767,1.8908674738420101,1.1543962768698495,2.5679029366228425,2.7377574003771024
433,2.3792820630771825,2.4776136472024004,0.4474483910567796,0.5289930774920295,1.894784733606694,1.812229079760437
434,2.5195637541658074,2.65937691934139,0.3155837879633139,0.40576483189890095,1.1211131268405459,1.1133877105341454
435,3.624773157707174,3.1714336796977554,1.4254818369468794,1.1069459495074738,0.32847775002748303,0.26282999851536587
436,2.9051517988622892,3.1523211035028997,0.194803645870058,0.2190024605566272,0.9452659775407093,0.9457474505921889
437,1.5516238545295136,1.638187748943904,1.3739254848063638,1.2533835124809418,1.247408403795985,1.3427901030480052
438,3.813674228201277,3.743381050124278,0.29336121414707717,0.20047588154213572,1.2880691420292667,1.4470705101256947
439,3.197000311274798,3.312273025326589,0.4273323271258064,0.4696194939144485,0.8988099623804475,0.9074107941915238
440,2.4760364324712927,2.456761600311974,0.714032211765896,0.7288003294174792,1.4832216012949846,1.3858485532363536
441,1.8480118606888212,1.805040946826186,0.18708947517615843,0.16110643224461083,0.432345534375733,0.4248696020808841
442,1.7368094355511445,1.8487887106629064,1.76734537658505,1.7398922143137754,2.8605308217801486,3.0
443,2.370550267304582,2.5446482724988755,0.2942622695849935,0.3620140986784541,0.08310549889592411,0.0875881676255879
444,3.2841456305959325,3.1212913280704515,0.47754740754005165,0.36177227989918004,2.325412463782502,2.342992835841896
445,2.7323132093352234,3.236237812330361,0.9115460809932497,1.3935757068653296,2.090390611867824,1.9458088167413903
446,2.4173013178459626,2.475489825135328,0.3053729415793971,0.1,2.209098311300356,2.6496397748689375
447,1.9374057398234876,1.8602828873880541,0.18029941727118443,0.1,2.608694072578688,2.552913420436584
448,3.418887404769337,3.4149542088158973,0.7808402228577472,0.7747748582467272,0.5185531289577684,0.4961986283563392
449,2.530603086258417,2.9523750880236714,0.7526258163223138,0.982849675890855,0.5882216034148016,0.6154317248996802
450,3.8335845838801337,3.8356670847899164,1.6700769162342604,1.6831424909230785,0.35953551122159433,0.46125013661684056
451,3.580415054843707,3.228854960679766,0.9814735409046819,0.6911705448766718,2.8099146357522335,2.7828178706834144
452,3.766936900884227,3.6856304816361165,0.16459981100344734,0.10496762754889075,2.881564465352638,2.876270505935024
453,2.8255925331126184,2.928676991675497,0.1745830472682062,0.1715672675700523,1.0614938863139347,1.0831503412048664
454,2.9780349503044885,2.841896609261419,0.25608871405218336,0.1,1.7478422329419914,1.9791067405578657
455,2.7778633618803625,3.2578210190809065,0.21867013617701442,0.34579549198562715,1.2695150478316406,1.3593390787685788
456,3.138868633094625,2.9683323898009424,1.1148931023953683,0.9479380419004164,0.6502615041899596,0.6821108545529931
457,2.252570230017107,2.482946713145064,1.2489208509948693,1.4310363304033218,2.2024419596847222,2.2900089703641586
458,2.777184467126463,2.9451048402475077,0.10321225448466007,0.12416174467770988,0.6366990128918226,0.6424643047930219
459,1.776148881657662,1.8340768872085849,0.3949458596164569,0.42811790955140244,0.1299833743428993,0.13127487572599364
460,3.3993827934787246,3.80655138981746,0.5600119818492985,0.715488948478548,0.0184177533924218,0.033969501752097675
461,2.2079784264654774,2.2141022695391372,1.3006553823551945,0.9661854495653555,2.7878604517691468,3.0
462,3.1564706696907816,3.1031947465325413,0.39969577275544277,0.1741648358750112,2.5733010226206003,3.0
463,3.7206794448355454,3.708283919254004,1.760147928459404,1.7041825933496106,1.7021043103490596,1.6404309336144687
464,2.296323291147751,2.30052504795082,0.650159378696284,0.5556473738258444,2.888476734790703,2.9909110442749416
465,2.9982883049354623,2.8364019033347887,0.9009449309943998,0.736292626442997,1.0885336593902508,1.0986726552688382
466,2.2226283288120494,2.2725842158677034,1.968514466394579,2.0,1.057676172715369,1.1522576868280514
467,1.5168477634747712,1.5709003471418657,0.7296026422079189,0.7453822355502624,0.2024733342431897,0.20880811827359763
468,1.5740614391308545,1.691855746912283,0.4884379160203458,0.6107076997057099,1.7180232624670473,1.7675143388279884
469,3.38720433238554,3.5131067687401627,1.158089228188506,1.2262403803366722,1.0109934536545182,1.0241605384083128
470,1.6395932790833518,1.6734645345297803,0.14478906107428804,0.13331423987154142,0.5959091948183124,0.5783095933761456
471,1.5029958014921445,1.6164737724679998,1.078787934293548,1.2248806128126444,0.8266529164169275,0.735614269686767
472,2.656089988825064,2.599923052597917,0.39171233362079305,0.3549229994101128,1.6602577486308299,1.6805472357161562
473,2.976883531198536,3.006104283641908,0.7022493320545938,0.6504224561356376,0.3960434005924922,0.43877462913593934
474,3.7466764676885322,3.6181054241397805,0.7592978377193883,0.6960221594905727,0.9631781025568055,0.9761495347099141
475,2.520240813625665,2.6091850507895464,1.6476804578624313,1.7794538570494438,1.8503514287578464,1.805083676889934
476,1.6297557241296716,1.727341836696127,1.436809516296997,1.557179797865149,0.9645093091580221,0.9411001037714025
477,2.1255630649459007,2.1628449216801076,0.455255136141806,0.43056812038557507,0.43803092612960925,0.4564040768222677
478,2.131404223553926,1.9202073288303194,1.4442557856218468,1.3767086296801248,2.669412025953418,2.5012618179989445
479,3.5975378602834267,3.3995513399341624,1.3372199157528686,1.218385184976294,0.001890183949739499,0.0
480,1.7123531400717509,1.6820554658254732,0.14439628515212652,0.1340032605382474,0.7430462404406566,0.6914190598666065
481,3.0900696694535803,3.1318807144603875,1.4797270088260106,1.6626265715106119,0.9722389281674567,0.9082359786539519
482,1.6110018855895165,1.6294623338074452,1.4653117142109435,1.5994593360445086,2.141677642967709,2.1032478153848224
483,1.837062106338299,1.8881988836203651,1.215490763076282,1.226475986553553,1.3043663555579457,1.2551101347195468
484,3.265863146256021,2.9892936498112515,1.8607961207406256,1.3787885209331443,2.0149414498507636,2.1631624131737612
485,2.9633448873714325,2.8590137750484232,0.7660224333316753,0.7089053357417455,1.3767326121413703,1.379030392311927
486,3.8115160167250934,3.7005234248976553,0.5185081716496559,0.45111554267849324,2.851071307162184,2.838191075451437
487,3.0243998969867576,3.2360418458629043,0.5184889706643563,0.9010812284676352,2.1776243390882604,1.9037606626352894
488,3.383776307965629,3.1684580642441036,1.3822814391239167,1.1291519449329814,1.9597038837700187,2.051142218727032
489,3.4318290258920365,3.459548951424389,0.1994247982153323,0.1,2.18810167117396,2.444429836796732
490,3.24789400588274,2.908912073680392,0.9981704099915296,0.7303205170435009,1.1203579293396588,1.2064119477536026
491,3.5037604054565863,3.5385577134571236,1.4066624798265046,1.4371617232652616,1.839259957122663,1.806767964347408
492,2.823286966392437,3.0062182309436865,0.9631038538726266,1.3744683769186383,2.736087711555686,2.5822986049358816
493,2.1804044087059617,2.252625462762093,1.7494812717030066,2.0,1.9396410219758018,1.7610835793463382
494,3.936224031854482,3.424023844465563,1.1057731553887076,0.6316264556004686,2.7770711137662447,3.0
495,3.9151963415643913,3.8385020154726748,0.870720730015095,0.8390841944924455,0.5467116522856258,0.5297772684986106
496,2.8708716946875885,3.016671769042045,1.4459060655137768,1.7210474958088138,2.6541460578118983,2.481807702556068
497,3.1794784703468517,3.5004226672247434,1.122954252419647,1.2750301298038262,2.7494794279280916,2.778572690560329
498,3.1830580431249875,2.9459576229448583,1.881846248561037,1.687137407606923,0.948505377861025,1.0026848487397972
499,2.3945834416015774,2.669386355438922,1.0910364795857004,1.34842872445187,0.7736684614362824,0.7813892476899451
500,2.696191227105773,2.403315807748227,1.2780042665852869,0.48030909018675627,2.1456267223675756,2.657640416598812
501,3.7935907941069695,3.710771488736127,1.7185616191857727,1.6442407541726496,0.9840086205127305,0.9422952935642941
502,2.6344993501225042,2.8121919288105555,0.18783429063820192,0.1,2.5725875108877405,2.969875684873507
503,1.9407257301728658,2.081730658135305,0.2149755342424303,0.33451718778523526,1.8558610605645807,1.7798082940468474
504,3.6783098307123563,4.0,1.5104316453491144,1.646090287813286,1.8481192693838282,1.9467018241052836
505,2.184245300605503,2.1870803671698478,0.34549764006898814,0.20190119038129564,2.846859114960013,3.0
506,2.5299332104520205,2.265726457452385,1.6623455897151007,1.1234698707413076,1.8331432011065116,1.8888547104887412
507,2.142487429713572,2.2763335478501796,1.2336455428487223,1.2901316938413303,0.8556341433596673,0.9103144752570406
508,3.390493905689099,3.205854337376242,0.46797477208142124,0.40050443162515337,0.753096252479978,0.8115090470029849
509,3.9633916658674746,3.9696946898996717,0.7627180601913275,0.7774400093597503,0.8977049713780489,0.8374226829605922
510,3.8083208057607565,3.902309430437463,1.9621329738099,2.0,0.1671919559942987,0.17411192331498138
511,2.7945803950534924,3.1676701496149127,1.2195569426873323,1.452455890952076,0.7844675533939369,0.841502363182354
512,3.326660947962356,2.9885613650113907,1.0521156990311666,0.6374079333537401,1.9388371140012526,2.119711892831964
513,2.5440328023334677,2.932304435798561,0.6113585382954398,1.030134744926071,1.9394103096158744,1.8011763481464818
514,3.7605334738154417,3.1205277921073815,1.6462824788633657,1.0259199334004772,2.427283927199507,2.505041132128584
515,2.0188339321607844,2.1038815355513245,1.7441143524386264,1.7078657928276715,0.8438244632356805,0.8636371485055706
516,3.3138506604160383,3.125164382448229,0.9764387228947964,0.8781521262111269,0.9464256045578503,0.9421196273608613
517,3.794811851185985,3.6385206938855625,1.6184204303916718,1.288843132442556,2.130375330298591,2.20472251086792
518,3.6982282695382667,3.1948009884032027,1.107144007039737,0.5355636316980532,2.2259665507005915,2.5785354284411337
519,3.5210739078259703,3.4787291998606094,1.801357183308192,1.5993166242323025,2.933440977962,3.0
520,2.0921097269074793,1.948863376905349,1.1071542351820989,0.8902605209063845,2.0322697482218004,1.9904818119094385
521,1.8706571610332365,1.9562562096334455,1.4478989473076855,1.4547252486736013,1.2363640040556514,1.24760553675895
522,3.06952925888411,3.265131053583518,1.4413954616399292,1.503166454728911,1.1741675083262504,1.2415978750100454
523,2.8463698692807426,2.8785684444598356,0.31315479535097746,0.33371429117227747,2.6712245084192636,2.593889994334716
524,2.634609685924085,2.5055285701749677,1.1690783114802161,1.0056149048250282,1.264516878789094,1.2350541496308696
525,3.1995343702245167,3.1579758675241014,1.0901239801603975,0.8779634565009715,2.4626382897048265,2.591170545317373
526,1.7789311235119034,1.878507074982141,1.4356056418152738,1.5995683053219873,0.5063132801902434,0.5337945421569349
527,3.203175164385208,3.171488355431068,0.8193131432680512,0.8295312229234064,2.431698815162293,2.3259764568814694
528,2.5055540272438996,2.483635409461721,0.21983622387793264,0.1,2.396199522282937,2.5562571415665634
529,1.576286121518643,1.7239178764381744,0.8547089459316153,1.113149992058778,2.3694483698269977,2.246808806602047
530,1.5727795372394582,1.5,0.5912292710943409,0.5098312604019593,1.7092232340746394,1.6509586509865404
531,2.9362282478231982,2.626377809163753,0.8809132996343837,0.2008421818023928,1.9417943447400583,2.545014755860852
532,2.941238373210426,2.8524450211947237,1.7337924534199958,1.613761462969531,0.6505248898864415,0.6231751874617539
533,2.194572656236928,2.2420738884730578,0.5137968102089892,0.40912822374159075,1.2593509767867836,1.3296817210637795
534,2.0749833700667963,2.0154058805373576,1.6366131055761302,1.3264896649009277,1.564287626670854,1.5958063133650566
535,2.772158101245185,2.3811253333775344,1.5823793998450315,0.6719143212964347,2.6111718176228003,2.976207037552287
536,2.749464632509248,2.6154202154506043,0.4084474357784089,0.24390422365363415,2.141211150287493,2.233920971336314
537,3.0285546678257655,2.97998405956193,0.4695742067732902,0.4242298188392436,2.1429755976078524,2.0495009706152936
538,2.6904298290439046,2.5389649205786946,1.6115947303175442,1.4454511799580065,2.235265358414483,2.161067712617813
539,3.921629304431091,3.904327874122969,0.22212346401359498,0.20384600568537134,0.14920934266211716,0.14378000164685717
540,2.775687106859263,3.0062790859772432,1.2939582672025782,1.5972124363596782,1.8769545236768934,1.804638831354787
541,2.240459216796919,2.293488318978273,1.5923469880693795,1.5252032242579556,1.4021946054245182,1.4151725845648249
542,1.7998773061646287,1.6129588393841252,1.3568136414067524,0.5965174317620181,2.498398397550166,2.9431204455034603
543,3.9620023915805516,3.644191141337885,1.2774406982498485,1.0641000494069937,0.5598747795317934,0.5667889291832958
544,2.6494263042767443,2.6296187559182336,1.6131113788621612,1.5790816158139362,0.5540027967813534,0.5685809594300818
545,2.2318370139367416,2.682627987232358,0.8670595601378762,1.1912741033563072,0.21391314103808445,0.18941534026594728
546,2.7400190604085966,2.5675946025996343,0.21547591471426053,0.1,1.6251965220622022,1.699183845460014
547,2.8371644598878696,3.0325785865623542,0.8755695752890563,0.9783743812518654,2.9855987989563886,3.0
548,1.8243460186318812,1.8600041064346926,1.355426647077719,1.5210023184272274,0.16600348245906416,0.18071522766884027
549,2.6915479624909158,2.724756066242294,0.5767089355940205,0.6400307313604725,0.8126143260404813,0.7169725773991978
550,1.5452937670889288,1.6373359223134476,1.8996311797233238,2.0,0.19604206487619336,0.1983943649569996
551,3.641471803554604,4.0,1.293766579964415,1.3800089086298046,0.004727259667512085,0.042062973507180454
552,3.78652979451034,4.0,1.3566707475979654,1.4196219900377125,0.8003170078265859,0.8501816211626608
553,1.5662315763130086,1.6790752684899695,0.7232151846140535,0.8607093913779832,2.305645526561743,2.396007864088714
554,2.898726610237456,3.040768297834113,1.742912144661376,1.9409838812116567,1.9385804023018034,1.9367990744534578
555,2.887078472038811,2.4717196862415802,1.6468069423978502,1.2382256376732892,0.6509014727085584,0.6254186401619533
556,1.5048677624929419,1.5,1.8795703280297171,2.0,2.4220360781836274,2.426616493926604
557,1.9742313868544066,1.9195972811762492,0.3828054846739213,0.2646023778450553,1.9216605416099748,1.948444435852863
558,1.8421279666627814,1.655466852639965,1.9288717632966315,1.4769886224523772,1.0438462105486814,0.9586578352742502
559,2.5411585469952196,2.668587062188204,0.2030717906134372,0.1867074789579882,1.416957158603179,1.4476984817160543
560,2.829295847597251,2.7347142979892816,1.9735629019838012,2.0,2.3076878141216786,2.2595879091539626
561,3.7695538671719766,3.9306210204690424,1.34336215977783,1.3795267899734869,1.284611121460774,1.3137255060324122
562,2.9842860905295296,2.8106005886551606,0.26241193255911366,0.18603988780331734,2.028340539812133,2.0875386449156936
563,2.2349891741962704,2.2862067287800305,0.21435063343309302,0.21542464509033127,1.247744052460194,1.1084523681689984
564,3.4074099442038763,3.2676213190246695,0.29927213331050084,0.188102086017913,1.5330606624407213,1.6281922524994679
565,1.7461675460999169,1.9306712209590766,1.9927492497945838,2.0,2.6290032298484003,2.756985914939655
566,2.7406430104084443,2.5690503420679764,0.8680366340246575,0.5683882308130619,1.2511023558524825,1.31910318416351
567,2.683207707499756,2.5242917379887233,1.270595846008618,1.0026962564545336,1.7091444677165937,1.831548638262456
568,2.3491378061843635,2.164027651810145,1.0391858703867398,0.851879807569859,1.016950041772459,0.9272883936151176
569,2.808735864877404,3.1134938663853866,1.2355745646996554,1.5758758977350782,2.093265200162194,1.9131276493028742
570,3.8607456793846775,3.5508231151283653,0.5273351489097129,0.4039920113320326,2.1778983911173984,2.0707218287168594
571,3.523003150403243,3.3554921434121807,1.9013853017351348,1.8000428955498318,0.5954156382889282,0.6014981800927285
572,3.8947872310151412,3.671901459602922,0.4529610959030702,0.40741182624811073,2.2390161162829445,2.2389329264315494
573,1.9454613414933586,1.821379906386806,1.2311741759451726,0.9560881620270176,0.4009834274094326,0.43270309419204145
574,2.762839687625266,3.1384416979725365,1.0858280799711195,1.6503863818262905,2.541318759407052,2.444061830163344
575,3.5291711216810917,3.205066654525031,0.5722546308682581,0.32408427406766005,2.558291510361894,2.6030672521467566
576,2.367037230083655,2.2116864921476753,0.8567015876068121,0.4290996635053706,2.402975297252637,2.6899922082407097
577,3.1508496286030883,3.3122095287642477,0.28784663894835116,0.44007645157601544,2.3282406370160644,2.1664188191218794
578,3.4509929848856022,3.4155668298028137,1.945903158825879,1.7688863898793084,1.013616705608615,0.9674668283364913
579,2.405577185956139,2.382526888668559,0.9886661690683278,0.951487770956995,2.1776332571330816,2.1170319040785412
580,2.6804899037773766,2.2000404104011984,1.3174999916151062,0.714088909711838,1.7653655606042196,1.9123004054698753
581,3.4146207168413745,3.8476208662549083,0.6174651832120703,0.9514424118476279,2.8220233894352624,2.708218084279637
582,2.0000450443178313,1.8890379822727728,1.4929023267365464,1.2563984391836405,0.7508672310072326,0.7150404085795019
583,1.7718976041552126,1.6791864158869678,0.7706949437597163,0.6664067885404,0.11051688374755853,0.19121964681008888
584,2.587531477695243,2.336634732084234,1.8808924518662051,1.4596909112343148,1.6207446972790085,1.6233991294250647
585,2.61441928840511,2.6222044254163634,0.790274099644306,0.8200126479698179,1.0089480620154605,1.0261880036506732
586,3.863858602155325,4.0,1.4995233237541523,1.6037580648179335,0.01640055200224444,0.07166817098928221
587,3.6725593112273733,3.480171417806217,1.5913960512388987,1.3340653811316978,1.2448567385515126,1.2648158556119016
588,1.8843308528651197,1.9123932975905074,0.3926050099116385,0.4713862537176248,1.2813884801122764,1.2470336236343895
589,2.7024708270066236,3.255020963489317,0.2597465534199045,0.8929329930262608,2.406274783797511,2.02747537338063
590,3.8951277726380873,3.8315445786393862,0.5793296759776229,0.5218220468040783,1.7643582116651477,1.7694828244436878
591,2.313353941711398,2.446056951536894,0.7026041081191534,0.6612458794558478,2.3296880618688696,2.495426322253303
592,2.9606391927960303,2.9564702921794006,1.941092054125321,2.0,0.44020552879370334,0.41703838381872527
593,2.3068221633922024,2.5360446713997558,0.9437292857038183,1.30246510962236,1.908959863244292,1.8289280074960956
594,1.972140147529709,1.9465468231806837,0.2548605270303623,0.2536448620986773,1.4338071125461147,1.4135153454127252
595,2.7217366589120866,2.5225904793424254,1.0768658493967165,0.9064747059038755,1.2997917150245557,1.3308385648371617
596,2.764029035261119,2.7633538120534595,1.6654740472511862,1.6833552484605054,2.732485781540469,2.531542355439743
597,3.450012720934409,3.285109911831223,1.0182838978029212,0.9463782027802486,0.16566251352283867,0.10947415600856673
598,3.846359957692993,3.623988860472322,0.4699022862920105,0.4013143934397126,0.3974783936517903,0.40712297473983217
599,2.752471613672772,3.0164362749694824,1.28760430442938,1.4267152650228434,0.8741741518186443,0.860090692297625
600,2.879468156553652,2.696504266491864,1.724475365494632,1.745177732769334,2.255412131449427,2.0149027232446284
601,3.3830386379902557,3.367758692124499,0.8659366497801415,0.892499270271342,2.6859591907243905,2.606142268592916
602,1.942819465525929,1.9184051348435351,0.4749271795804819,0.4000247315255041,0.726862697710411,0.7559217341714288
603,3.6614697902839373,3.8591817324249598,0.35602046234353346,0.40938011696319343,1.432615785986198,1.4106416643907806
604,3.8051849358474934,4.0,1.1750656823040835,1.289571307545629,0.6384524698083704,0.6055354583765313
605,3.4567105597469125,3.3635736530967417,0.6361619635129739,0.504364104794595,1.0887051151406362,1.21144797527997
606,3.573487976215947,4.0,0.2776141333798595,0.5875997949556099,2.690826500533397,2.4113511450186946
607,3.968076558475619,4.0,0.28280204399320275,0.2858197429824713,0.13147911922414945,0.13650185087682803
608,3.3570867404595353,2.831352783286737,0.5410676835206338,0.1,2.148562743824778,2.4651310516147222
609,3.7692134283283636,4.0,1.3958279524250061,1.7485288864448716,2.972552056329427,2.8736880616364684
610,3.935669086949489,4.0,1.6836656290760175,1.6238672340505453,0.958160900381646,0.9650909202137565
611,2.9670122146639395,3.3048708762841583,0.42490256024059336,0.7826120148362102,2.467701414557848,2.2082581574972084
612,1.9341119250883367,2.0865960239052037,1.5715709097533102,2.0,2.002172006143284,1.9702555018167147
613,3.59301384862686,4.0,0.7149950673763524,0.8470469344263829,0.729819955088664,0.6914687480049758
614,2.821681838803669,2.994008424376762,1.3552587980392046,1.4885061442438259,1.6467814002321146,1.6313500173189228
615,1.5284855016635919,1.6690380363131136,0.3170557678704673,0.47642338869311174,2.997976057669868,3.0
616,3.09534184801921,3.351227536769117,1.5140227631310186,1.9166479701807069,2.278891069905589,2.0932235961191377
617,3.0651454288104754,3.1227576051118704,1.9641009536899459,2.0,1.2968828861965909,1.2792580881667577
618,3.645942230647888,3.8173247015427636,1.751005525934991,2.0,2.31978777370499,2.123918481977618
619,2.6892475077608635,3.233913906295504,0.1956364792737621,0.6242507800284408,2.518598246734533,2.242818439431114
620,3.6517784695142175,3.7049335916886914,0.18005067319452794,0.1,1.828126599785266,2.086680758670337
621,1.6489332849926528,1.765273388266395,0.19147393130003829,0.25522864477044155,0.3801326093096463,0.40188772479312224
622,2.6744188002943092,2.6827967805728954,1.153828981811785,1.0691394284492834,0.7190329591665391,0.7099276754258369
623,3.689534813734848,3.5580594173007762,0.2697656013285683,0.23845406612588219,2.978743742647767,2.9996024526763074
624,3.2127659951300487,3.685287360849427,1.3592544458170308,1.774542235292659,1.9008825387017685,1.8886834190329949
625,3.3398383891489836,3.682406883743405,0.9234686404065368,1.073016580742788,2.6184813313953876,2.6161188371993713
626,2.234764711038696,2.159557165173918,0.8695301980754925,0.7427519656416975,0.4436240221424097,0.41667597464149214
627,2.6187907205538714,2.62999600131638,1.9652216467621324,1.875963540209175,0.13654842200073503,0.11992608858274102
628,3.4151528094011243,2.985138645874084,1.2476011008070198,0.9308555535848075,2.1302895283153136,2.01623469230689
629,3.2026240142274185,3.1143063355184255,0.3804207793238924,0.25453435943747443,2.2462980419014777,2.4244886049633454
630,3.6651547912598317,3.611087051156948,1.5500403620133434,1.3545219199380354,2.3309372904092607,2.401464776653594
631,3.23396592092101,3.732318349137622,0.9432500260957082,1.2053072168491374,0.2900634783591818,0.27418579180644936
632,3.7740750303698936,3.6388166154741746,0.7536019354083073,0.7228118952542179,0.7486016410742293,0.7004830337961434
633,3.2581769335169932,3.794374646806507,0.8577317959650611,1.0864634576498222,0.03281025404784321,0.03029069758786567
634,3.128993300214752,3.2790409063934614,0.7298297890071725,0.8134712284174195,1.2520223511262838,1.3009262333486185
635,3.6972325729683084,3.3441902546389484,0.8960887748324278,0.3910773653178675,2.130894713520761,2.5872559616746136
636,1.8636387884823298,1.7949101058368928,1.9355553403675325,2.0,2.574213012613316,2.4621208368401692
637,2.150862768237511,1.8697118197737164,1.203081743055718,0.9047766948124659,0.6577027268951482,0.6330735290167759
638,2.0436601524094247,2.134875732621907,1.2425563559456443,1.5527940920073595,2.4551481051626878,2.2016019012359056
639,3.190286758131413,3.2753518369441106,0.40423231021418093,0.35816425877115166,2.9224179701808195,3.0
640,1.8289637945361181,1.8046632582440365,1.8377569827224234,1.7573612021613791,0.7529600513886787,0.7308224251044767
641,1.8081468307894586,1.9908705118080865,0.77985391695096,1.1062189852369675,2.1750401956929153,1.993459937217738
642,3.412240782362394,3.455790535685232,0.34289932165552883,0.3219298472863251,1.0247436139760757,1.0625068664111703
643,3.751920105811863,3.538525451927278,0.9271508001127973,0.7304464999940276,1.7992322121108464,1.8559800688742816
644,2.150517340107757,2.063389055265197,0.4900758861399376,0.40538495130947094,1.5171923123127213,1.482289074328055
645,3.789381344390187,3.846427822748856,0.7265579781511876,0.5844204643345955,1.1303634197523624,1.225376385946448
646,2.1169339027450826,1.9934787712181048,1.9393603128090782,1.621536603183773,0.5034790152174409,0.4670440303289354
647,3.3217366015409158,3.2442243768843726,0.13649268395610054,0.1,2.6151346143971073,2.707373598394947
648,3.8527506183031237,4.0,1.0123207426104959,1.1225255372688354,0.8492060101507461,0.7829792205067112
649,2.3185166201583316,2.2624943412795657,0.9536182196686604,0.869643929293162,0.032401207998138615,0.06270431885303891
650,2.4676712570187136,2.6377950377783574,1.2296544284930861,1.2214358699140506,1.6003223085693041,1.8022127921110753
651,3.387650399758998,3.7488474078775176,0.6592849432054586,0.8718147177946788,2.3975551158090584,2.3008668798182024
652,1.5154938784547056,1.5,1.9370151405631435,1.934596385091593,1.517315355144739,1.5288382705835193
653,3.452867286826998,3.427077696164664,1.5332812015251378,1.2320101204788738,1.912538505438182,2.0334138593891637
654,1.823441600627842,1.7960672276391512,1.0734957362933855,0.9952115348044536,0.4903642819343874,0.5432570246979764
655,3.1144124114125837,3.3666889049387048,1.1272747409592778,1.3113659275936835,1.1692567738739497,1.203018138586795
656,1.906521573243768,1.8645006310736303,0.2800675931303823,0.1,1.7679701130259518,1.9157876574789485
657,2.5391341450991627,2.945118376488855,1.3701331510835222,1.6042434090464404,0.42314078584687054,0.3899049931549998
658,3.388013797165143,2.900439147257403,0.7305009164031314,0.2228167526581402,2.6856514443886623,3.0
659,3.103244681803905,3.2073948114019575,0.1607490714425322,0.1,2.6565849815427707,2.8380972468625156
660,2.5617889710216755,2.333477395252189,1.4982995569615911,0.8913982639410949,2.6093261233125546,2.9008127124317373
661,2.078741889869841,2.0392846010483434,0.3016100857966114,0.2987576121285608,0.7336974578912013,0.6970696907871174
662,3.382010958940877,3.246108671754318,0.4464463003672864,0.4168523126038222,0.6587502618495321,0.6224287051842222
663,3.6248743940675063,3.6226897423280087,1.7320661038811846,1.6643757885023744,2.0401258134123346,2.003689803285048
664,1.770361860855389,1.8140218769206065,1.8205526498612206,1.819081989673941,0.36353760770020327,0.38663809631577034
665,2.8728582650884915,3.128977995488159,1.4646606413749383,1.7330099589555228,2.9848574576969367,3.0
666,2.604365917277425,2.2540906628887742,1.2244993171309901,0.9477820956698898,1.2737340439785987,1.1554323328680784
667,1.931174303474262,1.9836639111075776,1.7134181059941247,1.579396518356493,0.18262444808395517,0.18263927200215788
668,2.953989346772412,3.1964910433285936,0.716922571391065,0.7891123154411291,0.9066893517662187,0.937206517026392
669,3.9067257159892432,3.9027537726299224,1.569455759354593,1.5361647235213205,2.200338521276735,2.184307056011147
670,2.8661310519240026,3.127289573362726,1.3723818370842749,1.759483929868117,2.618771129801539,2.6009555378904223
671,2.3458188537815414,2.570002286638923,0.1444001640304159,0.2994419444875083,1.682010078775463,1.537437627562044
672,3.843507845022716,3.259854609998642,1.8834555486216833,1.281945387910522,1.3165808347821732,1.356027219836489
673,3.9895922144798237,3.7565474432821113,1.6839561109405028,1.3274995779110386,1.8371167331196154,1.8282335725192636
674,3.8563598211391783,3.694630823770542,1.0200105055233064,0.8934188613310886,1.5534903984834403,1.5536688447967453
675,2.6237717159327687,2.5113578904458986,1.1421332748330792,0.8769347331413458,2.2600811461994983,2.3853125054077955
676,2.948367513187852,2.9234111471763873,1.3107247770194244,1.3096372412517159,0.6771536570831473,0.6436481455562
677,2.057411115607431,2.1999723036393704,1.256596870971151,1.2978098060156644,1.0727786668637305,1.169951590738223
678,2.6062441149990923,3.0226062168523717,1.3221860749717103,1.6647498010692798,0.05211117841971813,0.07473087440120467
679,3.5639962908420886,3.8912911227637226,1.6420140460965917,2.0,2.0420597338269344,2.010914114457953
680,3.360624598009016,3.0973027499042125,0.6284959166345062,0.37958684207630655,2.158732946342011,2.3184896131859034
681,3.1497232702078177,3.2112057323288745,0.2868864170961869,0.2582251365866427,2.256390096031815,2.3707899783405675
682,3.3560099822319787,3.5061460705181804,0.2617302632654246,0.29206730683618043,1.5178915186003237,1.5049023918586566
683,3.293389530570656,3.397067951648411,1.659055561199072,1.6324349406926937,2.97810723097672,3.0
684,3.19552346577641,3.4026331762119972,1.5789353782127815,2.0,2.731049398801771,2.56449214151338
685,1.640034129293635,1.5451238981294246,1.215587549155061,1.0108836629418936,0.717364795608082,0.6077857985562901
686,3.338691275381688,3.271855324524891,0.6111964095249807,0.6191581220236654,0.6441934993214389,0.5595831660545257
687,2.6596144771325236,2.571052621821804,1.9374133426469446,1.6483140905632732,1.2152261878792419,1.3558120725831138
688,2.0945835734360503,2.104657434200234,0.467361870410271,0.3256299042442933,1.6690328974697124,1.913380877574842
689,2.7637427140388766,2.9609213074706573,1.5623455922223366,1.8423711061649422,1.6462787282707563,1.5485109215223358
690,2.373312949332525,2.344427628420778,0.7671295307714211,0.7284533733125775,0.34326554815109445,0.38349537309451653
691,2.1609007639057913,2.1388842704665176,1.1233642538217712,0.9964291119951244,0.047417940568328376,0.008632036669661747
692,1.889213531203461,2.086894748948679,0.9081775888540123,1.0814302107651692,1.2267597088635518,1.2101908884915573
693,3.9991403599189326,3.894610481540936,0.6823468095028241,0.5023626593259519,2.7308374017568764,2.9188040662706634
694,2.7196468007849726,2.677001736463172,0.7247612486789757,0.6384478245080951,1.0033941695415987,1.1173947624280813
695,1.7711393792888142,1.7165633300848588,1.0103766612693175,0.5973723595644201,2.763829155710743,3.0
696,2.925649487617325,2.8080391719443996,1.1817247395974635,1.051349924359273,0.8502675999447815,0.8552430448101779
697,2.500698200232127,2.634466901353123,1.3786113192014127,1.5197319901525999,2.5088518225523586,2.58328805115827
698,2.842399369205248,3.0604847366166372,0.21304905199847762,0.2640420095890912,0.815498134784589,0.8138298082862923
699,2.0566147025118067,2.1487904923351735,1.2409123507799213,1.418215562667702,0.27683811717359097,0.25836462997766585
700,3.520925525904762,3.1817781581200704,1.6516586037374765,1.4975545612022365,0.38311790625857967,0.3381273644423099
701,3.4985978760046086,3.6052476105429276,1.327263074563011,1.3215550716933646,2.579458578159899,2.6435991765577205
702,3.403434466632891,3.6900654937131607,1.4605296412090911,1.7009312642791634,2.331972146075284,2.3204961312351644
703,3.2259334941157327,3.173383450452749,0.12245433904461495,0.1,2.222343064782602,2.102594717592127
704,1.964397516523336,1.9414104160287933,0.8485422479714856,0.7472062860024092,0.7597852352877434,0.8363260806690378
705,1.6182993591732746,1.577012646038448,0.30741608339832505,0.1415938761756126,2.804569748291531,3.0
706,3.247039349464665,3.1904997307755423,1.9429123642575343,1.8256785462148875,0.38298819444586385,0.3839870509603055
707,2.3210793866719412,2.2228866295819114,1.9492885157592572,1.6395202450208342,1.028101781657957,1.0940996569836452
708,1.595901236232419,1.5743367814530864,1.3422104279117308,1.1424637392565766,2.4957322069715735,2.467490959368102
709,3.1939604316150834,3.0292404071653394,0.6046859408138142,0.5314988215291131,0.1761553392411318,0.16213051203564116
710,3.893252702636529,4.0,1.1188305140752555,1.123561663568673,0.01638758607541957,0.0114914554503193
711,2.0830007189142186,1.9177691334461902,1.2140452923058602,0.707329560664862,2.2006545919396117,2.4765191878843695
712,2.077417072200694,2.2173196780885025,1.9199006191703738,1.9130215833770159,2.465763208415095,2.6201760717654974
713,1.9627670782990259,2.0679317373480277,1.61706480248963,1.6787175860649932,0.38447424164498467,0.3534624605303542
714,3.3133792393814363,3.145291777091013,1.1792829982088469,0.7907521956035078,1.3239113002873868,1.5573888871943942
715,3.4381467747931485,3.814397206988171,0.4430980490762447,0.6334393023724078,1.4716302058510657,1.3397799630181921
716,3.3798088094086745,2.996604803862214,1.7996849293465023,1.3368054243788083,1.7225924722991084,1.7829920534268626
717,2.1582536452243466,2.144279165404766,0.5295874290023922,0.43505798621200886,0.9687382459465333,1.0043120360369866
718,2.635115362393597,2.3690800563003003,1.8029024359212866,1.4680006745654979,0.3439540950643727,0.31062727412787455
719,1.9396390760781133,2.0135269809103766,0.9595747438971137,1.010989526147393,0.7844528626325019,0.8181380061342118
720,1.6976875811277898,1.5702549107889048,1.275403484732125,1.0700403438401562,0.27933530742999657,0.24502763457478297
721,3.3899029146402513,3.7843755708580877,1.26348360183029,1.45298099829112,1.0799945960172215,0.979720102267223
722,1.9215042516005496,1.6807833885705277,1.6353392684527488,1.0661808812645839,2.3315546093406714,2.282773473399416
723,3.7797099840565638,3.707852369807694,0.17961276423920303,0.14990327408636855,1.0174335095913274,1.0290640144260184
724,1.9033756030619784,1.9540715013122494,0.18031990995107616,0.1,2.1802327564270554,2.390690960178902
725,3.597204945269016,4.0,1.4481892598676758,1.8377090448556477,1.9429302999066032,1.926854258289842
726,3.3976005121158983,3.5976515163418332,0.16881646681297902,0.23283508776930723,1.3691389187703082,1.298198163519955
727,2.115265054287438,2.015770124526364,0.5055104391760896,0.45909688596751946,1.8541636589605828,1.749204966654539
728,3.476308583645652,3.264257509616342,1.8592802796104015,1.6714215868669027,0.40999614640431425,0.45831436992396685
729,3.5629691615707597,3.5355841277124904,1.467502574356597,1.3904847561965052,1.337622737023568,1.3458903077462803
730,3.036087092590944,2.735874923460685,1.5257830089816071,1.2920170102963644,0.6808542438043376,0.7441086155530597
731,2.2528750362288745,2.1987985924340836,0.6749853232620844,0.5823720235545955,1.461216875844582,1.4998794611938828
732,2.384276357907647,2.271700279868273,1.3050666233397064,1.1688336754704902,2.5582595408712727,2.636785909396034
733,3.734318476912513,3.3182424823919567,1.8609193194006186,1.3331697881126425,1.4319254873962217,1.4019817701904371
734,2.011776446150622,1.907927246606008,1.092790147023475,0.9126428380803219,0.15222891010360862,0.16038377795985093
735,2.075168388827165,2.1155663111041965,1.49856227898606,1.3423584369754282,2.7362227988456205,2.793935619707143
736,1.8582543433810654,1.6525248509944614,1.6812970439592028,1.3925760772731481,1.6038064356993134,1.6607226164376754
737,2.5639332944120676,2.531695093286544,1.543812445749064,1.064100240306612,2.7296541664865135,2.953201159342998
738,2.4120982779780498,2.4259344340057876,1.3952489684960274,1.4601108712158148,1.0368861716717166,0.9959014988823658
739,1.6898736511625203,1.6624760193710033,0.9820133427304724,0.9050005578755964,0.8220229660210087,0.8014016208072214
740,3.6391421446734293,3.128035150124072,1.6208582566003997,1.2585767341420533,0.15682285329313694,0.1422622868205788
741,2.618449294117009,2.777482352871558,0.45996213765355,0.49131712258086996,1.0908716855242218,1.1351778185041355
742,3.902974999720318,4.0,1.6121260924498457,1.5834016017873942,2.193914792687791,2.254782340931758
743,2.8065843039234544,2.9381895292918845,0.4457718769595356,0.4680312091430725,0.27505477188290417,0.2973933009789937
744,3.351839634282657,2.984143916882692,1.7196725182763688,1.185399459105387,2.1451175007839316,2.274051077019153
745,1.576523140043946,1.6251379084154822,0.7387819178112602,0.8628172180081034,2.567532122271049,2.530602428550601
746,1.9574171579265063,1.974813836808867,0.7268391276147464,0.6849874502273551,0.0374165002754665,0.09886028722774333
747,2.7544930576550186,2.971902965484336,1.746347129168221,1.917288560901049,2.5432785015942536,2.566807747803078
748,3.3113758751554885,2.970271780954905,1.6246008319072756,1.3622066940995985,2.651082975582861,2.5667926953442373
749,3.2825776564172098,3.3286653394549206,1.1068054888795509,1.1286532646753893,0.8792971910856296,0.8524078111014026
750,3.6493146553427724,4.0,0.38331845567616063,0.6040632137134705,2.5106841667426627,2.4486225475796064
751,2.2686088280949854,2.0366683373537473,1.6507925214285393,1.1499474114277626,2.0916394036548134,2.050386595778821
752,3.6037018024658445,3.3293923840962223,1.409049076458002,1.1633837428343752,1.0534047788489918,1.0374827678714877
753,1.5191039438021576,1.676076102600167,0.2421083075212405,0.1,2.4186763881363103,2.690150468307209
754,2.7886720916329715,2.8904780961480667,0.8118778356227857,0.9849436067658799,1.9520579498369532,1.8316203329452687
755,2.3474756286388585,2.4173105815627984,0.8217540890239174,0.8612759653026897,0.4059813879692423,0.40279107314861023
756,2.905312503221408,2.8207538275982262,0.6335696404917947,0.4943251905717903,1.3977934676530606,1.4464815909812427
757,2.5691372426071557,2.673744232145354,0.7587651764668947,0.8593050385394828,1.5733359471257895,1.5018481400976884
758,2.0469631669447264,2.1375653458237824,1.5010237782527498,1.620688108040268,0.49472690793101615,0.47019764156434984
759,2.8735804199322317,2.888323631238272,0.14939131459417615,0.1,2.856163488372599,2.9283923014586453
760,3.4581349681480984,3.844515303784544,1.6779656679688557,2.0,0.8168499875184365,0.7093278818326445
761,1.6027534613438004,1.5690043888702652,1.094807132526396,0.960476458200823,2.1935402019266044,2.1871965643772415
762,3.8294998923440877,3.6057337586609717,1.3439813231924882,1.0153039235315002,2.35076097364568,2.5174573356248025
763,1.7183610542983714,1.8190698618627503,0.7359380137607149,0.8076983488961761,2.376645352152845,2.468717372900654
764,2.6791336730170663,2.7073078030658255,1.9225807949876916,2.0,2.9698383402733155,2.9786012679131915
765,3.715748328409818,3.37097682746057,0.9083922370844953,0.7776961790654533,0.26876593437102103,0.23841316524726294
766,3.314137056683284,2.9677004738896966,1.7616700545848918,1.3765454881927677,2.222619457340319,2.2228240222582367
767,1.7761241874918188,1.8538768605520508,1.6342425652207015,1.6164872868505658,0.11326080430028962,0.19821095515127635
768,2.1391770846538236,2.214530981841867,0.8194610339228133,0.8121854354588399,1.0601975821620084,1.144242960613203
769,1.8581535892057115,1.8980627759628477,0.7411414661530895,0.7452194888625052,0.628880774740077,0.7002979834852818
770,1.6041164378499138,1.6292095062854206,0.22751959101733538,0.5279145302657063,2.708658804633463,2.582689299517303
771,3.428243437345402,3.111269633895735,0.81282819503103,0.46454805223894424,2.3929888771533907,2.590503517695884
772,2.926620365198381,2.8686508379355997,1.155436900893835,1.150305987623246,0.22569805553620514,0.23853156289522434
773,3.1679840866978566,3.562924274773044,1.6194947708552123,2.0,2.862540182828093,2.82588849425913
774,2.5382545908660994,2.6044307629969246,1.7463380413268965,1.691340407545024,1.062130511013525,1.13594604725599
775,3.320138899874958,3.4628893162537913,1.585171086076149,1.6855478547374292,0.5526989666456034,0.5268784086533256
776,1.5587573021763053,1.5781623614012381,0.4904486451246821,0.4946092158652081,0.24745295010487045,0.291717545463948
777,3.8579376226715993,4.0,0.4931043082644482,0.40497185831476057,2.419041924154037,2.6087277836276326
778,1.7199014382229452,1.739039507863665,0.8115910774152169,0.7394720088060005,2.8990417124791112,3.0
779,2.7032700373562726,3.041294755235401,1.479600689601676,2.0,2.150133478643812,1.9849899512769806
780,1.6779397651853434,1.7514250782007676,0.25810777178306565,0.288531411686549,1.0144076160851698,0.9961162427051884
781,3.7120327382208407,3.421577554909248,0.9016192368946152,0.618138168582828,2.150176005326221,2.2883823426327448
782,2.2145878328422373,2.1403275041458074,0.5018160641941195,0.25198455656905216,1.3486066963671222,1.6270618767528413
783,2.942949275945078,2.931293167815599,0.9065054338917153,0.8093271121826207,1.7179071902917586,1.6858727858779978
784,2.9887683980110524,2.8826239811301386,1.1484894522725544,1.0676447250627856,1.4454144668740665,1.35278002024527
785,2.843481385004547,2.651883697690415,1.3999060577221414,1.1845626326162149,1.4261054830847346,1.4283013663688233
786,1.8549134348535024,1.8105644717185654,0.6384511183654368,0.5239546060442992,1.0655732079972164,1.2069861290620338
787,1.8834608296648825,2.162109433426476,1.5734672030900534,1.9999149462117178,2.1110108698416923,2.1273273000771917
788,3.743411384323802,3.9706457508883637,0.10830527415219542,0.12122286458630162,0.8258402107416607,0.8574766451151424
789,3.66642067334263,3.280029082203555,1.4033421869662959,1.134154114030582,0.7960953596719814,0.8044365935648545
790,2.2245717250810464,2.0536419868788074,1.783058429302316,1.507299545753447,1.1235539330721367,1.1267838316933303
791,2.5777131119547647,2.635419901785002,1.5300692424848503,1.5391683384075774,0.7030054406653611,0.701636144340638
792,1.5726730226328618,1.6044970374814784,1.4783284510750319,1.5145555707533933,1.2618116141594902,1.2780741256220214
793,2.5702411415020583,2.633067382160442,1.2861453558630376,1.4911259707676892,1.8957096979723644,1.7442702467941555
794,2.538398300242104,2.839725968835746,0.7944058620439706,1.1511779963830477,1.9006961238117963,1.635709769503153
795,3.5220250294663478,2.995147008596069,1.754275924783544,1.280198115338274,1.661536354617966,1.6065202870707103
796,1.504814229388887,1.5,1.755362419872004,1.9937859468626744,2.012876696846681,1.9886652533510822
797,3.0617786997090053,2.965625231727966,1.2530005837850164,1.1798026211013803,1.3757780660934422,1.3428475649216904
798,2.4787392567358615,2.3031256047492628,1.7038534665861258,1.4638013615423164,2.134648356602426,2.1083827075018857
799,2.0425182514077913,2.0552221988804487,0.2270642403623172,0.2773287863700488,0.3318663233447583,0.2901499783467555
800,2.96260157732927,2.5830600704953373,1.397905057264429,0.9760245594946338,2.6601780174294247,2.6122709642821036
801,3.2068918873041654,3.316165879040478,1.654659540372217,1.6309072836225376,0.8334149720564291,0.8792643440163517
802,3.3603748449016884,3.1098752352859464,1.361259451678486,1.2509824350628642,0.06537872881471563,0.07049024032383473
803,1.5759480705345732,1.5974124685356181,0.15457283634300978,0.15107004546682545,0.42862139752304185,0.431132604389171
804,1.9265117470138349,1.9786832037772215,0.7016912613893632,0.769600302738513,1.5894932145261844,1.4777884007789033
805,2.8153948499084365,2.3299064450808595,1.9303154647373568,0.8463262777176277,2.6899361964861144,2.9011013986525307
806,1.6343183106542891,1.575919706749151,0.8036507829699174,0.5742270976697904,1.6048382637883791,1.67233157804582
807,1.5988385325706527,1.6172499695245282,1.176103992743807,1.0624549086457666,0.220638364070179,0.21131452749188975
808,2.5592068719675316,2.537223102060611,0.748279343556849,0.704016411664831,0.8962464558451596,0.9192151830352747
809,1.8664536115970445,1.8595945263256877,1.928813388363132,1.7923659828423735,0.08824886901936113,0.0
810,3.7296288938893447,4.0,1.3565927228646488,1.5392785147484687,0.851497665238148,0.8102958211513477
811,2.5748349717366725,2.5565764773996174,1.648302123729315,1.6487738904168887,1.379073236878597,1.274248360480142
812,3.999783958421689,3.619058751217684,0.4999269563555513,0.3775165858347389,0.41910953223512304,0.45338103290585474
813,3.154144406733259,3.181065974288056,1.7063240681850451,1.6696616868377872,2.0314652434634244,2.086967939354523
814,2.3927588831305933,2.2948604451249945,1.2327680632046991,1.1773535382103493,0.16464079443391644,0.1528729777384403
815,3.9402383234936376,4.0,1.8462353162727634,1.8245627194110068,0.9269305386606475,0.9800885375042334
816,3.6681452079322945,2.933035740790587,1.7803016702621997,1.1524633386773506,1.8263840692349562,1.8874719514668414
817,3.600771042562571,3.58256948458928,1.8185055095269496,1.6725003011926645,2.231727282576076,2.2390036208915127
818,2.4247692695638454,2.6425885121752324,1.416793044293413,1.6031488463048473,2.061322866252577,2.0864132296736515
819,2.829812171674703,3.169194088385484,0.9112819274040623,1.4726069554577739,2.4065799010448625,2.3037038543357946
820,2.927431654075645,3.0009857038767693,1.9168253192642877,1.9520431268544465,0.08681755129838209,0.1285977469684266
821,1.8780213250640956,1.9577168151155615,0.508405493276641,0.5604977190705474,0.49333427325134094,0.5409805255444162
822,3.3940408989226127,2.7552054018940435,1.76615501722624,1.2007321664826733,0.39396401130500747,0.3249736016730641
823,2.3570255058622185,2.1871992499171276,0.9343664970432659,0.7431487571543239,1.594236630063414,1.6915463573062142
824,2.1932901347697173,2.111689433715388,1.087981130805305,0.8136260694044068,2.7395475221716037,2.8427035151511406
825,2.7599740422882872,2.908448550840327,0.5974554688086816,0.7353423850163456,1.93756997621525,1.7344348884989067
826,3.4312173613009502,2.8078280553423376,1.2547119035421033,0.8357202823766305,0.7099563908156185,0.7348332492689935
827,1.5195314510196232,1.5353488262157213,1.5467876213436937,1.328923326151011,1.3574843377748933,1.4707719345469399
828,2.108445667117013,2.4171790722459927,0.6274317274566797,0.7669986897728012,0.8485047044584356,0.9575170163282787
829,2.5736873657347754,2.775481541429854,1.5211172666734538,1.6356654919485423,1.042458783810464,1.0343523269306063
830,2.511988722248481,2.5839957840281587,0.8444110954722809,0.9457514513022385,1.8148228276215017,1.8357110490774717
831,2.6920299558639966,2.7944489031987714,1.8660532966351768,2.0,2.7501804756619452,2.781745911531402
832,3.3080653680317624,2.7362580762265476,1.9835116596317233,1.5274541771798442,0.33054567822129133,0.2937464594950629
833,3.6020010518453573,3.8126237710308146,1.8272587886986442,1.9589612654574362,1.6305647874708278,1.6902169055122689
834,2.819175388686078,2.9785532259941143,0.4513875667136561,0.7780991360229451,2.6648743453991317,2.3830602019006593
835,3.8257335674297503,3.996311774221023,1.990212860811261,2.0,0.2971844926854348,0.2850068103922686
836,2.816427805500503,3.0217290292837036,1.8576601079387385,2.0,2.746030795474323,2.9017035505462037
837,1.5692847734883428,1.7142156533293003,0.7812306208921951,1.0652842292821152,2.793218496832746,2.695096996379812
838,2.8465970629399937,2.339064238301086,1.8836492829567004,1.3378124021738427,1.0068252425506765,0.9558030139398997
839,3.5349626152941718,3.4918879722450353,0.1219764487678121,0.1,2.2939829464592996,2.2376968093023626
840,3.7775312510706405,3.790496021796519,1.0887958113093827,1.1578824319690966,1.275467691980698,1.1977166883906245
841,2.0014137731188937,1.904465557524767,1.044720534212976,0.7529032421626033,1.730151740552499,1.8110092092422354
842,2.1424938979499113,2.3078796730596682,0.13387721056692217,0.4721087768010007,2.3968021777026642,2.1378437860939288
843,2.24845764644074,2.2532368623807377,0.261743413957055,0.10875801852703185,2.802622637388687,3.0
844,3.7686417745898337,3.792655755761522,0.10410326026689244,0.1713827000062632,1.4104787889782269,1.2856479068051496
845,3.0699225601183713,3.0929821792167433,0.8715732116955115,0.8795481588713852,0.6395003016321325,0.6475336107990554
846,2.155688855455347,2.141974050082228,0.8683124256895605,0.7655101810500002,1.4603668801548144,1.5233030062707313
847,2.230942460119552,2.4894447397616104,1.2474241271193773,1.583002030165249,2.264754135268313,2.325214083563419
848,3.851704316893573,3.6734144162132423,0.37962398176613643,0.28077515581746754,1.412201631426996,1.4681309470752857
849,2.3519514070919625,2.337408105190619,1.6857750671233258,1.5753850312320383,0.918362198247821,0.9437216596743423
850,2.495186680563814,2.532055620586787,0.6568601779835391,0.7475717257210032,0.8760188417010755,0.8486940750517291
851,3.351518394104472,3.169188755308849,0.21198586612266931,0.10000000000000002,2.5425090944151574,2.642554157243773
852,1.767994665532807,1.76228034236329,0.3986126083172844,0.4203242297669639,1.531980132252833,1.5708807213882319
853,3.2911264830925764,2.947484579911654,1.6548345389398933,1.153315021410661,1.5217716507602206,1.7005800163218117
854,3.3543187833140244,3.410219525384407,1.9565048267202845,2.0,2.460623079537145,2.5973528344422823
855,2.0257539200223604,2.329157032875205,1.4390113169579475,1.8316241539095441,0.08825001725862447,0.06695758055783016
856,2.6244136634874144,2.7195168115386967,0.2840757803793343,0.3070986151946985,0.16527646982486677,0.1779934358695101
857,3.706514563630916,3.91747193026921,1.0274653323466405,1.133142237634619,0.22524539085284456,0.23822505179504244
858,1.8450250715325378,1.8508401362649367,1.17514302646433,1.2108187577333789,2.30701280052876,2.334241963410019
859,2.92576339685458,3.2035103380184764,1.0287326486936603,1.1132968307747486,0.4815919577131784,0.5050171986519206
860,2.533663580141473,2.431458859307661,1.8160753543256831,1.6310944975591297,0.9893175857092747,0.9651087888201039
861,1.8162568334493376,1.84874743308218,1.1976896579673584,0.776947394922351,2.045571894457436,2.2838000445945488
862,3.9496953771389225,4.0,0.3166241663480577,0.2607873690426287,2.0198314386042164,2.13257414326074
863,2.772561897712094,2.8758545667391786,0.9263028227992409,0.9097969558213157,1.104306178409495,1.11696176864427
864,3.934878073311426,3.9584484754977445,1.3802355091360858,1.4133469033527457,0.9212335069464169,0.9160940952854502
865,1.8911018500162786,1.9254115192914973,1.388585741209066,1.3318640553860999,1.4885084750764652,1.555059485118136
866,1.8315165204887172,1.8083842628433966,0.5704057578207095,0.5426109744523911,2.7076906795499283,2.7301558454265007
867,3.6388130108893635,3.8066971982987754,0.20927373041072156,0.29271805987490196,2.0701331990724303,1.9903208147843063
868,3.3312967248210725,3.471136738215584,0.2537475988126042,0.33316585819996203,2.4826898233791295,2.333164496742811
869,2.269431656785766,2.083115610234458,1.7047597760201378,1.4910798120927429,2.4569101317867643,2.4084920616926673
870,1.944335439148062,2.02858320847351,0.32704029633186704,0.35796813708768255,0.02961529664572482,0.0
871,2.8595646299536512,2.9590688731967605,1.2990604503264396,1.2926375785565345,0.6625481125025553,0.6219420842021456
872,2.0733025049306746,2.257664080406949,0.49048867006886065,0.485732548494654,1.0924159887070823,1.1812278918163621
873,3.5713527784594365,3.5144816033890205,0.9239529101815127,0.8091380113734852,0.3434672231303344,0.3659855840317287
874,2.7518478231918815,2.9178853058410583,1.4881701701028405,1.6327205206896684,0.6027863604581546,0.5419696256899713
875,2.3095548249843176,2.178906571679114,1.3739333045839845,1.1779744362911926,1.3426554283609096,1.3555411251355918
876,3.3293583995566465,3.4208307303242327,0.9487352091181825,0.931846542236597,0.17440736874726015,0.15302492118182012
877,3.4088874809542933,3.7860673240564333,1.8584960188060828,2.0,0.32044538086047913,0.3024318151368827
878,2.6027085172261906,2.412716051936668,1.874738531119163,1.6950530861131679,1.7356645226267755,1.6941751281364568
879,1.896058913222674,1.9443409631276272,0.9674389700356306,0.9826759797136558,1.3725675974208422,1.2973097390441646
880,1.6317323251582074,1.6692475087279683,0.13556290754621175,0.16581669874246477,0.8043969371742034,0.7454393438157111
881,3.849066658327241,4.0,0.28520081973476386,0.30140794969091056,2.807087362900316,2.810280376518044
882,3.6012618769048816,2.9609161599396767,1.672688964835446,0.8647886555137664,2.792921733651032,3.0
883,2.509559264361552,2.3636377268285615,1.766190191846996,1.4287030167549397,2.0911303218943678,2.176784874026742
884,2.2220673663617063,2.1645426680618027,1.655426534611847,1.4502291155001867,0.10571421232803946,0.15092348382507734
885,1.9585876515317102,1.8985160623412718,1.062116306930172,0.8594368640186038,0.3992346757237114,0.3820453912840227
886,3.9922695238540187,4.0,0.3559686410635059,0.3602118104408461,0.6076232572076831,0.6048030794011501
887,3.9021729497335107,3.8772559303290137,1.0104629543782608,0.8291563140611281,1.495486693299523,1.6234642132680432
888,2.6727805933548576,2.7478772836420884,0.26641300159020265,0.37297513633621,2.6792164981264093,2.5483270774243634
889,2.5593117075916734,2.5986814946379195,0.4684898143776052,0.4631098482859453,0.12995120302531937,0.10320919346033823
890,2.349702434267244,2.1770357510193485,1.6890127273961768,1.4757041577482095,1.1437428611386582,1.1191129499593948
891,2.837301995781402,2.646215765987866,1.627695083305409,1.3854073964964722,0.3912130391925689,0.367197874713844
892,3.341652354871804,3.1156400554653816,1.8417143626313695,1.5187943404403126,1.8244712720847787,1.885623812468775
893,3.175212210896242,3.2877930913063014,0.7903484267808818,0.732070339988776,1.1462220743071199,1.2339479885811755
894,1.5800805969044738,1.5500841344595602,0.9194838016327733,0.8391450064233027,0.24223510620281974,0.32921153851926044
895,3.1603347198321545,3.355661819788283,0.19938975880572987,0.24189343432687094,0.24959168447647206,0.24025588840185227
896,3.889692300500746,3.5769456481620945,1.912595568326944,1.7024766744325497,0.4107666053982485,0.3838787576780598
897,3.8677115023227384,3.867389821167494,0.9282116093380351,0.8245149349397305,2.870018272916367,2.997207071214623
898,3.796953489450386,3.66897303057347,0.9202237557049974,0.7144827741424585,1.9669810646864225,2.202853280806884
899,2.6735108542685486,2.854902288371958,1.5063023019273107,1.6019447845954564,0.46192659385690504,0.4304377926456315
900,1.8852684113008005,2.041833936113308,0.6394376662506991,1.009442880492967,2.54480715915353,2.372201437770688
901,2.5408913558456945,2.811967812956672,1.4477772271470133,2.0,2.588443337515012,2.3682091350209893
902,2.8049390316680793,2.9567480367330874,1.4680565394267242,1.8705979006201754,2.5852412124388597,2.437178106681698
903,2.8465948966273915,3.154919506929352,1.0743610530329144,1.2524728586790048,0.4048756433176427,0.42163742776651203
904,1.7693443237963327,1.888947239058886,1.4233354395544666,1.7014540560624483,2.2779825779595306,2.279241475714076
905,3.82222897046734,3.5202293545491834,1.2816455476445736,0.9476254099209799,1.675549294377687,1.7569775398269074
906,3.187192486285567,3.13734793140388,1.4368753431407264,1.45521649388489,2.2272749550067523,2.250009503032013
907,2.9499523074636835,2.9940800789803554,1.9160798675769202,2.0,1.4048895076414758,1.4493804145258828
908,1.7674405740709032,1.6882672163108645,1.5825764781174638,1.1712937919896442,1.9020554798444556,2.1262269260093354
909,2.181970630559319,2.1372989691617286,1.7608368799370646,1.5870421081306496,1.2788023829876538,1.1959221932534971
910,1.9355576262810732,1.7810197584241714,0.6203328832987417,0.1,2.327649103833161,2.617927209899435
911,3.7869137734922287,4.0,1.8350535672451553,1.938779068207779,0.7932741048771439,0.7728696655193498
912,3.981165484751821,4.0,1.3279597805105219,1.4029472916823666,2.205145369860695,2.1819291544432544
913,2.085743900560244,2.349869563003601,1.378447166144605,1.8785473630131861,2.224355235267059,2.1267358993143506
914,3.07792571604035,2.726544109947431,0.987195522953859,0.7333129764823348,1.1924954686103009,1.2137199787145927
915,2.668803744782278,2.885347713484787,0.6510116579468679,0.6885876490376852,1.33477308131123,1.3107477682604942
916,2.0674020163178786,2.180910205695588,1.7885794099156145,1.8033235081383325,0.659262315048419,0.6884152436128604
917,3.426412790658931,3.788751134297208,1.0737859862933157,1.2540033686104128,0.6696475610580801,0.7066758028801956
918,3.311899392465699,3.042844600229521,0.4876466901233718,0.38567946118913704,0.814809237355515,0.8393101859257094
919,3.9958487171152006,4.0,0.25108999237892515,0.2152756921009679,1.3908180632014968,1.438259059713546
920,3.1969548828225456,3.7240758761349833,0.6167514248236712,0.8095923290878104,0.3250536749748476,0.325608499756205
921,2.7119272173397526,2.6682242594705,1.985831615358423,1.8314882475857284,1.9143484588763233,1.8685086715456376
922,1.653926774795925,1.6234132717977934,1.9963518555329554,1.6860247012410687,0.6441439700890408,0.6310227258126122
923,2.2648453071082506,2.174877999274359,1.7564628109799292,1.6417309923477341,1.1591724462594386,1.1147587266870227
924,2.1757161818749555,2.1413361949552323,0.4777177809884431,0.4196007802256554,1.0394342331908522,1.0587592392421523
925,3.105349164471131,3.5126102747226216,0.9495241483732789,1.1047955813387458,0.226397894164598,0.2166895659569049
926,3.5779626973928176,3.947322163181969,0.48638386064263783,0.5698795164475557,0.943779604391768,0.9271506053037555
927,3.5244829095044685,3.8020382634505108,1.7602610417106241,1.9381151129184107,2.0930435898830564,2.160028227954628
928,3.623235968130531,3.822398632160801,1.751646432495511,1.8209520071721972,0.48430241316347766,0.46883155159760254
929,3.750603301904119,3.9920299552509295,0.9033382498600119,1.0603474716619463,1.5753277177239227,1.5311807678897882
930,3.3501892344051862,3.441287548025015,1.8920691352687227,1.952642426174655,2.1866896497255985,2.160017658103236
931,3.6315598161541347,3.7875948187567943,1.7687826709030507,1.80584854045478,0.6868092744878573,0.6734324607284191
932,3.6760414938101986,3.968909529395869,1.2132430182895302,1.5472110306226008,2.138275554904911,1.9973093176706613
933,2.1598431739239285,2.0939719827342578,1.2079224160199318,1.127704435664503,0.06666395848250117,0.04031201533077493
934,3.2983895778715056,3.30219947761423,1.063837953467925,0.9920962464023891,0.2595651937774309,0.25013481753076094
935,3.768103840878995,3.3650605757963694,0.6630210258052812,0.538363716778896,0.6291578132800733,0.5988799287672012
936,2.571238628103475,2.903912539744436,1.620682222982896,2.0,0.7010491365468181,0.7081207160892949
937,1.8594185845885856,1.9191190330162855,1.4653454396738976,1.578609461548303,2.245507059529728,2.21843359418773
938,2.556571012971148,2.4593160400687397,0.6597515616140174,0.6390420368644497,1.2806186412476963,1.2445109680495197
939,3.2993007444642104,2.8845887085551225,1.3541769491787499,0.9043358805314037,0.9313126826300965,1.032774985038441
940,3.3612021173125743,3.521622212819478,0.11260312686988701,0.2095944863975472,1.2204005989350009,1.14298738222544
941,2.0150671618015767,2.0673516938654743,0.6688682316318632,0.6085774256072579,2.941475320416682,3.0
942,3.517826107318805,4.0,0.295748753477582,0.7314500994367551,2.462671859062098,2.087581658632017
943,1.7592963256751473,1.9212429772582247,1.708859094238542,1.51132145266785,2.3954470502072667,2.5854205463742193
944,2.852961000763182,2.715422361698545,1.8090349413119882,1.6695034196075385,0.2917221151274235,0.24914727884552723
945,3.8162890091136563,4.0,0.3366751973322466,0.32508579502066526,2.0717041048815683,2.209645157093805
946,2.255384288057003,2.203327235281005,0.38405218912141403,0.11950646660158107,1.7304793739287843,2.0403764037233567
947,2.5745333423849166,2.4361479440577476,1.8195056811817027,1.4495986390362587,1.737233023518756,1.8387340056116854
948,3.005634452007289,2.5753964073194178,1.646650021191371,1.0079160282641217,2.194769882505785,2.3447634490243816
949,1.8838362084754012,1.9596229541949757,1.4882333437835589,1.5176653913086446,0.33361865541642355,0.39056202591560135
950,3.5818497219766168,3.3979713951810067,0.8333190644695273,0.8271840160437205,2.148058232313787,2.1064934463657496
951,2.214029905184338,2.4219237800721327,0.2413041958734481,0.552626412544658,2.607306482883968,2.375042916380692
952,2.0807219312405403,2.2092844666860616,0.10190072803302452,0.14456271649356645,0.6555429511697073,0.6238792275965098
953,3.5210931333730366,3.142288740375085,1.9756161374434793,1.6021346364434679,0.8397787906196251,0.8103540424441598
954,3.503235885368377,3.4537945276349156,0.21995521002672183,0.17462666347844633,1.603097254710248,1.536955236498539
955,1.6520492221986955,1.6845949859916656,1.753730744787342,1.6075723913469315,1.5195087391527635,1.5703062292010663
956,3.753569386549533,4.0,1.2911144861235218,1.663172286271165,2.856434272847744,2.665343971068816
957,3.720844125657173,3.750649826179604,0.8566787860133535,0.8542414803881411,0.7771315260698224,0.7384338739887631
958,3.3358617479683423,3.2152280868041565,0.522864560177448,0.27328163581955983,2.733560057747169,3.0
959,3.8140855839135344,3.892352077160434,0.6927377545360265,0.7494955046642235,0.7323538724489018,0.7158586741388316
960,3.6815151898542897,3.5189068884412507,1.1693941709897828,0.9032770578960111,1.610734178425327,1.7143483811509896
961,2.8477751117097503,2.541577935926219,1.3542457833528945,0.8908287560034509,1.9451815698568122,2.0182397001261543
962,1.8830496831682644,1.9020261714522708,0.564543691019979,0.5607538154396313,0.7081286549562238,0.6848983025171417
963,3.4858577985637624,3.443334773634213,1.6446778065185987,1.545053230509355,0.03862900628562682,0.0
964,2.6507563052837315,2.9424641471561648,0.46736608456177076,0.5991535838934305,2.499861615957166,2.5195450789272282
965,2.9739304530801602,3.187009750592298,1.9491152812384192,2.0,1.7514437839960615,1.786990645192762
966,2.678542406853877,2.591708231974189,0.5907101590392375,0.5388330533283431,0.056039329161512996,0.019174985256764338
967,3.1549766015347203,3.4485205741425293,1.8557426911435513,2.0,2.802848271095315,3.0
968,3.487324018218662,3.4627570066981535,1.0092858140325263,0.9204109607578106,1.7667069143734606,1.812547707722009
969,3.5881075808686638,4.0,1.5453073571316578,1.7131815378532862,0.024412756113154743,0.04654786873266022
970,3.192080292147375,3.052791726883591,1.5219025779737791,1.403931399696222,1.1250739476781946,1.2063392397156847
971,2.342340383307567,2.33707224557396,1.2123453055045381,1.0397217256144495,1.7387434826616543,1.6480282538907642
972,2.970680264979802,2.931947935196835,0.20046482764871648,0.1,2.0169943461829045,2.1654745324150726
973,3.8962486330656585,3.3621695828240856,1.1404954938790854,0.8534489123348844,0.3633539213537883,0.35502012169166564
974,2.2530392388597376,2.179285042344723,1.134895330966216,1.0199164414502584,0.970185482861659,1.0169019947971296
975,2.58586110649867,2.588615860652139,0.504201874923246,0.6088973331011347,1.6536279488114038,1.5236314114382736
976,3.8969898777375653,3.5481992545602217,0.9687076008704771,0.6711155258035637,1.8100064451612565,1.869856640245949
977,2.515457482180116,2.956343351357746,1.5121328615980605,1.8751906624437398,0.49086057082521406,0.45925267241893003
978,2.4436645367953567,2.33208715036661,0.5245578811114192,0.1,1.9829506570588684,2.4949532816676405
979,2.5053416664565327,2.38110874065126,1.7060864518665613,1.6130202360935484,0.8659219333040099,0.8381641184953917
980,3.5289875550060605,3.497037401471455,1.5826389688197051,1.5404717052779904,1.500606501055663,1.4954309081991257
981,2.1780834524689707,2.3270039651017353,1.761350509025168,2.0,0.6839119677247032,0.6395957927306969
982,3.815892938556168,3.7176234276293525,0.1133468842145686,0.1,2.6396887393278265,2.5587495861472784
983,2.9587861566303473,3.0089162516539227,1.6703490340795413,1.499649297357153,1.9484490035481232,2.0085066801973945
984,3.263847628519608,3.3736386237804155,1.6211797892988835,1.6717404735545895,1.9679039556032372,1.9586984261611904
985,2.759803678525169,2.8685318643267332,0.22144573972468512,0.5187731224954587,2.99127728107568,2.5852680706252067
986,3.0875096334962455,3.103689897737644,0.46245168675927406,0.47498618949006743,0.8387649693049718,0.8137773202557491
987,2.3797023439561182,2.6492584918735305,1.0233831814896088,1.5825212747976143,2.3838111393573023,2.2122994267859495
988,3.611056757406701,4.0,1.4043757631829616,1.609935186420283,0.9429174758846505,0.958315189848258
989,2.7376047116873474,2.762913995215311,0.9322430544819647,0.9649828291687871,1.3204280864982274,1.281056322624417
990,3.1683854569791325,3.253196118986056,0.323836269496808,0.3619374754760748,1.4774818158349476,1.4844053775951005
991,3.3575467195178437,3.3208271740980186,0.32982372673499494,0.24754075755040794,1.7087738120585332,1.7922396200094295
992,1.7418720304985835,1.618859753900812,1.6912183145896356,1.2028261409541825,1.4448311370876192,1.4290611369620114
993,1.5979969759629875,1.6210112815075826,0.36330457519689097,0.38966782179563925,1.4700472880841517,1.5062256498064
994,2.19758692754186,2.0133326324355014,0.9850788343183287,0.1,2.1459259581052326,2.9896312885640404
995,2.9825442324167972,2.967837165618676,0.2569876066371653,0.25872223513385945,0.25589627913845725,0.23080651801688204
996,3.6490503263901934,4.0,1.4197068999798226,1.8564816970319462,2.9942025776050847,2.850477077605727
997,1.903911739800702,2.1045520196013716,0.7010289793282192,0.8647493484582652,1.1270553770847886,1.1108014846570329
998,3.8895309084144936,3.6264040850779677,0.2108879084584879,0.1,1.4116074759051056,1.5254465238772559
999,2.608177144956267,2.94219745657135,1.1321407836800277,1.433660594458845,2.8238559019024034,2.75076451726521
