,a_true,a_estimate,lambda_true,lambda_estimate,delta_true,delta_estimate
0,1.6635453226528694,1.6432478458603084,0.6231435089858353,0.5157003219575208,1.3782978529631968,1.3140730454931109
1,3.2836141210136662,3.245626601440731,1.5418788007768676,1.4500041786576592,1.506048201188534,1.504628201126187
2,2.01611576815864,1.902942199333762,1.1504099785698607,1.1002209672243144,1.347022904785384,1.3715779164585558
3,3.9184331885590513,4.0,1.390763702802736,1.3740266506835506,2.688008810633573,2.6462675803054085
4,3.3151339169751677,3.311983719795713,0.5523951521530268,0.5056906764554573,1.079812335816997,1.1221413518221202
5,1.5207743141484058,1.8622737273642211,0.8861026089677759,1.0704452007659262,2.0920069090278837,2.131392078941263
6,3.9188136638430295,4.0,0.4206671135509565,0.5702126973717246,2.453392808650172,2.2135234164083863
7,3.143213789743654,2.994588534382705,0.6678408744053252,0.3638242360177591,2.7577746678364767,3.0
8,1.6246294723148496,1.5,1.4405356648768215,1.129605688132324,1.6786556359857885,1.8068167972747051
9,3.305410949728727,3.1747397846398178,0.8839674497209322,0.8000212597669815,0.7937831006334937,0.7900686813970672
10,3.334709202439124,3.935579778609026,0.9325097742555744,1.9027996962001965,2.7721358578508024,2.538510047084654
11,3.0397147209166357,3.3688162809861533,1.0337832482085396,1.1882306445153166,2.1996367123717784,2.1742370122333936
12,3.0707770389052493,2.95213008975998,0.3601959394426988,0.2687492310696574,1.4672870387771553,1.5662750102139082
13,1.8200753346529992,1.9687042341813352,0.7576521934516931,1.032407814472349,2.1532986859140655,2.092177286063735
14,2.845274122478641,2.8168959785609333,1.021398747984129,1.0741942857071014,2.901986740271127,2.7983682415297597
15,2.8667598710212276,2.8861316954694107,0.1619961683943805,0.180769800685965,0.1240642912247949,0.1349051506393446
16,1.7721801984412635,1.7238531865517832,1.3806532132499434,1.1817467801512211,1.05431157211746,1.0918241851098252
17,2.1592991194223012,2.224843537550699,0.3735084167234536,0.5123510263545493,2.784992162649503,2.606771427782614
18,2.4350215094457384,2.280997277606861,1.2438958469771266,1.125876577918866,2.687421092525411,2.6349000083993155
19,3.749943744162888,3.708372989435621,1.5256414829587008,1.3450045405601705,1.8488629455945336,1.8539143857065137
20,2.9433965206192716,2.84823723226184,0.1992773574950813,0.1,1.7809614320502631,1.964930278942467
21,2.4923244711938084,3.1190020841510475,1.6544390219385383,2.0,1.041993803597002,1.052593887813033
22,3.848909747750104,3.700877731250946,1.1695957858953625,1.199899857990599,1.577404578074461,1.5209178100924574
23,3.2862965155162387,3.3574322187152794,1.4370375227786345,1.4262846889039256,0.5071356422910444,0.5037068992295056
24,2.4417132692370784,2.300705033311474,0.2900779056690287,0.1468270236584628,1.1592320781833545,1.302437236670846
25,1.8594804949510744,1.9140104077901845,1.5936281493044528,1.47491826349485,1.2030696395740703,1.2637557054260031
26,3.908476806996856,4.0,1.5201025381578586,1.8253078443001112,1.6608813654369443,1.5635378285855437
27,3.8657637677720977,3.799859353605664,0.4493353149720922,0.3097298267610751,2.8100732226612797,3.0
28,3.247204045347062,2.880266465998876,0.5827965937557866,0.1,1.8901075884632417,2.398755099226954
29,2.8349395704207128,2.847740970361593,1.6546872222555025,1.5641536186687788,2.8410642519438594,2.773952029112176
30,3.1760947678337965,2.8127613497104176,1.0472421270341783,0.6211793465408073,1.7886122202442216,1.9320770543490136
31,2.123231598535127,2.2763523370801932,1.8667881621562303,1.9182088770331995,0.3378079117626767,0.3427631620902633
32,3.3573488366214908,3.442581155889603,1.8761709497125032,1.9511388038679467,2.071124430940864,2.078866938685949
33,2.1199958993446817,2.1448159766059325,0.3755424584959672,0.4263610687728549,0.1307813459491599,0.1464620036589385
34,1.693783004421073,1.694258082806053,0.2270324197001361,0.2471446984324458,0.7479716604911889,0.7602738897026933
35,1.8764816952732584,1.949693009233543,1.0990274966395484,1.1882049600497937,1.936797760368254,1.8942285041179805
36,3.345113735210184,2.9176851441489045,0.4901150964177408,0.2471911621027252,2.6404789247744977,2.758787239192185
37,3.836695632755897,3.8198328451222263,0.9312368146792112,0.8104586242070125,2.216127411489096,2.3391349114151514
38,2.5894530116557646,2.400804657622552,1.5926663710747555,1.3939955478287815,1.5207486252918307,1.4569214958733865
39,2.0983456039014934,2.067260017432329,1.0306063908721244,0.8895104037957904,1.5719222951357272,1.58092268428815
40,3.5283371301508706,3.549256717165591,0.4188035752514242,0.4376069268377321,0.1113963686591746,0.1421367816012048
41,2.8002503340602884,3.039025531747823,0.8466785414558898,0.9308749235610724,0.5227746358014985,0.5007550435041286
42,3.18003233726908,3.350822381722099,0.8431251339130074,0.879285495169417,0.1969157307942768,0.2579970378597736
43,3.2196473282600433,3.138324569364611,0.2534848539888126,0.2253808869087642,2.4827993347638717,2.4337139690936658
44,3.865922970158202,3.1894294894018005,1.2526723983441208,0.840822881537296,1.1050153357206298,1.1306991548349552
45,2.439375679160538,2.6828822598426316,0.7650668555905646,0.9506398868405328,2.4874738379855996,2.512222730279253
46,2.674488925731813,2.5610037313376486,0.4326922834387797,0.3752782001687675,1.34807781129821,1.3686542319550767
47,3.4221065624992244,3.3093805058733894,1.687408875450472,1.2824930951157176,2.2060635354800464,2.3399482444367963
48,3.016381572123908,2.8451807413123427,1.5956985890676858,1.371919889361395,0.6361924389804617,0.6823103180882841
49,3.4075356894115725,3.931369784142348,1.0101323259932218,1.3693913519579168,1.080758558133086,1.0748571417714938
50,3.663519626801346,3.5391043308323726,0.4705455944065796,0.3128655380604519,1.2646110981113794,1.4618364820126384
51,1.779964182388133,1.8528165742573697,0.8270658889057699,0.9033741636179762,0.5406765156254637,0.4743534451826279
52,3.140108043104781,3.0770088361519887,0.6745548261482526,0.6476075643463589,0.0302742168633219,0.1101996544443266
53,3.397994774891303,3.5188875703285554,0.3773093960062867,0.417243330955876,2.042150528730772,2.0228059960578606
54,3.838608559379499,3.56374935630897,1.890015443807068,1.639543257834811,0.0293518474921347,0.0505734192956477
55,3.640779881654646,3.5215221893946893,1.0326479502824348,0.969151671360218,0.6669341904429307,0.6113958712205433
56,2.4650584385645233,2.3225370248645603,1.5156049959750162,1.3983501135282572,0.078146782946185,0.091221448108191
57,3.248666687041122,3.643249363207623,0.9030912848124448,1.0751985021498809,0.0403347921769786,0.0063334726842892
58,1.745352731366922,1.6822015046716363,0.3208906143931163,0.2374143624684542,0.8547893219664807,0.9198084437198926
59,1.7071610061362263,1.6069761030526355,0.7813060863226663,0.447854410425955,1.4330282894830375,1.6065902271934174
60,1.664130799349413,1.6187808664520351,0.2596221964377361,0.2187548845672329,1.272832216116505,1.290731933662678
61,3.3014300422383176,3.22695033466694,1.262456839002995,0.9446191829057788,2.46404607222212,2.715999297357003
62,2.1413027964406974,1.912815798944064,1.4029930262656278,1.348568653164324,2.701582891872326,2.451786994979159
63,1.9523180335291743,1.9175331740985488,0.9341709909054924,0.8554297308366251,0.1729236357688967,0.1496658752406235
64,2.5546751377426604,2.6955417233625383,1.698691054682993,1.7935774896127332,0.1797175716258945,0.1848321459751714
65,2.102773921545709,2.5072709346375857,1.1399665735420177,1.6792541557632228,1.1343947413953503,1.0172814236121073
66,3.015983069057616,3.1701880073187474,1.337652310773159,1.4233328352351,0.2348452668628865,0.2002496036471263
67,3.311299138436465,3.459999426334236,0.1256049853757223,0.154028340670511,1.2571344136865632,1.2102476395815618
68,2.635264642937266,2.8453296924401696,0.7459686088094031,0.834437119579682,0.3228811543769906,0.3830789771816659
69,2.144412969159866,2.307204115434852,1.1320552351320838,1.4807635990549075,2.324800601971123,2.1894103501726887
70,2.414226745583409,2.568604884950271,0.4016799541129781,0.482379212187861,1.1225649035865013,1.140678047282454
71,1.85225702968486,1.9614055631742624,1.8636318768797293,1.9663003151666243,1.3544396454424947,1.383676286714952
72,2.658221763592106,2.4957791721435503,0.5910554202573788,0.4770076194288216,0.5532599510465754,0.5689107656761444
73,1.712026623263169,1.7568915356565242,0.3949822983151541,0.3937518470019567,0.960629557344756,0.9498147589454417
74,3.274843763480841,3.3554449901513763,1.9697993110901793,2.0,1.2543764826455823,1.3811881485014803
75,2.4369129493871524,2.7240998227667284,1.4030854958889811,1.6148401021740884,1.947471757673075,1.941097816382496
76,1.5797530298553235,1.5,0.3388325659111043,0.2686704957166891,2.381522252926823,2.395201856511983
77,2.0058002870976184,1.999085175660929,0.347794747178275,0.3058022066948818,1.2035557837700686,1.2124934887357912
78,2.85601394118003,3.173493809231175,1.5559212714088833,1.8217041254860564,1.4892194549733846,1.5199747114044748
79,2.7220797492764386,2.64237365088852,1.1244681381874349,1.1266536038794397,2.5681414374848983,2.509142334424296
80,3.511864854614246,3.149786452468177,0.6670034624656385,0.6697321639349154,2.2912613046856127,2.1177463395506333
81,3.3042211239018187,3.3602150478258297,0.1082481065884859,0.1,1.1448089276602529,1.2037445354854182
82,3.2207662394775203,3.3876109043797205,1.8654282548496952,1.87986611184924,1.203883370160342,1.301184674022114
83,1.6002041748839964,1.610283444147942,0.7920536968989632,0.7596505444238573,2.826036205834825,2.840774661907697
84,2.1545265748205717,1.8691206197491037,0.8904658720851896,0.3975886375200707,2.7455245043680727,3.0
85,2.193438363028793,2.2386536454729935,0.9592407875152656,0.9186440944459372,2.9546120358294727,3.0
86,1.6044283893525737,1.5330076315198369,0.861297649993371,0.6170185022445469,2.9141208159797807,3.0
87,2.632505817426233,2.7205082920445265,0.8130687251629134,0.9117017973218816,2.3258902692271817,2.309712103965138
88,3.0263745616635243,2.950876093213315,0.2244073866854208,0.1727481475116843,2.9702865593374383,3.0
89,3.891486922659576,3.768871098177463,0.6604940052779681,0.5135078356087428,1.7217108081254395,1.7904802565151958
90,3.2744941230156046,3.2690576882144433,0.6170509421081914,0.6059106732473936,1.1787481382065574,1.1976377588358258
91,1.777174916716206,2.107569933844247,1.8067660131833696,2.0,2.1243104753034014,2.2716980539144904
92,3.271891826721707,3.0562833782006167,0.2526643502869237,0.1810261234946912,1.0027798908653778,1.0333402917721792
93,3.945792510570031,3.7748148127006456,0.3277239078517395,0.1,2.285736315030243,2.696893724867412
94,1.5056454732803717,1.5281184887652155,1.4904587894847356,1.49301986373163,1.3731644343177098,1.3468277581870811
95,2.653387102321428,2.834588606625424,0.8654917260000468,0.9624661167834668,2.192918319978817,2.137937000599618
96,3.3971428132977315,3.3796515498506547,0.2269838194243452,0.1422233295760114,0.9637562333137166,1.093488163483141
97,3.2240960719803535,3.5973445746568435,1.5909214428597496,1.7571417815771535,1.1293889240079875,1.1897106042530496
98,2.1388840807663225,1.9882720793120232,1.4418052067051927,1.285097330315236,2.820621336456139,2.7896180380466653
99,3.03534489034595,3.451044876803995,1.708942093792283,2.0,2.4696360664665056,2.48493932539113
100,1.5911912329193934,1.5433936196354987,0.3017273381513178,0.24746369341195257,1.6387140358320373,1.6575845256066424
101,3.300368027338642,3.5782908214760947,1.1579340766643422,1.249392453591325,1.4066395448063873,1.4218262971048605
102,2.8142377277423805,2.660692130824832,0.5276702732561568,0.44340123874469406,0.7677328144319318,0.7915922761502578
103,1.6824535880745932,1.6416262180485115,1.7443814888042386,1.5957995057335133,0.7053218573221651,0.6678820409853994
104,2.0287715899334455,1.9043656549601264,1.9685077578812535,1.701609345742948,2.4942042383399166,2.6051510163813822
105,3.3860488100414923,3.3704659026851838,0.29325527523017947,0.3092816480725773,0.9607213219471267,0.952215556995144
106,2.9981849603146076,2.50363529610532,1.9069129784985057,1.4069100157836956,0.9762311256809291,1.011422937812876
107,3.0926116473856218,3.398924148648087,1.0572486993695613,1.2098443609163783,1.315028495699996,1.2760123499431133
108,1.8947471798691051,2.0658850647566087,0.4576022718733461,0.5693839203933164,1.8122223964099196,1.7896947997459012
109,2.298087138476981,2.3430935999596456,0.44566608016107856,0.5194359239757489,1.023908135159179,0.9871954436110509
110,3.0039905951360923,3.0414142035322818,0.6896570667031623,0.7074802237067315,1.4200128802917371,1.4043164175236265
111,1.6488978801763587,1.6629762582680598,0.5505926989622058,0.5126211494659181,0.4701672237443216,0.4788252259063742
112,2.6754566881418382,2.7142228265656505,1.003177716277116,0.988176711126886,0.771586508010965,0.8804625520909638
113,1.659786183586176,1.9636592444975995,0.6885593324254652,1.1651578365856685,2.294970641509002,2.077851193638837
114,3.591045700406416,4.0,0.6504465451688101,0.8689832473278899,0.9753001622913645,0.9190804213835182
115,3.2001143620993697,3.4455649168598246,0.6505680149737295,0.684265784571424,0.7323910295382022,0.8071145557842387
116,2.2731879508945916,2.2664552688090622,1.2596174459044231,1.259802333122065,0.41738700454450695,0.4014010398313063
117,3.1552381649723866,2.989310503417115,0.8812718690223864,0.8115783846115627,1.0124039864900696,1.0244636300934367
118,2.157507221577381,2.0932763080482144,1.404300741091098,1.3383059286537284,0.35314343015089933,0.3382310225477661
119,3.6174239696890282,3.35413471275326,1.6370051461629762,1.1138934248158665,1.8581939469709048,2.0280360261867663
120,1.7929091238846655,1.7408904459995425,1.7768518320915394,1.663591024760541,1.1279345258219315,1.1940882683752778
121,3.6184865904148706,3.6699575067135886,1.6293524229735195,1.6077388561364996,1.6474935381097349,1.5764925005284829
122,3.085835509885147,2.9086278571362603,0.753961632949957,1.1554837546869394,2.9991733338262336,2.5855328434802103
123,2.5484955530207327,2.472362245350913,0.3705422834039196,0.2776875260650728,2.1960309091289885,2.196906639975267
124,2.5155929156457892,2.131573112979735,1.1077025085022891,0.1,2.114766501882338,2.9257480211712643
125,2.4122528041416538,2.4476333963392674,1.0411428201461512,0.9685340680204694,0.3878556540196594,0.45573832403563774
126,3.8121138490999185,3.4691615318388695,0.15367978849513197,0.1,2.3582835869769387,2.3210898398421804
127,3.204193538208738,3.475517018091242,0.1691942823392608,0.20161293359059276,0.8652494287553887,0.8830833835104844
128,3.8055490156912124,3.869260930701789,0.309388282737755,0.32130871029580893,0.9486560133933274,0.9144400460781343
129,2.2338073358284847,2.291987556442166,0.29730016356544353,0.1,1.6188424627927436,1.9773412477435206
130,2.6146130650143693,2.2506699354035424,1.474288269922607,1.1122109870276602,0.1868495384674176,0.14906006384262296
131,3.9376283305489124,3.398827643099659,1.2736653765355315,0.9145754365581422,0.8888599204680161,0.9201088514374325
132,1.9174488342554623,1.835517868112979,0.9140874835953384,0.7460886224662269,0.544641792379572,0.7090022705437963
133,1.529735124340454,1.6071103300370562,0.521205075765031,0.49467301393158697,2.37569963522055,2.445556131175608
134,3.2869487480404347,3.0444930997760435,1.6660017470841026,1.4677087899200758,0.24535386834292827,0.20523593828529854
135,2.260364420727875,2.742405964269071,0.5181349894276663,1.018607907601556,2.366359549542134,2.1796033190738697
136,1.5586937485244259,1.5279141708066073,1.2300518344238782,1.325182739763647,1.278255784162678,1.2702341595145419
137,2.844490785306436,2.899205004441837,1.0280277990604565,0.8491378920761746,2.166627148761065,2.3729096790362845
138,1.6233232705806597,1.5,0.8772610492907257,0.6468037379572994,2.066112432539275,2.0518865788411977
139,3.1009952709828257,3.168869211916525,0.9163553290948604,0.8026497665699986,2.5667134893325665,2.6131911081482446
140,2.427091697963896,2.3150245584461455,1.6547583110575133,1.3725395596321315,1.8754034876589798,1.9153992210185324
141,2.040730911926482,2.1673525234458992,1.7256907447840757,1.665865304185341,0.523494484048585,0.5043895907226769
142,3.3646662398878604,2.972816866223111,0.4126242583613806,0.2803392975729755,0.9146521877114718,0.9392425325488637
143,3.6344978465085367,4.0,1.0512105664321643,1.3110295947685946,2.673370913084608,2.6194931885485646
144,3.0064371579012787,2.889674239396328,1.7500810249981673,1.6282822032384787,0.9121942590234523,0.9591122259615329
145,2.2455611507826,2.116265736437124,1.3836106098915746,1.1872760043470874,0.1551232580646038,0.16526353061636476
146,2.079895305712069,2.0648620489039793,0.24142763448737908,0.13337815994743885,1.6434972685031581,1.7750458122835093
147,3.9657529809202474,4.0,1.5368373307345458,1.6420009403559308,2.5221527919224407,2.387961783607622
148,2.9986834185272313,3.1019661989165472,0.31046345508940565,0.47804352636906206,1.8629462323548789,1.7048870190274867
149,1.55932675866464,1.569644504395519,1.5408763120508575,1.3906136481088154,0.682844703642261,0.6588106126334589
150,2.216313846538882,2.0006908937959524,0.9457191196793736,0.7568628775391596,1.6732624050091398,1.6557907110035837
151,2.675328743250515,2.7918213736194835,0.366736390565486,0.3710672468027481,0.14006845371712562,0.14494491856033645
152,1.6745250155158808,1.632368276428147,0.5203143993280962,0.42633504429259017,0.052902976475264096,0.0
153,2.398421045105084,2.3992366023261544,1.0996089376979465,1.0561940684109268,0.5817329423616934,0.6183178436212424
154,2.1273555727189137,2.060367539802286,0.676657017669457,0.6314914837714242,0.6036763569046996,0.5871310438177841
155,3.8488199826084655,4.0,0.9816163317112435,1.197901464549749,2.751134214858696,2.517303948846527
156,2.216365313336493,2.2772231677766808,0.881810084720973,1.0759017250311844,1.870799542257448,1.8683446375295847
157,2.1299566844916797,2.2387407477875128,0.5518151200787921,0.618010002955997,1.040481290597275,0.9891285025888492
158,2.4675085190832258,2.3906776216585244,0.9536684280458678,1.111510691801802,2.666970556251777,2.512648771484613
159,3.3797782868494277,3.541478004606175,0.6179184391692557,0.6994221187887009,1.4485176144279728,1.454191913261012
160,3.4730526797736165,3.4767935069347535,1.202271812975046,1.2401352611310754,1.2061339820156256,1.2099489709863354
161,2.2804501078624186,2.374148769234025,1.2720188563642527,1.386196239161013,0.0872962534058005,0.06639290867893576
162,2.875811806389325,2.6692956916024606,1.6941282377256854,1.4790506301638653,0.44271252917351056,0.4968557672086411
163,3.9591904247394556,3.827328599088773,1.7604844021440733,1.6225640446788148,0.8251004229647143,0.7973996239411483
164,1.5528248811957535,1.5,1.5621329488990168,1.422603137456041,0.14628209102738698,0.0
165,2.701320784687204,3.088179239470243,0.44477234246482655,0.7227108031606304,1.8402448786017502,1.6867905938740775
166,2.9173835923561633,2.8700705009610807,0.34066295820960213,0.3210873487431417,0.8179302343818203,0.8651241023610783
167,2.7829980648946813,2.9324280135855503,0.3292139090458568,0.2579740583761435,1.973225106336805,2.2239022374036943
168,2.809948994706007,2.5171094608171773,0.848899911724088,0.4667303935578524,2.853010496310823,3.0
169,1.745114734860778,2.0332311338975577,1.0630241299152927,1.3094984531186522,1.52243660409856,1.4951250021380469
170,2.5035991997551346,2.1139581911063603,1.745002157085233,0.7091865646128139,2.6624643105559826,3.0
171,3.6224623988863183,3.603711795688095,1.6202853598298992,1.6371692942863332,1.9809556741786372,1.8862209504727068
172,1.7221598857127138,1.685149975722785,0.41835862740855456,0.4334919360069658,2.4986742953317482,2.3701256876610572
173,1.911230040405552,2.0905144178550135,1.2081985133614044,1.372021059581535,2.6677396748572857,2.6654506610897566
174,3.5097535021313244,3.8474834451931392,1.2687277455867172,2.0,2.7867347811679135,2.4753516977626333
175,2.540193985834974,2.612188522871077,0.8053613529380128,0.8256050377368649,0.3424442199364398,0.37478899404714316
176,3.6718155196352926,3.9975605763213515,0.4090583788359161,0.557772851277445,1.2401430172404955,1.1255546260516454
177,3.885020223073383,3.686011952551978,1.3418744401076208,0.9038821413309872,2.0580931692855486,2.2923729020349954
178,3.085172876257865,2.837686038514424,0.6749196625866446,0.3035767378968073,2.088502450026096,2.4325279025554694
179,2.6125992468488395,3.2238399797641493,0.5196284173980533,0.7545305402764377,0.002389224742943119,0.0
180,3.933062991610255,4.0,1.496623492138946,1.5980905558577856,2.565809868273087,2.494515768363174
181,1.852644522443892,1.8947827409724576,0.31424927661798285,0.1,2.5609268237295035,2.9099771284862266
182,3.6995515620375383,4.0,0.3507122227124241,0.5161015294863874,1.6996502347079347,1.5080312284288806
183,2.8007922131911815,2.6167860321718135,1.3240386702999443,1.196435668761677,1.326320003247289,1.3108022030219608
184,1.5612128291553915,1.5,1.4646905453058081,1.4311111062492556,1.5420070749880073,1.5073906319798944
185,3.3118603879668234,2.7839369096087845,1.820273714974358,1.2921795834265297,0.2947745674194806,0.35078360187113977
186,3.7814906325451596,2.8657248138751883,1.3354749440518945,0.6380341098377812,1.788772546419938,1.9738432269852952
187,1.7582088152889104,1.7789537719452486,0.8745814508682698,0.5523366433339392,2.8732437970689584,3.0
188,1.9324215723367204,1.7694307690904165,1.6675003759452394,1.444494903340415,0.5730272499892156,0.5352680623963258
189,2.139599359945638,2.4129411295527414,1.0715056384045842,1.3306732839092659,2.089794892123905,2.112713873487284
190,1.7690352832636873,1.6774220168878808,1.4973921952120366,1.423080212111775,2.923591098223353,2.7039207067318083
191,2.639425055829881,3.216610321420088,1.0353627403948251,1.8195686563533677,2.958818904195558,2.8283741924021126
192,2.622566353728991,2.7761708200377044,1.7939391846035397,1.962523394413582,0.4645037533712769,0.46572369663152435
193,1.6180171599134332,1.6478847918121013,1.0861603730009386,1.029500475566916,2.550460770711479,2.578105136841034
194,2.3164405670248573,2.346322371111303,1.312288747097844,1.5028935604272986,1.4925049418813736,1.456913915625343
195,3.846062919838672,3.7187249929838893,1.3761491478567944,1.326586737289459,0.43558932827565944,0.40705434690776815
196,3.033422350481511,3.200985876345801,1.3827182125023765,1.4686448319105783,0.5551897761848144,0.5541042721247036
197,1.7239858077066303,1.5871627761590654,0.7591802198429538,0.5976996418508355,1.2351624938257342,1.1325838063747782
198,3.316017210697079,3.4958334649888307,0.4089470517645202,0.4722418502616027,1.2815093250460174,1.2804837489382948
199,2.9853573926341523,2.9017804352793686,0.18486400109726217,0.189747492181242,1.3308588363744345,1.2799106114913499
200,1.898683809094906,1.6513587231215756,0.9179665280315676,0.8364158434628335,2.552077632665867,2.4113674204769078
201,1.9797261126794516,2.1559918019217146,1.6324257860817386,1.6525447316827784,2.5086462143774924,2.4865604117223157
202,3.496087966635233,3.183289455204217,1.711843834585724,1.357116971146371,0.48987138731368307,0.5517331810384045
203,2.700926919518386,2.896863192708635,1.9244875430100385,2.0,2.0962690381948264,2.038637789474858
204,3.7073821936433546,3.37334064912812,0.6775381728254738,0.3863241926057938,1.3605313411463842,1.6220189043555517
205,3.392965198133943,3.325573717449372,1.6703872293499595,1.5609822443682004,0.4803153557600912,0.48326005535029615
206,3.6161021528021005,4.0,1.2901634772126365,1.4688514559607002,2.8379633846862777,2.9243569630852555
207,2.411876997607515,2.3950933067145166,0.2167961534777831,0.1719980267616011,1.4013866598279208,1.5048441610770373
208,3.586345374278451,3.696319900351725,0.43130129243667925,0.5355876552010015,2.7944795400965203,2.6786903719674724
209,1.7230092724665012,1.696903683904213,0.8123272740591343,0.6512520754762225,0.7511052435935386,0.7919418544593573
210,3.25409652922677,3.3626818869155355,1.1695249380761472,1.2148927675493026,1.0817682958263886,1.0219014070561796
211,1.8845544137144732,1.8793963154034972,0.9206288313331848,0.8940385053303841,1.732146286547453,1.7965412719520764
212,2.0812694063202626,1.9419887864372107,1.7022860071103803,1.0724511503177452,2.063246287545949,2.3208974715666386
213,1.9486650503539305,1.921852913340892,0.5763101525264341,0.40891964229292066,1.9987072919732503,2.240416390571501
214,3.729863735761995,3.8862393273394327,0.5768187308028228,0.5833808944161764,0.24402477832107106,0.24648946509530772
215,3.416569071938266,3.7138769533634597,0.8611793579335232,0.8264916692790849,2.604028103233743,2.6817336966228487
216,1.6155735517559062,1.8183871409434318,1.4579672321172477,1.9109494426219233,2.2636662928038374,2.2550322553579254
217,1.7664719443551329,1.8826498408815933,0.49744538981704467,0.33219521646360384,2.8854555727011824,3.0
218,2.714096930668731,2.378202366496741,1.8881729823211901,1.487689733175721,2.0179633563132406,2.0551708804956736
219,3.568791448277822,4.0,0.9185968021070285,1.0184304517712532,0.31306222375340265,0.3248534169817
220,3.1039608257245472,2.7658170242427835,1.282846285590312,0.9692067196542196,0.2094315101764913,0.3021961342229597
221,1.5417852470806477,1.5,0.6711359253830761,0.5997589994084768,0.16423266989603336,0.14483011665334852
222,2.952752189105254,3.024554561177552,0.8646991066169549,0.9955835550171752,1.44742952016943,1.417254488411426
223,2.837634962553796,3.3634960284866446,1.6511697516178534,2.0,1.2595470418556003,1.213027468506489
224,1.9718620384100887,1.7328568259249468,1.507114221759751,1.157054992583228,0.05597701447764869,0.08058034610885056
225,3.1629878697696405,3.6938177877542775,1.6692111502889428,2.0,0.9679843265089783,0.9596361320385802
226,2.964518772419072,3.3681688192001378,1.2138850096637905,1.4567047275970446,0.0781513496734747,0.1216699501253861
227,3.1032034057208384,2.8114643938264945,0.6376273122423414,0.5182361787024138,0.4063269318509446,0.4221138849837178
228,3.5501155931071677,3.845804719814409,1.3739134751662516,1.4115373432081932,2.514838297302373,2.682778494128567
229,2.938508473693427,2.852981562522859,1.9560672701097395,1.6778572394333218,0.7723742884730344,0.8059703003172237
230,1.8026636626200998,1.675988988686992,0.9599782104556013,0.740833788512374,2.374642329474447,2.4527225225472638
231,3.4868006378896013,3.8042575669157173,1.453348830770742,1.4464529651297953,1.246473293599467,1.3296809349452026
232,1.6957734236225424,1.6668284265934963,0.5341383601068678,0.5100543174665305,0.9218953156237758,0.9230783547918325
233,2.384887811052213,2.252053701554373,0.7425216365550605,0.5573844837538056,1.4896521303341606,1.4778529787004138
234,3.799563596813482,3.672644708187797,0.404649232184048,0.3808622907525437,0.0042586169639888816,0.029291127396315692
235,3.8240133404109296,4.0,0.2074320121346006,0.2713614256301334,1.2801881622023408,1.2220821439882583
236,1.621314362713787,1.6302439107018334,0.7234633124441984,0.7240197843893358,1.287637962117888,1.2559933277326416
237,2.3596747736806245,2.518709322924515,0.4909447272355745,0.5823474363131894,1.3189566289849082,1.2840589099453494
238,1.5659485909992952,1.5,1.7191918144236495,1.4177373257879473,1.352099477412946,1.3783354049974406
239,3.7690547432250066,4.0,0.5916397818330871,0.6615583494394837,0.2585267383579236,0.30430918997211726
240,3.9271013323959356,4.0,1.1816701568855927,1.137900137144598,0.16130320390588415,0.17418729334135213
241,2.9895905377602014,3.242666691789878,1.2555625168798736,1.3288478708834435,0.022136656078246997,0.03370723114785933
242,2.8406676791504615,3.434379738563149,0.6363449407406184,1.0828761822957076,2.0377832639639952,1.9718614727921073
243,2.8595419783296503,2.8642175136137618,1.211626882546921,1.227479136263881,1.0146652284831728,0.9697122107653784
244,2.5203068681094347,2.673065788397882,1.5246727486107972,1.4915497553478212,2.2960649127808703,2.469660559583516
245,1.938327719665513,2.0088002684215636,1.645340086764709,1.590362619071391,2.7278659921068167,2.6728901288841884
246,1.649835100675326,1.5921845997930293,1.75916406362427,1.6460446359942773,1.4639106866903688,1.481250895104851
247,2.2038734060321756,2.2698547007667758,0.2278386406773042,0.4077515598401055,2.2933181349314924,2.1833046355782906
248,2.720842704517115,2.133016116900354,1.6723938847872193,0.8759268750558111,2.737561123219519,2.9393757989900164
249,3.184400890790135,3.2949162372358143,0.2621936906196845,0.3169000577539102,0.9316901661919201,0.8787825200240681
250,1.9491468587769933,1.721223643587878,1.2467081872108916,0.8245176795975584,2.1977159959571564,2.1962717819481608
251,2.05235363351068,2.11533111128399,1.2333453139172912,1.2073510964325223,1.8318369796401588,1.8641428298102525
252,3.9165119306880376,4.0,1.3585742881945513,1.4388742062897553,0.1470874939240293,0.1380078799719596
253,2.5160358128199176,2.3382474630027814,1.1910669832910243,1.025820489528857,2.208886145913616,2.131651411487675
254,3.3192625261030324,2.7612451468471844,0.8164733752273414,0.12953592086878088,2.43691380244114,3.0
255,3.2084595170630377,3.1413407479823934,1.4182252515804255,1.2085357771548666,2.3676380270530104,2.3996791049434067
256,3.8016880450579777,4.0,0.9113802573076923,1.1639461105283384,1.5929387247918463,1.6258276905556241
257,2.468806559382199,2.600108906239666,1.9474504417865992,2.0,2.7853629844925076,2.7360759005051447
258,2.6955012708503405,2.796963253489486,0.24635331166377514,0.4946754818656534,2.0407242558159964,1.7009549292658097
259,2.619324021858956,3.0972421590294514,1.8836140729916542,2.0,2.74832700527922,2.926801324877346
260,1.843242792437758,1.7256860843799422,1.4856172266134142,1.235220269344179,0.9055883907606034,0.8575211875394618
261,2.6729162044111643,2.340905861475948,1.6959946998672053,1.2321610054924366,0.6003151087529439,0.539923985629231
262,1.6639275019765294,1.6479743879461226,1.0553141788208904,1.226773768758525,1.9173532742142725,1.8135653113219625
263,2.0020849258489837,2.1802001661090866,1.5666301917346088,1.6357762040873025,2.084549412964554,2.2476539776076763
264,3.6393413265839714,3.1646804119487255,0.7900091309993429,0.3122900266775208,2.592320672616601,3.0
265,3.4426366180614316,3.365757206346292,1.6949909437694841,1.3332794353378579,1.8742901640372684,2.0829394292639485
266,2.463778376273673,2.361687560379202,1.1930914363748555,1.0618325475260366,0.9803803003616997,0.9903364438236669
267,2.8373523255102864,3.048684610364518,0.7239147993352889,0.8662432839629476,2.4268189475355313,2.4830636191939526
268,3.4874664861943208,2.9403092967789077,1.5663502929690583,1.0400109085163514,1.5555369841192754,1.6351972463237323
269,2.2445753286879384,2.5099081589873804,0.6520764180635596,0.7721966694409297,0.2441678016751544,0.2345522339696972
270,1.9172971336730937,2.229760875148448,1.0444386900657656,1.3072379449679143,0.356295012054588,0.36983764870461394
271,3.1797178932224863,3.066180682989743,1.1011166732511881,0.9889154973222425,0.3024382191141558,0.30329397455985235
272,2.0333773695551614,1.8680981789286952,1.1071051746412333,0.35637020411529474,2.3761326695006826,3.0
273,1.6947996922198576,1.7358290619348953,0.8355796745400977,1.0166200313948839,2.171503113559147,2.0943177149370573
274,3.9501194128239847,3.5544161374302767,1.1703070610842468,0.8622742223800562,1.4214388213266655,1.493952591038384
275,1.99364603672635,2.10443669644407,1.585710098426283,1.564365566413751,1.7473219547851546,1.918056012209128
276,3.1501414418533766,2.7097939264055753,1.3595097190914822,1.022155714820986,2.366665240826479,2.460895962059659
277,3.852255389312003,3.542220934303268,1.8960473434849436,1.207372920438035,2.5693539480757632,2.9258477112462318
278,2.7485099142193596,2.69537665250262,1.6624284282847115,1.472865584240807,2.892104197107149,2.9452534216455253
279,3.9101919182494225,3.9413932791443393,0.7790785266120844,0.7658795533770996,0.004989052535210092,0.011752785155135158
280,2.1972088069384075,2.1158768017976692,0.22559400729120369,0.11856479415725873,2.787750394702348,3.0
281,2.8135032078005984,2.9280180990841633,0.1502623431221434,0.14695149815324365,0.8360732988991671,0.8784189104720193
282,1.5025693634273194,1.5,1.5422604514824825,1.3918820456488992,0.4121081477054259,0.36416608309014065
283,1.9809981427057195,2.2491223647432235,0.580478041123863,0.9896454143595144,2.365818473332993,2.1793045701566096
284,2.39422280369227,2.4984300927830896,0.5875691775621323,0.7350870075011181,2.9402212399517182,2.8338453640197137
285,2.3519969996422763,2.7223775386949702,1.459521025349383,1.8349865103441538,2.1511804555528067,2.125720728985722
286,3.9715023284379027,4.0,1.3110134647646112,1.1191205852112747,2.8786062351288764,3.0
287,1.9192221704474361,2.069657553250049,1.7597655112926613,1.8628084658991586,1.3263552336534277,1.3398848989775378
288,3.855187254268356,3.399309620480334,1.5529835920750505,1.3288387941376132,1.112168265671027,1.1143530694814838
289,2.921750305191227,3.6691862022409056,1.5700862781827198,2.0,1.8614571030532479,1.8800607330387007
290,1.7634793708169891,1.7598684369543787,1.645125929314685,1.6222629981184178,1.1778596723539243,1.12262831703054
291,3.273486848591806,3.3899508055088514,0.3516683341674115,0.3667890740930279,0.7427694778539002,0.7425501807194583
292,1.6281243240063854,1.58785825593674,0.8279921274338155,0.7441144018490785,0.2736556595148013,0.24371023233992264
293,2.7049035308457308,2.613460922388774,1.2493049531889746,0.9911555000573137,2.491999734491586,2.6273162456496704
294,2.7989176066385473,2.8568810043159134,1.6051688352536373,1.6793373896779549,0.6067009094678835,0.5831563598075229
295,3.3991961651388314,3.188804642596072,0.25461723336239755,0.22102880322809973,0.3535161474150085,0.3343999272506992
296,2.326255955876055,2.333378992329635,0.9160771146735409,0.8346117806528358,1.3414784192375038,1.2877714267393485
297,1.9313168577496207,2.0435692317536374,0.3944165844166718,0.5275263322750244,2.8819544172356784,2.7059015561169235
298,3.8576198857354695,3.9283019054770607,0.4240432523449613,0.4030874256822482,0.43598663253152947,0.4182424328044662
299,2.2132309654146525,2.4137200876294584,1.8799189762550972,2.0,2.4540678871407424,2.5326712621488907
300,2.0313358230085887,1.9015449042277752,0.4379218816872661,0.18146477165066516,2.676805714460515,2.9731441788915203
301,2.9041076843831495,3.5598534176764205,1.5377607939631222,1.9828788036520542,0.8359013976964781,0.8969841786859611
302,2.097419171322451,2.107233895737765,1.4818571362394546,1.72140322475003,2.068349820711278,2.10294453756587
303,2.924278589973043,3.500992342097438,1.2776206926987457,1.7988533653265177,2.2217455247865194,2.1376775559102885
304,3.902078648459464,3.5785041635645123,0.6452283086845254,0.5683338659507574,0.20486908704679918,0.16928368311436787
305,2.963791010676297,3.302498605437877,0.5715144124158533,0.922659506419738,2.5857924132921117,2.430629067113642
306,2.7307744118875847,2.6711571038539126,1.8768505795953296,1.569508811254783,2.225947790175704,2.3464171674100274
307,2.195168282165695,2.1765999989941136,0.8662923134230573,0.7755051383802204,0.9657597851524942,1.0638477916059603
308,2.878027243772703,2.675127342455303,0.8225777955194914,0.5177645897373719,1.4232733766082681,1.4935756653580368
309,3.5555305486956703,3.8545163937868905,1.2341435161218974,1.3334788783846914,2.258305919410769,2.2758995076094877
310,2.456967797637817,2.6867768409383475,1.1767839657204655,1.3046421206678245,0.20274853973015328,0.15991393861468067
311,2.0087080662074475,1.906409722106293,0.6521927775027712,0.5141077454588892,0.3302680753104926,0.36572926141501844
312,3.6174765481263433,3.414287244311186,0.6033246644579253,0.5000758155725299,1.846653317947975,1.9178312065650835
313,1.8040400648182224,1.9980636561118643,1.5213721131429592,1.7430520814395931,1.5361519279634233,1.530191718266265
314,3.9442459064900413,3.7348403926707303,0.8325712213790692,0.7679160051850783,0.1694673954315652,0.12725792214171022
315,2.718528716503635,2.74400111916434,1.7992995198898158,1.7615909279883333,0.2869037880147526,0.3523323291241946
316,2.113042025879453,1.8585642222663383,1.9599398875683582,1.711073863406244,1.91890856581793,1.9735754813229236
317,2.9384738278055034,3.14095909731093,0.4129195180769779,0.36178350014063343,1.8786471924209973,2.054802414532622
318,3.1849602200832194,3.0233728005442475,1.7728693007588034,1.6053309051660096,0.6105681676056023,0.7100971257818288
319,1.5400085634972887,1.895626004749838,1.3141316230644309,1.775230725870622,0.05531339089914178,0.09262945789614882
320,1.5220983247177915,1.7046213234042138,0.635558076934736,0.8110419232873783,1.2715925379405855,1.3247417790437304
321,3.9651166138985823,3.8489901611988433,1.9520017859353642,1.6737053443250933,1.5468955571204503,1.5525076228663208
322,3.2591461368855623,3.391411873597338,0.16227425265191212,0.2199867651844742,0.8639812076321836,0.8087164826217488
323,2.5408467905001615,2.6580832345740375,0.390140199612089,0.4339034215076895,1.2897449926966136,1.306290305247683
324,3.4992752450520475,3.7723091325722446,0.9400948344979375,1.3563096555949004,2.239764225485419,2.1648340119590346
325,2.4570683294703994,2.5071781572622585,0.2359216805784061,0.1,2.0120761900412947,2.2886339005519583
326,2.023492440878128,1.8559411724544035,0.6862184024651264,0.5458313300779513,0.1769187275835744,0.17199146905683327
327,2.141653325256731,2.3114293188488033,1.8437021962050089,1.7428807282368093,1.9924860552131791,2.153419946374799
328,2.062562816055527,1.9221948812973668,1.4903916729839644,1.17716328766541,2.9276927139449915,3.0
329,2.297296390602957,2.40941044514702,0.681091181159323,0.5126766341876047,2.492313266675306,2.6959863430934825
330,3.246332732172222,3.4388593759602184,1.2982335167466854,1.2751798163686865,1.413435829205434,1.4444472441016487
331,1.7800620933387794,2.0930299176914184,1.3925085282540353,2.0,2.818794633390544,2.649142415919997
332,1.9555544914137077,1.8604933341965904,1.2264463437091817,1.5257560207328005,2.4567337381589036,2.2094853405924586
333,1.9903666030298544,2.2112571727160515,0.3439199874487498,0.7910338254758988,2.9890522590081616,2.6289560134552836
334,2.5403961565131374,2.3013743931992763,0.9382791421154741,0.7315279484138574,1.2205539459534758,1.244246423250704
335,2.104226749721582,2.5495224440455795,1.3685815910868642,2.0,1.7830309795416808,1.680527014027927
336,3.2985048636528607,3.151328732874505,1.7896709780115805,1.6124842274775104,2.4271860507087077,2.4321293121870298
337,3.3597195516377623,3.6631007087371756,1.861946702837502,2.0,0.6634394507560045,0.6347407575773258
338,3.3416451971506285,3.769737079620777,1.6793273982618957,2.0,0.10521509666329854,0.09924661600730549
339,1.9240097241937237,2.159568099317495,1.278683441382446,1.5078691418122006,0.7988125508259232,0.914018936371597
340,3.628122846239397,3.698086002367003,0.23341511880069477,0.3139663090155932,2.7041443554532165,2.5543231308447885
341,3.7120273211283275,3.500125513956132,1.1750103278377022,0.9754585032655596,0.6714520003860495,0.665806453603184
342,3.235726162926621,4.0,0.2324608757432458,0.8243802883395017,2.5983951425763365,2.2113869240167814
343,2.1920591106616003,2.2398409080106236,1.0186064869687195,1.0006339286916746,0.35745698837802187,0.3023447396595649
344,3.0093173926007175,2.762495301380577,1.8420972614984301,1.5921623591914684,2.193995598111306,2.3089916161479067
345,1.5428267119683088,1.8507046413014798,0.5102598648861378,0.8101990900425056,2.7805437563340094,2.6609968200442307
346,1.9500554837127313,1.8001184018532135,0.7437609134421903,0.6038970683317647,0.488935558356133,0.5211307685609652
347,1.8084689836316903,1.6562525187964217,1.8954608870413865,1.3541677207855278,1.7568565644633436,1.770888595013795
348,2.733309334517493,2.7379265488806896,1.2914275076942405,1.5023631665546537,2.7173199100389276,2.5359075064486793
349,2.781347927108891,2.8180553883476627,1.6351444158624084,1.6785663453343944,0.026263921433309245,0.0
350,2.4609610385491734,2.1580401640267626,1.7182648459536436,1.1999270373565123,1.4600115785069183,1.5635537811307665
351,2.676369067330884,2.8524625217032806,1.1544820834103577,1.2063224844529659,1.6255564945778964,1.6541496567661487
352,2.2352205163935768,2.2722723873638295,1.4783859355191948,1.2961127635767062,2.2267708187923487,2.324298093409708
353,3.351828214430067,3.864025029150968,0.7221782292130702,0.9049431511222205,0.18986566924546822,0.20136658468197358
354,3.595544549872586,3.7664783665379624,0.890016462803101,1.0752796724291662,1.8572609193758889,1.6953064961024726
355,2.9807785736536614,3.3642666190631827,0.96869939054716,1.2537174664130706,1.388817681891873,1.4147457431505897
356,3.0777888536510485,2.7185238306167516,0.7512091172502255,0.5317666275440422,1.8443300225579802,1.8730023873946848
357,2.6516465349741347,2.596921180229386,0.8249213047312409,0.7553669347695006,2.480322304248954,2.5712942837565014
358,2.020937798248738,2.1572394653963456,0.29876328506397454,0.5408801568097434,2.9089594749499614,2.9233595926181413
359,1.8466249471540603,1.8306167703896352,1.2687959145657062,1.2886509407896307,0.6937873601874026,0.6290799315334328
360,1.7873260399698199,1.9727544214428328,0.9270603395528044,1.0635486276814965,0.52940142435788,0.6634355802261303
361,3.2741560181102987,3.8056225917756556,0.5724473820707889,0.9790511679122726,2.9586581454471226,2.624478914507616
362,2.8800367828600235,2.9462497678646975,0.982309595134038,1.1110159654182128,1.5463958673980949,1.5754438843378202
363,1.940846425126706,1.8298140384563966,0.8779656920720533,0.6403895862636972,1.7444003394366192,1.7379681479292293
364,2.9361422420887626,3.100429655627239,1.4809115666132935,1.672464367857043,0.17639637029170496,0.20327136461555165
365,1.7392682568788982,1.9206225692441095,0.956926965623753,1.1295022676749635,0.4580535157044081,0.5428431150973371
366,3.270853185026609,2.8900840628126496,1.2307452907565892,0.9980395761309455,0.7491658634785935,0.7204997348889347
367,3.764117277626893,4.0,1.0613464853417567,1.1472288139059883,0.2515693619360547,0.23410467291652615
368,1.5805016044059745,1.5,1.3298108576393433,1.0762916731181247,2.889762815440113,2.9947434397406614
369,1.6462127054742515,1.727090978234123,0.22490389543077474,0.2049033511921837,1.0828921897503618,1.0824762500521594
370,2.8519922259948447,2.3313396883369273,1.7687926059342574,1.0723005444236475,2.944394399090781,3.0
371,3.8541357782168872,3.976671759593958,0.9122384284713982,0.9089676535087419,1.1399641152362665,1.197942032777792
372,3.0199545637762886,2.8307371053296415,1.0475456894592916,0.8448714699259988,1.7513270388510955,1.7483326723373431
373,2.4294648186984005,2.5645448236185997,1.9274498321695797,2.0,1.0610211853967693,0.9479567961870636
374,3.666390823362769,3.6176963045244444,0.6820598004063595,0.6963234512118853,0.05790289611983257,0.10238540559214064
375,3.161139515312864,3.459535340251712,1.6175210928674901,1.558096831316333,1.4390425528872655,1.5249393507315434
376,3.829828631557639,3.1119466593582312,1.8453125502158325,0.9325183778245874,2.6527033479359163,2.8915509935661663
377,3.7772406136702914,4.0,0.8641036493303528,0.8677962497674688,0.6703121575128356,0.6694011309023811
378,2.870898859487158,3.1575551155207724,1.2342168273082712,2.0,2.7611240014898177,2.4286006456111173
379,3.296361878005591,3.1787928683156883,0.31847217119924875,0.2506200243045779,0.9039083746928143,0.951130507754599
380,3.3028490949527027,3.4466619062380595,1.4541384348140538,1.55107974511445,2.762711648943754,2.7631737925422226
381,3.069404733011127,3.182568963495792,1.4735959775503982,1.5239453101089542,0.13498433632401285,0.1302061887969355
382,1.602498882972784,1.567790858523472,1.8953094124890748,1.6521834396001098,2.8107790421648966,2.82671018018887
383,1.7972033087662826,1.9324475690002143,1.9252981922014507,1.9418141633272805,0.9030649358885054,0.8645321360943073
384,2.5157108585194923,2.3802877203827335,0.7742480020001106,0.5155262028713062,2.7493571721113956,2.8705246142159995
385,2.8187174887022524,3.163571342922261,0.8370629599902855,0.9513079451886451,1.9170813975554406,1.8894453192595884
386,2.7865554486649247,2.8519099058146407,0.7750113669497439,0.8200187887611862,1.7994530868138794,1.8023509711228929
387,3.8237368902656947,3.806125070869643,0.30483504518281257,0.21018072735455498,2.920825384039425,3.0
388,2.0974633233716746,2.026747533830781,0.7786144327036025,0.6756091182238878,0.30630861632557527,0.3399068914167848
389,2.570122688621704,2.675632120277695,1.8682161623134321,1.900617910483997,1.1731269088948721,1.2019275459728438
390,3.4057644154818805,3.1035639238087724,0.5235724511443128,0.17918850145684403,2.703448300310036,3.0
391,1.7613678786055362,1.7892273853615301,1.4204907043087645,1.0356631829877656,2.4829908291036915,2.6261321406613223
392,3.778982387574017,3.6682172282460126,1.776497870057436,1.874456694382298,2.3981083048139333,2.2622399067986008
393,1.548784486744342,1.5998470775432754,0.1250062614093962,0.3813432592242463,2.8637820485018692,2.4760543457216766
394,3.724889801962226,3.2090151644152844,0.8647459301092725,0.3089204859001107,2.546395395793694,3.0
395,2.9529780621321837,3.2600208230383103,1.9043236100463268,2.0,1.9068733115796368,1.9411188913041775
396,3.021221399253556,3.0935764765090714,0.3692542779526592,0.44161937576778076,1.7477284128811155,1.7373673402131171
397,2.2938934333852847,2.3675330679992954,1.6627365440943835,1.1650735130264795,2.7240705894611525,3.0
398,1.619194325126164,1.6004080673016898,0.3537627801693344,0.34216363492791824,0.10661230672802191,0.09014810038172553
399,3.4886934562557466,3.6968451196471563,1.6360411324220567,1.7759990990224155,0.6042875985779328,0.6307081874999116
400,2.8512068720970714,2.809903091170264,1.0231650937326995,1.0598288093049426,1.064131390972014,1.0559536294936025
401,1.8342793187611117,2.0106940951023535,1.014684336692733,1.283863965318736,2.214721473603511,2.110370411930747
402,2.701261298968516,2.5255245488757723,0.3885072373434266,0.34316726269037645,1.0040834180135074,0.9867287644034499
403,1.972794881375428,2.119229843535992,1.3183930261248982,1.3518857400413855,0.1124540618973251,0.10148669925517784
404,2.6167101951624496,2.37985979692047,0.9039868350192279,0.6821478700877744,0.3199052883212573,0.2837823633068216
405,1.8564684310199762,2.001537751711762,1.9258791577763208,2.0,0.36494782268108694,0.38213908019218285
406,1.6400303950288686,1.5,1.7631704266744153,1.611815928576154,1.34372597470333,1.3219032938991486
407,3.8710620475785893,3.7357179518678194,1.87016189983905,1.7594314177561892,0.7743188693158578,0.768023152092824
408,2.9365885987125866,2.9921435302349693,0.12569638447374293,0.2558603575921508,2.566027026636896,2.3250394973787722
409,3.5767526061014245,3.910968097091755,1.1681746228490328,1.313514709925349,1.7561486469747463,1.8025881732474553
410,3.41397009967079,3.32852980533634,1.4826924353253919,1.365572855307229,0.8751134528134911,0.9265910654938775
411,2.6766646460848085,2.7458725581763654,1.9587631379772639,2.0,2.7999686938092454,2.765241173493118
412,3.4643606470967874,3.2050112367828443,0.9159508008068932,0.7488751026771657,2.589245622353857,2.5821386570382137
413,3.990854374513722,4.0,0.8763607199238154,0.8065190994361539,0.3815997766793203,0.40443108532183686
414,2.3854324903478883,2.2664542912194654,1.1210182090763385,0.9611721537382164,1.5540860622020674,1.5427909811435594
415,1.7468380647257744,1.8276837573422475,0.43890298226484714,0.5145269615904248,0.8810168798117896,0.8669702046580495
416,2.9952353095595448,2.875983378297686,1.8417860715629724,1.8176918529477277,1.8608485723090622,1.785347193239483
417,1.9034657302408842,1.9786441353222188,0.9598177559916735,0.822921622419505,1.7964202885557112,1.820000737223532
418,3.7376369338175266,3.675968464712447,0.7354828406582271,0.5134227344131813,2.451598979681664,2.809522136965101
419,2.6975503630668216,2.5874606714716393,0.8092260458764888,0.6691079053260137,2.384159941993718,2.3580375481507896
420,2.8295586919058646,2.5812809621333908,0.3736126167979781,0.1,2.2960902411695443,2.6059568115914247
421,3.3543292763826673,3.023251659738209,0.8970024105862907,0.4190131454241799,2.4065114966338834,2.786856164451737
422,3.3708775446911923,3.2618392672407373,0.22512369029107754,0.18954789817219467,0.9680145831720526,0.9693125889127708
423,2.526327616833579,2.817160504151976,1.9192508670233055,2.0,2.1506622067180077,2.228788978249777
424,2.4073082423454553,2.547580076285355,1.6808942158958602,1.999998483222699,2.6413166865984286,2.6503158274331744
425,3.004389449487496,3.302682028968509,1.7704685865762047,2.0,2.926526468305463,3.0
426,3.722673042068488,3.3443353586273847,0.4329424499422293,0.1,1.9264509168988515,2.3889357853919755
427,2.9621199197123342,3.5584819955408014,0.8544974260435679,1.2383836214989434,1.668037384896477,1.518399103188234
428,3.371634154670644,2.94378195324877,1.2105441890174762,0.9520679548633397,1.3809163326889489,1.3202690629847844
429,3.58969694476143,3.434121116279433,0.3890381404827168,0.24358129127868114,1.3524804879881167,1.5295545732465328
430,2.5516472057754616,2.524012048274874,0.10998500930595843,0.1,0.7100239756446977,0.7153776407473149
431,2.297421801438059,2.2434922463562184,1.5821148687620477,1.210209290851684,2.2083860825987243,2.3536348986156503
432,3.8952714367556633,2.9686433252502846,1.2767308122337733,0.3195712187032979,2.4650408612874966,2.900441433397172
433,3.9011947359027346,4.0,0.5790636387044487,0.5530516319167006,1.3749009997961545,1.432800463949185
434,1.5119845998776178,1.5390797686982385,1.4250199555027763,1.5170769237713906,0.9905997941487131,0.9525857316851295
435,2.9391389265742487,3.0657216637326665,0.14270720282077431,0.11226273132743904,1.8249966029706521,1.9900192615948726
436,1.6758584761065523,1.6505372718026359,1.1208845141055461,1.0390829799714432,2.863300079782528,3.0
437,1.7920858980409304,1.7237467433284228,0.8529001108658644,0.1,2.0955726587607173,2.6995805196321174
438,1.9365910975782736,1.8460963832773134,0.3013893164914471,0.2668850649040661,0.468450513830315,0.4257970626370928
439,2.147936554353812,2.3933447702955277,1.5735431328534955,2.0,1.2560909075756639,1.2337714275026717
440,2.493882459151458,2.4515218482433294,1.4982679473343186,1.406149186319532,0.0958573019032235,0.12984762903032274
441,2.582380591347361,2.6091747702616184,0.6313612739948247,0.616143210859444,2.131934186122842,2.1415076747260553
442,2.4908672597448436,2.276368033546511,0.6989980532033357,0.6595566994271406,2.6910527660130725,2.6241741044895623
443,2.058455656435637,2.337465607819372,1.6330598495134416,2.0,1.9604754482879578,1.9605375729620407
444,2.789056289426868,3.1293252716366893,0.30695643085479973,0.3601495295185491,0.06343901920600259,0.04882686830500717
445,3.0138644273918906,3.0830420205227616,0.5825904491872875,0.427445560061121,2.7966826212218785,2.9223764608063223
446,3.3544728937088757,3.118743900912494,1.349993264947421,1.1643251183980976,0.7808122681609784,0.817781759346422
447,3.26690940192383,3.397718685669438,1.7920722623865464,1.8447595945302624,0.48856522192237406,0.46352797666896534
448,2.234806499429938,2.150889683573224,0.5618048899998614,0.4125218575342204,1.7204228077350616,1.7625080034559453
449,1.8535520726929506,2.3439771413172825,1.3310343935034286,1.8978431135321956,0.7971791101566603,0.9236084166564456
450,1.8749114883245728,1.7455092457839299,1.9000777123519001,1.635191057850208,0.16526559100471572,0.1832006280524655
451,1.5507073952150923,1.5957024100775756,1.217505018013641,1.2843712461770895,1.5646451771014,1.5204339537434162
452,1.8720508272692833,1.6925781955068961,1.348933857473175,1.0227854620607735,2.3285895878021607,2.4301949386757236
453,2.3605553085405173,2.3275018544311,0.1359419027464527,0.10000000000000003,1.886249268600812,1.8987496693308583
454,1.5377128198963927,1.6949247200465591,1.6813191671195316,2.0,2.7896290160937234,2.7977237598486244
455,3.3298016523134875,3.5742791411430783,1.9842045153139065,2.0,1.910112581273593,1.9328100989113248
456,3.908386236955299,3.8433487784263187,0.7023921959035204,0.665750516622151,2.0194663148183802,1.9206462664323454
457,3.208508297080363,3.7079856664706368,0.44528752150598483,0.7465472740550035,2.957767418580936,3.0
458,3.666563501992391,3.382287233569471,1.217239494747591,1.0365390787197453,0.7109537009987335,0.7382783677309812
459,3.893724454176361,3.6229400639004203,1.3800343933433756,1.21603611058325,1.0063199718987352,0.9421151359283721
460,3.622490569665253,3.342135955055539,0.19762355315061705,0.15117031985500298,1.0090964958467405,1.0523802050938693
461,1.9047837813648734,1.936867831191577,1.9814000715761717,1.8512893746083923,1.0109057605676095,0.9851507952104155
462,3.110987995250981,2.9178006762430777,0.9316771012811617,0.7760990796776372,1.4148350666983858,1.4010239022803714
463,1.5225703180329893,1.5006529614630495,1.7736304834088499,1.578777493884396,1.0172375802541733,0.9992796612898454
464,3.5924581517073317,3.462013768375275,0.12871967320862684,0.11586374755563757,0.24991720039776588,0.2886769443684164
465,3.1702193192673604,3.609430639291759,1.677153601784984,2.0,2.8695271742809316,2.8082707908033475
466,2.4797689045418876,2.6455738628712577,1.6067552027193477,1.7990930652016466,0.4066070549632198,0.3695484008004461
467,2.8581039265092976,2.7074574668400966,0.7044460565824693,0.5995700799800601,0.5905501180074594,0.5906619155366212
468,2.577482747884824,2.722682667645714,1.7566663069322117,1.880396549175326,0.15629228282643626,0.16551643675423025
469,1.9157606122235034,1.8333560911349156,1.3891536499400217,1.1204111327989141,2.0691310904751754,2.216432804434504
470,3.1939747599489885,3.0208997270568823,0.3006316239081219,0.2829123193783446,2.3583122521265656,2.3367486812628995
471,3.3924188474734205,3.693830549138629,0.5394802226908265,0.6037400419955123,1.4361292314000154,1.399250460264214
472,3.1378949788890145,3.062916617092671,0.9932781629429951,0.936556109563156,1.32488963522702,1.328084853282351
473,2.6449938789459106,2.269337708665461,1.9926548225427847,0.9703003037849974,2.6358225596575178,3.0
474,1.9680404671768514,1.8369803742262898,1.1917803996869059,1.0439282191410346,0.15025468828492639,0.11770977427313872
475,2.3377192589577342,2.4935492118292273,1.2376375997381226,1.3476168769231203,1.1907674964921662,1.1577993918117766
476,1.9638497833728161,1.9667654139378057,0.70764196520722,0.7371873299268882,2.981795739808206,3.0
477,1.8622567795951601,1.8786020830501569,1.395060109863533,1.4402232712187593,1.7552269605418713,1.6743286329408291
478,3.352952443993294,3.3981649426785694,0.8312462418856162,1.1077380145420335,2.631992243304598,2.536977311754046
479,3.64713431006545,3.742379639414519,0.6949150498814791,0.6526167503478573,0.555174429182115,0.5458096776149792
480,3.069824585181161,2.7839566206198914,0.8460290171416475,0.6356036304621691,1.476666509812774,1.451267270921566
481,2.2924337016858374,2.4288048021665714,1.800499624606749,1.8694574664287456,1.1660129419413934,1.099362693660472
482,1.605448061364004,1.6793398826512596,0.917758560408602,1.0654609334641945,1.9768014801980203,1.9406823866787895
483,2.3696969224836026,2.32169027525775,0.8601625763764054,0.8203113773570355,0.7469273409832484,0.7341534606772628
484,1.7029684429360001,1.6671280900337597,1.6285430082866563,1.5811014415596927,2.5921960743756918,2.715693101195632
485,2.9236926515139423,3.1720995234468634,0.4864466860234534,0.5713133127144127,0.36828479797384317,0.339481028413033
486,2.773660913076977,2.7174058063630167,0.21757058531520795,0.1,2.6131529833339804,2.8651390061330044
487,2.545079372643417,2.6755957221584743,1.2507661754798052,1.2997929095028953,1.6206823540064237,1.6406081405850266
488,2.3531451819120672,2.304484042057087,0.5778905385779257,0.5287161039810799,2.1257753929188916,2.1413926732468034
489,2.4964933096924256,2.365586375024359,1.7554563613101795,1.4782406865128488,2.570418817881187,2.5692459057677803
490,2.8154190860066146,2.780138695294824,0.12108112691384199,0.1,1.2923845161182708,1.321181261632276
491,2.461680777179656,2.546840076217016,0.2620755221329151,0.26054284979444203,0.5829732129620316,0.6091713624175976
492,1.6560990907398367,1.5492352510304537,0.5144901880532332,0.4375831995378712,0.6016216214326839,0.5798863054832052
493,2.3318206100094825,2.265467810504775,0.1284562384546626,0.1215282897631027,1.0180688095859614,1.0081017370298369
494,3.017371425519861,2.856813623382284,0.7599276993467875,0.5695002286325136,0.9848944428930065,1.1456133840471643
495,3.7856268167067,3.9451608185818756,0.5479488533859062,0.5461556614487153,1.5032899434273368,1.4680293253021972
496,1.8073233947909486,1.7675287966330573,0.12821373375858988,0.1,0.013244396071219855,0.044727288221601796
497,3.9596593626012466,4.0,1.709049628720378,1.6315325740702562,0.07050470173969947,0.037023152296862774
498,1.9026007570616468,1.9228029408734861,1.187131868002042,1.1099358343558903,2.1842965835250405,2.1864365577195275
499,1.6965793326239382,1.9911005952617171,0.47007509534349323,0.8799692199733059,2.525217527325903,2.290035675241337
500,3.1410998205814136,2.8427925578091697,0.7404392538319262,0.6181713017975982,0.018625444313622674,0.017320735190278328
501,3.152471598442103,3.184002002153912,0.3033097690963026,0.4050278877326343,2.087406799284092,1.9426543319193599
502,2.9379402618561463,2.5682179904948685,1.1144694870896916,0.6907591720901249,1.8313638961035497,1.954529240008637
503,3.54621904652077,3.3884843992831075,1.6036409269352496,1.5667549350820282,0.6478729293780175,0.6306580201615195
504,2.4881233365677478,2.399107071654933,1.979554761200554,1.7616565491351346,2.9879762136757404,3.0
505,2.1811747981886245,2.4309515076862707,1.6218382191369909,1.935668306588259,0.04781868672373912,0.01847522281009919
506,1.521420782229247,1.5051951651802,1.8675451107941998,1.8494470368764286,0.6450418177891494,0.6536659535764895
507,1.9831385438394362,2.0583307536060165,1.737399478236308,1.9825004040988037,1.3893836501073529,1.208138594742894
508,2.320306604509743,2.138904490850241,0.4395031457054849,0.22001368663639512,2.1391780945535133,2.3601592096965693
509,3.2494651622325232,3.6651133384500563,0.6934782537584031,0.9381469201961595,1.7223080162176112,1.7477628257418663
510,2.087792805181784,1.7267338198465352,1.5294422123029692,0.9359876675877196,2.9378028851550675,3.0
511,2.8546318715211925,2.770469354297636,1.2446877630332303,1.1081457098544376,0.8248319656188796,0.8137421796686622
512,1.916666058470978,1.8191175531943822,0.84364339497385,0.41609032468882495,1.9712428075640502,2.207131225225115
513,2.686208519944154,2.7525109887909394,0.2520334721311777,0.24290050601029767,1.0013580076321524,1.0987090240710506
514,3.5531486616908987,2.668543993561235,1.6296437092113636,0.777306309002445,1.6016318252953843,1.7519924327871619
515,2.2484537208653617,2.4640475839100544,0.581532176606193,0.7221482752550604,1.652568680516981,1.5218074928910654
516,3.1022008806655004,3.106514876231094,1.3724875275984778,1.4810758358515952,1.5634058094858196,1.4894198280502982
517,3.718467007838076,3.512576397153415,0.27067308930523504,0.1,1.2903655417749897,1.557942341061794
518,3.274674828542411,2.870498470380912,1.2425070145508488,0.8851695138205025,1.9985293343844002,2.0401678351796426
519,2.457111495405738,2.540243211046151,0.4366668967741838,0.3274442298809498,2.488457393860133,2.7767418811232
520,1.8302432743246788,1.827666811680671,1.3797720315709312,1.4202754068849401,2.7583951678528753,2.5868178661786727
521,2.035364229977456,2.102184087053076,0.1013263165423892,0.1,1.9944498050395274,2.0752554664722918
522,2.2456096985107648,2.310734355979079,0.17947358702772892,0.2785844766745018,2.182543780831333,2.089282508932217
523,2.7716392262744622,2.51960177467888,0.9198762113879093,0.5021945269110577,1.8833227518765683,2.17180875233578
524,3.651869961069839,3.4414642449345414,1.4436614575241968,1.215998242858414,1.4560223281992657,1.4502950596905992
525,2.277268413936854,2.624229110089004,0.6994120913334922,0.8383453365267439,0.28100282829969414,0.20492048261599335
526,3.5144772129462805,2.9088363240001605,1.3773230695317435,0.6809398824998077,2.805678955306419,3.0
527,3.4453098096886827,3.1880723728583487,0.8974104250457224,0.5233853861119356,2.7466344430012155,2.9999989728035326
528,1.8319535670725318,1.8448756076659865,0.15266850801135098,0.1,2.541145038002967,2.6358981251251943
529,3.6988552275341915,4.0,1.8061139568591045,2.0,2.4105445756562816,2.322952481209452
530,3.0928917442226966,3.08284738712505,0.7279169526535115,0.7280261108431744,0.09089709748118002,0.0
531,3.9793774851287154,4.0,1.3580691272065957,0.9422338775869029,2.6911794681712347,3.0
532,2.3741906907943258,2.4823570036012215,1.6804226085850427,1.6002176357277238,2.7402319036517193,2.9556260165180883
533,3.2363570050982613,2.819078368551767,1.0130298685280805,0.7519935085618114,0.6506023055453066,0.595694843466079
534,2.447173645572165,2.2605685021851274,0.8436844767250422,0.7134855993000045,0.590433654751731,0.5685117685654162
535,3.6815887315437172,3.914635757370845,1.744422818075166,1.8504869458468298,0.5505701258408539,0.5749916976576324
536,2.780698270273279,2.8305565401333603,1.7136541346809808,1.762177145440826,0.9283011309747649,0.9286488123729788
537,2.913925148164215,2.9240364353629076,1.6485934234259492,1.4192202102580027,1.6741772274774824,1.7848973729829305
538,1.9294256913971075,1.9051939901891484,1.0759215089611704,0.9957150695892837,0.9472594498587731,1.031300270889599
539,2.3491155816609273,2.463784918590995,0.17525450704331264,0.19649436118711008,0.1306384295816132,0.11850651272835772
540,3.4196865567765276,3.4761744451548866,1.9422996235603869,1.9591614291553112,2.6746407710132756,2.6887122681184925
541,2.4920887280200703,2.6190509524559618,0.4557659042595693,0.49863798712703905,1.6122370096994867,1.5663699486316733
542,2.8880338281751525,2.7733047011008476,0.9071708801629097,0.7403184427921405,1.6677343197570471,1.7949716065620722
543,2.2895438605464102,2.380862946510277,0.6955961386506201,0.7759690706696485,0.7674523523891249,0.739500416673809
544,2.263419234390266,2.1332420464726987,1.766715625562217,1.6161560136033912,0.10433367434001561,0.10862753164440729
545,2.4065445256695344,2.4848329875497943,1.407369347954304,1.3778385133844642,0.9107029850723849,0.9040021928920533
546,3.1279484407330607,3.074354073893589,0.14137074267904082,0.1359448469524066,0.3995677091876376,0.39785809500914593
547,2.445070403117392,2.2022899369821802,1.9157492861438672,1.4748160556211622,0.4215719703727786,0.4275914290572073
548,3.7060692650701634,3.6014244281477117,0.42255161702657384,0.4042574897122279,0.2894615419302776,0.3289694075299139
549,2.6455057621305462,2.958670335559784,1.9538292525644754,2.0,0.37090751572533254,0.428049119408315
550,2.495121232745375,2.0802211382103204,1.4288825465478527,0.7746257981582696,2.787425849495964,3.0
551,1.8598924879204866,1.6924629054986424,1.506907547875865,1.1455468776826216,0.015591636751324023,0.03279129486672
552,2.4914764779642264,2.2236234629477027,1.191233922210361,0.8223986177077961,1.8705868843657718,1.8160675959314887
553,1.62774202106991,1.6140321431293203,0.5037892115349467,0.23253645288652447,2.072711252651328,2.2120440163647013
554,3.7803185357424214,2.9514093415289744,1.5701256521935296,0.6626207189681176,2.2541354213317577,2.4950828979736097
555,2.1065104957311283,2.199656152038258,1.9363406571770412,2.0,0.023819616014966738,0.0
556,2.4163550241929426,2.180353883186183,0.8645625795059966,0.6690548577867363,2.9150814159391762,3.0
557,3.30808000981163,3.550838756977587,1.8781318689257633,1.9099907182351907,0.8155593400704961,0.8005053092933953
558,2.7690541798184247,2.87763929301627,0.7247854592266496,0.9836744529348788,2.029897921333662,1.7985037492329317
559,1.6884447444422381,1.856781941709237,0.9227600163040859,1.0634582119037905,1.9084262126124973,2.0300903768239604
560,3.962095748593221,4.0,1.0728270377790654,1.0557603653653456,0.3815873040673058,0.36869146358449084
561,3.518234248800674,3.862008692906722,0.5517419323550109,0.6007183749684567,0.7295835945377366,0.8055238594471286
562,1.5311913433724798,1.5,1.793346213039598,1.2715238319856221,2.247897186477859,2.7328288536006453
563,2.7664192177793,2.7367884615444193,1.1882487598242,1.1034489034568815,0.1413616863050201,0.1572364823948941
564,2.2026865195292613,2.2216318552432766,1.7457301977009272,1.7520120031543729,1.1652771674537339,1.2142521276458682
565,3.7337204015769587,3.8751580937852816,0.22998084866971033,0.23607620866566156,0.535399735426769,0.5284343145797258
566,2.7461210887821057,2.8664276141844227,1.9308798800285718,2.0,2.635270163112879,2.6805133758333595
567,3.863634412054147,3.825263997948805,1.0881041574798462,0.9706080117963769,0.2233706003622168,0.2407887138757973
568,2.4775264696337693,2.423443746465873,0.1641231432965108,0.13001314612957884,0.5644119159345329,0.5581953645770817
569,2.951749558129811,2.783643656359196,0.2536359878444414,0.20637435061664094,0.8209554364741933,0.7878177287258766
570,1.7788754516115932,1.61377299517003,0.7322983734483701,0.5034538929877862,1.6519702570521342,1.7307653067988436
571,1.6944207897057282,1.659379476983304,0.524391252732261,0.4687732208069346,0.7492439678565234,0.700562970913266
572,3.832047689663507,3.5044326832949553,1.3664643123949305,1.0665027563532283,2.1680623109266777,2.2654726529599065
573,1.5181447109611501,1.6015846504079818,1.8900572381428156,1.8675037838529895,0.37090300450817837,0.4781179483747261
574,3.08583608729052,3.121411470171964,1.5573177308443351,1.5224705201645081,0.10534903173940835,0.07665431243246397
575,2.3502773440779277,2.6567759234960073,1.0063032433285648,1.2031704704161434,1.8057305023830164,1.8494199774409097
576,2.1010521989992994,2.0747366276443486,0.5760292891015126,0.5479243555538685,0.1786126427769087,0.20025853475534136
577,1.7977183434382156,2.051821168203053,0.3796530402796816,0.45551516202925385,2.035129853683081,2.08480889359735
578,3.6133594716495123,3.3844685387915288,0.8205955082415595,0.63066644611467,2.9347452393068396,3.0
579,3.8395814607664884,4.0,1.3680918317890725,1.2813257294626765,2.4193069913378618,2.401089541676595
580,2.78835012259059,2.782233400184494,1.2585415562449105,1.307395372248607,0.9366951812810379,0.9082448507474269
581,2.2145039882862894,2.282456957182194,0.6031788217618181,0.7018566620426642,2.03290148114279,1.8914571421997544
582,3.6300378808448013,3.873358794259609,1.0177081796024743,1.1356108722067506,2.9080067713349576,3.0
583,2.5560262912412774,2.631299084619789,0.41592225919645665,0.4074660464184653,0.08162191096184623,0.052759158025545386
584,1.9190552721991756,1.8163665690127613,0.9734980621418564,0.7971904208822368,0.020114589550135786,0.0574363470778954
585,3.806386530397722,4.0,0.7827106049303904,0.7969737083787042,2.3186965441219973,2.2986269509623436
586,2.245431762879408,2.180707803835398,1.7808799791031564,1.6867166116906371,1.6083194126513152,1.5924046953843618
587,2.480224438261688,2.466608415673685,1.169861663388565,0.9775366386081328,1.1811058785424053,1.2576289446628581
588,3.0513018581382982,2.8280935739751194,1.348228890654997,1.317448916279468,2.1190537388413797,2.2113689048020992
589,3.428860746021293,3.898987860399928,0.6128762076595368,0.760722164597035,0.16405861477135186,0.11869397521152274
590,3.932420582607187,4.0,1.9195859200554164,1.7099530761724424,1.9447833615725227,2.127122328455932
591,3.5988945926214617,3.6506775278862684,1.0105646712050966,0.9141550137775121,1.8482808668232962,1.9089332165387483
592,3.6074967760681487,4.0,0.873090638206544,1.188994672993515,1.4916072062060244,1.4577658903485444
593,2.147114201784082,2.0553712269144464,0.29595634517924974,0.21395423320894813,1.0564328077504646,1.1445271370128451
594,3.215456157045798,2.6168903307653837,1.7295382090969933,1.2657731379841115,0.029176811739594966,0.06931542255603577
595,3.5112365425444167,3.6847450480668114,0.19523784980473874,0.21922314552434394,0.11781360079823333,0.07293964561166931
596,3.439289391154177,3.222974268036803,0.3779326761468986,0.1994182412770651,1.4002061561991983,1.5790708500396096
597,2.758299295177071,2.5033445299754,0.8268222350224452,0.6053659477831435,1.535469967590379,1.5977987085475114
598,3.4687379650615506,3.577810945353311,1.8121082044814727,2.0,2.1720216156033603,2.3266915482929242
599,3.514666454226938,4.0,1.5748480377633065,1.957653536868176,2.9680054992774854,3.0
600,3.3479122585409478,2.6678866926542204,1.9134694546780502,0.6563240604808894,2.2967282586510596,2.7178274892057432
601,2.0746377839656036,2.3123589578421804,1.7079400896691441,2.0,2.8832643960496562,2.8386735426170464
602,1.9324410947142108,1.951360197501265,0.6391026524129487,0.6506852004677168,1.3332461509800573,1.328781926702179
603,2.603565961113402,2.7454236652295068,1.6282961498133552,1.8986547290582874,1.3148897229771317,1.3400266198412187
604,3.8624751479028556,4.0,0.7930996381742191,0.8000303540787167,0.5943758492910745,0.6067304609128105
605,1.8693988454115804,2.106906198247233,0.46444480971041646,0.5723035511030642,0.290659739415569,0.3437436410171691
606,2.7824300352397637,2.230237121316171,1.8805590843711084,1.1756271703865615,1.5577839780475085,1.6080390339419353
607,2.0715203823444304,2.2672583081584445,1.8026812146423732,2.0,0.6319388144227136,0.649291990332771
608,2.106110181466386,2.395139667524843,1.62990601572593,2.0,2.4600515460043413,2.467635333723568
609,2.9978083421910693,2.9163341426359737,0.2276723543587847,0.14790592678356798,2.850691042078828,2.897039643192933
610,1.7185995869712611,1.5331308475927399,1.0604293655150974,0.8995477686304134,0.9971486922760223,1.017663419287682
611,3.7943994930527163,3.8856880263930513,1.3624530981076723,1.514957784165316,2.2963279946312856,2.325291903335921
612,3.0401687904554517,2.944717815696756,0.33308904138837603,0.39612463867696035,2.8833255778199423,2.6623486486912014
613,3.465246554083907,3.2639616763920385,0.972585667281964,0.919687724838674,1.2980501620892868,1.185147974140037
614,3.871855558494106,3.4272734578562156,0.5659403627490083,0.37551341555009315,1.4067124263894413,1.416745201612557
615,3.368177591298486,3.534140877407038,0.5152043654129167,0.5856793455978953,1.2606409119829225,1.2894242752904683
616,2.9530922264000443,2.9399793197129123,0.20630588972478503,0.2355447739809121,1.2788030905180752,1.1919169375847152
617,3.9020949427023135,3.685232158275885,1.4755083169031702,1.3592291937009517,2.330112877918954,2.293680535795233
618,1.5967620949723198,1.6077465040643153,0.30249604058117174,0.3229325540535791,0.9560017114328957,0.9241597715798701
619,2.774736873719525,2.7212060825867552,0.30018987060435376,0.27758366062288964,0.061456871791913725,0.08206376334105081
620,3.2183186429405968,2.9698174462017213,0.37451421503324556,0.1,2.331604549819084,2.691852808298612
621,2.761302060013172,3.0758987320822246,1.8099921220117583,2.0,0.023076513600430615,0.0035483136971121623
622,1.6225669948381052,1.5,1.0366139749047614,0.9173590179015013,1.3795247551270422,1.4502292616986776
623,1.5716089019511967,1.5900440420980821,0.6582893030043634,0.5119037194399729,2.850416500914842,2.924756099229963
624,3.9310814434833308,3.7036845546696724,1.036911073498087,0.8272519191963478,1.0401033727512412,1.159234457521652
625,2.1875600226417617,2.178817230761297,1.3728433193757859,1.277375292870263,0.6898322807447459,0.6146193017313936
626,1.5280743903965233,1.557104529867749,0.833886702953099,0.7898137210118907,0.6880720130726885,0.6859065975399449
627,3.1102651479151233,3.6723543603059685,0.7299511088298647,1.1466359764328389,1.588419495349449,1.4869601985589456
628,1.6578830964190598,1.5189545719353958,0.8633714433137836,0.6867733905085834,1.6458067148892206,1.5988413035919973
629,3.3778542190623093,2.981132681808144,0.5777956950515314,0.430230227235895,0.5457570054940311,0.5351952027749028
630,3.4924553263139,3.594528942283115,1.6970359849274241,1.8163400585793776,0.6620663231229157,0.6253767371080255
631,3.7115042635466224,3.7957168525299085,1.629785204004987,2.0,2.5796296872010434,2.293588514738227
632,3.6367996677224195,3.7062050038809913,1.795132050620787,1.6809880400431836,1.031710737989787,1.0943379155105688
633,2.3744723692139345,2.509641743948807,1.651373824984574,1.7366691388077242,0.7643075631822149,0.7237366669155045
634,1.9256931012784575,2.0017837822122972,1.174621906491716,1.1742878633847054,0.41516770121101454,0.4834485914241246
635,3.024682293241404,2.94579038509612,0.3967044022386702,0.4095080068120355,2.2048162897793757,2.0815394139760808
636,3.4527555749670897,3.236602234747001,1.3843079310268065,1.246937565333803,0.9536387651826398,0.86422563747957
637,3.9398229723791545,4.0,1.6853731594567953,1.693420828979313,1.2856052432812444,1.3388991335720308
638,2.6252557308543443,2.2555850386447,1.4909777326512526,1.2764280450687016,0.4500519576807319,0.3609039538117424
639,3.36527667258205,3.9218510579985515,0.8586544741408128,1.012009895632408,0.16810539510313172,0.1964115813227307
640,2.0053697977095375,1.8263340943742925,0.42329195085468674,0.3371184565328237,0.5100418810638254,0.48755283505367164
641,3.7365749591473167,4.0,0.13956957272366038,0.15442344084399198,1.7369176742663015,1.8088989988049968
642,3.68199727797321,3.442203807662911,1.1661265767963582,1.0074029635309498,0.9865795812895005,0.9897791609413435
643,3.6619624776017843,3.4308910589656176,1.2872250281124968,1.09299825565997,0.024042329334174495,0.06806776133849983
644,2.003665532634143,2.051487697538674,0.8285504813618872,0.8436741220785806,0.542013255170738,0.5489765299653458
645,2.7565877484422803,2.510972983880473,1.795059452260806,1.5463222175198337,1.6454273654700113,1.5849238397968466
646,1.8543552627964779,1.7628951077711599,1.4286322012475423,1.3249620344898507,1.24067507965841,1.2078800410270665
647,2.9819361480752447,2.9425771235082125,0.33513111621640396,0.1,2.2805964046419707,2.6185630232376824
648,2.520436111173041,2.54823894947731,1.5095027536392347,1.6160598802660453,0.5468793384612861,0.5280792969478184
649,2.284207026104981,2.526151813171598,1.3396393634292392,1.5352691775926783,2.2589878361921634,2.163586050087212
650,2.878164528454999,2.7220617876858335,0.5790672330590356,0.43463814341716683,1.296203504126528,1.3572368695102963
651,3.760616325680661,3.708138181702168,1.5981589159218377,1.5629595854022478,0.13212790316829137,0.11626438347146996
652,3.4314550134747783,3.652874402750351,0.9493624303433115,1.1785095445245388,2.3550986254573965,2.225352419526514
653,2.1962306023974163,2.377392313538668,1.8238149883325705,2.0,0.12418445439929793,0.1425823369078945
654,3.5651435154040465,4.0,0.9219285049259736,1.3328873587837198,2.8356137951301323,2.770276287316603
655,2.6014732548619435,2.7242124946161588,0.972570149684574,1.091663516285768,1.3932518064697925,1.2530581598386608
656,2.6767344726395486,2.953088398015229,0.8208157782875624,1.2891939561571504,2.70420001525928,2.540924455926533
657,3.6786328171253766,4.0,0.23503835815257532,0.4598126022429264,2.314303317408462,2.086062398699408
658,3.8629998042622877,3.073624507066869,0.8174145131786299,0.2575379022423759,1.8261195434488893,2.1967184658360246
659,3.345978945715075,3.946378892467954,1.5719197242557763,2.0,2.4400823224739296,2.4829313903856707
660,2.126658811934262,2.030996111720863,1.689471210461271,1.5590203705124341,0.7739386222577583,0.81167684709058
661,2.335797124541843,2.4368369346207808,1.1910316936077454,1.0842706621828406,2.0841891925528686,2.257501090964219
662,2.5349746497844294,2.1547870474706348,1.9373699741424546,1.4420026409440414,0.18070725691794765,0.18691943133528316
663,2.286587344411421,2.192671942853977,1.0895011601053723,1.1197762889716631,2.37576820575201,2.211214941634831
664,1.6302813269639735,1.875168686107791,0.9260686313973531,1.2086234629694397,0.5000010994839221,0.5114705007789164
665,1.7534051269224995,1.7804104844579276,0.1671371870390859,0.16975835658252533,0.5535020013407315,0.5590830500166765
666,3.2114922552944276,3.1979279611969313,0.20586949642772503,0.2548148825584772,1.9017552621908749,1.7708785261990758
667,2.197715511612703,2.3846497853832833,0.13181599625625584,0.1,1.5411114532562995,1.718788866025083
668,2.5923058767524423,2.4644038552103584,1.0989623624980147,0.7719534673984302,2.771347885072889,2.961744813053788
669,2.5464073043142115,2.6100717233182973,0.27696005046129446,0.31305984919064805,0.7289622168575193,0.6675998292736015
670,3.3975431512923127,3.1458334040587843,0.5738979538546196,0.3215519042591661,2.249510788850523,2.4476400227301505
671,3.6570637815142573,3.374339388478661,0.2868344155409003,0.13461444594271038,1.7982795312298403,1.8948610352541118
672,3.045249315072512,3.011850817540308,0.6624080781068963,0.6668724680829551,1.4744916740572582,1.4689614173855254
673,3.0688793903073446,2.981113671619715,0.3478037675965271,0.3091293087016575,0.4309638705648339,0.39809164325630136
674,3.472156654032945,2.7689257026382004,1.0698629077253745,0.6804254869016543,0.13592951262718012,0.1757723145223977
675,3.9254108973430375,3.905616737038415,0.2302144334041133,0.2185933853356315,0.027020404054772795,0.030793978113884662
676,2.6199715696735746,2.3311312372834676,1.3168198671360505,0.9492057455956674,2.604071895581929,2.5375232495663744
677,2.128186870386818,2.089730604923366,0.5713705234485648,0.5163771892014579,1.766337947479604,1.8304227839160256
678,2.5021030371361244,2.5635626273982437,0.37856930378678777,0.39729058166409914,0.006891344875016192,0.0
679,2.7793397351588323,2.8975007358126272,0.3874277007183642,0.1,1.7248150466042704,2.2343457661300037
680,2.1376537463633714,1.9505967366549481,1.6726198072391592,1.4121611210938623,2.8278416574147447,2.8007551037796943
681,3.1836303858014885,2.8987628503768628,1.5162092432953993,0.8361577320988212,2.7726550290737384,3.0
682,1.9656205627843697,1.9354179199279353,0.9356666058991029,1.0260656536973427,1.9185360684815902,1.8970192574844247
683,2.646983636091516,2.95426912956121,1.614000068787565,1.9204025746018276,0.7312804598591277,0.8084083421759858
684,3.6646212998912433,3.3640163780886545,0.8246976032473927,0.6534195476355825,1.4948019028831379,1.5275548994723391
685,2.6888803401212,2.492854325051139,1.8971979261731515,1.5745873997604798,0.1089528741459802,0.057460602087828674
686,3.7262982607906343,3.0995576487690197,1.9162058908843493,1.200395670988734,1.748532628202418,1.8395712528731443
687,1.668819225142586,1.8504900144110514,0.9954054990746958,0.9346542000933515,2.47221883967155,2.6578543243237673
688,3.69081451410836,3.9999834044636833,1.0076027794789255,1.0937863157427654,0.18268023672956035,0.1850758993540653
689,2.8660477555533843,3.2232191812361393,1.634152295481933,1.9999984661767378,2.4575804593226573,2.403494129500766
690,3.181690757730517,2.828645181167336,1.8667526796048015,1.5724234913462891,0.5448695678973268,0.5617599480291241
691,3.6157124393138114,3.904219874591838,0.993951907886469,1.0893436148403668,1.358551374775958,1.3566436076545274
692,3.498413050738841,2.991274709727267,0.9679402370352076,0.6246138309580871,1.1495354485717288,1.2506716280574113
693,2.8098231997891276,2.7234946243251112,0.9909329742190819,0.784417557920036,1.1985006240190816,1.242791220060979
694,3.18529308268715,2.786296375664496,1.6595381277738697,1.4130217783948453,0.9544448755880041,0.962816857359101
695,1.787360739649691,1.9171582832111065,0.12027603333159453,0.33620053661607835,2.2283310542543115,2.0354531158663414
696,3.500613043234527,3.5418331254006263,0.5318243205440584,0.557374337559127,0.6061443192217028,0.5829577793117153
697,3.3086690360024127,3.6013112121539197,1.1671427248003021,1.2878217328607438,0.16207689867620623,0.18260323624503344
698,3.80313264937615,3.6899437262887407,0.24189322478937447,0.1,1.8542136256028048,2.128672760507099
699,2.172325710312306,2.297860519990401,0.9069414890809095,1.013806251291439,1.3679574830746215,1.3306222988626575
700,1.7619170949457081,1.5,1.7770475245533763,1.304800915976418,0.43975492488294465,0.3783158320982553
701,3.976823695787756,4.0,0.5988891339085473,0.6345249244298611,0.09282905247847406,0.10993212405457856
702,2.5929992912374864,2.3661162685623935,1.3329458535420289,0.89357758576931,1.9419375414462736,1.9975539077042586
703,2.971173212452878,3.345823302136224,1.7293412135028392,2.0,2.429691400391878,2.527053727939087
704,2.8437059647711203,2.6713443032609474,0.8005553831147119,0.7883463960704441,2.0750813977789258,2.027147931025021
705,1.7987731660500854,1.7997072613322072,0.47647654088448155,0.4196536618282212,0.823344297145056,0.8330576749285978
706,3.1804939096079092,3.232208267738407,1.7799394990238526,1.9506105824873579,1.4807043736839662,1.4496690177496085
707,1.6881618478402793,1.8372352900332223,0.6399901002021496,0.6089589576696744,2.8065350375726714,3.0
708,3.88216672727285,3.307711370191565,1.8077564333169902,1.4293269237554822,2.7155943468131465,2.7128710397654205
709,3.791668414402806,3.819863373485432,1.75389884408969,1.6624161897156349,0.1871443505106387,0.17060812533181835
710,1.8681971852887491,1.7827571327714427,0.3904056824938408,0.264538876290118,1.1006950140276517,1.1234917758584777
711,2.2534434575589,2.2584598887730674,1.889971554050145,1.8224452598955139,1.4530332669622572,1.3848201576259258
712,3.685857236943168,4.0,1.0003264290305116,1.0917559851092382,1.671828943095073,1.7527499476552282
713,2.629160618655063,2.7993015549532525,1.322448828688507,1.3020089376150055,2.836613831750893,3.0
714,3.1566236125359093,3.301050662167271,0.2138087329212253,0.25116718604814164,1.2865351633800337,1.2864009718446467
715,1.9062079790121196,1.807579830162832,1.234467094957815,1.0026857599954717,0.719343043283755,0.6375686474570443
716,1.588558376219727,1.6096142216513583,0.7074187849262722,0.7145817729088417,0.26343452921788524,0.27226511390308344
717,1.7121473263772002,1.8783976348411153,1.385563586177866,1.5596406511090732,0.8823683344409029,0.9241334172416018
718,3.3669563683742214,3.259090864442136,1.8222166907925172,1.5724012818920465,2.174279310622085,2.256465240352514
719,3.780114545052663,3.5725869774370853,1.5696088747975616,1.164463897079312,1.501332763793124,1.592660839835927
720,2.4086627657839745,2.337073949746062,1.3012720169924807,1.2271294220565498,0.4860745518754974,0.45053773387614454
721,2.5253799388155103,2.5632058215425206,0.1593498702570571,0.14593744007543896,0.26157254680337916,0.2352118041120381
722,1.9723530560882199,2.0941565407806317,1.5380010144755665,1.6931675401395203,0.25887192394654135,0.16028063708418516
723,2.014112414495228,2.1929563684824824,1.8390976157981473,2.0,1.7772554869710953,1.8591222874904119
724,2.7726339388797374,2.678788506952775,0.3299664219424913,0.26459789892319324,0.098363870016269,0.15017531710771695
725,2.159349278478561,2.2467028944855443,1.4205933076770525,1.3435544226946632,0.7175257348942908,0.7982069813171048
726,2.879879584819955,3.095572848150786,0.6813342415276542,0.7280363542074031,0.047927897336235814,0.0
727,3.7599061285868745,3.6275395972981466,0.6323357279093083,0.5555879363537662,0.620812884178103,0.5623680773008457
728,3.365574383727999,3.2379043274675894,1.4448526764888279,1.3753927756381072,1.4669861997896367,1.5265973256621144
729,2.0513602550818546,2.016019252113793,0.4324383150235225,0.43629819336086334,0.37193941400249675,0.3105522100259968
730,3.553109135105684,4.0,0.8125393847459067,1.501571070860911,2.689724375082325,2.2363133579442582
731,3.3316353113706265,3.314064827995232,0.4287745729701654,0.3807632889747333,1.049127425443598,1.0759819142174685
732,3.982543754015203,4.0,1.8712775133745605,1.908819065028545,2.218570247588691,2.164064855565581
733,2.0245830931716453,1.891872517635208,1.5662294446669207,1.2559792543610129,0.07571883203719698,0.07416845967254435
734,2.437103760916644,2.2829269244884767,1.4177352166857378,0.974856951319593,1.8436277748930872,2.120894340825416
735,3.8551622677795363,3.613366531164708,1.6363447792529955,1.3528691195388294,1.469332264053377,1.4596300134614963
736,1.7313476681688196,1.896685822849371,0.8320857752989672,0.9866551658685613,0.17088742281476155,0.18295972466229568
737,2.931742945131832,3.4693599110157276,0.7170179771687973,0.8709879868357117,1.566298059930464,1.5869296259656047
738,2.0031874843702164,2.2492614506051227,0.4200269699079018,0.5516228484532961,0.4384551457500827,0.40197111471998204
739,3.8493106690853818,4.0,1.7227574496081486,1.7463239714863512,0.5406154478034155,0.5662850872857802
740,2.4546986302805283,2.290190547197822,1.2452769456862793,1.0475618671876357,0.27396884578278646,0.30216114769157343
741,2.663242647656566,2.6775566959666053,1.8152544923325367,1.6398892498288251,0.737958123982598,0.7159752153873312
742,3.9904394533611707,3.9231141272370977,1.8464785953234282,1.9357022784721682,2.417177594956457,2.300520585290538
743,3.129517525707218,2.929332558864676,0.7715499288563961,0.5848760056916078,2.9325136729139083,2.916122219844116
744,3.336914506341997,3.346270391338424,1.4704140469922609,1.3030849572945256,1.4001306991794071,1.4775748013309937
745,2.917756267770018,3.1293511025586875,0.81277780160191,0.9242929143549115,1.9654814944840115,1.8618621755129974
746,1.6901848838953892,1.5,1.7331384426125351,1.4025822635811729,1.8676798759301996,1.9561822774264561
747,3.7139979948119266,4.0,0.6109099936745553,0.6902322766778262,1.474457268253707,1.3643371799655526
748,3.162821090492919,2.6742577347953618,1.025103514365315,0.5041270776231211,2.6815068261115282,2.9708158380952314
749,2.579099736428468,2.4835345984118438,1.3312901211173422,1.2315207437433655,1.0997052616420886,1.1465835348934599
750,2.7738548161972023,2.9499245370887612,0.28294173098081404,0.47489934272172507,2.6204759457757465,2.508363536051913
751,2.5435327480222085,3.0238648183033616,1.2302775179394738,1.686413449859468,1.1252833551030426,1.143772757785278
752,2.93524065792222,2.8599949370157667,0.7791521504825689,0.8197997963332979,2.9690522322446213,3.0
753,3.1565758656146583,3.143098668360504,0.10939663266799807,0.10920743597382815,0.48221560594899926,0.5119478439294447
754,2.768576487136461,2.8927487169309,1.5157511519151292,1.7394356638918358,1.5248943335584126,1.6013797710272575
755,1.6637437971388915,1.6779516693192174,1.5468150995422174,1.56581201385049,1.1085315991389497,1.1633761807962406
756,3.230546184152341,3.1628274975415755,0.8443265557853387,0.8252097334121495,1.245301219636774,1.2499684520164038
757,2.4380849021693005,2.540888323585006,1.1223509694449336,1.017763101004725,2.760363897429399,2.9296709450070817
758,2.7776415991739616,2.622549727932884,0.42597533274461064,0.22914186177598975,1.375358204741194,1.5715393398287771
759,2.901236230151521,3.077612923128451,1.6604762168484435,1.7020910381585013,1.451441283089998,1.4605777778425832
760,1.8671893931258141,1.9090697598966644,1.78623563489957,1.6777545455215548,1.5807227508005273,1.7633781841002256
761,3.453700537038152,3.3865157921235185,1.8800802330873108,1.7276362964945855,0.1087128219560769,0.1447898111671176
762,2.1298714806657486,2.0249271858313658,1.7226563976323257,1.5258371367304724,0.5547791602409361,0.6477170229567112
763,1.709275163284158,1.8356995774536031,1.2476656086763043,1.2718765082275272,0.2702838480452139,0.21203572046591998
764,3.412304465242581,2.6807691244668734,1.7651240079505328,1.2112474772105728,0.3854692576497577,0.36388764115023897
765,3.977104631731262,4.0,1.0514866977399604,0.9714495464559522,0.6422725871618328,0.6957294744503913
766,1.6404327867023911,1.6240824004390377,1.462508555808403,1.3568876120227504,0.5630686763572197,0.6046792803443409
767,1.6093015508818553,1.5017360596033746,1.1686185676037775,0.9468176933030896,0.5154306538480528,0.5206572755088635
768,2.1761258397285994,2.1215850515994727,0.1304207633668405,0.11400756531856289,0.1764668257083415,0.19299783780475968
769,2.2977565577359798,2.3914093059775627,1.843131140405624,2.0,1.4158273077884798,1.4073841626369166
770,1.9027616760653459,1.6033507056522593,1.2100829545006493,0.5245403457594922,2.101575859915367,2.246622659550143
771,3.3942340725975204,3.0445255034270233,0.6098297026029579,0.1,2.178621236518891,2.8049436481996506
772,1.953204810465975,1.796046142378887,0.5919866962835925,0.1,1.995148232409964,2.4812871911343004
773,3.3757798007733713,3.4332846003600577,1.3478969923605393,1.3261531499036538,0.689848870263885,0.6702927307403623
774,3.3812458439401114,3.550062393770837,1.3176326150807458,1.9887330956312887,2.8943320688880902,2.3988006067917635
775,3.2011444063444867,3.0441761820624804,1.0651597612394308,0.9960731626702304,1.2766654444972705,1.2173167534411158
776,2.784526318488731,2.726035539567981,1.121999903783705,1.012386147888744,0.5537204422262927,0.6098023270736788
777,2.7084055401192817,2.7553441910508374,1.7473827028108395,1.5502690716000254,2.128747620064592,2.2180616395537056
778,1.5932305392027581,1.7251367885647646,1.735484659547715,1.879893073118906,0.05539351135675985,0.0
779,2.0319561693374997,2.1665933278881764,1.260467420406446,1.2762092260765905,0.06605935151819586,0.04381542698943348
780,3.4153072098900816,3.4100456969242625,1.48227734597983,1.5687339074793845,0.4743734082254747,0.45442974747354625
781,3.7126664151360784,3.70854532171917,1.3350935094615688,1.2167561754247032,1.8609360016261172,1.9433416857812182
782,2.2428183508911697,2.026395766500166,0.9688200060807165,0.8190393802539443,0.7600922024376434,0.7642404668598464
783,2.4714965940681237,2.9359698102903744,0.9836604216175396,1.7973462434508538,2.3243660859841047,2.062105483853722
784,2.458765403350501,2.3058108909886683,1.5032638025830305,1.2934892744203235,0.0070253886013145195,0.0
785,2.1516248208068567,2.069048761407048,1.8222085389998488,1.3521369125349287,2.1729302728064814,2.3291101059776995
786,2.0890079191416673,2.0751606291264224,1.2791624529450092,1.2280100369015674,0.5348359713016757,0.5566994362113702
787,2.6033956006438848,3.025138202819134,0.535925426747284,0.6424551811100649,1.9858125658971368,2.036788701169505
788,2.07111983663325,2.0511258380539275,0.23350495471237764,0.19491393808059346,1.0741983492992941,1.1143355817139755
789,2.4903679025241674,2.410808425774948,1.5043338256125338,1.1384465640753858,2.2218122000059717,2.355753801528474
790,2.6833307982494117,2.7652334492399913,0.8440426588725549,0.8550201675234086,0.5801493503108446,0.5654793997862273
791,3.4188538840449505,3.5942593544288397,1.4729952419760368,1.5388340748720652,0.08815922567800716,0.06879033497988635
792,3.3692743809378833,3.316432402723208,0.5673839056261752,0.5588531017556323,1.2133356565057636,1.2094965240342328
793,3.8302738593640644,3.4078161384126844,0.8408632215429511,0.2999996993307437,2.5973807854931237,3.0
794,3.308484617598558,3.2167124869122286,1.8648764179019208,1.8573886135417046,2.508094377892549,2.4390268260240378
795,3.0044685822603023,3.188410973294249,1.8141679621107738,1.8315603938878153,0.5255251900430042,0.5096993922111179
796,2.402454532937064,2.2266924487658972,1.3807483976528905,0.9655439704476045,2.092454060441379,2.3745349948836942
797,2.454530236336582,2.5650784940189455,1.8988837231806341,2.0,2.6501568198316883,2.5893052470748352
798,2.7828943433009212,2.5677111731142843,1.7829924204648793,1.7488267308317809,2.349752157972505,2.1831185385953615
799,3.733894950212806,4.0,1.4434272695035324,1.6174586306591987,0.519419844640893,0.4320613915338357
800,2.0961522910922907,2.186308044871807,1.1125651175417377,1.2320410409210527,1.4533633569541209,1.506679786787333
801,3.861773409367212,4.0,1.4357846837506643,1.404383340009245,1.3895554736255291,1.3704646773358715
802,2.340810464261075,2.425317565970495,1.3796728728391634,1.4954148734827926,2.3376890632554135,2.3345489023837342
803,3.4827049046903418,3.6281488428484003,0.5182857398329411,0.5734413261416452,0.053715134802216236,0.027509524865655593
804,1.829348814163,1.6667292787624495,1.6590767139588132,1.0197153130567655,2.579613507737761,3.0
805,3.0069965512836667,3.7743461148039024,1.3479963323634532,2.0,1.8311296016577328,1.8372366846292718
806,1.7143674948871266,1.5645341888494366,1.1933047429049095,1.0465224020969581,2.1002254185783835,2.0359334152819506
807,1.5885268417031162,1.6317245785362855,1.0412009770732626,1.055877608700613,0.9561840632620253,0.9698699171668801
808,3.687296280859406,2.8681976507771356,1.3564036768656058,0.2971887971345184,2.377424093108296,2.999790270116952
809,2.1024334632049344,2.144720803090636,1.556006182715573,1.360175617278782,1.7615067787208982,1.7962357508408664
810,3.5919846199301473,3.8745985789173765,0.7863186234379755,1.2896998984357806,2.913871169744737,2.523111682670682
811,1.5352772070800116,1.6634833150295931,0.943061476628354,0.9908334538873879,1.8979681730636617,1.9091525174503057
812,1.5143942849357228,1.5,0.4822359218107838,0.482474854645968,0.5373783574887996,0.5622643965689079
813,1.5954067572700872,1.73131973442875,0.12840541664516314,0.3817814273279184,2.2544482056642865,2.1631612847969084
814,3.047809481976258,3.112270587183216,0.6535119951930412,0.7143257017264797,1.5847475090212546,1.5570911361143718
815,3.448111585595397,3.3837060248286823,1.1202540086972395,1.0569998814840815,0.7389724619843011,0.7454457989321298
816,1.6363700631921538,1.5,1.9539423025370735,1.766134384328782,0.576863790836672,0.6174983124434958
817,2.457954034023504,2.600949684298265,0.2631400796714394,0.6449451359627738,2.6237926474540774,2.2217648215612673
818,1.7830995238580793,1.7953220055949999,1.567291514941684,1.802399054063373,2.4795547782575458,2.3808682095863856
819,2.0523709334042612,1.9799660915616477,0.6375436166554941,0.539112117948582,0.7927308043792873,0.8162400264766713
820,3.2211142734493468,2.95411784194067,0.7777517215804958,0.5809647918374479,2.9519508649191764,3.0
821,1.6663738640282195,2.038010095167574,0.9212402438466331,1.351623706596382,0.8216122340354545,0.8228566932975782
822,3.20745288894084,3.306880568596378,1.7089932092605846,1.758602779586088,0.04786516489872217,0.04573250115567132
823,3.8761710805492466,3.5552567416127743,0.5642515698066104,0.4049872709038274,2.862299776700803,2.8725553160683464
824,3.956503844663806,3.791368983547833,1.4740803012963422,1.3592995811156552,1.501898149746969,1.5761029924204952
825,1.68014216509332,1.8001070946062099,0.3580405270874434,0.3973673111216708,0.04539292321629962,0.03747213706606163
826,3.8552281255047336,3.417624688891567,0.265596720551018,0.20177129854322465,1.8888795451934781,1.7636673631325859
827,3.157665252191588,3.2158324294322527,1.818408302808903,1.772852794628401,1.80724563318597,1.8226902953489308
828,2.2372794035570447,2.2944331052866307,0.673205885198753,0.7450917200799241,0.8867166558843547,0.8385786036655675
829,2.4129731773253336,2.581443481638906,0.353744704995942,0.4069997982290524,0.394242031832551,0.3725693616317449
830,3.5953886515550684,3.655743538364449,0.6817462848576292,0.6700082001409114,1.519523286673906,1.5652449804264423
831,3.9024878697072145,4.0,0.889332774542682,0.9696957210653813,1.3162773756559845,1.2782809781908036
832,2.024369758050689,2.0773871013240908,0.16486374696099154,0.1979502503635042,1.0519672608973185,1.0535382298500329
833,3.6890010897214216,4.0,0.2127521885345491,0.36496644953403157,2.1954904910791697,1.97941270057819
834,3.2186149199840437,3.0057140241099973,1.2061689817033918,0.9831796021402254,1.3371295034956512,1.449795561163227
835,2.6040731919001026,2.65659600975194,1.689569352218201,1.6578333330609722,2.5777163865843113,2.5963790610244186
836,3.645763551798141,4.0,1.1122260372919226,1.333935627384156,1.6024315634977064,1.521600733083868
837,3.5764006538051847,3.1981455454384107,1.8464077011124902,1.6208783489042213,0.4200330053769359,0.4158547250712915
838,2.9346080707938125,3.2385654574289284,1.2530378981405133,1.5541068974667929,2.572136305263483,2.5877278772017287
839,2.878533482927918,3.506742673591825,1.4864648316308173,2.0,2.725252540232848,2.656506037352952
840,2.656741639891983,2.622756528434827,0.3365282516130479,0.36200967106808896,1.5006166684338151,1.4774381313065381
841,2.14974734797707,2.1549860606132896,0.7774850464836927,0.6983307362862069,2.69951546455565,2.740233699632827
842,3.8199018788065677,3.36123196639437,0.8969822038590275,0.6216993763830311,1.8864506163471477,1.8753603609378509
843,1.6935931899378907,1.8117236732370299,0.4089862299362236,0.5306952593841128,1.4148111149602103,1.2956270151622324
844,2.5553106937967858,2.796603753975498,0.1306750329128964,0.1515876052128968,0.2869042548514299,0.3103004296020713
845,3.0370506898297545,3.309966799320529,0.3933776490905435,0.4520156696354293,0.7392400051891512,0.758820832575483
846,1.7602268434174904,1.5,1.820365246243234,1.0371688327315474,2.829677546547523,3.0
847,3.510142235293962,3.523786839464022,0.5510581664830019,0.5547314334755422,1.0921867837700705,1.065369637548927
848,2.491134420027905,2.4846667763629617,0.6169542492276089,0.6011653431509401,1.2052367452665318,1.2361592095276346
849,3.5349478436194772,3.7836254757339196,1.6506212936704812,1.7843738195672574,1.1176455136355457,1.1640202022146762
850,1.6886177242766884,1.8505522430618777,1.7585277403515136,2.0,2.211492012279007,2.19190089160976
851,1.958048885584489,2.026855458339993,0.3958133336863152,0.2931758264218714,2.7208015132450543,3.0
852,2.079489534317938,1.8450654419258672,1.6233431145530233,1.0659368019414224,2.908678419703376,3.0
853,2.1633131923492406,2.175862147750961,0.3356699851905129,0.1,2.7053391937022204,2.983673734820183
854,2.324765543914622,2.167619320356721,0.796941398676746,0.5352321808957212,2.0080850860545767,2.150940809802754
855,3.576861973870365,3.439356344844152,1.1385338963093175,0.8321602786290817,1.7346785690031503,1.8913558667196575
856,1.9403045101868002,1.8055422551509486,0.45535472544058,0.1,2.695173511327471,2.8849097234926635
857,3.979910101055091,4.0,0.5506238463505622,0.6781767236476203,2.769168757760623,2.5834091202077727
858,2.5139980340134214,2.365158597988545,1.2842973366401729,0.858831129828929,2.763410530366536,2.9743904364954123
859,3.261490737653041,3.0766225311417243,1.6617260562011453,1.2328612196570539,1.5722902650961745,1.7559606133022185
860,2.1464244187540227,2.2237849692741563,0.6845209523001426,0.9001729695514435,2.4435934936175197,2.357361099937261
861,3.151843526224352,3.6861646426802794,1.5183133993238547,2.0,2.9064228811925346,2.8461096388805367
862,3.3861626556296756,3.327480863081708,0.42560587911841175,0.40773768898950125,0.9947239096759914,1.019446657546505
863,3.5730724369116573,3.7559149578486353,1.902873911021383,2.0,2.667377745843287,2.764309585599814
864,2.4105214676927327,2.2699641219519924,0.7547367079741436,0.5931373375323955,1.4217271371161786,1.422900194493089
865,3.418818127892022,2.9849317320459616,1.893484543969344,1.2549969168058925,1.5779696265372865,1.7686731179076098
866,1.7739944827183127,1.6178253131264662,1.6309732923527374,1.415821460671191,2.418249721237239,2.3897845607552384
867,1.719925633859861,1.8521604621080898,0.14754157237178117,0.19542476029422168,1.0548176321795792,1.0326159627902405
868,2.180362095288915,2.1417202712007093,1.2466841974429905,1.2613941030949052,1.0846663735159592,1.0920158736174965
869,2.6668997079229873,3.225610047923733,0.9865592965094877,1.27530613028963,0.9808787575792042,1.0254972529348811
870,2.2923232716450848,2.1488150610976895,0.9465277910030023,0.7280123413693659,0.9029242190898005,0.9849933456154347
871,3.535529622149264,3.672644884940557,1.9514693568809949,2.0,1.9183732327066787,1.9580783276646776
872,3.3314411157946315,3.1629532262891398,1.2423154388439843,1.1158535567305754,1.1045004807784187,1.1182786749170415
873,3.7695120301082596,4.0,0.5548295852410143,0.7213345234428751,2.1340773965737743,2.0183802580972316
874,2.3868144877028894,2.3153462250902543,0.37761119867658144,0.29709628817740336,1.7173708932147513,1.8121618742303736
875,3.6449128802787505,3.701602167642773,0.5323955963382163,0.529092198186745,1.5367582449968196,1.473736677592915
876,3.0036467827083175,2.751891267277723,1.208443132180465,0.9329367934697954,2.4144061087833606,2.4537204126802865
877,3.91656711612142,4.0,1.217599790933508,1.2469964988870244,2.675463507098181,2.611863788532044
878,1.9300798461943012,1.8564375367520483,0.6268409505876932,0.5685824847480443,0.6971764959749746,0.6988174322448223
879,2.798435888636763,2.6281408229810443,0.583321122314995,0.44275699380127476,0.9115452256500142,0.9814673434112572
880,2.9135945693276217,2.946887123582663,1.1261154761584016,1.0892215954283713,1.0300298264375283,1.068271826397878
881,3.4976864706388686,3.0210352054524097,1.898302503749421,1.316851061526248,2.4451071780002644,2.4372775446046213
882,2.5802199550885554,2.4743082425750327,0.16716054491165644,0.13719643148029667,1.185449991798772,1.1647551357326382
883,2.713705531501665,2.9229297584786336,0.7188563726543483,0.966828858524805,1.163641861909623,1.0016659580443523
884,2.6308368886309914,2.2540318164930535,1.6674674523507893,1.3160640039286122,0.3058512520276798,0.27534798795754734
885,1.9424567408690316,1.9989824792298372,0.21951434623327784,0.1,2.5235016384248627,2.7645053079570485
886,3.9279963718813353,3.2221988614614427,1.4070432950232261,0.8369897394933569,2.8377630520042016,3.0
887,3.0180822086321997,3.13092625529051,0.8426025221051977,0.8868733451894955,0.3248256864899236,0.31012518321871785
888,2.261211101857592,2.0346716584603164,1.5512158789511648,1.2247341382009642,1.0173546296048839,1.0069112718027093
889,1.7677194533598222,1.9807016207780221,0.22292333674723425,0.3905630936004437,1.513404227073152,1.4462808139790682
890,3.5638891050492623,3.4246984608586972,1.4750513492329016,1.2153308092683361,1.0829756246198883,1.1332124846602811
891,2.328659599736895,2.403675736273243,1.6410095539176541,1.709945378699217,1.677025442115654,1.7226093456899307
892,3.764674366957536,3.6844688212557624,0.1850034550703002,0.1,1.6888737454970322,1.7740921326991381
893,2.2492385592625075,2.1775703015048804,1.0108229574365832,0.8910840862057191,1.3240182237993308,1.2866899391665956
894,2.01332106189271,2.055306339833646,0.851718375488378,0.9633468291549993,1.0081332939265337,1.0352864710921985
895,2.1830436732152823,2.360016470714832,0.25225226065608064,0.22826928630465945,1.7311032839652443,1.8784201946483556
896,2.6747840795096876,2.2612889208794007,1.0208474435268837,0.3837648322461232,2.1663813493117883,2.528258470193516
897,2.8092755778412584,2.721738471502691,1.2226584937004348,0.8584393619208912,2.776168551399325,3.0
898,2.8453717038129196,3.21013595328946,0.8544971303277114,1.1109131021759682,0.673769347024722,0.6772590020125687
899,2.008116922503346,2.2657004373679515,1.9054853055688068,2.0,1.4869352280783454,1.564036725159263
900,3.4396120342654415,3.70336086786903,0.6069907573804817,0.7027474017799991,1.2617816590359032,1.2978389101453554
901,2.262414877215145,3.0617784682281264,1.4032016715924993,2.0,0.4312704717515947,0.4479555662292231
902,3.1825309901457675,2.8889087570735743,1.1661926295698006,0.88020876190783,1.5435571206447238,1.6474567868323562
903,3.1689264895068505,3.3269512079783774,1.8123709057998671,1.9969217123578995,0.8967793795996932,0.9251830371360785
904,2.953720174166882,2.885984358769264,0.4817262013578183,0.4686169335463622,0.9289182219736739,0.8959037713652055
905,2.9997626283820513,3.038775404957996,0.9159364344995146,0.729996974646043,2.9282377925809366,3.0
906,2.1317582920619964,2.0428582700141313,0.18879668150525675,0.1,1.8428687723258608,1.8890863113811458
907,3.7462990836227217,3.5932954139474607,1.5920700437922302,1.2680215301330768,2.74531178351337,2.81346395164956
908,3.4906086390344004,3.854867449587345,0.7581550841636041,0.8804340282503256,0.5158827640565686,0.47396999722440447
909,2.4151561909950905,2.522944180187915,0.13848742259783636,0.14457310319185104,1.9057285558622241,1.8672715027234106
910,2.399312330972937,2.012122407590267,1.8971519645578288,1.283422644403533,1.887043010798373,1.8542312802297725
911,1.5480077489549648,1.6609587703849187,1.9275785320134353,2.0,0.472754282630267,0.5285792539134293
912,3.302546396742649,2.9264077769453705,0.7098065387199773,0.3494705929773367,1.871638587224454,2.1563798144922575
913,2.5885234787339,2.5352370172982237,1.1743066757021638,0.9832954952387065,0.7230743402434694,0.7720501623083857
914,1.5677995223805299,1.5,1.3739389272834677,1.2752361910031447,1.1663997551595364,1.1931895066669203
915,3.4791444078439135,3.3474023681642717,1.5362207134532435,1.4636194786969388,1.4164648495991203,1.372294308117755
916,2.8132497958296394,2.869292215462966,0.7735356011792439,0.8869225508953965,1.5455209728772075,1.4967578849326963
917,2.6693452784033873,3.128843401258695,1.4173406116866842,1.6849087294436567,1.9193312215390272,1.9687986353125997
918,1.9360453457082651,1.861568407299789,1.6357053781926882,1.4580827380583141,0.3978687101036086,0.4880366433909554
919,1.5429096493129102,1.8450897927780463,1.2898879181522154,2.0,2.889511010407524,2.881542556241296
920,3.962410958729924,4.0,0.13508708330035318,0.18132368809726793,1.9538738246255154,1.857820015879633
921,1.868379229686401,2.0454542596579928,0.35970906288231896,0.5562531581606477,1.7040147427980898,1.5416625542005347
922,2.810210156679924,2.556237591582986,1.783062073661598,1.3843832190505223,2.438637584483582,2.62984490279133
923,2.1498647892079434,2.2970044181088007,0.8614065720167667,0.9746721455295938,1.6654526264796226,1.5328466993750012
924,3.3163124932688492,3.3048396504539665,0.25323558344794483,0.25569230101630563,0.5849335432268513,0.5990149795673151
925,3.154210926268464,3.2724327216279083,0.31028923071071024,0.3338359797767171,2.0897713778681974,2.0931995595202886
926,2.593293544512444,2.9022946109545167,1.8367599975224276,2.0,2.0584167555482775,2.2020986752968574
927,1.745580642072453,1.8842530664869461,1.8054846876689583,1.9250063928751147,0.28849861469219507,0.28331914676479875
928,1.9526838637283022,1.7074801687082428,1.8895399338692949,1.4226693481916863,0.795910930447573,0.8738427414240975
929,3.869646289116549,4.0,1.4760365243591658,1.3952559423300808,1.3084555610767903,1.3723955900794131
930,2.242922812209332,2.298614510776416,0.6830449571350964,0.7638181062558798,0.8960953134548056,0.9141599819648216
931,2.9038350965001705,3.0951060102563543,1.6620954441240523,2.0,2.9904260365002986,2.7951178257233926
932,1.541135532656471,1.5,0.17365223209567632,0.17099561088218296,0.5915935421740931,0.527338899799787
933,1.9060895812760454,2.1394267441277326,0.7524984647041338,0.9808751111134653,2.9603771838138435,3.0
934,1.6549377286844378,1.6827438715774095,1.5413274747404846,1.7183396906781123,1.7425691203949207,1.663742338800512
935,2.204710567761127,2.2269008108702892,1.175925083117997,1.2590045672733463,1.8564909089335777,1.835883379282171
936,3.881415922426907,3.5482833379271668,1.1096167345610932,1.0142159343483934,1.6468696037001547,1.6346550309705221
937,2.265711176520744,2.4886326469924382,0.36904894590337134,0.5430196008933917,2.6910848148067616,2.6614896725388753
938,3.92431279897787,3.4624687146900452,1.0019164951480806,0.63866675912654,2.7925529926833113,2.9864527093023194
939,3.7623709329616704,3.9106353043884807,0.6985391378733217,0.8004214126911591,2.093361360779956,2.0316855006669186
940,3.7875603780608413,2.990370361920103,1.467733174869325,1.0807011665488666,0.19290026303687802,0.1916411083498132
941,1.545706679671893,1.9073489327396023,0.5307021973448777,1.2448583350048499,2.3596302751745046,2.09213208978056
942,2.9349456287338684,3.0634417650965178,1.5875848675390134,1.379716105341882,2.2677504414604974,2.4501809104559853
943,1.5305662146960142,1.5721354323920511,0.4468139732538364,0.4479047231319469,0.11178141567527355,0.15394719042037525
944,3.500245311668279,2.8501721601250294,1.796719602654327,1.0133697980413678,2.1226887160608263,2.2965122708653842
945,1.9683079822230645,1.958758282822454,0.791150268695777,0.3321057220156081,2.236045880523663,2.6563184592246234
946,3.9045818543384314,3.9400398919706103,0.7070232343628194,0.6918936674776519,2.105779883862111,2.0797080897552354
947,3.2358091513550744,3.477796175171036,1.4353393910643228,1.5098762750080377,1.2885136671497635,1.334469337807713
948,2.1220297975359013,2.071978121652707,1.6506611654699286,1.4132912546200358,2.0612414338319853,2.1720551403846033
949,2.970502249363012,2.919894774497141,1.0171120698227034,0.9373404966031532,0.5286361248754874,0.5407882145115791
950,3.766853392113538,4.0,0.930497019466281,0.9988598129799032,2.328604545594346,2.4227929918279125
951,3.5011333388297894,3.4298063956204503,0.9640170020668621,0.7484528895655003,2.940515724373518,3.0
952,3.411901802325323,3.6949982699897754,0.6403224228980888,1.0823862015303327,2.5452084070446075,2.26360505583127
953,2.497395965558082,2.7500845901024547,0.7745720876739186,0.9343167879934134,0.06366226712866951,0.020734810583523944
954,2.1704814198522033,2.0887077253145603,0.24963446309420562,0.23127113393570756,0.6778099526466241,0.6671927861965015
955,3.2552932686229687,3.1477255867810525,0.6200864691337803,0.3325922028052242,2.736621287882726,3.0
956,2.4379630782567148,2.287929514733664,1.4260307713327327,1.2807056474257132,1.08128991782648,1.0433274214570425
957,3.555216068632836,3.3577424081962035,0.4388660763995158,0.333185311293873,1.2188748531564046,1.2913316640062968
958,1.754444494371466,1.599405252922001,1.1071942431286967,0.7206202448744896,2.253904975330143,2.4448434175947105
959,2.4240549333736747,2.489371042633501,1.426991121945469,1.4020355562816005,0.07275576639246717,0.0826437490686457
960,3.4882141449332877,3.6734206774890215,1.1206012775061673,1.2233596323975453,0.2629725090439924,0.23695504111554233
961,3.7892078013687462,3.8123471229729593,1.1466117483266927,1.2459327003494676,1.376266188688851,1.2511237695690212
962,3.5968935789849956,3.3152438481324014,1.7118155056369235,1.4580538132579803,0.8858040552096308,0.9600894661442768
963,3.1944733327442516,3.433511015679613,1.521729513174244,1.6783807576999752,1.494472127680336,1.5010450444663148
964,1.9045723102384267,1.9679271374309915,0.12257772413371708,0.11889307329993064,0.7835210555120286,0.7332953833794021
965,1.6114874405820774,1.7116649685589476,1.0782880239418784,1.3000232358624166,2.092344183632281,2.0276572669600545
966,3.722600068420611,3.4856801681032517,0.2895090751030627,0.22956858646053896,2.9529186962657286,3.0
967,3.803993362256877,4.0,1.39310482479587,1.5194991788610577,0.7615469330712734,0.7521803245027643
968,3.6918293876433044,4.0,0.7055540737740794,0.9661225072326629,2.4842783595097035,2.423985275952202
969,2.128898853804488,2.203804897584614,0.6736873904272385,0.6792027236205757,1.4485047623507208,1.422765935680073
970,3.2726236035072116,3.6608118944490693,0.6052708373423766,0.7917416651325417,0.7249789401522257,0.711051179750965
971,3.8867898432617993,3.7418729584669053,0.2251000064284069,0.1,2.241851900703936,2.427557323530693
972,2.7032123922334907,2.8105288437344442,1.0441342890987475,1.3989481200246274,2.108163529142214,1.897810277756609
973,3.611465490036289,4.0,0.9726825331528145,1.1698787207966368,1.1190116633045135,1.076003943750803
974,1.923259576772659,1.8071566114378623,0.6031177318974689,0.5545975279668626,1.8765229196574085,1.826530980528852
975,3.26280817389037,2.9991098623205636,0.3834369773278662,0.16356046515235118,1.3426572192144552,1.4644183998453781
976,3.373623811634568,3.325520375347421,0.20991191426779574,0.18994470817041575,0.00818376104728158,0.0
977,2.890942016106145,3.0259670186690757,0.5401028733896321,0.5888472280479756,0.7935983232482011,0.755596874206103
978,3.8605494184603666,3.9254397345048107,0.14161047471877872,0.1,2.738808228195228,2.941731192786212
979,3.9754838378712476,4.0,0.40502482482691593,0.42967769680538875,2.08408347858164,1.9549260604629422
980,2.5507874392506675,2.1210823901076026,1.6682082362780464,1.3181269919918388,1.8539336664304682,1.6830359387836091
981,2.38192807328284,2.401511427163653,0.8190548155066494,0.7934304887301685,0.15651245308299888,0.12272507596852394
982,3.354215992977335,2.7825592295512043,1.3089653689586513,0.8691443155130218,2.850346404107588,2.9586343772901906
983,3.8307411560761206,3.872038781623361,0.8034456848729614,0.8339184304787675,1.2644797506492997,1.1943915206863331
984,3.5325457789796837,3.402886958610748,0.5463149499753305,0.3557481934626671,1.8845453104964043,2.1179548154828476
985,1.5662884954262046,1.528326291478849,1.660982130529446,1.129912481868394,2.25298804357316,2.4701400677682224
986,3.4726526249439664,3.642307241615244,1.4379400325067322,1.4578756461501843,0.9136659655786911,0.9317773893850998
987,2.799737930190304,2.8891236795396544,0.8132679272586822,0.7633523137063221,2.231244291412682,2.30447748698931
988,2.3796465559512274,2.0703713415901235,1.3403997810210166,0.9556571847628504,1.613549652248449,1.6224059017192953
989,2.54007025415467,2.2259873769574714,1.353004662702924,0.6019314221054745,1.9901304126775545,2.2822926930534697
990,3.1861907482519203,3.201235022521186,1.6800396011257017,1.6344855871338695,0.47456796729976836,0.47475226335400866
991,2.4665092818479035,3.146098015956575,0.5888049090776976,1.519076959353757,2.872655871783107,2.6009311108081627
992,3.4941234782429786,3.3496234611590823,0.6141446680206049,0.5571383174244844,1.402168137706112,1.4148409449225656
993,2.6056497246863524,2.829659523247758,0.4120305369026751,0.5608042797362726,2.266222662226781,2.197552699786676
994,2.5964049765480315,2.326554148350542,1.3923865052217368,1.1141954440679451,1.352855774424098,1.3512209952605831
995,2.0197866454045794,1.9765080204403316,1.2829326437990711,1.1941008447619788,0.1089421182386121,0.05432735807129878
996,1.792987628904535,1.6359695588742778,1.7069511209398656,1.5318296138061636,0.6251468237209203,0.6423154323357279
997,1.554804155793042,1.8521797674058778,1.3431527112046049,1.7842289675456477,0.5104545718497988,0.5190125057905554
998,2.3658241774872484,2.1662762377782148,1.4449504554432502,0.999375309120393,1.7988635784135116,1.89924780977621
999,3.7460505534890776,3.975156272844465,1.9813064762263781,2.0,0.4631641614821712,0.5173706584079999
